0, 1
0, 1, 2
0, 1, 2, 3
0, 1, 2, 3, 4
0, 1, 2, 3, 4, 5
0, 9, 8, 7, 6
0, 9, 8, 7
0, 9, 8
0, 9
0, 9, 10
0, 11
0, 1, 12
0, 1, 2, 13
0, 1, 2, 3, 14
0, 1, 2, 3, 4, 15
0, 1, 2, 3, 4, 5, 16
0, 9, 8, 7, 6, 17
0, 9, 8, 7, 18
0, 9, 8, 19
0, 9, 8, 19, 20
0, 9, 10, 21
0, 11, 22
0, 1, 12, 23
0, 1, 2, 13, 24
0, 1, 2, 3, 14, 25
0, 1, 2, 3, 4, 15, 26
0, 1, 2, 3, 4, 5, 16, 27
0, 9, 8, 7, 6, 17, 28
0, 9, 8, 7, 18, 29
0, 9, 8, 7, 18, 29, 30
0, 9, 8, 19, 20, 31
0, 9, 10, 21, 32
0, 11, 22, 33
0, 1, 12, 23, 34
0, 1, 2, 13, 24, 35
0, 1, 2, 3, 14, 25, 36
0, 1, 2, 3, 4, 15, 26, 37
0, 1, 2, 3, 4, 5, 16, 27, 38
0, 9, 8, 7, 6, 17, 28, 39
0, 9, 8, 7, 6, 17, 28, 39, 40
0, 9, 8, 7, 18, 29, 30, 41
0, 9, 8, 19, 20, 31, 42
0, 9, 10, 21, 32, 43
0, 11, 22, 33, 44
0, 1, 12, 23, 34, 45
0, 1, 2, 13, 24, 35, 46
0, 1, 2, 3, 14, 25, 36, 47
0, 1, 2, 3, 4, 15, 26, 37, 48
0, 1, 2, 3, 4, 5, 16, 27, 38, 49
0, 90, 81, 72, 63, 56, 57, 58, 59, 50
0, 9, 8, 7, 6, 17, 28, 39, 40, 51
0, 9, 8, 7, 18, 29, 30, 41, 52
0, 9, 8, 19, 20, 31, 42, 53
0, 9, 10, 21, 32, 43, 54
0, 11, 22, 33, 44, 55
0, 90, 81, 72, 63, 56
0, 90, 81, 72, 63, 56, 57
0, 90, 81, 72, 63, 56, 57, 58
0, 90, 81, 72, 63, 56, 57, 58, 59
0, 90, 81, 72, 63, 62, 61, 60
0, 90, 81, 72, 63, 62, 61
0, 90, 81, 72, 63, 62
0, 90, 81, 72, 63
0, 90, 81, 72, 63, 64
0, 90, 81, 72, 63, 64, 65
0, 90, 81, 72, 63, 64, 65, 66
0, 90, 81, 72, 63, 64, 65, 66, 67
0, 90, 81, 72, 63, 64, 65, 66, 67, 68
0, 90, 81, 72, 63, 62, 61, 60, 69
0, 90, 81, 72, 71, 70
0, 90, 81, 72, 71
0, 90, 81, 72
0, 90, 81, 72, 73
0, 90, 81, 72, 73, 74
0, 90, 81, 72, 73, 74, 75
0, 90, 81, 72, 73, 74, 75, 76
0, 90, 81, 72, 73, 74, 75, 76, 77
0, 90, 81, 72, 71, 70, 79, 78
0, 90, 81, 72, 71, 70, 79
0, 90, 81, 80
0, 90, 81
0, 90, 81, 82
0, 90, 81, 82, 83
0, 90, 81, 82, 83, 84
0, 90, 81, 82, 83, 84, 85
0, 90, 81, 82, 83, 84, 85, 86
0, 90, 81, 80, 89, 88, 87
0, 90, 81, 80, 89, 88
0, 90, 81, 80, 89
0, 90
0, 9, 91
0, 9, 8, 92
0, 9, 8, 7, 93
0, 9, 8, 7, 6, 94
0, 1, 2, 3, 4, 5, 95
0, 1, 2, 3, 4, 96
0, 1, 2, 3, 97
0, 1, 2, 98
0, 1, 99
1, 0
1, 2
1, 2, 3
1, 2, 3, 4
1, 2, 3, 4, 5
1, 2, 3, 4, 5, 6
1, 0, 9, 8, 7
1, 0, 9, 8
1, 0, 9
1, 0, 9, 10
1, 0, 11
1, 12
1, 2, 13
1, 2, 3, 14
1, 2, 3, 4, 15
1, 2, 3, 4, 5, 16
1, 2, 3, 4, 5, 6, 17
1, 0, 9, 8, 7, 18
1, 0, 9, 8, 19
1, 0, 9, 8, 19, 20
1, 0, 9, 10, 21
1, 0, 11, 22
1, 12, 23
1, 2, 13, 24
1, 2, 3, 14, 25
1, 2, 3, 4, 15, 26
1, 2, 3, 4, 5, 16, 27
1, 2, 3, 4, 5, 6, 17, 28
1, 0, 9, 8, 7, 18, 29
1, 0, 9, 8, 7, 18, 29, 30
1, 0, 9, 8, 19, 20, 31
1, 0, 9, 10, 21, 32
1, 0, 11, 22, 33
1, 12, 23, 34
1, 2, 13, 24, 35
1, 2, 3, 14, 25, 36
1, 2, 3, 4, 15, 26, 37
1, 2, 3, 4, 5, 16, 27, 38
1, 2, 3, 4, 5, 6, 17, 28, 39
1, 2, 3, 4, 5, 6, 17, 28, 39, 40
1, 0, 9, 8, 7, 18, 29, 30, 41
1, 0, 9, 8, 19, 20, 31, 42
1, 0, 9, 10, 21, 32, 43
1, 0, 11, 22, 33, 44
1, 12, 23, 34, 45
1, 2, 13, 24, 35, 46
1, 2, 3, 14, 25, 36, 47
1, 2, 3, 4, 15, 26, 37, 48
1, 2, 3, 4, 5, 16, 27, 38, 49
1, 2, 3, 4, 96, 87, 78, 69, 50
1, 2, 3, 4, 5, 95, 86, 77, 68, 51
1, 0, 9, 8, 7, 18, 29, 30, 41, 52
1, 0, 9, 8, 19, 20, 31, 42, 53
1, 0, 9, 10, 21, 32, 43, 54
1, 0, 11, 22, 33, 44, 55
1, 12, 23, 34, 45, 56
1, 99, 80, 71, 62, 57
1, 2, 98, 89, 70, 61, 58
1, 2, 3, 97, 88, 79, 60, 59
1, 2, 3, 97, 88, 79, 60
1, 2, 98, 89, 70, 61
1, 99, 80, 71, 62
1, 0, 90, 81, 72, 63
1, 0, 90, 81, 72, 63, 64
1, 0, 90, 81, 72, 63, 64, 65
1, 0, 90, 81, 72, 63, 64, 65, 66
1, 0, 90, 81, 72, 63, 64, 65, 66, 67
1, 2, 3, 4, 5, 95, 86, 77, 68
1, 2, 3, 4, 96, 87, 78, 69
1, 2, 98, 89, 70
1, 99, 80, 71
1, 0, 90, 81, 72
1, 0, 90, 81, 72, 73
1, 0, 90, 81, 72, 73, 74
1, 0, 90, 81, 72, 73, 74, 75
1, 0, 90, 81, 72, 73, 74, 75, 76
1, 2, 3, 4, 5, 95, 86, 77
1, 2, 3, 4, 96, 87, 78
1, 2, 3, 97, 88, 79
1, 99, 80
1, 0, 90, 81
1, 0, 90, 81, 82
1, 0, 90, 81, 82, 83
1, 0, 90, 81, 82, 83, 84
1, 0, 90, 81, 82, 83, 84, 85
1, 2, 3, 4, 5, 95, 86
1, 2, 3, 4, 96, 87
1, 2, 3, 97, 88
1, 2, 98, 89
1, 0, 90
1, 0, 9, 91
1, 0, 9, 8, 92
1, 0, 9, 8, 7, 93
1, 2, 3, 4, 5, 6, 94
1, 2, 3, 4, 5, 95
1, 2, 3, 4, 96
1, 2, 3, 97
1, 2, 98
1, 99
2, 1, 0
2, 1
2, 3
2, 3, 4
2, 3, 4, 5
2, 3, 4, 5, 6
2, 3, 4, 5, 6, 7
2, 1, 0, 9, 8
2, 1, 0, 9
2, 1, 0, 9, 10
2, 1, 0, 11
2, 1, 12
2, 13
2, 3, 14
2, 3, 4, 15
2, 3, 4, 5, 16
2, 3, 4, 5, 6, 17
2, 3, 4, 5, 6, 7, 18
2, 1, 0, 9, 8, 19
2, 1, 0, 9, 8, 19, 20
2, 1, 0, 9, 10, 21
2, 1, 0, 11, 22
2, 1, 12, 23
2, 13, 24
2, 3, 14, 25
2, 3, 4, 15, 26
2, 3, 4, 5, 16, 27
2, 3, 4, 5, 6, 17, 28
2, 3, 4, 5, 6, 7, 18, 29
2, 3, 4, 5, 6, 7, 18, 29, 30
2, 1, 0, 9, 8, 19, 20, 31
2, 1, 0, 9, 10, 21, 32
2, 1, 0, 11, 22, 33
2, 1, 12, 23, 34
2, 13, 24, 35
2, 3, 14, 25, 36
2, 3, 4, 15, 26, 37
2, 3, 4, 5, 16, 27, 38
2, 3, 4, 5, 6, 17, 28, 39
2, 3, 4, 5, 6, 17, 28, 39, 40
2, 3, 4, 5, 6, 7, 18, 29, 30, 41
2, 1, 0, 9, 8, 19, 20, 31, 42
2, 1, 0, 9, 10, 21, 32, 43
2, 1, 0, 11, 22, 33, 44
2, 1, 12, 23, 34, 45
2, 13, 24, 35, 46
2, 3, 14, 25, 36, 47
2, 3, 4, 15, 26, 37, 48
2, 3, 4, 5, 16, 27, 38, 49
2, 3, 4, 96, 87, 78, 69, 50
2, 3, 4, 5, 95, 86, 77, 68, 51
2, 3, 4, 5, 6, 94, 85, 76, 67, 52
2, 1, 0, 9, 8, 19, 20, 31, 42, 53
2, 1, 0, 9, 10, 21, 32, 43, 54
2, 1, 0, 11, 22, 33, 44, 55
2, 1, 12, 23, 34, 45, 56
2, 13, 24, 35, 46, 57
2, 98, 89, 70, 61, 58
2, 3, 97, 88, 79, 60, 59
2, 3, 97, 88, 79, 60
2, 98, 89, 70, 61
2, 98, 89, 70, 61, 62
2, 1, 0, 90, 81, 72, 63
2, 1, 0, 90, 81, 72, 63, 64
2, 1, 0, 90, 81, 72, 63, 64, 65
2, 1, 0, 90, 81, 72, 63, 64, 65, 66
2, 3, 4, 5, 6, 94, 85, 76, 67
2, 3, 4, 5, 95, 86, 77, 68
2, 3, 4, 96, 87, 78, 69
2, 98, 89, 70
2, 98, 89, 70, 71
2, 1, 0, 90, 81, 72
2, 1, 0, 90, 81, 72, 73
2, 1, 0, 90, 81, 72, 73, 74
2, 1, 0, 90, 81, 72, 73, 74, 75
2, 3, 4, 5, 6, 94, 85, 76
2, 3, 4, 5, 95, 86, 77
2, 3, 4, 96, 87, 78
2, 3, 97, 88, 79
2, 98, 89, 80
2, 1, 0, 90, 81
2, 1, 0, 90, 81, 82
2, 1, 0, 90, 81, 82, 83
2, 1, 0, 90, 81, 82, 83, 84
2, 3, 4, 5, 6, 94, 85
2, 3, 4, 5, 95, 86
2, 3, 4, 96, 87
2, 3, 97, 88
2, 98, 89
2, 1, 0, 90
2, 1, 0, 9, 91
2, 1, 0, 9, 8, 92
2, 3, 4, 5, 6, 7, 93
2, 3, 4, 5, 6, 94
2, 3, 4, 5, 95
2, 3, 4, 96
2, 3, 97
2, 98
2, 1, 99
3, 2, 1, 0
3, 2, 1
3, 2
3, 4
3, 4, 5
3, 4, 5, 6
3, 4, 5, 6, 7
3, 4, 5, 6, 7, 8
3, 2, 1, 0, 9
3, 2, 1, 0, 9, 10
3, 2, 1, 0, 11
3, 2, 1, 12
3, 2, 13
3, 14
3, 4, 15
3, 4, 5, 16
3, 4, 5, 6, 17
3, 4, 5, 6, 7, 18
3, 4, 5, 6, 7, 8, 19
3, 4, 5, 6, 7, 8, 19, 20
3, 2, 1, 0, 9, 10, 21
3, 2, 1, 0, 11, 22
3, 2, 1, 12, 23
3, 2, 13, 24
3, 14, 25
3, 4, 15, 26
3, 4, 5, 16, 27
3, 4, 5, 6, 17, 28
3, 4, 5, 6, 7, 18, 29
3, 4, 5, 6, 7, 18, 29, 30
3, 4, 5, 6, 7, 8, 19, 20, 31
3, 2, 1, 0, 9, 10, 21, 32
3, 2, 1, 0, 11, 22, 33
3, 2, 1, 12, 23, 34
3, 2, 13, 24, 35
3, 14, 25, 36
3, 4, 15, 26, 37
3, 4, 5, 16, 27, 38
3, 4, 5, 6, 17, 28, 39
3, 4, 5, 6, 17, 28, 39, 40
3, 4, 5, 6, 7, 18, 29, 30, 41
3, 4, 5, 6, 7, 8, 19, 20, 31, 42
3, 2, 1, 0, 9, 10, 21, 32, 43
3, 2, 1, 0, 11, 22, 33, 44
3, 2, 1, 12, 23, 34, 45
3, 2, 13, 24, 35, 46
3, 14, 25, 36, 47
3, 4, 15, 26, 37, 48
3, 4, 5, 16, 27, 38, 49
3, 4, 96, 87, 78, 69, 50
3, 4, 5, 95, 86, 77, 68, 51
3, 4, 5, 6, 94, 85, 76, 67, 52
3, 4, 5, 6, 7, 93, 84, 75, 66, 53
3, 2, 1, 0, 9, 10, 21, 32, 43, 54
3, 2, 1, 0, 11, 22, 33, 44, 55
3, 2, 1, 12, 23, 34, 45, 56
3, 2, 13, 24, 35, 46, 57
3, 14, 25, 36, 47, 58
3, 97, 88, 79, 60, 59
3, 97, 88, 79, 60
3, 97, 88, 79, 60, 61
3, 97, 88, 79, 60, 61, 62
3, 2, 1, 0, 90, 81, 72, 63
3, 2, 1, 0, 90, 81, 72, 63, 64
3, 2, 1, 0, 90, 81, 72, 63, 64, 65
3, 4, 5, 6, 7, 93, 84, 75, 66
3, 4, 5, 6, 94, 85, 76, 67
3, 4, 5, 95, 86, 77, 68
3, 4, 96, 87, 78, 69
3, 97, 88, 79, 70
3, 97, 88, 79, 70, 71
3, 2, 1, 0, 90, 81, 72
3, 2, 1, 0, 90, 81, 72, 73
3, 2, 1, 0, 90, 81, 72, 73, 74
3, 4, 5, 6, 7, 93, 84, 75
3, 4, 5, 6, 94, 85, 76
3, 4, 5, 95, 86, 77
3, 4, 96, 87, 78
3, 97, 88, 79
3, 97, 88, 89, 80
3, 2, 1, 0, 90, 81
3, 2, 1, 0, 90, 81, 82
3, 2, 1, 0, 90, 81, 82, 83
3, 4, 5, 6, 7, 93, 84
3, 4, 5, 6, 94, 85
3, 4, 5, 95, 86
3, 4, 96, 87
3, 97, 88
3, 97, 88, 89
3, 2, 1, 0, 90
3, 2, 1, 0, 9, 91
3, 4, 5, 6, 7, 8, 92
3, 4, 5, 6, 7, 93
3, 4, 5, 6, 94
3, 4, 5, 95
3, 4, 96
3, 97
3, 2, 98
3, 2, 1, 99
4, 3, 2, 1, 0
4, 3, 2, 1
4, 3, 2
4, 3
4, 5
4, 5, 6
4, 5, 6, 7
4, 5, 6, 7, 8
4, 3, 2, 1, 0, 9
4, 3, 2, 1, 0, 9, 10
4, 3, 2, 1, 0, 11
4, 3, 2, 1, 12
4, 3, 2, 13
4, 3, 14
4, 15
4, 5, 16
4, 5, 6, 17
4, 5, 6, 7, 18
4, 5, 6, 7, 8, 19
4, 5, 6, 7, 8, 19, 20
4, 3, 2, 1, 0, 9, 10, 21
4, 3, 2, 1, 0, 11, 22
4, 3, 2, 1, 12, 23
4, 3, 2, 13, 24
4, 3, 14, 25
4, 15, 26
4, 5, 16, 27
4, 5, 6, 17, 28
4, 5, 6, 7, 18, 29
4, 5, 6, 7, 18, 29, 30
4, 5, 6, 7, 8, 19, 20, 31
4, 3, 2, 1, 0, 9, 10, 21, 32
4, 3, 2, 1, 0, 11, 22, 33
4, 3, 2, 1, 12, 23, 34
4, 3, 2, 13, 24, 35
4, 3, 14, 25, 36
4, 15, 26, 37
4, 5, 16, 27, 38
4, 5, 6, 17, 28, 39
4, 5, 6, 17, 28, 39, 40
4, 5, 6, 7, 18, 29, 30, 41
4, 5, 6, 7, 8, 19, 20, 31, 42
4, 3, 2, 1, 0, 9, 10, 21, 32, 43
4, 3, 2, 1, 0, 11, 22, 33, 44
4, 3, 2, 1, 12, 23, 34, 45
4, 3, 2, 13, 24, 35, 46
4, 3, 14, 25, 36, 47
4, 15, 26, 37, 48
4, 5, 16, 27, 38, 49
4, 96, 87, 78, 69, 50
4, 5, 95, 86, 77, 68, 51
4, 5, 6, 94, 85, 76, 67, 52
4, 5, 6, 7, 93, 84, 75, 66, 53
4, 5, 6, 7, 8, 92, 83, 74, 65, 54
4, 3, 2, 1, 0, 11, 22, 33, 44, 55
4, 3, 2, 1, 12, 23, 34, 45, 56
4, 3, 2, 13, 24, 35, 46, 57
4, 3, 14, 25, 36, 47, 58
4, 15, 26, 37, 48, 59
4, 96, 87, 78, 69, 60
4, 96, 87, 78, 69, 60, 61
4, 96, 87, 78, 69, 60, 61, 62
4, 3, 2, 1, 0, 90, 81, 72, 63
4, 3, 2, 1, 0, 90, 81, 72, 63, 64
4, 5, 6, 7, 8, 92, 83, 74, 65
4, 5, 6, 7, 93, 84, 75, 66
4, 5, 6, 94, 85, 76, 67
4, 5, 95, 86, 77, 68
4, 96, 87, 78, 69
4, 96, 87, 78, 79, 70
4, 96, 87, 78, 79, 70, 71
4, 3, 2, 1, 0, 90, 81, 72
4, 3, 2, 1, 0, 90, 81, 72, 73
4, 5, 6, 7, 8, 92, 83, 74
4, 5, 6, 7, 93, 84, 75
4, 5, 6, 94, 85, 76
4, 5, 95, 86, 77
4, 96, 87, 78
4, 96, 87, 78, 79
4, 96, 87, 88, 89, 80
4, 3, 2, 1, 0, 90, 81
4, 3, 2, 1, 0, 90, 81, 82
4, 5, 6, 7, 8, 92, 83
4, 5, 6, 7, 93, 84
4, 5, 6, 94, 85
4, 5, 95, 86
4, 96, 87
4, 96, 87, 88
4, 96, 87, 88, 89
4, 3, 2, 1, 0, 90
4, 3, 2, 1, 0, 9, 91
4, 5, 6, 7, 8, 92
4, 5, 6, 7, 93
4, 5, 6, 94
4, 5, 95
4, 96
4, 3, 97
4, 3, 2, 98
4, 3, 2, 1, 99
5, 4, 3, 2, 1, 0
5, 4, 3, 2, 1
5, 4, 3, 2
5, 4, 3
5, 4
5, 6
5, 6, 7
5, 6, 7, 8
5, 6, 7, 8, 9
5, 6, 7, 8, 9, 10
5, 4, 3, 2, 1, 0, 11
5, 4, 3, 2, 1, 12
5, 4, 3, 2, 13
5, 4, 3, 14
5, 4, 15
5, 16
5, 6, 17
5, 6, 7, 18
5, 6, 7, 8, 19
5, 6, 7, 8, 19, 20
5, 6, 7, 8, 9, 10, 21
5, 4, 3, 2, 1, 0, 11, 22
5, 4, 3, 2, 1, 12, 23
5, 4, 3, 2, 13, 24
5, 4, 3, 14, 25
5, 4, 15, 26
5, 16, 27
5, 6, 17, 28
5, 6, 7, 18, 29
5, 6, 7, 18, 29, 30
5, 6, 7, 8, 19, 20, 31
5, 6, 7, 8, 9, 10, 21, 32
5, 4, 3, 2, 1, 0, 11, 22, 33
5, 4, 3, 2, 1, 12, 23, 34
5, 4, 3, 2, 13, 24, 35
5, 4, 3, 14, 25, 36
5, 4, 15, 26, 37
5, 16, 27, 38
5, 6, 17, 28, 39
5, 6, 17, 28, 39, 40
5, 6, 7, 18, 29, 30, 41
5, 6, 7, 8, 19, 20, 31, 42
5, 6, 7, 8, 9, 10, 21, 32, 43
5, 4, 3, 2, 1, 0, 11, 22, 33, 44
5, 4, 3, 2, 1, 12, 23, 34, 45
5, 4, 3, 2, 13, 24, 35, 46
5, 4, 3, 14, 25, 36, 47
5, 4, 15, 26, 37, 48
5, 16, 27, 38, 49
5, 16, 27, 38, 49, 50
5, 95, 86, 77, 68, 51
5, 6, 94, 85, 76, 67, 52
5, 6, 7, 93, 84, 75, 66, 53
5, 6, 7, 8, 92, 83, 74, 65, 54
5, 6, 7, 8, 9, 91, 82, 73, 64, 55
5, 4, 3, 2, 1, 12, 23, 34, 45, 56
5, 4, 3, 2, 13, 24, 35, 46, 57
5, 4, 3, 14, 25, 36, 47, 58
5, 4, 15, 26, 37, 48, 59
5, 95, 86, 77, 68, 69, 60
5, 95, 86, 77, 68, 69, 60, 61
5, 95, 86, 77, 68, 69, 60, 61, 62
5, 4, 3, 2, 1, 0, 90, 81, 72, 63
5, 6, 7, 8, 9, 91, 82, 73, 64
5, 6, 7, 8, 92, 83, 74, 65
5, 6, 7, 93, 84, 75, 66
5, 6, 94, 85, 76, 67
5, 95, 86, 77, 68
5, 95, 86, 77, 68, 69
5, 95, 86, 77, 78, 79, 70
5, 95, 86, 77, 78, 79, 70, 71
5, 4, 3, 2, 1, 0, 90, 81, 72
5, 6, 7, 8, 9, 91, 82, 73
5, 6, 7, 8, 92, 83, 74
5, 6, 7, 93, 84, 75
5, 6, 94, 85, 76
5, 95, 86, 77
5, 95, 86, 77, 78
5, 95, 86, 77, 78, 79
5, 95, 86, 87, 88, 89, 80
5, 4, 3, 2, 1, 0, 90, 81
5, 6, 7, 8, 9, 91, 82
5, 6, 7, 8, 92, 83
5, 6, 7, 93, 84
5, 6, 94, 85
5, 95, 86
5, 95, 86, 87
5, 95, 86, 87, 88
5, 95, 86, 87, 88, 89
5, 4, 3, 2, 1, 0, 90
5, 6, 7, 8, 9, 91
5, 6, 7, 8, 92
5, 6, 7, 93
5, 6, 94
5, 95
5, 4, 96
5, 4, 3, 97
5, 4, 3, 2, 98
5, 4, 3, 2, 1, 99
6, 7, 8, 9, 0
6, 5, 4, 3, 2, 1
6, 5, 4, 3, 2
6, 5, 4, 3
6, 5, 4
6, 5
6, 7
6, 7, 8
6, 7, 8, 9
6, 7, 8, 9, 10
6, 7, 8, 9, 0, 11
6, 5, 4, 3, 2, 1, 12
6, 5, 4, 3, 2, 13
6, 5, 4, 3, 14
6, 5, 4, 15
6, 5, 16
6, 17
6, 7, 18
6, 7, 8, 19
6, 7, 8, 19, 20
6, 7, 8, 9, 10, 21
6, 7, 8, 9, 0, 11, 22
6, 5, 4, 3, 2, 1, 12, 23
6, 5, 4, 3, 2, 13, 24
6, 5, 4, 3, 14, 25
6, 5, 4, 15, 26
6, 5, 16, 27
6, 17, 28
6, 7, 18, 29
6, 7, 18, 29, 30
6, 7, 8, 19, 20, 31
6, 7, 8, 9, 10, 21, 32
6, 7, 8, 9, 0, 11, 22, 33
6, 5, 4, 3, 2, 1, 12, 23, 34
6, 5, 4, 3, 2, 13, 24, 35
6, 5, 4, 3, 14, 25, 36
6, 5, 4, 15, 26, 37
6, 5, 16, 27, 38
6, 17, 28, 39
6, 17, 28, 39, 40
6, 7, 18, 29, 30, 41
6, 7, 8, 19, 20, 31, 42
6, 7, 8, 9, 10, 21, 32, 43
6, 7, 8, 9, 0, 11, 22, 33, 44
6, 5, 4, 3, 2, 1, 12, 23, 34, 45
6, 5, 4, 3, 2, 13, 24, 35, 46
6, 5, 4, 3, 14, 25, 36, 47
6, 5, 4, 15, 26, 37, 48
6, 5, 16, 27, 38, 49
6, 5, 16, 27, 38, 49, 50
6, 17, 28, 39, 40, 51
6, 94, 85, 76, 67, 52
6, 7, 93, 84, 75, 66, 53
6, 7, 8, 92, 83, 74, 65, 54
6, 7, 8, 9, 91, 82, 73, 64, 55
6, 7, 8, 9, 0, 90, 81, 72, 63, 56
6, 5, 4, 3, 2, 13, 24, 35, 46, 57
6, 5, 4, 3, 14, 25, 36, 47, 58
6, 5, 4, 15, 26, 37, 48, 59
6, 94, 85, 76, 67, 68, 69, 60
6, 94, 85, 76, 67, 68, 69, 60, 61
6, 7, 8, 9, 0, 90, 81, 72, 63, 62
6, 7, 8, 9, 0, 90, 81, 72, 63
6, 7, 8, 9, 91, 82, 73, 64
6, 7, 8, 92, 83, 74, 65
6, 7, 93, 84, 75, 66
6, 94, 85, 76, 67
6, 94, 85, 76, 67, 68
6, 94, 85, 76, 67, 68, 69
6, 94, 85, 76, 77, 78, 79, 70
6, 7, 8, 9, 0, 90, 81, 72, 71
6, 7, 8, 9, 0, 90, 81, 72
6, 7, 8, 9, 91, 82, 73
6, 7, 8, 92, 83, 74
6, 7, 93, 84, 75
6, 94, 85, 76
6, 94, 85, 76, 77
6, 94, 85, 76, 77, 78
6, 94, 85, 76, 77, 78, 79
6, 7, 8, 9, 0, 90, 81, 80
6, 7, 8, 9, 0, 90, 81
6, 7, 8, 9, 91, 82
6, 7, 8, 92, 83
6, 7, 93, 84
6, 94, 85
6, 94, 85, 86
6, 94, 85, 86, 87
6, 94, 85, 86, 87, 88
6, 94, 85, 86, 87, 88, 89
6, 7, 8, 9, 0, 90
6, 7, 8, 9, 91
6, 7, 8, 92
6, 7, 93
6, 94
6, 5, 95
6, 5, 4, 96
6, 5, 4, 3, 97
6, 5, 4, 3, 2, 98
6, 5, 4, 3, 2, 1, 99
7, 8, 9, 0
7, 8, 9, 0, 1
7, 6, 5, 4, 3, 2
7, 6, 5, 4, 3
7, 6, 5, 4
7, 6, 5
7, 6
7, 8
7, 8, 9
7, 8, 9, 10
7, 8, 9, 0, 11
7, 8, 9, 0, 1, 12
7, 6, 5, 4, 3, 2, 13
7, 6, 5, 4, 3, 14
7, 6, 5, 4, 15
7, 6, 5, 16
7, 6, 17
7, 18
7, 8, 19
7, 8, 19, 20
7, 8, 9, 10, 21
7, 8, 9, 0, 11, 22
7, 8, 9, 0, 1, 12, 23
7, 6, 5, 4, 3, 2, 13, 24
7, 6, 5, 4, 3, 14, 25
7, 6, 5, 4, 15, 26
7, 6, 5, 16, 27
7, 6, 17, 28
7, 18, 29
7, 18, 29, 30
7, 8, 19, 20, 31
7, 8, 9, 10, 21, 32
7, 8, 9, 0, 11, 22, 33
7, 8, 9, 0, 1, 12, 23, 34
7, 6, 5, 4, 3, 2, 13, 24, 35
7, 6, 5, 4, 3, 14, 25, 36
7, 6, 5, 4, 15, 26, 37
7, 6, 5, 16, 27, 38
7, 6, 17, 28, 39
7, 6, 17, 28, 39, 40
7, 18, 29, 30, 41
7, 8, 19, 20, 31, 42
7, 8, 9, 10, 21, 32, 43
7, 8, 9, 0, 11, 22, 33, 44
7, 8, 9, 0, 1, 12, 23, 34, 45
7, 6, 5, 4, 3, 2, 13, 24, 35, 46
7, 6, 5, 4, 3, 14, 25, 36, 47
7, 6, 5, 4, 15, 26, 37, 48
7, 6, 5, 16, 27, 38, 49
7, 6, 5, 16, 27, 38, 49, 50
7, 6, 17, 28, 39, 40, 51
7, 18, 29, 30, 41, 52
7, 93, 84, 75, 66, 53
7, 8, 92, 83, 74, 65, 54
7, 8, 9, 91, 82, 73, 64, 55
7, 8, 9, 0, 90, 81, 72, 63, 56
7, 8, 9, 0, 90, 81, 72, 63, 56, 57
7, 6, 5, 4, 3, 14, 25, 36, 47, 58
7, 6, 5, 4, 15, 26, 37, 48, 59
7, 93, 84, 75, 66, 67, 68, 69, 60
7, 8, 9, 0, 90, 81, 72, 63, 62, 61
7, 8, 9, 0, 90, 81, 72, 63, 62
7, 8, 9, 0, 90, 81, 72, 63
7, 8, 9, 91, 82, 73, 64
7, 8, 92, 83, 74, 65
7, 93, 84, 75, 66
7, 93, 84, 75, 66, 67
7, 93, 84, 75, 66, 67, 68
7, 93, 84, 75, 66, 67, 68, 69
7, 8, 9, 0, 90, 81, 72, 71, 70
7, 8, 9, 0, 90, 81, 72, 71
7, 8, 9, 0, 90, 81, 72
7, 8, 9, 91, 82, 73
7, 8, 92, 83, 74
7, 93, 84, 75
7, 93, 84, 75, 76
7, 93, 84, 75, 76, 77
7, 93, 84, 75, 76, 77, 78
7, 93, 84, 75, 76, 77, 78, 79
7, 8, 9, 0, 90, 81, 80
7, 8, 9, 0, 90, 81
7, 8, 9, 91, 82
7, 8, 92, 83
7, 93, 84
7, 93, 84, 85
7, 93, 84, 85, 86
7, 93, 84, 85, 86, 87
7, 93, 84, 85, 86, 87, 88
7, 8, 9, 0, 90, 81, 80, 89
7, 8, 9, 0, 90
7, 8, 9, 91
7, 8, 92
7, 93
7, 6, 94
7, 6, 5, 95
7, 6, 5, 4, 96
7, 6, 5, 4, 3, 97
7, 6, 5, 4, 3, 2, 98
7, 8, 9, 0, 1, 99
8, 9, 0
8, 9, 0, 1
8, 9, 0, 1, 2
8, 7, 6, 5, 4, 3
8, 7, 6, 5, 4
8, 7, 6, 5
8, 7, 6
8, 7
8, 9
8, 9, 10
8, 9, 0, 11
8, 9, 0, 1, 12
8, 9, 0, 1, 2, 13
8, 7, 6, 5, 4, 3, 14
8, 7, 6, 5, 4, 15
8, 7, 6, 5, 16
8, 7, 6, 17
8, 7, 18
8, 19
8, 19, 20
8, 9, 10, 21
8, 9, 0, 11, 22
8, 9, 0, 1, 12, 23
8, 9, 0, 1, 2, 13, 24
8, 7, 6, 5, 4, 3, 14, 25
8, 7, 6, 5, 4, 15, 26
8, 7, 6, 5, 16, 27
8, 7, 6, 17, 28
8, 7, 18, 29
8, 7, 18, 29, 30
8, 19, 20, 31
8, 9, 10, 21, 32
8, 9, 0, 11, 22, 33
8, 9, 0, 1, 12, 23, 34
8, 9, 0, 1, 2, 13, 24, 35
8, 7, 6, 5, 4, 3, 14, 25, 36
8, 7, 6, 5, 4, 15, 26, 37
8, 7, 6, 5, 16, 27, 38
8, 7, 6, 17, 28, 39
8, 7, 6, 17, 28, 39, 40
8, 7, 18, 29, 30, 41
8, 19, 20, 31, 42
8, 9, 10, 21, 32, 43
8, 9, 0, 11, 22, 33, 44
8, 9, 0, 1, 12, 23, 34, 45
8, 9, 0, 1, 2, 13, 24, 35, 46
8, 7, 6, 5, 4, 3, 14, 25, 36, 47
8, 7, 6, 5, 4, 15, 26, 37, 48
8, 7, 6, 5, 16, 27, 38, 49
8, 7, 6, 5, 16, 27, 38, 49, 50
8, 7, 6, 17, 28, 39, 40, 51
8, 7, 18, 29, 30, 41, 52
8, 19, 20, 31, 42, 53
8, 92, 83, 74, 65, 54
8, 9, 91, 82, 73, 64, 55
8, 9, 0, 90, 81, 72, 63, 56
8, 9, 0, 90, 81, 72, 63, 56, 57
8, 9, 0, 90, 81, 72, 63, 56, 57, 58
8, 7, 6, 5, 4, 15, 26, 37, 48, 59
8, 9, 0, 90, 81, 72, 63, 62, 61, 60
8, 9, 0, 90, 81, 72, 63, 62, 61
8, 9, 0, 90, 81, 72, 63, 62
8, 9, 0, 90, 81, 72, 63
8, 9, 91, 82, 73, 64
8, 92, 83, 74, 65
8, 92, 83, 74, 65, 66
8, 92, 83, 74, 65, 66, 67
8, 92, 83, 74, 65, 66, 67, 68
8, 92, 83, 74, 65, 66, 67, 68, 69
8, 9, 0, 90, 81, 72, 71, 70
8, 9, 0, 90, 81, 72, 71
8, 9, 0, 90, 81, 72
8, 9, 91, 82, 73
8, 92, 83, 74
8, 92, 83, 74, 75
8, 92, 83, 74, 75, 76
8, 92, 83, 74, 75, 76, 77
8, 92, 83, 74, 75, 76, 77, 78
8, 9, 0, 90, 81, 72, 71, 70, 79
8, 9, 0, 90, 81, 80
8, 9, 0, 90, 81
8, 9, 91, 82
8, 92, 83
8, 92, 83, 84
8, 92, 83, 84, 85
8, 92, 83, 84, 85, 86
8, 92, 83, 84, 85, 86, 87
8, 9, 0, 90, 81, 80, 89, 88
8, 9, 0, 90, 81, 80, 89
8, 9, 0, 90
8, 9, 91
8, 92
8, 7, 93
8, 7, 6, 94
8, 7, 6, 5, 95
8, 7, 6, 5, 4, 96
8, 7, 6, 5, 4, 3, 97
8, 9, 0, 1, 2, 98
8, 9, 0, 1, 99
9, 0
9, 0, 1
9, 0, 1, 2
9, 0, 1, 2, 3
9, 0, 1, 2, 3, 4
9, 8, 7, 6, 5
9, 8, 7, 6
9, 8, 7
9, 8
9, 10
9, 0, 11
9, 0, 1, 12
9, 0, 1, 2, 13
9, 0, 1, 2, 3, 14
9, 0, 1, 2, 3, 4, 15
9, 8, 7, 6, 5, 16
9, 8, 7, 6, 17
9, 8, 7, 18
9, 8, 19
9, 8, 19, 20
9, 10, 21
9, 0, 11, 22
9, 0, 1, 12, 23
9, 0, 1, 2, 13, 24
9, 0, 1, 2, 3, 14, 25
9, 0, 1, 2, 3, 4, 15, 26
9, 8, 7, 6, 5, 16, 27
9, 8, 7, 6, 17, 28
9, 8, 7, 18, 29
9, 8, 7, 18, 29, 30
9, 8, 19, 20, 31
9, 10, 21, 32
9, 0, 11, 22, 33
9, 0, 1, 12, 23, 34
9, 0, 1, 2, 13, 24, 35
9, 0, 1, 2, 3, 14, 25, 36
9, 0, 1, 2, 3, 4, 15, 26, 37
9, 8, 7, 6, 5, 16, 27, 38
9, 8, 7, 6, 17, 28, 39
9, 8, 7, 6, 17, 28, 39, 40
9, 8, 7, 18, 29, 30, 41
9, 8, 19, 20, 31, 42
9, 10, 21, 32, 43
9, 0, 11, 22, 33, 44
9, 0, 1, 12, 23, 34, 45
9, 0, 1, 2, 13, 24, 35, 46
9, 0, 1, 2, 3, 14, 25, 36, 47
9, 0, 1, 2, 3, 4, 15, 26, 37, 48
9, 8, 7, 6, 5, 16, 27, 38, 49
9, 8, 7, 6, 5, 16, 27, 38, 49, 50
9, 8, 7, 6, 17, 28, 39, 40, 51
9, 8, 7, 18, 29, 30, 41, 52
9, 8, 19, 20, 31, 42, 53
9, 10, 21, 32, 43, 54
9, 91, 82, 73, 64, 55
9, 0, 90, 81, 72, 63, 56
9, 0, 90, 81, 72, 63, 56, 57
9, 0, 90, 81, 72, 63, 56, 57, 58
9, 0, 90, 81, 72, 63, 56, 57, 58, 59
9, 0, 90, 81, 72, 63, 62, 61, 60
9, 0, 90, 81, 72, 63, 62, 61
9, 0, 90, 81, 72, 63, 62
9, 0, 90, 81, 72, 63
9, 91, 82, 73, 64
9, 91, 82, 73, 64, 65
9, 91, 82, 73, 64, 65, 66
9, 91, 82, 73, 64, 65, 66, 67
9, 91, 82, 73, 64, 65, 66, 67, 68
9, 0, 90, 81, 72, 63, 62, 61, 60, 69
9, 0, 90, 81, 72, 71, 70
9, 0, 90, 81, 72, 71
9, 0, 90, 81, 72
9, 91, 82, 73
9, 91, 82, 73, 74
9, 91, 82, 73, 74, 75
9, 91, 82, 73, 74, 75, 76
9, 91, 82, 73, 74, 75, 76, 77
9, 0, 90, 81, 72, 71, 70, 79, 78
9, 0, 90, 81, 72, 71, 70, 79
9, 0, 90, 81, 80
9, 0, 90, 81
9, 91, 82
9, 91, 82, 83
9, 91, 82, 83, 84
9, 91, 82, 83, 84, 85
9, 91, 82, 83, 84, 85, 86
9, 0, 90, 81, 80, 89, 88, 87
9, 0, 90, 81, 80, 89, 88
9, 0, 90, 81, 80, 89
9, 0, 90
9, 91
9, 8, 92
9, 8, 7, 93
9, 8, 7, 6, 94
9, 8, 7, 6, 5, 95
9, 0, 1, 2, 3, 4, 96
9, 0, 1, 2, 3, 97
9, 0, 1, 2, 98
9, 0, 1, 99
10, 9, 0
10, 9, 0, 1
10, 9, 0, 1, 2
10, 9, 0, 1, 2, 3
10, 9, 0, 1, 2, 3, 4
10, 9, 8, 7, 6, 5
10, 9, 8, 7, 6
10, 9, 8, 7
10, 9, 8
10, 9
10, 11
10, 11, 12
10, 11, 12, 13
10, 11, 12, 13, 14
10, 11, 12, 13, 14, 15
10, 19, 18, 17, 16
10, 19, 18, 17
10, 19, 18
10, 19
10, 19, 20
10, 21
10, 11, 22
10, 11, 12, 23
10, 11, 12, 13, 24
10, 11, 12, 13, 14, 25
10, 11, 12, 13, 14, 15, 26
10, 19, 18, 17, 16, 27
10, 19, 18, 17, 28
10, 19, 18, 29
10, 19, 18, 29, 30
10, 19, 20, 31
10, 21, 32
10, 11, 22, 33
10, 11, 12, 23, 34
10, 11, 12, 13, 24, 35
10, 11, 12, 13, 14, 25, 36
10, 11, 12, 13, 14, 15, 26, 37
10, 19, 18, 17, 16, 27, 38
10, 19, 18, 17, 28, 39
10, 19, 18, 17, 28, 39, 40
10, 19, 18, 29, 30, 41
10, 19, 20, 31, 42
10, 21, 32, 43
10, 11, 22, 33, 44
10, 11, 12, 23, 34, 45
10, 11, 12, 13, 24, 35, 46
10, 11, 12, 13, 14, 25, 36, 47
10, 11, 12, 13, 14, 15, 26, 37, 48
10, 19, 18, 17, 16, 27, 38, 49
10, 19, 18, 17, 16, 27, 38, 49, 50
10, 19, 18, 17, 28, 39, 40, 51
10, 19, 18, 29, 30, 41, 52
10, 19, 20, 31, 42, 53
10, 21, 32, 43, 54
10, 11, 22, 33, 44, 55
10, 11, 12, 23, 34, 45, 56
10, 11, 12, 13, 24, 35, 46, 57
10, 11, 12, 13, 14, 25, 36, 47, 58
10, 11, 12, 13, 14, 15, 26, 37, 48, 59
10, 9, 0, 90, 81, 72, 63, 62, 61, 60
10, 9, 0, 90, 81, 72, 63, 62, 61
10, 9, 0, 90, 81, 72, 63, 62
10, 9, 0, 90, 81, 72, 63
10, 9, 91, 82, 73, 64
10, 21, 32, 43, 54, 65
10, 19, 20, 31, 42, 53, 66
10, 19, 18, 29, 30, 41, 52, 67
10, 19, 18, 17, 28, 39, 40, 51, 68
10, 19, 18, 17, 16, 27, 38, 49, 50, 69
10, 9, 0, 90, 81, 72, 71, 70
10, 9, 0, 90, 81, 72, 71
10, 9, 0, 90, 81, 72
10, 9, 91, 82, 73
10, 9, 91, 82, 73, 74
10, 9, 91, 82, 73, 74, 75
10, 9, 91, 82, 73, 74, 75, 76
10, 9, 91, 82, 73, 74, 75, 76, 77
10, 9, 0, 90, 81, 72, 71, 70, 79, 78
10, 9, 0, 90, 81, 72, 71, 70, 79
10, 9, 0, 90, 81, 80
10, 9, 0, 90, 81
10, 9, 91, 82
10, 9, 91, 82, 83
10, 9, 91, 82, 83, 84
10, 9, 91, 82, 83, 84, 85
10, 9, 91, 82, 83, 84, 85, 86
10, 9, 0, 90, 81, 80, 89, 88, 87
10, 9, 0, 90, 81, 80, 89, 88
10, 9, 0, 90, 81, 80, 89
10, 9, 0, 90
10, 9, 91
10, 9, 8, 92
10, 9, 8, 7, 93
10, 9, 8, 7, 6, 94
10, 9, 8, 7, 6, 5, 95
10, 9, 0, 1, 2, 3, 4, 96
10, 9, 0, 1, 2, 3, 97
10, 9, 0, 1, 2, 98
10, 9, 0, 1, 99
11, 0
11, 0, 1
11, 0, 1, 2
11, 0, 1, 2, 3
11, 0, 1, 2, 3, 4
11, 0, 1, 2, 3, 4, 5
11, 0, 9, 8, 7, 6
11, 0, 9, 8, 7
11, 0, 9, 8
11, 0, 9
11, 10
11, 12
11, 12, 13
11, 12, 13, 14
11, 12, 13, 14, 15
11, 12, 13, 14, 15, 16
11, 10, 19, 18, 17
11, 10, 19, 18
11, 10, 19
11, 10, 19, 20
11, 10, 21
11, 22
11, 12, 23
11, 12, 13, 24
11, 12, 13, 14, 25
11, 12, 13, 14, 15, 26
11, 12, 13, 14, 15, 16, 27
11, 10, 19, 18, 17, 28
11, 10, 19, 18, 29
11, 10, 19, 18, 29, 30
11, 10, 19, 20, 31
11, 10, 21, 32
11, 22, 33
11, 12, 23, 34
11, 12, 13, 24, 35
11, 12, 13, 14, 25, 36
11, 12, 13, 14, 15, 26, 37
11, 12, 13, 14, 15, 16, 27, 38
11, 10, 19, 18, 17, 28, 39
11, 10, 19, 18, 17, 28, 39, 40
11, 10, 19, 18, 29, 30, 41
11, 10, 19, 20, 31, 42
11, 10, 21, 32, 43
11, 22, 33, 44
11, 12, 23, 34, 45
11, 12, 13, 24, 35, 46
11, 12, 13, 14, 25, 36, 47
11, 12, 13, 14, 15, 26, 37, 48
11, 12, 13, 14, 15, 16, 27, 38, 49
11, 12, 13, 14, 15, 16, 27, 38, 49, 50
11, 10, 19, 18, 17, 28, 39, 40, 51
11, 10, 19, 18, 29, 30, 41, 52
11, 10, 19, 20, 31, 42, 53
11, 10, 21, 32, 43, 54
11, 22, 33, 44, 55
11, 12, 23, 34, 45, 56
11, 12, 13, 24, 35, 46, 57
11, 12, 13, 14, 25, 36, 47, 58
11, 12, 13, 14, 15, 26, 37, 48, 59
11, 0, 90, 81, 72, 63, 62, 61, 60
11, 0, 90, 81, 72, 63, 62, 61
11, 0, 90, 81, 72, 63, 62
11, 0, 90, 81, 72, 63
11, 22, 33, 44, 55, 64
11, 10, 21, 32, 43, 54, 65
11, 10, 19, 20, 31, 42, 53, 66
11, 10, 19, 18, 29, 30, 41, 52, 67
11, 10, 19, 18, 17, 28, 39, 40, 51, 68
11, 0, 90, 81, 72, 63, 62, 61, 60, 69
11, 0, 90, 81, 72, 71, 70
11, 0, 90, 81, 72, 71
11, 0, 90, 81, 72
11, 0, 90, 81, 72, 73
11, 0, 90, 81, 72, 73, 74
11, 0, 90, 81, 72, 73, 74, 75
11, 0, 90, 81, 72, 73, 74, 75, 76
11, 0, 90, 81, 72, 73, 74, 75, 76, 77
11, 0, 90, 81, 72, 71, 70, 79, 78
11, 0, 90, 81, 72, 71, 70, 79
11, 0, 90, 81, 80
11, 0, 90, 81
11, 0, 90, 81, 82
11, 0, 90, 81, 82, 83
11, 0, 90, 81, 82, 83, 84
11, 0, 90, 81, 82, 83, 84, 85
11, 0, 90, 81, 82, 83, 84, 85, 86
11, 0, 90, 81, 80, 89, 88, 87
11, 0, 90, 81, 80, 89, 88
11, 0, 90, 81, 80, 89
11, 0, 90
11, 0, 9, 91
11, 0, 9, 8, 92
11, 0, 9, 8, 7, 93
11, 0, 9, 8, 7, 6, 94
11, 0, 1, 2, 3, 4, 5, 95
11, 0, 1, 2, 3, 4, 96
11, 0, 1, 2, 3, 97
11, 0, 1, 2, 98
11, 0, 1, 99
12, 1, 0
12, 1
12, 1, 2
12, 1, 2, 3
12, 1, 2, 3, 4
12, 1, 2, 3, 4, 5
12, 1, 2, 3, 4, 5, 6
12, 1, 0, 9, 8, 7
12, 1, 0, 9, 8
12, 1, 0, 9
12, 11, 10
12, 11
12, 13
12, 13, 14
12, 13, 14, 15
12, 13, 14, 15, 16
12, 13, 14, 15, 16, 17
12, 11, 10, 19, 18
12, 11, 10, 19
12, 11, 10, 19, 20
12, 11, 10, 21
12, 11, 22
12, 23
12, 13, 24
12, 13, 14, 25
12, 13, 14, 15, 26
12, 13, 14, 15, 16, 27
12, 13, 14, 15, 16, 17, 28
12, 11, 10, 19, 18, 29
12, 11, 10, 19, 18, 29, 30
12, 11, 10, 19, 20, 31
12, 11, 10, 21, 32
12, 11, 22, 33
12, 23, 34
12, 13, 24, 35
12, 13, 14, 25, 36
12, 13, 14, 15, 26, 37
12, 13, 14, 15, 16, 27, 38
12, 13, 14, 15, 16, 17, 28, 39
12, 13, 14, 15, 16, 17, 28, 39, 40
12, 11, 10, 19, 18, 29, 30, 41
12, 11, 10, 19, 20, 31, 42
12, 11, 10, 21, 32, 43
12, 11, 22, 33, 44
12, 23, 34, 45
12, 13, 24, 35, 46
12, 13, 14, 25, 36, 47
12, 13, 14, 15, 26, 37, 48
12, 13, 14, 15, 16, 27, 38, 49
12, 13, 14, 15, 16, 27, 38, 49, 50
12, 13, 14, 15, 16, 17, 28, 39, 40, 51
12, 11, 10, 19, 18, 29, 30, 41, 52
12, 11, 10, 19, 20, 31, 42, 53
12, 11, 10, 21, 32, 43, 54
12, 11, 22, 33, 44, 55
12, 23, 34, 45, 56
12, 13, 24, 35, 46, 57
12, 13, 14, 25, 36, 47, 58
12, 13, 14, 15, 26, 37, 48, 59
12, 1, 2, 3, 97, 88, 79, 60
12, 1, 2, 98, 89, 70, 61
12, 1, 99, 80, 71, 62
12, 23, 34, 45, 56, 63
12, 11, 22, 33, 44, 55, 64
12, 11, 10, 21, 32, 43, 54, 65
12, 11, 10, 19, 20, 31, 42, 53, 66
12, 11, 10, 19, 18, 29, 30, 41, 52, 67
12, 1, 2, 3, 4, 5, 95, 86, 77, 68
12, 1, 2, 3, 4, 96, 87, 78, 69
12, 1, 2, 98, 89, 70
12, 1, 99, 80, 71
12, 1, 0, 90, 81, 72
12, 1, 0, 90, 81, 72, 73
12, 1, 0, 90, 81, 72, 73, 74
12, 1, 0, 90, 81, 72, 73, 74, 75
12, 1, 0, 90, 81, 72, 73, 74, 75, 76
12, 1, 2, 3, 4, 5, 95, 86, 77
12, 1, 2, 3, 4, 96, 87, 78
12, 1, 2, 3, 97, 88, 79
12, 1, 99, 80
12, 1, 0, 90, 81
12, 1, 0, 90, 81, 82
12, 1, 0, 90, 81, 82, 83
12, 1, 0, 90, 81, 82, 83, 84
12, 1, 0, 90, 81, 82, 83, 84, 85
12, 1, 2, 3, 4, 5, 95, 86
12, 1, 2, 3, 4, 96, 87
12, 1, 2, 3, 97, 88
12, 1, 2, 98, 89
12, 1, 0, 90
12, 1, 0, 9, 91
12, 1, 0, 9, 8, 92
12, 1, 0, 9, 8, 7, 93
12, 1, 2, 3, 4, 5, 6, 94
12, 1, 2, 3, 4, 5, 95
12, 1, 2, 3, 4, 96
12, 1, 2, 3, 97
12, 1, 2, 98
12, 1, 99
13, 2, 1, 0
13, 2, 1
13, 2
13, 2, 3
13, 2, 3, 4
13, 2, 3, 4, 5
13, 2, 3, 4, 5, 6
13, 2, 3, 4, 5, 6, 7
13, 2, 1, 0, 9, 8
13, 2, 1, 0, 9
13, 12, 11, 10
13, 12, 11
13, 12
13, 14
13, 14, 15
13, 14, 15, 16
13, 14, 15, 16, 17
13, 14, 15, 16, 17, 18
13, 12, 11, 10, 19
13, 12, 11, 10, 19, 20
13, 12, 11, 10, 21
13, 12, 11, 22
13, 12, 23
13, 24
13, 14, 25
13, 14, 15, 26
13, 14, 15, 16, 27
13, 14, 15, 16, 17, 28
13, 14, 15, 16, 17, 18, 29
13, 14, 15, 16, 17, 18, 29, 30
13, 12, 11, 10, 19, 20, 31
13, 12, 11, 10, 21, 32
13, 12, 11, 22, 33
13, 12, 23, 34
13, 24, 35
13, 14, 25, 36
13, 14, 15, 26, 37
13, 14, 15, 16, 27, 38
13, 14, 15, 16, 17, 28, 39
13, 14, 15, 16, 17, 28, 39, 40
13, 14, 15, 16, 17, 18, 29, 30, 41
13, 12, 11, 10, 19, 20, 31, 42
13, 12, 11, 10, 21, 32, 43
13, 12, 11, 22, 33, 44
13, 12, 23, 34, 45
13, 24, 35, 46
13, 14, 25, 36, 47
13, 14, 15, 26, 37, 48
13, 14, 15, 16, 27, 38, 49
13, 14, 15, 16, 27, 38, 49, 50
13, 14, 15, 16, 17, 28, 39, 40, 51
13, 14, 15, 16, 17, 18, 29, 30, 41, 52
13, 12, 11, 10, 19, 20, 31, 42, 53
13, 12, 11, 10, 21, 32, 43, 54
13, 12, 11, 22, 33, 44, 55
13, 12, 23, 34, 45, 56
13, 24, 35, 46, 57
13, 14, 25, 36, 47, 58
13, 14, 15, 26, 37, 48, 59
13, 2, 3, 97, 88, 79, 60
13, 2, 98, 89, 70, 61
13, 24, 35, 46, 57, 62
13, 12, 23, 34, 45, 56, 63
13, 12, 11, 22, 33, 44, 55, 64
13, 12, 11, 10, 21, 32, 43, 54, 65
13, 12, 11, 10, 19, 20, 31, 42, 53, 66
13, 2, 3, 4, 5, 6, 94, 85, 76, 67
13, 2, 3, 4, 5, 95, 86, 77, 68
13, 2, 3, 4, 96, 87, 78, 69
13, 2, 98, 89, 70
13, 2, 98, 89, 70, 71
13, 2, 1, 0, 90, 81, 72
13, 2, 1, 0, 90, 81, 72, 73
13, 2, 1, 0, 90, 81, 72, 73, 74
13, 2, 1, 0, 90, 81, 72, 73, 74, 75
13, 2, 3, 4, 5, 6, 94, 85, 76
13, 2, 3, 4, 5, 95, 86, 77
13, 2, 3, 4, 96, 87, 78
13, 2, 3, 97, 88, 79
13, 2, 98, 89, 80
13, 2, 1, 0, 90, 81
13, 2, 1, 0, 90, 81, 82
13, 2, 1, 0, 90, 81, 82, 83
13, 2, 1, 0, 90, 81, 82, 83, 84
13, 2, 3, 4, 5, 6, 94, 85
13, 2, 3, 4, 5, 95, 86
13, 2, 3, 4, 96, 87
13, 2, 3, 97, 88
13, 2, 98, 89
13, 2, 1, 0, 90
13, 2, 1, 0, 9, 91
13, 2, 1, 0, 9, 8, 92
13, 2, 3, 4, 5, 6, 7, 93
13, 2, 3, 4, 5, 6, 94
13, 2, 3, 4, 5, 95
13, 2, 3, 4, 96
13, 2, 3, 97
13, 2, 98
13, 2, 1, 99
14, 3, 2, 1, 0
14, 3, 2, 1
14, 3, 2
14, 3
14, 3, 4
14, 3, 4, 5
14, 3, 4, 5, 6
14, 3, 4, 5, 6, 7
14, 3, 4, 5, 6, 7, 8
14, 3, 2, 1, 0, 9
14, 13, 12, 11, 10
14, 13, 12, 11
14, 13, 12
14, 13
14, 15
14, 15, 16
14, 15, 16, 17
14, 15, 16, 17, 18
14, 13, 12, 11, 10, 19
14, 13, 12, 11, 10, 19, 20
14, 13, 12, 11, 10, 21
14, 13, 12, 11, 22
14, 13, 12, 23
14, 13, 24
14, 25
14, 15, 26
14, 15, 16, 27
14, 15, 16, 17, 28
14, 15, 16, 17, 18, 29
14, 15, 16, 17, 18, 29, 30
14, 13, 12, 11, 10, 19, 20, 31
14, 13, 12, 11, 10, 21, 32
14, 13, 12, 11, 22, 33
14, 13, 12, 23, 34
14, 13, 24, 35
14, 25, 36
14, 15, 26, 37
14, 15, 16, 27, 38
14, 15, 16, 17, 28, 39
14, 15, 16, 17, 28, 39, 40
14, 15, 16, 17, 18, 29, 30, 41
14, 13, 12, 11, 10, 19, 20, 31, 42
14, 13, 12, 11, 10, 21, 32, 43
14, 13, 12, 11, 22, 33, 44
14, 13, 12, 23, 34, 45
14, 13, 24, 35, 46
14, 25, 36, 47
14, 15, 26, 37, 48
14, 15, 16, 27, 38, 49
14, 15, 16, 27, 38, 49, 50
14, 15, 16, 17, 28, 39, 40, 51
14, 15, 16, 17, 18, 29, 30, 41, 52
14, 13, 12, 11, 10, 19, 20, 31, 42, 53
14, 13, 12, 11, 10, 21, 32, 43, 54
14, 13, 12, 11, 22, 33, 44, 55
14, 13, 12, 23, 34, 45, 56
14, 13, 24, 35, 46, 57
14, 25, 36, 47, 58
14, 15, 26, 37, 48, 59
14, 3, 97, 88, 79, 60
14, 25, 36, 47, 58, 61
14, 13, 24, 35, 46, 57, 62
14, 13, 12, 23, 34, 45, 56, 63
14, 13, 12, 11, 22, 33, 44, 55, 64
14, 13, 12, 11, 10, 21, 32, 43, 54, 65
14, 3, 4, 5, 6, 7, 93, 84, 75, 66
14, 3, 4, 5, 6, 94, 85, 76, 67
14, 3, 4, 5, 95, 86, 77, 68
14, 3, 4, 96, 87, 78, 69
14, 3, 97, 88, 79, 70
14, 3, 97, 88, 79, 70, 71
14, 3, 2, 1, 0, 90, 81, 72
14, 3, 2, 1, 0, 90, 81, 72, 73
14, 3, 2, 1, 0, 90, 81, 72, 73, 74
14, 3, 4, 5, 6, 7, 93, 84, 75
14, 3, 4, 5, 6, 94, 85, 76
14, 3, 4, 5, 95, 86, 77
14, 3, 4, 96, 87, 78
14, 3, 97, 88, 79
14, 3, 97, 88, 89, 80
14, 3, 2, 1, 0, 90, 81
14, 3, 2, 1, 0, 90, 81, 82
14, 3, 2, 1, 0, 90, 81, 82, 83
14, 3, 4, 5, 6, 7, 93, 84
14, 3, 4, 5, 6, 94, 85
14, 3, 4, 5, 95, 86
14, 3, 4, 96, 87
14, 3, 97, 88
14, 3, 97, 88, 89
14, 3, 2, 1, 0, 90
14, 3, 2, 1, 0, 9, 91
14, 3, 4, 5, 6, 7, 8, 92
14, 3, 4, 5, 6, 7, 93
14, 3, 4, 5, 6, 94
14, 3, 4, 5, 95
14, 3, 4, 96
14, 3, 97
14, 3, 2, 98
14, 3, 2, 1, 99
15, 4, 3, 2, 1, 0
15, 4, 3, 2, 1
15, 4, 3, 2
15, 4, 3
15, 4
15, 4, 5
15, 4, 5, 6
15, 4, 5, 6, 7
15, 4, 5, 6, 7, 8
15, 4, 3, 2, 1, 0, 9
15, 14, 13, 12, 11, 10
15, 14, 13, 12, 11
15, 14, 13, 12
15, 14, 13
15, 14
15, 16
15, 16, 17
15, 16, 17, 18
15, 16, 17, 18, 19
15, 16, 17, 18, 19, 20
15, 14, 13, 12, 11, 10, 21
15, 14, 13, 12, 11, 22
15, 14, 13, 12, 23
15, 14, 13, 24
15, 14, 25
15, 26
15, 16, 27
15, 16, 17, 28
15, 16, 17, 18, 29
15, 16, 17, 18, 29, 30
15, 16, 17, 18, 19, 20, 31
15, 14, 13, 12, 11, 10, 21, 32
15, 14, 13, 12, 11, 22, 33
15, 14, 13, 12, 23, 34
15, 14, 13, 24, 35
15, 14, 25, 36
15, 26, 37
15, 16, 27, 38
15, 16, 17, 28, 39
15, 16, 17, 28, 39, 40
15, 16, 17, 18, 29, 30, 41
15, 16, 17, 18, 19, 20, 31, 42
15, 14, 13, 12, 11, 10, 21, 32, 43
15, 14, 13, 12, 11, 22, 33, 44
15, 14, 13, 12, 23, 34, 45
15, 14, 13, 24, 35, 46
15, 14, 25, 36, 47
15, 26, 37, 48
15, 16, 27, 38, 49
15, 16, 27, 38, 49, 50
15, 16, 17, 28, 39, 40, 51
15, 16, 17, 18, 29, 30, 41, 52
15, 16, 17, 18, 19, 20, 31, 42, 53
15, 14, 13, 12, 11, 10, 21, 32, 43, 54
15, 14, 13, 12, 11, 22, 33, 44, 55
15, 14, 13, 12, 23, 34, 45, 56
15, 14, 13, 24, 35, 46, 57
15, 14, 25, 36, 47, 58
15, 26, 37, 48, 59
15, 26, 37, 48, 59, 60
15, 14, 25, 36, 47, 58, 61
15, 14, 13, 24, 35, 46, 57, 62
15, 14, 13, 12, 23, 34, 45, 56, 63
15, 14, 13, 12, 11, 22, 33, 44, 55, 64
15, 4, 5, 6, 7, 8, 92, 83, 74, 65
15, 4, 5, 6, 7, 93, 84, 75, 66
15, 4, 5, 6, 94, 85, 76, 67
15, 4, 5, 95, 86, 77, 68
15, 4, 96, 87, 78, 69
15, 4, 96, 87, 78, 79, 70
15, 4, 96, 87, 78, 79, 70, 71
15, 4, 3, 2, 1, 0, 90, 81, 72
15, 4, 3, 2, 1, 0, 90, 81, 72, 73
15, 4, 5, 6, 7, 8, 92, 83, 74
15, 4, 5, 6, 7, 93, 84, 75
15, 4, 5, 6, 94, 85, 76
15, 4, 5, 95, 86, 77
15, 4, 96, 87, 78
15, 4, 96, 87, 78, 79
15, 4, 96, 87, 88, 89, 80
15, 4, 3, 2, 1, 0, 90, 81
15, 4, 3, 2, 1, 0, 90, 81, 82
15, 4, 5, 6, 7, 8, 92, 83
15, 4, 5, 6, 7, 93, 84
15, 4, 5, 6, 94, 85
15, 4, 5, 95, 86
15, 4, 96, 87
15, 4, 96, 87, 88
15, 4, 96, 87, 88, 89
15, 4, 3, 2, 1, 0, 90
15, 4, 3, 2, 1, 0, 9, 91
15, 4, 5, 6, 7, 8, 92
15, 4, 5, 6, 7, 93
15, 4, 5, 6, 94
15, 4, 5, 95
15, 4, 96
15, 4, 3, 97
15, 4, 3, 2, 98
15, 4, 3, 2, 1, 99
16, 5, 4, 3, 2, 1, 0
16, 5, 4, 3, 2, 1
16, 5, 4, 3, 2
16, 5, 4, 3
16, 5, 4
16, 5
16, 5, 6
16, 5, 6, 7
16, 5, 6, 7, 8
16, 5, 6, 7, 8, 9
16, 17, 18, 19, 10
16, 15, 14, 13, 12, 11
16, 15, 14, 13, 12
16, 15, 14, 13
16, 15, 14
16, 15
16, 17
16, 17, 18
16, 17, 18, 19
16, 17, 18, 19, 20
16, 17, 18, 19, 10, 21
16, 15, 14, 13, 12, 11, 22
16, 15, 14, 13, 12, 23
16, 15, 14, 13, 24
16, 15, 14, 25
16, 15, 26
16, 27
16, 17, 28
16, 17, 18, 29
16, 17, 18, 29, 30
16, 17, 18, 19, 20, 31
16, 17, 18, 19, 10, 21, 32
16, 15, 14, 13, 12, 11, 22, 33
16, 15, 14, 13, 12, 23, 34
16, 15, 14, 13, 24, 35
16, 15, 14, 25, 36
16, 15, 26, 37
16, 27, 38
16, 17, 28, 39
16, 17, 28, 39, 40
16, 17, 18, 29, 30, 41
16, 17, 18, 19, 20, 31, 42
16, 17, 18, 19, 10, 21, 32, 43
16, 15, 14, 13, 12, 11, 22, 33, 44
16, 15, 14, 13, 12, 23, 34, 45
16, 15, 14, 13, 24, 35, 46
16, 15, 14, 25, 36, 47
16, 15, 26, 37, 48
16, 27, 38, 49
16, 27, 38, 49, 50
16, 17, 28, 39, 40, 51
16, 17, 18, 29, 30, 41, 52
16, 17, 18, 19, 20, 31, 42, 53
16, 17, 18, 19, 10, 21, 32, 43, 54
16, 15, 14, 13, 12, 11, 22, 33, 44, 55
16, 15, 14, 13, 12, 23, 34, 45, 56
16, 15, 14, 13, 24, 35, 46, 57
16, 15, 14, 25, 36, 47, 58
16, 15, 26, 37, 48, 59
16, 15, 26, 37, 48, 59, 60
16, 15, 14, 25, 36, 47, 58, 61
16, 15, 14, 13, 24, 35, 46, 57, 62
16, 15, 14, 13, 12, 23, 34, 45, 56, 63
16, 5, 6, 7, 8, 9, 91, 82, 73, 64
16, 5, 6, 7, 8, 92, 83, 74, 65
16, 5, 6, 7, 93, 84, 75, 66
16, 5, 6, 94, 85, 76, 67
16, 5, 95, 86, 77, 68
16, 27, 38, 49, 50, 69
16, 5, 95, 86, 77, 78, 79, 70
16, 5, 95, 86, 77, 78, 79, 70, 71
16, 5, 4, 3, 2, 1, 0, 90, 81, 72
16, 5, 6, 7, 8, 9, 91, 82, 73
16, 5, 6, 7, 8, 92, 83, 74
16, 5, 6, 7, 93, 84, 75
16, 5, 6, 94, 85, 76
16, 5, 95, 86, 77
16, 5, 95, 86, 77, 78
16, 5, 95, 86, 77, 78, 79
16, 5, 95, 86, 87, 88, 89, 80
16, 5, 4, 3, 2, 1, 0, 90, 81
16, 5, 6, 7, 8, 9, 91, 82
16, 5, 6, 7, 8, 92, 83
16, 5, 6, 7, 93, 84
16, 5, 6, 94, 85
16, 5, 95, 86
16, 5, 95, 86, 87
16, 5, 95, 86, 87, 88
16, 5, 95, 86, 87, 88, 89
16, 5, 4, 3, 2, 1, 0, 90
16, 5, 6, 7, 8, 9, 91
16, 5, 6, 7, 8, 92
16, 5, 6, 7, 93
16, 5, 6, 94
16, 5, 95
16, 5, 4, 96
16, 5, 4, 3, 97
16, 5, 4, 3, 2, 98
16, 5, 4, 3, 2, 1, 99
17, 6, 7, 8, 9, 0
17, 6, 5, 4, 3, 2, 1
17, 6, 5, 4, 3, 2
17, 6, 5, 4, 3
17, 6, 5, 4
17, 6, 5
17, 6
17, 6, 7
17, 6, 7, 8
17, 6, 7, 8, 9
17, 18, 19, 10
17, 18, 19, 10, 11
17, 16, 15, 14, 13, 12
17, 16, 15, 14, 13
17, 16, 15, 14
17, 16, 15
17, 16
17, 18
17, 18, 19
17, 18, 19, 20
17, 18, 19, 10, 21
17, 18, 19, 10, 11, 22
17, 16, 15, 14, 13, 12, 23
17, 16, 15, 14, 13, 24
17, 16, 15, 14, 25
17, 16, 15, 26
17, 16, 27
17, 28
17, 18, 29
17, 18, 29, 30
17, 18, 19, 20, 31
17, 18, 19, 10, 21, 32
17, 18, 19, 10, 11, 22, 33
17, 16, 15, 14, 13, 12, 23, 34
17, 16, 15, 14, 13, 24, 35
17, 16, 15, 14, 25, 36
17, 16, 15, 26, 37
17, 16, 27, 38
17, 28, 39
17, 28, 39, 40
17, 18, 29, 30, 41
17, 18, 19, 20, 31, 42
17, 18, 19, 10, 21, 32, 43
17, 18, 19, 10, 11, 22, 33, 44
17, 16, 15, 14, 13, 12, 23, 34, 45
17, 16, 15, 14, 13, 24, 35, 46
17, 16, 15, 14, 25, 36, 47
17, 16, 15, 26, 37, 48
17, 16, 27, 38, 49
17, 16, 27, 38, 49, 50
17, 28, 39, 40, 51
17, 18, 29, 30, 41, 52
17, 18, 19, 20, 31, 42, 53
17, 18, 19, 10, 21, 32, 43, 54
17, 18, 19, 10, 11, 22, 33, 44, 55
17, 16, 15, 14, 13, 12, 23, 34, 45, 56
17, 16, 15, 14, 13, 24, 35, 46, 57
17, 16, 15, 14, 25, 36, 47, 58
17, 16, 15, 26, 37, 48, 59
17, 16, 15, 26, 37, 48, 59, 60
17, 16, 15, 14, 25, 36, 47, 58, 61
17, 16, 15, 14, 13, 24, 35, 46, 57, 62
17, 6, 7, 8, 9, 0, 90, 81, 72, 63
17, 6, 7, 8, 9, 91, 82, 73, 64
17, 6, 7, 8, 92, 83, 74, 65
17, 6, 7, 93, 84, 75, 66
17, 6, 94, 85, 76, 67
17, 28, 39, 40, 51, 68
17, 16, 27, 38, 49, 50, 69
17, 6, 94, 85, 76, 77, 78, 79, 70
17, 6, 7, 8, 9, 0, 90, 81, 72, 71
17, 6, 7, 8, 9, 0, 90, 81, 72
17, 6, 7, 8, 9, 91, 82, 73
17, 6, 7, 8, 92, 83, 74
17, 6, 7, 93, 84, 75
17, 6, 94, 85, 76
17, 6, 94, 85, 76, 77
17, 6, 94, 85, 76, 77, 78
17, 6, 94, 85, 76, 77, 78, 79
17, 6, 7, 8, 9, 0, 90, 81, 80
17, 6, 7, 8, 9, 0, 90, 81
17, 6, 7, 8, 9, 91, 82
17, 6, 7, 8, 92, 83
17, 6, 7, 93, 84
17, 6, 94, 85
17, 6, 94, 85, 86
17, 6, 94, 85, 86, 87
17, 6, 94, 85, 86, 87, 88
17, 6, 94, 85, 86, 87, 88, 89
17, 6, 7, 8, 9, 0, 90
17, 6, 7, 8, 9, 91
17, 6, 7, 8, 92
17, 6, 7, 93
17, 6, 94
17, 6, 5, 95
17, 6, 5, 4, 96
17, 6, 5, 4, 3, 97
17, 6, 5, 4, 3, 2, 98
17, 6, 5, 4, 3, 2, 1, 99
18, 7, 8, 9, 0
18, 7, 8, 9, 0, 1
18, 7, 6, 5, 4, 3, 2
18, 7, 6, 5, 4, 3
18, 7, 6, 5, 4
18, 7, 6, 5
18, 7, 6
18, 7
18, 7, 8
18, 7, 8, 9
18, 19, 10
18, 19, 10, 11
18, 19, 10, 11, 12
18, 17, 16, 15, 14, 13
18, 17, 16, 15, 14
18, 17, 16, 15
18, 17, 16
18, 17
18, 19
18, 19, 20
18, 19, 10, 21
18, 19, 10, 11, 22
18, 19, 10, 11, 12, 23
18, 17, 16, 15, 14, 13, 24
18, 17, 16, 15, 14, 25
18, 17, 16, 15, 26
18, 17, 16, 27
18, 17, 28
18, 29
18, 29, 30
18, 19, 20, 31
18, 19, 10, 21, 32
18, 19, 10, 11, 22, 33
18, 19, 10, 11, 12, 23, 34
18, 17, 16, 15, 14, 13, 24, 35
18, 17, 16, 15, 14, 25, 36
18, 17, 16, 15, 26, 37
18, 17, 16, 27, 38
18, 17, 28, 39
18, 17, 28, 39, 40
18, 29, 30, 41
18, 19, 20, 31, 42
18, 19, 10, 21, 32, 43
18, 19, 10, 11, 22, 33, 44
18, 19, 10, 11, 12, 23, 34, 45
18, 17, 16, 15, 14, 13, 24, 35, 46
18, 17, 16, 15, 14, 25, 36, 47
18, 17, 16, 15, 26, 37, 48
18, 17, 16, 27, 38, 49
18, 17, 16, 27, 38, 49, 50
18, 17, 28, 39, 40, 51
18, 29, 30, 41, 52
18, 19, 20, 31, 42, 53
18, 19, 10, 21, 32, 43, 54
18, 19, 10, 11, 22, 33, 44, 55
18, 19, 10, 11, 12, 23, 34, 45, 56
18, 17, 16, 15, 14, 13, 24, 35, 46, 57
18, 17, 16, 15, 14, 25, 36, 47, 58
18, 17, 16, 15, 26, 37, 48, 59
18, 17, 16, 15, 26, 37, 48, 59, 60
18, 17, 16, 15, 14, 25, 36, 47, 58, 61
18, 7, 8, 9, 0, 90, 81, 72, 63, 62
18, 7, 8, 9, 0, 90, 81, 72, 63
18, 7, 8, 9, 91, 82, 73, 64
18, 7, 8, 92, 83, 74, 65
18, 7, 93, 84, 75, 66
18, 29, 30, 41, 52, 67
18, 17, 28, 39, 40, 51, 68
18, 17, 16, 27, 38, 49, 50, 69
18, 7, 8, 9, 0, 90, 81, 72, 71, 70
18, 7, 8, 9, 0, 90, 81, 72, 71
18, 7, 8, 9, 0, 90, 81, 72
18, 7, 8, 9, 91, 82, 73
18, 7, 8, 92, 83, 74
18, 7, 93, 84, 75
18, 7, 93, 84, 75, 76
18, 7, 93, 84, 75, 76, 77
18, 7, 93, 84, 75, 76, 77, 78
18, 7, 93, 84, 75, 76, 77, 78, 79
18, 7, 8, 9, 0, 90, 81, 80
18, 7, 8, 9, 0, 90, 81
18, 7, 8, 9, 91, 82
18, 7, 8, 92, 83
18, 7, 93, 84
18, 7, 93, 84, 85
18, 7, 93, 84, 85, 86
18, 7, 93, 84, 85, 86, 87
18, 7, 93, 84, 85, 86, 87, 88
18, 7, 8, 9, 0, 90, 81, 80, 89
18, 7, 8, 9, 0, 90
18, 7, 8, 9, 91
18, 7, 8, 92
18, 7, 93
18, 7, 6, 94
18, 7, 6, 5, 95
18, 7, 6, 5, 4, 96
18, 7, 6, 5, 4, 3, 97
18, 7, 6, 5, 4, 3, 2, 98
18, 7, 8, 9, 0, 1, 99
19, 8, 9, 0
19, 8, 9, 0, 1
19, 8, 9, 0, 1, 2
19, 8, 7, 6, 5, 4, 3
19, 8, 7, 6, 5, 4
19, 8, 7, 6, 5
19, 8, 7, 6
19, 8, 7
19, 8
19, 8, 9
19, 10
19, 10, 11
19, 10, 11, 12
19, 10, 11, 12, 13
19, 10, 11, 12, 13, 14
19, 18, 17, 16, 15
19, 18, 17, 16
19, 18, 17
19, 18
19, 20
19, 10, 21
19, 10, 11, 22
19, 10, 11, 12, 23
19, 10, 11, 12, 13, 24
19, 10, 11, 12, 13, 14, 25
19, 18, 17, 16, 15, 26
19, 18, 17, 16, 27
19, 18, 17, 28
19, 18, 29
19, 18, 29, 30
19, 20, 31
19, 10, 21, 32
19, 10, 11, 22, 33
19, 10, 11, 12, 23, 34
19, 10, 11, 12, 13, 24, 35
19, 10, 11, 12, 13, 14, 25, 36
19, 18, 17, 16, 15, 26, 37
19, 18, 17, 16, 27, 38
19, 18, 17, 28, 39
19, 18, 17, 28, 39, 40
19, 18, 29, 30, 41
19, 20, 31, 42
19, 10, 21, 32, 43
19, 10, 11, 22, 33, 44
19, 10, 11, 12, 23, 34, 45
19, 10, 11, 12, 13, 24, 35, 46
19, 10, 11, 12, 13, 14, 25, 36, 47
19, 18, 17, 16, 15, 26, 37, 48
19, 18, 17, 16, 27, 38, 49
19, 18, 17, 16, 27, 38, 49, 50
19, 18, 17, 28, 39, 40, 51
19, 18, 29, 30, 41, 52
19, 20, 31, 42, 53
19, 10, 21, 32, 43, 54
19, 10, 11, 22, 33, 44, 55
19, 10, 11, 12, 23, 34, 45, 56
19, 10, 11, 12, 13, 24, 35, 46, 57
19, 10, 11, 12, 13, 14, 25, 36, 47, 58
19, 18, 17, 16, 15, 26, 37, 48, 59
19, 18, 17, 16, 15, 26, 37, 48, 59, 60
19, 8, 9, 0, 90, 81, 72, 63, 62, 61
19, 8, 9, 0, 90, 81, 72, 63, 62
19, 8, 9, 0, 90, 81, 72, 63
19, 8, 9, 91, 82, 73, 64
19, 8, 92, 83, 74, 65
19, 20, 31, 42, 53, 66
19, 18, 29, 30, 41, 52, 67
19, 18, 17, 28, 39, 40, 51, 68
19, 18, 17, 16, 27, 38, 49, 50, 69
19, 8, 9, 0, 90, 81, 72, 71, 70
19, 8, 9, 0, 90, 81, 72, 71
19, 8, 9, 0, 90, 81, 72
19, 8, 9, 91, 82, 73
19, 8, 92, 83, 74
19, 8, 92, 83, 74, 75
19, 8, 92, 83, 74, 75, 76
19, 8, 92, 83, 74, 75, 76, 77
19, 8, 92, 83, 74, 75, 76, 77, 78
19, 8, 9, 0, 90, 81, 72, 71, 70, 79
19, 8, 9, 0, 90, 81, 80
19, 8, 9, 0, 90, 81
19, 8, 9, 91, 82
19, 8, 92, 83
19, 8, 92, 83, 84
19, 8, 92, 83, 84, 85
19, 8, 92, 83, 84, 85, 86
19, 8, 92, 83, 84, 85, 86, 87
19, 8, 9, 0, 90, 81, 80, 89, 88
19, 8, 9, 0, 90, 81, 80, 89
19, 8, 9, 0, 90
19, 8, 9, 91
19, 8, 92
19, 8, 7, 93
19, 8, 7, 6, 94
19, 8, 7, 6, 5, 95
19, 8, 7, 6, 5, 4, 96
19, 8, 7, 6, 5, 4, 3, 97
19, 8, 9, 0, 1, 2, 98
19, 8, 9, 0, 1, 99
20, 19, 8, 9, 0
20, 19, 8, 9, 0, 1
20, 19, 8, 9, 0, 1, 2
20, 19, 8, 7, 6, 5, 4, 3
20, 19, 8, 7, 6, 5, 4
20, 19, 8, 7, 6, 5
20, 19, 8, 7, 6
20, 19, 8, 7
20, 19, 8
20, 19, 8, 9
20, 19, 10
20, 19, 10, 11
20, 19, 10, 11, 12
20, 19, 10, 11, 12, 13
20, 19, 10, 11, 12, 13, 14
20, 19, 18, 17, 16, 15
20, 19, 18, 17, 16
20, 19, 18, 17
20, 19, 18
20, 19
20, 21
20, 21, 22
20, 21, 22, 23
20, 21, 22, 23, 24
20, 21, 22, 23, 24, 25
20, 29, 28, 27, 26
20, 29, 28, 27
20, 29, 28
20, 29
20, 29, 30
20, 31
20, 21, 32
20, 21, 22, 33
20, 21, 22, 23, 34
20, 21, 22, 23, 24, 35
20, 21, 22, 23, 24, 25, 36
20, 29, 28, 27, 26, 37
20, 29, 28, 27, 38
20, 29, 28, 39
20, 29, 28, 39, 40
20, 29, 30, 41
20, 31, 42
20, 21, 32, 43
20, 21, 22, 33, 44
20, 21, 22, 23, 34, 45
20, 21, 22, 23, 24, 35, 46
20, 21, 22, 23, 24, 25, 36, 47
20, 29, 28, 27, 26, 37, 48
20, 29, 28, 27, 38, 49
20, 29, 28, 27, 38, 49, 50
20, 29, 28, 39, 40, 51
20, 29, 30, 41, 52
20, 31, 42, 53
20, 21, 32, 43, 54
20, 21, 22, 33, 44, 55
20, 21, 22, 23, 34, 45, 56
20, 21, 22, 23, 24, 35, 46, 57
20, 21, 22, 23, 24, 25, 36, 47, 58
20, 29, 28, 27, 26, 37, 48, 59
20, 29, 28, 27, 26, 37, 48, 59, 60
20, 21, 22, 23, 24, 25, 36, 47, 58, 61
20, 21, 22, 23, 24, 35, 46, 57, 62
20, 21, 22, 23, 34, 45, 56, 63
20, 21, 22, 33, 44, 55, 64
20, 21, 32, 43, 54, 65
20, 31, 42, 53, 66
20, 29, 30, 41, 52, 67
20, 29, 28, 39, 40, 51, 68
20, 29, 28, 27, 38, 49, 50, 69
20, 19, 8, 9, 0, 90, 81, 72, 71, 70
20, 19, 8, 9, 0, 90, 81, 72, 71
20, 19, 8, 9, 0, 90, 81, 72
20, 19, 8, 9, 91, 82, 73
20, 19, 8, 92, 83, 74
20, 31, 42, 53, 66, 75
20, 29, 30, 41, 52, 67, 76
20, 29, 28, 39, 40, 51, 68, 77
20, 29, 28, 27, 38, 49, 50, 69, 78
20, 29, 28, 27, 26, 37, 48, 59, 60, 79
20, 19, 8, 9, 0, 90, 81, 80
20, 19, 8, 9, 0, 90, 81
20, 19, 8, 9, 91, 82
20, 19, 8, 92, 83
20, 19, 8, 92, 83, 84
20, 19, 8, 92, 83, 84, 85
20, 19, 8, 92, 83, 84, 85, 86
20, 19, 8, 92, 83, 84, 85, 86, 87
20, 19, 8, 9, 0, 90, 81, 80, 89, 88
20, 19, 8, 9, 0, 90, 81, 80, 89
20, 19, 8, 9, 0, 90
20, 19, 8, 9, 91
20, 19, 8, 92
20, 19, 8, 7, 93
20, 19, 8, 7, 6, 94
20, 19, 8, 7, 6, 5, 95
20, 19, 8, 7, 6, 5, 4, 96
20, 19, 8, 7, 6, 5, 4, 3, 97
20, 19, 8, 9, 0, 1, 2, 98
20, 19, 8, 9, 0, 1, 99
21, 10, 9, 0
21, 10, 9, 0, 1
21, 10, 9, 0, 1, 2
21, 10, 9, 0, 1, 2, 3
21, 10, 9, 0, 1, 2, 3, 4
21, 10, 9, 8, 7, 6, 5
21, 10, 9, 8, 7, 6
21, 10, 9, 8, 7
21, 10, 9, 8
21, 10, 9
21, 10
21, 10, 11
21, 10, 11, 12
21, 10, 11, 12, 13
21, 10, 11, 12, 13, 14
21, 10, 11, 12, 13, 14, 15
21, 10, 19, 18, 17, 16
21, 10, 19, 18, 17
21, 10, 19, 18
21, 10, 19
21, 20
21, 22
21, 22, 23
21, 22, 23, 24
21, 22, 23, 24, 25
21, 22, 23, 24, 25, 26
21, 20, 29, 28, 27
21, 20, 29, 28
21, 20, 29
21, 20, 29, 30
21, 20, 31
21, 32
21, 22, 33
21, 22, 23, 34
21, 22, 23, 24, 35
21, 22, 23, 24, 25, 36
21, 22, 23, 24, 25, 26, 37
21, 20, 29, 28, 27, 38
21, 20, 29, 28, 39
21, 20, 29, 28, 39, 40
21, 20, 29, 30, 41
21, 20, 31, 42
21, 32, 43
21, 22, 33, 44
21, 22, 23, 34, 45
21, 22, 23, 24, 35, 46
21, 22, 23, 24, 25, 36, 47
21, 22, 23, 24, 25, 26, 37, 48
21, 20, 29, 28, 27, 38, 49
21, 20, 29, 28, 27, 38, 49, 50
21, 20, 29, 28, 39, 40, 51
21, 20, 29, 30, 41, 52
21, 20, 31, 42, 53
21, 32, 43, 54
21, 22, 33, 44, 55
21, 22, 23, 34, 45, 56
21, 22, 23, 24, 35, 46, 57
21, 22, 23, 24, 25, 36, 47, 58
21, 22, 23, 24, 25, 26, 37, 48, 59
21, 22, 23, 24, 25, 26, 37, 48, 59, 60
21, 22, 23, 24, 25, 36, 47, 58, 61
21, 22, 23, 24, 35, 46, 57, 62
21, 22, 23, 34, 45, 56, 63
21, 22, 33, 44, 55, 64
21, 32, 43, 54, 65
21, 20, 31, 42, 53, 66
21, 20, 29, 30, 41, 52, 67
21, 20, 29, 28, 39, 40, 51, 68
21, 20, 29, 28, 27, 38, 49, 50, 69
21, 10, 9, 0, 90, 81, 72, 71, 70
21, 10, 9, 0, 90, 81, 72, 71
21, 10, 9, 0, 90, 81, 72
21, 10, 9, 91, 82, 73
21, 32, 43, 54, 65, 74
21, 20, 31, 42, 53, 66, 75
21, 20, 29, 30, 41, 52, 67, 76
21, 20, 29, 28, 39, 40, 51, 68, 77
21, 20, 29, 28, 27, 38, 49, 50, 69, 78
21, 10, 9, 0, 90, 81, 72, 71, 70, 79
21, 10, 9, 0, 90, 81, 80
21, 10, 9, 0, 90, 81
21, 10, 9, 91, 82
21, 10, 9, 91, 82, 83
21, 10, 9, 91, 82, 83, 84
21, 10, 9, 91, 82, 83, 84, 85
21, 10, 9, 91, 82, 83, 84, 85, 86
21, 10, 9, 0, 90, 81, 80, 89, 88, 87
21, 10, 9, 0, 90, 81, 80, 89, 88
21, 10, 9, 0, 90, 81, 80, 89
21, 10, 9, 0, 90
21, 10, 9, 91
21, 10, 9, 8, 92
21, 10, 9, 8, 7, 93
21, 10, 9, 8, 7, 6, 94
21, 10, 9, 8, 7, 6, 5, 95
21, 10, 9, 0, 1, 2, 3, 4, 96
21, 10, 9, 0, 1, 2, 3, 97
21, 10, 9, 0, 1, 2, 98
21, 10, 9, 0, 1, 99
22, 11, 0
22, 11, 0, 1
22, 11, 0, 1, 2
22, 11, 0, 1, 2, 3
22, 11, 0, 1, 2, 3, 4
22, 11, 0, 1, 2, 3, 4, 5
22, 11, 0, 9, 8, 7, 6
22, 11, 0, 9, 8, 7
22, 11, 0, 9, 8
22, 11, 0, 9
22, 11, 10
22, 11
22, 11, 12
22, 11, 12, 13
22, 11, 12, 13, 14
22, 11, 12, 13, 14, 15
22, 11, 12, 13, 14, 15, 16
22, 11, 10, 19, 18, 17
22, 11, 10, 19, 18
22, 11, 10, 19
22, 21, 20
22, 21
22, 23
22, 23, 24
22, 23, 24, 25
22, 23, 24, 25, 26
22, 23, 24, 25, 26, 27
22, 21, 20, 29, 28
22, 21, 20, 29
22, 21, 20, 29, 30
22, 21, 20, 31
22, 21, 32
22, 33
22, 23, 34
22, 23, 24, 35
22, 23, 24, 25, 36
22, 23, 24, 25, 26, 37
22, 23, 24, 25, 26, 27, 38
22, 21, 20, 29, 28, 39
22, 21, 20, 29, 28, 39, 40
22, 21, 20, 29, 30, 41
22, 21, 20, 31, 42
22, 21, 32, 43
22, 33, 44
22, 23, 34, 45
22, 23, 24, 35, 46
22, 23, 24, 25, 36, 47
22, 23, 24, 25, 26, 37, 48
22, 23, 24, 25, 26, 27, 38, 49
22, 23, 24, 25, 26, 27, 38, 49, 50
22, 21, 20, 29, 28, 39, 40, 51
22, 21, 20, 29, 30, 41, 52
22, 21, 20, 31, 42, 53
22, 21, 32, 43, 54
22, 33, 44, 55
22, 23, 34, 45, 56
22, 23, 24, 35, 46, 57
22, 23, 24, 25, 36, 47, 58
22, 23, 24, 25, 26, 37, 48, 59
22, 23, 24, 25, 26, 37, 48, 59, 60
22, 23, 24, 25, 36, 47, 58, 61
22, 23, 24, 35, 46, 57, 62
22, 23, 34, 45, 56, 63
22, 33, 44, 55, 64
22, 21, 32, 43, 54, 65
22, 21, 20, 31, 42, 53, 66
22, 21, 20, 29, 30, 41, 52, 67
22, 21, 20, 29, 28, 39, 40, 51, 68
22, 23, 24, 25, 26, 27, 38, 49, 50, 69
22, 11, 0, 90, 81, 72, 71, 70
22, 11, 0, 90, 81, 72, 71
22, 11, 0, 90, 81, 72
22, 33, 44, 55, 64, 73
22, 21, 32, 43, 54, 65, 74
22, 21, 20, 31, 42, 53, 66, 75
22, 21, 20, 29, 30, 41, 52, 67, 76
22, 21, 20, 29, 28, 39, 40, 51, 68, 77
22, 11, 0, 90, 81, 72, 71, 70, 79, 78
22, 11, 0, 90, 81, 72, 71, 70, 79
22, 11, 0, 90, 81, 80
22, 11, 0, 90, 81
22, 11, 0, 90, 81, 82
22, 11, 0, 90, 81, 82, 83
22, 11, 0, 90, 81, 82, 83, 84
22, 11, 0, 90, 81, 82, 83, 84, 85
22, 11, 0, 90, 81, 82, 83, 84, 85, 86
22, 11, 0, 90, 81, 80, 89, 88, 87
22, 11, 0, 90, 81, 80, 89, 88
22, 11, 0, 90, 81, 80, 89
22, 11, 0, 90
22, 11, 0, 9, 91
22, 11, 0, 9, 8, 92
22, 11, 0, 9, 8, 7, 93
22, 11, 0, 9, 8, 7, 6, 94
22, 11, 0, 1, 2, 3, 4, 5, 95
22, 11, 0, 1, 2, 3, 4, 96
22, 11, 0, 1, 2, 3, 97
22, 11, 0, 1, 2, 98
22, 11, 0, 1, 99
23, 12, 1, 0
23, 12, 1
23, 12, 1, 2
23, 12, 1, 2, 3
23, 12, 1, 2, 3, 4
23, 12, 1, 2, 3, 4, 5
23, 12, 1, 2, 3, 4, 5, 6
23, 12, 1, 0, 9, 8, 7
23, 12, 1, 0, 9, 8
23, 12, 1, 0, 9
23, 12, 11, 10
23, 12, 11
23, 12
23, 12, 13
23, 12, 13, 14
23, 12, 13, 14, 15
23, 12, 13, 14, 15, 16
23, 12, 13, 14, 15, 16, 17
23, 12, 11, 10, 19, 18
23, 12, 11, 10, 19
23, 22, 21, 20
23, 22, 21
23, 22
23, 24
23, 24, 25
23, 24, 25, 26
23, 24, 25, 26, 27
23, 24, 25, 26, 27, 28
23, 22, 21, 20, 29
23, 22, 21, 20, 29, 30
23, 22, 21, 20, 31
23, 22, 21, 32
23, 22, 33
23, 34
23, 24, 35
23, 24, 25, 36
23, 24, 25, 26, 37
23, 24, 25, 26, 27, 38
23, 24, 25, 26, 27, 28, 39
23, 24, 25, 26, 27, 28, 39, 40
23, 22, 21, 20, 29, 30, 41
23, 22, 21, 20, 31, 42
23, 22, 21, 32, 43
23, 22, 33, 44
23, 34, 45
23, 24, 35, 46
23, 24, 25, 36, 47
23, 24, 25, 26, 37, 48
23, 24, 25, 26, 27, 38, 49
23, 24, 25, 26, 27, 38, 49, 50
23, 24, 25, 26, 27, 28, 39, 40, 51
23, 22, 21, 20, 29, 30, 41, 52
23, 22, 21, 20, 31, 42, 53
23, 22, 21, 32, 43, 54
23, 22, 33, 44, 55
23, 34, 45, 56
23, 24, 35, 46, 57
23, 24, 25, 36, 47, 58
23, 24, 25, 26, 37, 48, 59
23, 24, 25, 26, 37, 48, 59, 60
23, 24, 25, 36, 47, 58, 61
23, 24, 35, 46, 57, 62
23, 34, 45, 56, 63
23, 22, 33, 44, 55, 64
23, 22, 21, 32, 43, 54, 65
23, 22, 21, 20, 31, 42, 53, 66
23, 22, 21, 20, 29, 30, 41, 52, 67
23, 24, 25, 26, 27, 28, 39, 40, 51, 68
23, 24, 25, 26, 27, 38, 49, 50, 69
23, 12, 1, 2, 98, 89, 70
23, 12, 1, 99, 80, 71
23, 34, 45, 56, 63, 72
23, 22, 33, 44, 55, 64, 73
23, 22, 21, 32, 43, 54, 65, 74
23, 22, 21, 20, 31, 42, 53, 66, 75
23, 22, 21, 20, 29, 30, 41, 52, 67, 76
23, 12, 1, 2, 3, 4, 5, 95, 86, 77
23, 12, 1, 2, 3, 4, 96, 87, 78
23, 12, 1, 2, 3, 97, 88, 79
23, 12, 1, 99, 80
23, 12, 1, 0, 90, 81
23, 12, 1, 0, 90, 81, 82
23, 12, 1, 0, 90, 81, 82, 83
23, 12, 1, 0, 90, 81, 82, 83, 84
23, 12, 1, 0, 90, 81, 82, 83, 84, 85
23, 12, 1, 2, 3, 4, 5, 95, 86
23, 12, 1, 2, 3, 4, 96, 87
23, 12, 1, 2, 3, 97, 88
23, 12, 1, 2, 98, 89
23, 12, 1, 0, 90
23, 12, 1, 0, 9, 91
23, 12, 1, 0, 9, 8, 92
23, 12, 1, 0, 9, 8, 7, 93
23, 12, 1, 2, 3, 4, 5, 6, 94
23, 12, 1, 2, 3, 4, 5, 95
23, 12, 1, 2, 3, 4, 96
23, 12, 1, 2, 3, 97
23, 12, 1, 2, 98
23, 12, 1, 99
24, 13, 2, 1, 0
24, 13, 2, 1
24, 13, 2
24, 13, 2, 3
24, 13, 2, 3, 4
24, 13, 2, 3, 4, 5
24, 13, 2, 3, 4, 5, 6
24, 13, 2, 3, 4, 5, 6, 7
24, 13, 2, 1, 0, 9, 8
24, 13, 2, 1, 0, 9
24, 13, 12, 11, 10
24, 13, 12, 11
24, 13, 12
24, 13
24, 13, 14
24, 13, 14, 15
24, 13, 14, 15, 16
24, 13, 14, 15, 16, 17
24, 13, 14, 15, 16, 17, 18
24, 13, 12, 11, 10, 19
24, 23, 22, 21, 20
24, 23, 22, 21
24, 23, 22
24, 23
24, 25
24, 25, 26
24, 25, 26, 27
24, 25, 26, 27, 28
24, 23, 22, 21, 20, 29
24, 23, 22, 21, 20, 29, 30
24, 23, 22, 21, 20, 31
24, 23, 22, 21, 32
24, 23, 22, 33
24, 23, 34
24, 35
24, 25, 36
24, 25, 26, 37
24, 25, 26, 27, 38
24, 25, 26, 27, 28, 39
24, 25, 26, 27, 28, 39, 40
24, 23, 22, 21, 20, 29, 30, 41
24, 23, 22, 21, 20, 31, 42
24, 23, 22, 21, 32, 43
24, 23, 22, 33, 44
24, 23, 34, 45
24, 35, 46
24, 25, 36, 47
24, 25, 26, 37, 48
24, 25, 26, 27, 38, 49
24, 25, 26, 27, 38, 49, 50
24, 25, 26, 27, 28, 39, 40, 51
24, 23, 22, 21, 20, 29, 30, 41, 52
24, 23, 22, 21, 20, 31, 42, 53
24, 23, 22, 21, 32, 43, 54
24, 23, 22, 33, 44, 55
24, 23, 34, 45, 56
24, 35, 46, 57
24, 25, 36, 47, 58
24, 25, 26, 37, 48, 59
24, 25, 26, 37, 48, 59, 60
24, 25, 36, 47, 58, 61
24, 35, 46, 57, 62
24, 23, 34, 45, 56, 63
24, 23, 22, 33, 44, 55, 64
24, 23, 22, 21, 32, 43, 54, 65
24, 23, 22, 21, 20, 31, 42, 53, 66
24, 23, 22, 21, 20, 29, 30, 41, 52, 67
24, 25, 26, 27, 28, 39, 40, 51, 68
24, 25, 26, 27, 38, 49, 50, 69
24, 13, 2, 98, 89, 70
24, 35, 46, 57, 62, 71
24, 23, 34, 45, 56, 63, 72
24, 23, 22, 33, 44, 55, 64, 73
24, 23, 22, 21, 32, 43, 54, 65, 74
24, 23, 22, 21, 20, 31, 42, 53, 66, 75
24, 13, 2, 3, 4, 5, 6, 94, 85, 76
24, 13, 2, 3, 4, 5, 95, 86, 77
24, 13, 2, 3, 4, 96, 87, 78
24, 13, 2, 3, 97, 88, 79
24, 13, 2, 98, 89, 80
24, 13, 2, 1, 0, 90, 81
24, 13, 2, 1, 0, 90, 81, 82
24, 13, 2, 1, 0, 90, 81, 82, 83
24, 13, 2, 1, 0, 90, 81, 82, 83, 84
24, 13, 2, 3, 4, 5, 6, 94, 85
24, 13, 2, 3, 4, 5, 95, 86
24, 13, 2, 3, 4, 96, 87
24, 13, 2, 3, 97, 88
24, 13, 2, 98, 89
24, 13, 2, 1, 0, 90
24, 13, 2, 1, 0, 9, 91
24, 13, 2, 1, 0, 9, 8, 92
24, 13, 2, 3, 4, 5, 6, 7, 93
24, 13, 2, 3, 4, 5, 6, 94
24, 13, 2, 3, 4, 5, 95
24, 13, 2, 3, 4, 96
24, 13, 2, 3, 97
24, 13, 2, 98
24, 13, 2, 1, 99
25, 14, 3, 2, 1, 0
25, 14, 3, 2, 1
25, 14, 3, 2
25, 14, 3
25, 14, 3, 4
25, 14, 3, 4, 5
25, 14, 3, 4, 5, 6
25, 14, 3, 4, 5, 6, 7
25, 14, 3, 4, 5, 6, 7, 8
25, 14, 3, 2, 1, 0, 9
25, 14, 13, 12, 11, 10
25, 14, 13, 12, 11
25, 14, 13, 12
25, 14, 13
25, 14
25, 14, 15
25, 14, 15, 16
25, 14, 15, 16, 17
25, 14, 15, 16, 17, 18
25, 14, 13, 12, 11, 10, 19
25, 24, 23, 22, 21, 20
25, 24, 23, 22, 21
25, 24, 23, 22
25, 24, 23
25, 24
25, 26
25, 26, 27
25, 26, 27, 28
25, 26, 27, 28, 29
25, 26, 27, 28, 29, 30
25, 24, 23, 22, 21, 20, 31
25, 24, 23, 22, 21, 32
25, 24, 23, 22, 33
25, 24, 23, 34
25, 24, 35
25, 36
25, 26, 37
25, 26, 27, 38
25, 26, 27, 28, 39
25, 26, 27, 28, 39, 40
25, 26, 27, 28, 29, 30, 41
25, 24, 23, 22, 21, 20, 31, 42
25, 24, 23, 22, 21, 32, 43
25, 24, 23, 22, 33, 44
25, 24, 23, 34, 45
25, 24, 35, 46
25, 36, 47
25, 26, 37, 48
25, 26, 27, 38, 49
25, 26, 27, 38, 49, 50
25, 26, 27, 28, 39, 40, 51
25, 26, 27, 28, 29, 30, 41, 52
25, 24, 23, 22, 21, 20, 31, 42, 53
25, 24, 23, 22, 21, 32, 43, 54
25, 24, 23, 22, 33, 44, 55
25, 24, 23, 34, 45, 56
25, 24, 35, 46, 57
25, 36, 47, 58
25, 26, 37, 48, 59
25, 26, 37, 48, 59, 60
25, 36, 47, 58, 61
25, 24, 35, 46, 57, 62
25, 24, 23, 34, 45, 56, 63
25, 24, 23, 22, 33, 44, 55, 64
25, 24, 23, 22, 21, 32, 43, 54, 65
25, 24, 23, 22, 21, 20, 31, 42, 53, 66
25, 26, 27, 28, 29, 30, 41, 52, 67
25, 26, 27, 28, 39, 40, 51, 68
25, 26, 27, 38, 49, 50, 69
25, 36, 47, 58, 61, 70
25, 24, 35, 46, 57, 62, 71
25, 24, 23, 34, 45, 56, 63, 72
25, 24, 23, 22, 33, 44, 55, 64, 73
25, 24, 23, 22, 21, 32, 43, 54, 65, 74
25, 14, 3, 4, 5, 6, 7, 93, 84, 75
25, 14, 3, 4, 5, 6, 94, 85, 76
25, 14, 3, 4, 5, 95, 86, 77
25, 14, 3, 4, 96, 87, 78
25, 14, 3, 97, 88, 79
25, 14, 3, 97, 88, 89, 80
25, 14, 3, 2, 1, 0, 90, 81
25, 14, 3, 2, 1, 0, 90, 81, 82
25, 14, 3, 2, 1, 0, 90, 81, 82, 83
25, 14, 3, 4, 5, 6, 7, 93, 84
25, 14, 3, 4, 5, 6, 94, 85
25, 14, 3, 4, 5, 95, 86
25, 14, 3, 4, 96, 87
25, 14, 3, 97, 88
25, 14, 3, 97, 88, 89
25, 14, 3, 2, 1, 0, 90
25, 14, 3, 2, 1, 0, 9, 91
25, 14, 3, 4, 5, 6, 7, 8, 92
25, 14, 3, 4, 5, 6, 7, 93
25, 14, 3, 4, 5, 6, 94
25, 14, 3, 4, 5, 95
25, 14, 3, 4, 96
25, 14, 3, 97
25, 14, 3, 2, 98
25, 14, 3, 2, 1, 99
26, 15, 4, 3, 2, 1, 0
26, 15, 4, 3, 2, 1
26, 15, 4, 3, 2
26, 15, 4, 3
26, 15, 4
26, 15, 4, 5
26, 15, 4, 5, 6
26, 15, 4, 5, 6, 7
26, 15, 4, 5, 6, 7, 8
26, 15, 4, 3, 2, 1, 0, 9
26, 15, 14, 13, 12, 11, 10
26, 15, 14, 13, 12, 11
26, 15, 14, 13, 12
26, 15, 14, 13
26, 15, 14
26, 15
26, 15, 16
26, 15, 16, 17
26, 15, 16, 17, 18
26, 15, 16, 17, 18, 19
26, 27, 28, 29, 20
26, 25, 24, 23, 22, 21
26, 25, 24, 23, 22
26, 25, 24, 23
26, 25, 24
26, 25
26, 27
26, 27, 28
26, 27, 28, 29
26, 27, 28, 29, 30
26, 27, 28, 29, 20, 31
26, 25, 24, 23, 22, 21, 32
26, 25, 24, 23, 22, 33
26, 25, 24, 23, 34
26, 25, 24, 35
26, 25, 36
26, 37
26, 27, 38
26, 27, 28, 39
26, 27, 28, 39, 40
26, 27, 28, 29, 30, 41
26, 27, 28, 29, 20, 31, 42
26, 25, 24, 23, 22, 21, 32, 43
26, 25, 24, 23, 22, 33, 44
26, 25, 24, 23, 34, 45
26, 25, 24, 35, 46
26, 25, 36, 47
26, 37, 48
26, 27, 38, 49
26, 27, 38, 49, 50
26, 27, 28, 39, 40, 51
26, 27, 28, 29, 30, 41, 52
26, 27, 28, 29, 20, 31, 42, 53
26, 25, 24, 23, 22, 21, 32, 43, 54
26, 25, 24, 23, 22, 33, 44, 55
26, 25, 24, 23, 34, 45, 56
26, 25, 24, 35, 46, 57
26, 25, 36, 47, 58
26, 37, 48, 59
26, 37, 48, 59, 60
26, 25, 36, 47, 58, 61
26, 25, 24, 35, 46, 57, 62
26, 25, 24, 23, 34, 45, 56, 63
26, 25, 24, 23, 22, 33, 44, 55, 64
26, 25, 24, 23, 22, 21, 32, 43, 54, 65
26, 27, 28, 29, 20, 31, 42, 53, 66
26, 27, 28, 29, 30, 41, 52, 67
26, 27, 28, 39, 40, 51, 68
26, 27, 38, 49, 50, 69
26, 25, 36, 47, 58, 61, 70
26, 25, 24, 35, 46, 57, 62, 71
26, 25, 24, 23, 34, 45, 56, 63, 72
26, 25, 24, 23, 22, 33, 44, 55, 64, 73
26, 15, 4, 5, 6, 7, 8, 92, 83, 74
26, 15, 4, 5, 6, 7, 93, 84, 75
26, 15, 4, 5, 6, 94, 85, 76
26, 15, 4, 5, 95, 86, 77
26, 15, 4, 96, 87, 78
26, 37, 48, 59, 60, 79
26, 15, 4, 96, 87, 88, 89, 80
26, 15, 4, 3, 2, 1, 0, 90, 81
26, 15, 4, 3, 2, 1, 0, 90, 81, 82
26, 15, 4, 5, 6, 7, 8, 92, 83
26, 15, 4, 5, 6, 7, 93, 84
26, 15, 4, 5, 6, 94, 85
26, 15, 4, 5, 95, 86
26, 15, 4, 96, 87
26, 15, 4, 96, 87, 88
26, 15, 4, 96, 87, 88, 89
26, 15, 4, 3, 2, 1, 0, 90
26, 15, 4, 3, 2, 1, 0, 9, 91
26, 15, 4, 5, 6, 7, 8, 92
26, 15, 4, 5, 6, 7, 93
26, 15, 4, 5, 6, 94
26, 15, 4, 5, 95
26, 15, 4, 96
26, 15, 4, 3, 97
26, 15, 4, 3, 2, 98
26, 15, 4, 3, 2, 1, 99
27, 16, 5, 4, 3, 2, 1, 0
27, 16, 5, 4, 3, 2, 1
27, 16, 5, 4, 3, 2
27, 16, 5, 4, 3
27, 16, 5, 4
27, 16, 5
27, 16, 5, 6
27, 16, 5, 6, 7
27, 16, 5, 6, 7, 8
27, 16, 5, 6, 7, 8, 9
27, 16, 17, 18, 19, 10
27, 16, 15, 14, 13, 12, 11
27, 16, 15, 14, 13, 12
27, 16, 15, 14, 13
27, 16, 15, 14
27, 16, 15
27, 16
27, 16, 17
27, 16, 17, 18
27, 16, 17, 18, 19
27, 28, 29, 20
27, 28, 29, 20, 21
27, 26, 25, 24, 23, 22
27, 26, 25, 24, 23
27, 26, 25, 24
27, 26, 25
27, 26
27, 28
27, 28, 29
27, 28, 29, 30
27, 28, 29, 20, 31
27, 28, 29, 20, 21, 32
27, 26, 25, 24, 23, 22, 33
27, 26, 25, 24, 23, 34
27, 26, 25, 24, 35
27, 26, 25, 36
27, 26, 37
27, 38
27, 28, 39
27, 28, 39, 40
27, 28, 29, 30, 41
27, 28, 29, 20, 31, 42
27, 28, 29, 20, 21, 32, 43
27, 26, 25, 24, 23, 22, 33, 44
27, 26, 25, 24, 23, 34, 45
27, 26, 25, 24, 35, 46
27, 26, 25, 36, 47
27, 26, 37, 48
27, 38, 49
27, 38, 49, 50
27, 28, 39, 40, 51
27, 28, 29, 30, 41, 52
27, 28, 29, 20, 31, 42, 53
27, 28, 29, 20, 21, 32, 43, 54
27, 26, 25, 24, 23, 22, 33, 44, 55
27, 26, 25, 24, 23, 34, 45, 56
27, 26, 25, 24, 35, 46, 57
27, 26, 25, 36, 47, 58
27, 26, 37, 48, 59
27, 26, 37, 48, 59, 60
27, 26, 25, 36, 47, 58, 61
27, 26, 25, 24, 35, 46, 57, 62
27, 26, 25, 24, 23, 34, 45, 56, 63
27, 26, 25, 24, 23, 22, 33, 44, 55, 64
27, 28, 29, 20, 21, 32, 43, 54, 65
27, 28, 29, 20, 31, 42, 53, 66
27, 28, 29, 30, 41, 52, 67
27, 28, 39, 40, 51, 68
27, 38, 49, 50, 69
27, 26, 25, 36, 47, 58, 61, 70
27, 26, 25, 24, 35, 46, 57, 62, 71
27, 26, 25, 24, 23, 34, 45, 56, 63, 72
27, 16, 5, 6, 7, 8, 9, 91, 82, 73
27, 16, 5, 6, 7, 8, 92, 83, 74
27, 16, 5, 6, 7, 93, 84, 75
27, 16, 5, 6, 94, 85, 76
27, 16, 5, 95, 86, 77
27, 38, 49, 50, 69, 78
27, 26, 37, 48, 59, 60, 79
27, 16, 5, 95, 86, 87, 88, 89, 80
27, 16, 5, 4, 3, 2, 1, 0, 90, 81
27, 16, 5, 6, 7, 8, 9, 91, 82
27, 16, 5, 6, 7, 8, 92, 83
27, 16, 5, 6, 7, 93, 84
27, 16, 5, 6, 94, 85
27, 16, 5, 95, 86
27, 16, 5, 95, 86, 87
27, 16, 5, 95, 86, 87, 88
27, 16, 5, 95, 86, 87, 88, 89
27, 16, 5, 4, 3, 2, 1, 0, 90
27, 16, 5, 6, 7, 8, 9, 91
27, 16, 5, 6, 7, 8, 92
27, 16, 5, 6, 7, 93
27, 16, 5, 6, 94
27, 16, 5, 95
27, 16, 5, 4, 96
27, 16, 5, 4, 3, 97
27, 16, 5, 4, 3, 2, 98
27, 16, 5, 4, 3, 2, 1, 99
28, 17, 6, 7, 8, 9, 0
28, 17, 6, 5, 4, 3, 2, 1
28, 17, 6, 5, 4, 3, 2
28, 17, 6, 5, 4, 3
28, 17, 6, 5, 4
28, 17, 6, 5
28, 17, 6
28, 17, 6, 7
28, 17, 6, 7, 8
28, 17, 6, 7, 8, 9
28, 17, 18, 19, 10
28, 17, 18, 19, 10, 11
28, 17, 16, 15, 14, 13, 12
28, 17, 16, 15, 14, 13
28, 17, 16, 15, 14
28, 17, 16, 15
28, 17, 16
28, 17
28, 17, 18
28, 17, 18, 19
28, 29, 20
28, 29, 20, 21
28, 29, 20, 21, 22
28, 27, 26, 25, 24, 23
28, 27, 26, 25, 24
28, 27, 26, 25
28, 27, 26
28, 27
28, 29
28, 29, 30
28, 29, 20, 31
28, 29, 20, 21, 32
28, 29, 20, 21, 22, 33
28, 27, 26, 25, 24, 23, 34
28, 27, 26, 25, 24, 35
28, 27, 26, 25, 36
28, 27, 26, 37
28, 27, 38
28, 39
28, 39, 40
28, 29, 30, 41
28, 29, 20, 31, 42
28, 29, 20, 21, 32, 43
28, 29, 20, 21, 22, 33, 44
28, 27, 26, 25, 24, 23, 34, 45
28, 27, 26, 25, 24, 35, 46
28, 27, 26, 25, 36, 47
28, 27, 26, 37, 48
28, 27, 38, 49
28, 27, 38, 49, 50
28, 39, 40, 51
28, 29, 30, 41, 52
28, 29, 20, 31, 42, 53
28, 29, 20, 21, 32, 43, 54
28, 29, 20, 21, 22, 33, 44, 55
28, 27, 26, 25, 24, 23, 34, 45, 56
28, 27, 26, 25, 24, 35, 46, 57
28, 27, 26, 25, 36, 47, 58
28, 27, 26, 37, 48, 59
28, 27, 26, 37, 48, 59, 60
28, 27, 26, 25, 36, 47, 58, 61
28, 27, 26, 25, 24, 35, 46, 57, 62
28, 27, 26, 25, 24, 23, 34, 45, 56, 63
28, 29, 20, 21, 22, 33, 44, 55, 64
28, 29, 20, 21, 32, 43, 54, 65
28, 29, 20, 31, 42, 53, 66
28, 29, 30, 41, 52, 67
28, 39, 40, 51, 68
28, 27, 38, 49, 50, 69
28, 27, 26, 25, 36, 47, 58, 61, 70
28, 27, 26, 25, 24, 35, 46, 57, 62, 71
28, 17, 6, 7, 8, 9, 0, 90, 81, 72
28, 17, 6, 7, 8, 9, 91, 82, 73
28, 17, 6, 7, 8, 92, 83, 74
28, 17, 6, 7, 93, 84, 75
28, 17, 6, 94, 85, 76
28, 39, 40, 51, 68, 77
28, 27, 38, 49, 50, 69, 78
28, 27, 26, 37, 48, 59, 60, 79
28, 17, 6, 7, 8, 9, 0, 90, 81, 80
28, 17, 6, 7, 8, 9, 0, 90, 81
28, 17, 6, 7, 8, 9, 91, 82
28, 17, 6, 7, 8, 92, 83
28, 17, 6, 7, 93, 84
28, 17, 6, 94, 85
28, 17, 6, 94, 85, 86
28, 17, 6, 94, 85, 86, 87
28, 17, 6, 94, 85, 86, 87, 88
28, 17, 6, 94, 85, 86, 87, 88, 89
28, 17, 6, 7, 8, 9, 0, 90
28, 17, 6, 7, 8, 9, 91
28, 17, 6, 7, 8, 92
28, 17, 6, 7, 93
28, 17, 6, 94
28, 17, 6, 5, 95
28, 17, 6, 5, 4, 96
28, 17, 6, 5, 4, 3, 97
28, 17, 6, 5, 4, 3, 2, 98
28, 17, 6, 5, 4, 3, 2, 1, 99
29, 18, 7, 8, 9, 0
29, 18, 7, 8, 9, 0, 1
29, 18, 7, 6, 5, 4, 3, 2
29, 18, 7, 6, 5, 4, 3
29, 18, 7, 6, 5, 4
29, 18, 7, 6, 5
29, 18, 7, 6
29, 18, 7
29, 18, 7, 8
29, 18, 7, 8, 9
29, 18, 19, 10
29, 18, 19, 10, 11
29, 18, 19, 10, 11, 12
29, 18, 17, 16, 15, 14, 13
29, 18, 17, 16, 15, 14
29, 18, 17, 16, 15
29, 18, 17, 16
29, 18, 17
29, 18
29, 18, 19
29, 20
29, 20, 21
29, 20, 21, 22
29, 20, 21, 22, 23
29, 20, 21, 22, 23, 24
29, 28, 27, 26, 25
29, 28, 27, 26
29, 28, 27
29, 28
29, 30
29, 20, 31
29, 20, 21, 32
29, 20, 21, 22, 33
29, 20, 21, 22, 23, 34
29, 20, 21, 22, 23, 24, 35
29, 28, 27, 26, 25, 36
29, 28, 27, 26, 37
29, 28, 27, 38
29, 28, 39
29, 28, 39, 40
29, 30, 41
29, 20, 31, 42
29, 20, 21, 32, 43
29, 20, 21, 22, 33, 44
29, 20, 21, 22, 23, 34, 45
29, 20, 21, 22, 23, 24, 35, 46
29, 28, 27, 26, 25, 36, 47
29, 28, 27, 26, 37, 48
29, 28, 27, 38, 49
29, 28, 27, 38, 49, 50
29, 28, 39, 40, 51
29, 30, 41, 52
29, 20, 31, 42, 53
29, 20, 21, 32, 43, 54
29, 20, 21, 22, 33, 44, 55
29, 20, 21, 22, 23, 34, 45, 56
29, 20, 21, 22, 23, 24, 35, 46, 57
29, 28, 27, 26, 25, 36, 47, 58
29, 28, 27, 26, 37, 48, 59
29, 28, 27, 26, 37, 48, 59, 60
29, 28, 27, 26, 25, 36, 47, 58, 61
29, 20, 21, 22, 23, 24, 35, 46, 57, 62
29, 20, 21, 22, 23, 34, 45, 56, 63
29, 20, 21, 22, 33, 44, 55, 64
29, 20, 21, 32, 43, 54, 65
29, 20, 31, 42, 53, 66
29, 30, 41, 52, 67
29, 28, 39, 40, 51, 68
29, 28, 27, 38, 49, 50, 69
29, 28, 27, 26, 25, 36, 47, 58, 61, 70
29, 18, 7, 8, 9, 0, 90, 81, 72, 71
29, 18, 7, 8, 9, 0, 90, 81, 72
29, 18, 7, 8, 9, 91, 82, 73
29, 18, 7, 8, 92, 83, 74
29, 18, 7, 93, 84, 75
29, 30, 41, 52, 67, 76
29, 28, 39, 40, 51, 68, 77
29, 28, 27, 38, 49, 50, 69, 78
29, 28, 27, 26, 37, 48, 59, 60, 79
29, 18, 7, 8, 9, 0, 90, 81, 80
29, 18, 7, 8, 9, 0, 90, 81
29, 18, 7, 8, 9, 91, 82
29, 18, 7, 8, 92, 83
29, 18, 7, 93, 84
29, 18, 7, 93, 84, 85
29, 18, 7, 93, 84, 85, 86
29, 18, 7, 93, 84, 85, 86, 87
29, 18, 7, 93, 84, 85, 86, 87, 88
29, 18, 7, 8, 9, 0, 90, 81, 80, 89
29, 18, 7, 8, 9, 0, 90
29, 18, 7, 8, 9, 91
29, 18, 7, 8, 92
29, 18, 7, 93
29, 18, 7, 6, 94
29, 18, 7, 6, 5, 95
29, 18, 7, 6, 5, 4, 96
29, 18, 7, 6, 5, 4, 3, 97
29, 18, 7, 6, 5, 4, 3, 2, 98
29, 18, 7, 8, 9, 0, 1, 99
30, 29, 18, 7, 8, 9, 0
30, 29, 18, 7, 8, 9, 0, 1
30, 29, 18, 7, 6, 5, 4, 3, 2
30, 29, 18, 7, 6, 5, 4, 3
30, 29, 18, 7, 6, 5, 4
30, 29, 18, 7, 6, 5
30, 29, 18, 7, 6
30, 29, 18, 7
30, 29, 18, 7, 8
30, 29, 18, 7, 8, 9
30, 29, 18, 19, 10
30, 29, 18, 19, 10, 11
30, 29, 18, 19, 10, 11, 12
30, 29, 18, 17, 16, 15, 14, 13
30, 29, 18, 17, 16, 15, 14
30, 29, 18, 17, 16, 15
30, 29, 18, 17, 16
30, 29, 18, 17
30, 29, 18
30, 29, 18, 19
30, 29, 20
30, 29, 20, 21
30, 29, 20, 21, 22
30, 29, 20, 21, 22, 23
30, 29, 20, 21, 22, 23, 24
30, 29, 28, 27, 26, 25
30, 29, 28, 27, 26
30, 29, 28, 27
30, 29, 28
30, 29
30, 31
30, 31, 32
30, 31, 32, 33
30, 31, 32, 33, 34
30, 31, 32, 33, 34, 35
30, 39, 38, 37, 36
30, 39, 38, 37
30, 39, 38
30, 39
30, 39, 40
30, 41
30, 31, 42
30, 31, 32, 43
30, 31, 32, 33, 44
30, 31, 32, 33, 34, 45
30, 31, 32, 33, 34, 35, 46
30, 39, 38, 37, 36, 47
30, 39, 38, 37, 48
30, 39, 38, 49
30, 39, 38, 49, 50
30, 39, 40, 51
30, 41, 52
30, 31, 42, 53
30, 31, 32, 43, 54
30, 31, 32, 33, 44, 55
30, 31, 32, 33, 34, 45, 56
30, 31, 32, 33, 34, 35, 46, 57
30, 39, 38, 37, 36, 47, 58
30, 39, 38, 37, 48, 59
30, 39, 38, 37, 48, 59, 60
30, 39, 38, 37, 36, 47, 58, 61
30, 31, 32, 33, 34, 35, 46, 57, 62
30, 31, 32, 33, 34, 45, 56, 63
30, 31, 32, 33, 44, 55, 64
30, 31, 32, 43, 54, 65
30, 31, 42, 53, 66
30, 41, 52, 67
30, 39, 40, 51, 68
30, 39, 38, 49, 50, 69
30, 39, 38, 37, 36, 47, 58, 61, 70
30, 31, 32, 33, 34, 35, 46, 57, 62, 71
30, 31, 32, 33, 34, 45, 56, 63, 72
30, 31, 32, 33, 44, 55, 64, 73
30, 31, 32, 43, 54, 65, 74
30, 31, 42, 53, 66, 75
30, 41, 52, 67, 76
30, 39, 40, 51, 68, 77
30, 39, 38, 49, 50, 69, 78
30, 39, 38, 37, 48, 59, 60, 79
30, 29, 18, 7, 8, 9, 0, 90, 81, 80
30, 29, 18, 7, 8, 9, 0, 90, 81
30, 29, 18, 7, 8, 9, 91, 82
30, 29, 18, 7, 8, 92, 83
30, 29, 18, 7, 93, 84
30, 41, 52, 67, 76, 85
30, 39, 40, 51, 68, 77, 86
30, 39, 38, 49, 50, 69, 78, 87
30, 39, 38, 37, 48, 59, 60, 79, 88
30, 39, 38, 37, 36, 47, 58, 61, 70, 89
30, 29, 18, 7, 8, 9, 0, 90
30, 29, 18, 7, 8, 9, 91
30, 29, 18, 7, 8, 92
30, 29, 18, 7, 93
30, 29, 18, 7, 6, 94
30, 29, 18, 7, 6, 5, 95
30, 29, 18, 7, 6, 5, 4, 96
30, 29, 18, 7, 6, 5, 4, 3, 97
30, 29, 18, 7, 6, 5, 4, 3, 2, 98
30, 29, 18, 7, 8, 9, 0, 1, 99
31, 20, 19, 8, 9, 0
31, 20, 19, 8, 9, 0, 1
31, 20, 19, 8, 9, 0, 1, 2
31, 20, 19, 8, 7, 6, 5, 4, 3
31, 20, 19, 8, 7, 6, 5, 4
31, 20, 19, 8, 7, 6, 5
31, 20, 19, 8, 7, 6
31, 20, 19, 8, 7
31, 20, 19, 8
31, 20, 19, 8, 9
31, 20, 19, 10
31, 20, 19, 10, 11
31, 20, 19, 10, 11, 12
31, 20, 19, 10, 11, 12, 13
31, 20, 19, 10, 11, 12, 13, 14
31, 20, 19, 18, 17, 16, 15
31, 20, 19, 18, 17, 16
31, 20, 19, 18, 17
31, 20, 19, 18
31, 20, 19
31, 20
31, 20, 21
31, 20, 21, 22
31, 20, 21, 22, 23
31, 20, 21, 22, 23, 24
31, 20, 21, 22, 23, 24, 25
31, 20, 29, 28, 27, 26
31, 20, 29, 28, 27
31, 20, 29, 28
31, 20, 29
31, 30
31, 32
31, 32, 33
31, 32, 33, 34
31, 32, 33, 34, 35
31, 32, 33, 34, 35, 36
31, 30, 39, 38, 37
31, 30, 39, 38
31, 30, 39
31, 30, 39, 40
31, 30, 41
31, 42
31, 32, 43
31, 32, 33, 44
31, 32, 33, 34, 45
31, 32, 33, 34, 35, 46
31, 32, 33, 34, 35, 36, 47
31, 30, 39, 38, 37, 48
31, 30, 39, 38, 49
31, 30, 39, 38, 49, 50
31, 30, 39, 40, 51
31, 30, 41, 52
31, 42, 53
31, 32, 43, 54
31, 32, 33, 44, 55
31, 32, 33, 34, 45, 56
31, 32, 33, 34, 35, 46, 57
31, 32, 33, 34, 35, 36, 47, 58
31, 30, 39, 38, 37, 48, 59
31, 30, 39, 38, 37, 48, 59, 60
31, 32, 33, 34, 35, 36, 47, 58, 61
31, 32, 33, 34, 35, 46, 57, 62
31, 32, 33, 34, 45, 56, 63
31, 32, 33, 44, 55, 64
31, 32, 43, 54, 65
31, 42, 53, 66
31, 30, 41, 52, 67
31, 30, 39, 40, 51, 68
31, 30, 39, 38, 49, 50, 69
31, 32, 33, 34, 35, 36, 47, 58, 61, 70
31, 32, 33, 34, 35, 46, 57, 62, 71
31, 32, 33, 34, 45, 56, 63, 72
31, 32, 33, 44, 55, 64, 73
31, 32, 43, 54, 65, 74
31, 42, 53, 66, 75
31, 30, 41, 52, 67, 76
31, 30, 39, 40, 51, 68, 77
31, 30, 39, 38, 49, 50, 69, 78
31, 30, 39, 38, 37, 48, 59, 60, 79
31, 20, 19, 8, 9, 0, 90, 81, 80
31, 20, 19, 8, 9, 0, 90, 81
31, 20, 19, 8, 9, 91, 82
31, 20, 19, 8, 92, 83
31, 42, 53, 66, 75, 84
31, 30, 41, 52, 67, 76, 85
31, 30, 39, 40, 51, 68, 77, 86
31, 30, 39, 38, 49, 50, 69, 78, 87
31, 30, 39, 38, 37, 48, 59, 60, 79, 88
31, 20, 19, 8, 9, 0, 90, 81, 80, 89
31, 20, 19, 8, 9, 0, 90
31, 20, 19, 8, 9, 91
31, 20, 19, 8, 92
31, 20, 19, 8, 7, 93
31, 20, 19, 8, 7, 6, 94
31, 20, 19, 8, 7, 6, 5, 95
31, 20, 19, 8, 7, 6, 5, 4, 96
31, 20, 19, 8, 7, 6, 5, 4, 3, 97
31, 20, 19, 8, 9, 0, 1, 2, 98
31, 20, 19, 8, 9, 0, 1, 99
32, 21, 10, 9, 0
32, 21, 10, 9, 0, 1
32, 21, 10, 9, 0, 1, 2
32, 21, 10, 9, 0, 1, 2, 3
32, 21, 10, 9, 0, 1, 2, 3, 4
32, 21, 10, 9, 8, 7, 6, 5
32, 21, 10, 9, 8, 7, 6
32, 21, 10, 9, 8, 7
32, 21, 10, 9, 8
32, 21, 10, 9
32, 21, 10
32, 21, 10, 11
32, 21, 10, 11, 12
32, 21, 10, 11, 12, 13
32, 21, 10, 11, 12, 13, 14
32, 21, 10, 11, 12, 13, 14, 15
32, 21, 10, 19, 18, 17, 16
32, 21, 10, 19, 18, 17
32, 21, 10, 19, 18
32, 21, 10, 19
32, 21, 20
32, 21
32, 21, 22
32, 21, 22, 23
32, 21, 22, 23, 24
32, 21, 22, 23, 24, 25
32, 21, 22, 23, 24, 25, 26
32, 21, 20, 29, 28, 27
32, 21, 20, 29, 28
32, 21, 20, 29
32, 31, 30
32, 31
32, 33
32, 33, 34
32, 33, 34, 35
32, 33, 34, 35, 36
32, 33, 34, 35, 36, 37
32, 31, 30, 39, 38
32, 31, 30, 39
32, 31, 30, 39, 40
32, 31, 30, 41
32, 31, 42
32, 43
32, 33, 44
32, 33, 34, 45
32, 33, 34, 35, 46
32, 33, 34, 35, 36, 47
32, 33, 34, 35, 36, 37, 48
32, 31, 30, 39, 38, 49
32, 31, 30, 39, 38, 49, 50
32, 31, 30, 39, 40, 51
32, 31, 30, 41, 52
32, 31, 42, 53
32, 43, 54
32, 33, 44, 55
32, 33, 34, 45, 56
32, 33, 34, 35, 46, 57
32, 33, 34, 35, 36, 47, 58
32, 33, 34, 35, 36, 37, 48, 59
32, 33, 34, 35, 36, 37, 48, 59, 60
32, 33, 34, 35, 36, 47, 58, 61
32, 33, 34, 35, 46, 57, 62
32, 33, 34, 45, 56, 63
32, 33, 44, 55, 64
32, 43, 54, 65
32, 31, 42, 53, 66
32, 31, 30, 41, 52, 67
32, 31, 30, 39, 40, 51, 68
32, 31, 30, 39, 38, 49, 50, 69
32, 33, 34, 35, 36, 47, 58, 61, 70
32, 33, 34, 35, 46, 57, 62, 71
32, 33, 34, 45, 56, 63, 72
32, 33, 44, 55, 64, 73
32, 43, 54, 65, 74
32, 31, 42, 53, 66, 75
32, 31, 30, 41, 52, 67, 76
32, 31, 30, 39, 40, 51, 68, 77
32, 31, 30, 39, 38, 49, 50, 69, 78
32, 33, 34, 35, 36, 37, 48, 59, 60, 79
32, 21, 10, 9, 0, 90, 81, 80
32, 21, 10, 9, 0, 90, 81
32, 21, 10, 9, 91, 82
32, 43, 54, 65, 74, 83
32, 31, 42, 53, 66, 75, 84
32, 31, 30, 41, 52, 67, 76, 85
32, 31, 30, 39, 40, 51, 68, 77, 86
32, 31, 30, 39, 38, 49, 50, 69, 78, 87
32, 21, 10, 9, 0, 90, 81, 80, 89, 88
32, 21, 10, 9, 0, 90, 81, 80, 89
32, 21, 10, 9, 0, 90
32, 21, 10, 9, 91
32, 21, 10, 9, 8, 92
32, 21, 10, 9, 8, 7, 93
32, 21, 10, 9, 8, 7, 6, 94
32, 21, 10, 9, 8, 7, 6, 5, 95
32, 21, 10, 9, 0, 1, 2, 3, 4, 96
32, 21, 10, 9, 0, 1, 2, 3, 97
32, 21, 10, 9, 0, 1, 2, 98
32, 21, 10, 9, 0, 1, 99
33, 22, 11, 0
33, 22, 11, 0, 1
33, 22, 11, 0, 1, 2
33, 22, 11, 0, 1, 2, 3
33, 22, 11, 0, 1, 2, 3, 4
33, 22, 11, 0, 1, 2, 3, 4, 5
33, 22, 11, 0, 9, 8, 7, 6
33, 22, 11, 0, 9, 8, 7
33, 22, 11, 0, 9, 8
33, 22, 11, 0, 9
33, 22, 11, 10
33, 22, 11
33, 22, 11, 12
33, 22, 11, 12, 13
33, 22, 11, 12, 13, 14
33, 22, 11, 12, 13, 14, 15
33, 22, 11, 12, 13, 14, 15, 16
33, 22, 11, 10, 19, 18, 17
33, 22, 11, 10, 19, 18
33, 22, 11, 10, 19
33, 22, 21, 20
33, 22, 21
33, 22
33, 22, 23
33, 22, 23, 24
33, 22, 23, 24, 25
33, 22, 23, 24, 25, 26
33, 22, 23, 24, 25, 26, 27
33, 22, 21, 20, 29, 28
33, 22, 21, 20, 29
33, 32, 31, 30
33, 32, 31
33, 32
33, 34
33, 34, 35
33, 34, 35, 36
33, 34, 35, 36, 37
33, 34, 35, 36, 37, 38
33, 32, 31, 30, 39
33, 32, 31, 30, 39, 40
33, 32, 31, 30, 41
33, 32, 31, 42
33, 32, 43
33, 44
33, 34, 45
33, 34, 35, 46
33, 34, 35, 36, 47
33, 34, 35, 36, 37, 48
33, 34, 35, 36, 37, 38, 49
33, 34, 35, 36, 37, 38, 49, 50
33, 32, 31, 30, 39, 40, 51
33, 32, 31, 30, 41, 52
33, 32, 31, 42, 53
33, 32, 43, 54
33, 44, 55
33, 34, 45, 56
33, 34, 35, 46, 57
33, 34, 35, 36, 47, 58
33, 34, 35, 36, 37, 48, 59
33, 34, 35, 36, 37, 48, 59, 60
33, 34, 35, 36, 47, 58, 61
33, 34, 35, 46, 57, 62
33, 34, 45, 56, 63
33, 44, 55, 64
33, 32, 43, 54, 65
33, 32, 31, 42, 53, 66
33, 32, 31, 30, 41, 52, 67
33, 32, 31, 30, 39, 40, 51, 68
33, 34, 35, 36, 37, 38, 49, 50, 69
33, 34, 35, 36, 47, 58, 61, 70
33, 34, 35, 46, 57, 62, 71
33, 34, 45, 56, 63, 72
33, 44, 55, 64, 73
33, 32, 43, 54, 65, 74
33, 32, 31, 42, 53, 66, 75
33, 32, 31, 30, 41, 52, 67, 76
33, 32, 31, 30, 39, 40, 51, 68, 77
33, 34, 35, 36, 37, 38, 49, 50, 69, 78
33, 34, 35, 36, 37, 48, 59, 60, 79
33, 22, 11, 0, 90, 81, 80
33, 22, 11, 0, 90, 81
33, 44, 55, 64, 73, 82
33, 32, 43, 54, 65, 74, 83
33, 32, 31, 42, 53, 66, 75, 84
33, 32, 31, 30, 41, 52, 67, 76, 85
33, 32, 31, 30, 39, 40, 51, 68, 77, 86
33, 22, 11, 0, 90, 81, 80, 89, 88, 87
33, 22, 11, 0, 90, 81, 80, 89, 88
33, 22, 11, 0, 90, 81, 80, 89
33, 22, 11, 0, 90
33, 22, 11, 0, 9, 91
33, 22, 11, 0, 9, 8, 92
33, 22, 11, 0, 9, 8, 7, 93
33, 22, 11, 0, 9, 8, 7, 6, 94
33, 22, 11, 0, 1, 2, 3, 4, 5, 95
33, 22, 11, 0, 1, 2, 3, 4, 96
33, 22, 11, 0, 1, 2, 3, 97
33, 22, 11, 0, 1, 2, 98
33, 22, 11, 0, 1, 99
34, 23, 12, 1, 0
34, 23, 12, 1
34, 23, 12, 1, 2
34, 23, 12, 1, 2, 3
34, 23, 12, 1, 2, 3, 4
34, 23, 12, 1, 2, 3, 4, 5
34, 23, 12, 1, 2, 3, 4, 5, 6
34, 23, 12, 1, 0, 9, 8, 7
34, 23, 12, 1, 0, 9, 8
34, 23, 12, 1, 0, 9
34, 23, 12, 11, 10
34, 23, 12, 11
34, 23, 12
34, 23, 12, 13
34, 23, 12, 13, 14
34, 23, 12, 13, 14, 15
34, 23, 12, 13, 14, 15, 16
34, 23, 12, 13, 14, 15, 16, 17
34, 23, 12, 11, 10, 19, 18
34, 23, 12, 11, 10, 19
34, 23, 22, 21, 20
34, 23, 22, 21
34, 23, 22
34, 23
34, 23, 24
34, 23, 24, 25
34, 23, 24, 25, 26
34, 23, 24, 25, 26, 27
34, 23, 24, 25, 26, 27, 28
34, 23, 22, 21, 20, 29
34, 33, 32, 31, 30
34, 33, 32, 31
34, 33, 32
34, 33
34, 35
34, 35, 36
34, 35, 36, 37
34, 35, 36, 37, 38
34, 33, 32, 31, 30, 39
34, 33, 32, 31, 30, 39, 40
34, 33, 32, 31, 30, 41
34, 33, 32, 31, 42
34, 33, 32, 43
34, 33, 44
34, 45
34, 35, 46
34, 35, 36, 47
34, 35, 36, 37, 48
34, 35, 36, 37, 38, 49
34, 35, 36, 37, 38, 49, 50
34, 33, 32, 31, 30, 39, 40, 51
34, 33, 32, 31, 30, 41, 52
34, 33, 32, 31, 42, 53
34, 33, 32, 43, 54
34, 33, 44, 55
34, 45, 56
34, 35, 46, 57
34, 35, 36, 47, 58
34, 35, 36, 37, 48, 59
34, 35, 36, 37, 48, 59, 60
34, 35, 36, 47, 58, 61
34, 35, 46, 57, 62
34, 45, 56, 63
34, 33, 44, 55, 64
34, 33, 32, 43, 54, 65
34, 33, 32, 31, 42, 53, 66
34, 33, 32, 31, 30, 41, 52, 67
34, 33, 32, 31, 30, 39, 40, 51, 68
34, 35, 36, 37, 38, 49, 50, 69
34, 35, 36, 47, 58, 61, 70
34, 35, 46, 57, 62, 71
34, 45, 56, 63, 72
34, 33, 44, 55, 64, 73
34, 33, 32, 43, 54, 65, 74
34, 33, 32, 31, 42, 53, 66, 75
34, 33, 32, 31, 30, 41, 52, 67, 76
34, 33, 32, 31, 30, 39, 40, 51, 68, 77
34, 35, 36, 37, 38, 49, 50, 69, 78
34, 35, 36, 37, 48, 59, 60, 79
34, 23, 12, 1, 99, 80
34, 45, 56, 63, 72, 81
34, 33, 44, 55, 64, 73, 82
34, 33, 32, 43, 54, 65, 74, 83
34, 33, 32, 31, 42, 53, 66, 75, 84
34, 33, 32, 31, 30, 41, 52, 67, 76, 85
34, 23, 12, 1, 2, 3, 4, 5, 95, 86
34, 23, 12, 1, 2, 3, 4, 96, 87
34, 23, 12, 1, 2, 3, 97, 88
34, 23, 12, 1, 2, 98, 89
34, 23, 12, 1, 0, 90
34, 23, 12, 1, 0, 9, 91
34, 23, 12, 1, 0, 9, 8, 92
34, 23, 12, 1, 0, 9, 8, 7, 93
34, 23, 12, 1, 2, 3, 4, 5, 6, 94
34, 23, 12, 1, 2, 3, 4, 5, 95
34, 23, 12, 1, 2, 3, 4, 96
34, 23, 12, 1, 2, 3, 97
34, 23, 12, 1, 2, 98
34, 23, 12, 1, 99
35, 24, 13, 2, 1, 0
35, 24, 13, 2, 1
35, 24, 13, 2
35, 24, 13, 2, 3
35, 24, 13, 2, 3, 4
35, 24, 13, 2, 3, 4, 5
35, 24, 13, 2, 3, 4, 5, 6
35, 24, 13, 2, 3, 4, 5, 6, 7
35, 24, 13, 2, 1, 0, 9, 8
35, 24, 13, 2, 1, 0, 9
35, 24, 13, 12, 11, 10
35, 24, 13, 12, 11
35, 24, 13, 12
35, 24, 13
35, 24, 13, 14
35, 24, 13, 14, 15
35, 24, 13, 14, 15, 16
35, 24, 13, 14, 15, 16, 17
35, 24, 13, 14, 15, 16, 17, 18
35, 24, 13, 12, 11, 10, 19
35, 24, 23, 22, 21, 20
35, 24, 23, 22, 21
35, 24, 23, 22
35, 24, 23
35, 24
35, 24, 25
35, 24, 25, 26
35, 24, 25, 26, 27
35, 24, 25, 26, 27, 28
35, 24, 23, 22, 21, 20, 29
35, 34, 33, 32, 31, 30
35, 34, 33, 32, 31
35, 34, 33, 32
35, 34, 33
35, 34
35, 36
35, 36, 37
35, 36, 37, 38
35, 36, 37, 38, 39
35, 36, 37, 38, 39, 40
35, 34, 33, 32, 31, 30, 41
35, 34, 33, 32, 31, 42
35, 34, 33, 32, 43
35, 34, 33, 44
35, 34, 45
35, 46
35, 36, 47
35, 36, 37, 48
35, 36, 37, 38, 49
35, 36, 37, 38, 49, 50
35, 36, 37, 38, 39, 40, 51
35, 34, 33, 32, 31, 30, 41, 52
35, 34, 33, 32, 31, 42, 53
35, 34, 33, 32, 43, 54
35, 34, 33, 44, 55
35, 34, 45, 56
35, 46, 57
35, 36, 47, 58
35, 36, 37, 48, 59
35, 36, 37, 48, 59, 60
35, 36, 47, 58, 61
35, 46, 57, 62
35, 34, 45, 56, 63
35, 34, 33, 44, 55, 64
35, 34, 33, 32, 43, 54, 65
35, 34, 33, 32, 31, 42, 53, 66
35, 34, 33, 32, 31, 30, 41, 52, 67
35, 36, 37, 38, 39, 40, 51, 68
35, 36, 37, 38, 49, 50, 69
35, 36, 47, 58, 61, 70
35, 46, 57, 62, 71
35, 34, 45, 56, 63, 72
35, 34, 33, 44, 55, 64, 73
35, 34, 33, 32, 43, 54, 65, 74
35, 34, 33, 32, 31, 42, 53, 66, 75
35, 34, 33, 32, 31, 30, 41, 52, 67, 76
35, 36, 37, 38, 39, 40, 51, 68, 77
35, 36, 37, 38, 49, 50, 69, 78
35, 36, 37, 48, 59, 60, 79
35, 46, 57, 62, 71, 80
35, 34, 45, 56, 63, 72, 81
35, 34, 33, 44, 55, 64, 73, 82
35, 34, 33, 32, 43, 54, 65, 74, 83
35, 34, 33, 32, 31, 42, 53, 66, 75, 84
35, 24, 13, 2, 3, 4, 5, 6, 94, 85
35, 24, 13, 2, 3, 4, 5, 95, 86
35, 24, 13, 2, 3, 4, 96, 87
35, 24, 13, 2, 3, 97, 88
35, 24, 13, 2, 98, 89
35, 24, 13, 2, 1, 0, 90
35, 24, 13, 2, 1, 0, 9, 91
35, 24, 13, 2, 1, 0, 9, 8, 92
35, 24, 13, 2, 3, 4, 5, 6, 7, 93
35, 24, 13, 2, 3, 4, 5, 6, 94
35, 24, 13, 2, 3, 4, 5, 95
35, 24, 13, 2, 3, 4, 96
35, 24, 13, 2, 3, 97
35, 24, 13, 2, 98
35, 24, 13, 2, 1, 99
36, 25, 14, 3, 2, 1, 0
36, 25, 14, 3, 2, 1
36, 25, 14, 3, 2
36, 25, 14, 3
36, 25, 14, 3, 4
36, 25, 14, 3, 4, 5
36, 25, 14, 3, 4, 5, 6
36, 25, 14, 3, 4, 5, 6, 7
36, 25, 14, 3, 4, 5, 6, 7, 8
36, 25, 14, 3, 2, 1, 0, 9
36, 25, 14, 13, 12, 11, 10
36, 25, 14, 13, 12, 11
36, 25, 14, 13, 12
36, 25, 14, 13
36, 25, 14
36, 25, 14, 15
36, 25, 14, 15, 16
36, 25, 14, 15, 16, 17
36, 25, 14, 15, 16, 17, 18
36, 25, 14, 13, 12, 11, 10, 19
36, 25, 24, 23, 22, 21, 20
36, 25, 24, 23, 22, 21
36, 25, 24, 23, 22
36, 25, 24, 23
36, 25, 24
36, 25
36, 25, 26
36, 25, 26, 27
36, 25, 26, 27, 28
36, 25, 26, 27, 28, 29
36, 37, 38, 39, 30
36, 35, 34, 33, 32, 31
36, 35, 34, 33, 32
36, 35, 34, 33
36, 35, 34
36, 35
36, 37
36, 37, 38
36, 37, 38, 39
36, 37, 38, 39, 40
36, 37, 38, 39, 30, 41
36, 35, 34, 33, 32, 31, 42
36, 35, 34, 33, 32, 43
36, 35, 34, 33, 44
36, 35, 34, 45
36, 35, 46
36, 47
36, 37, 48
36, 37, 38, 49
36, 37, 38, 49, 50
36, 37, 38, 39, 40, 51
36, 37, 38, 39, 30, 41, 52
36, 35, 34, 33, 32, 31, 42, 53
36, 35, 34, 33, 32, 43, 54
36, 35, 34, 33, 44, 55
36, 35, 34, 45, 56
36, 35, 46, 57
36, 47, 58
36, 37, 48, 59
36, 37, 48, 59, 60
36, 47, 58, 61
36, 35, 46, 57, 62
36, 35, 34, 45, 56, 63
36, 35, 34, 33, 44, 55, 64
36, 35, 34, 33, 32, 43, 54, 65
36, 35, 34, 33, 32, 31, 42, 53, 66
36, 37, 38, 39, 30, 41, 52, 67
36, 37, 38, 39, 40, 51, 68
36, 37, 38, 49, 50, 69
36, 47, 58, 61, 70
36, 35, 46, 57, 62, 71
36, 35, 34, 45, 56, 63, 72
36, 35, 34, 33, 44, 55, 64, 73
36, 35, 34, 33, 32, 43, 54, 65, 74
36, 35, 34, 33, 32, 31, 42, 53, 66, 75
36, 37, 38, 39, 30, 41, 52, 67, 76
36, 37, 38, 39, 40, 51, 68, 77
36, 37, 38, 49, 50, 69, 78
36, 37, 48, 59, 60, 79
36, 35, 46, 57, 62, 71, 80
36, 35, 34, 45, 56, 63, 72, 81
36, 35, 34, 33, 44, 55, 64, 73, 82
36, 35, 34, 33, 32, 43, 54, 65, 74, 83
36, 25, 14, 3, 4, 5, 6, 7, 93, 84
36, 25, 14, 3, 4, 5, 6, 94, 85
36, 25, 14, 3, 4, 5, 95, 86
36, 25, 14, 3, 4, 96, 87
36, 25, 14, 3, 97, 88
36, 47, 58, 61, 70, 89
36, 25, 14, 3, 2, 1, 0, 90
36, 25, 14, 3, 2, 1, 0, 9, 91
36, 25, 14, 3, 4, 5, 6, 7, 8, 92
36, 25, 14, 3, 4, 5, 6, 7, 93
36, 25, 14, 3, 4, 5, 6, 94
36, 25, 14, 3, 4, 5, 95
36, 25, 14, 3, 4, 96
36, 25, 14, 3, 97
36, 25, 14, 3, 2, 98
36, 25, 14, 3, 2, 1, 99
37, 26, 15, 4, 3, 2, 1, 0
37, 26, 15, 4, 3, 2, 1
37, 26, 15, 4, 3, 2
37, 26, 15, 4, 3
37, 26, 15, 4
37, 26, 15, 4, 5
37, 26, 15, 4, 5, 6
37, 26, 15, 4, 5, 6, 7
37, 26, 15, 4, 5, 6, 7, 8
37, 26, 15, 4, 3, 2, 1, 0, 9
37, 26, 15, 14, 13, 12, 11, 10
37, 26, 15, 14, 13, 12, 11
37, 26, 15, 14, 13, 12
37, 26, 15, 14, 13
37, 26, 15, 14
37, 26, 15
37, 26, 15, 16
37, 26, 15, 16, 17
37, 26, 15, 16, 17, 18
37, 26, 15, 16, 17, 18, 19
37, 26, 27, 28, 29, 20
37, 26, 25, 24, 23, 22, 21
37, 26, 25, 24, 23, 22
37, 26, 25, 24, 23
37, 26, 25, 24
37, 26, 25
37, 26
37, 26, 27
37, 26, 27, 28
37, 26, 27, 28, 29
37, 38, 39, 30
37, 38, 39, 30, 31
37, 36, 35, 34, 33, 32
37, 36, 35, 34, 33
37, 36, 35, 34
37, 36, 35
37, 36
37, 38
37, 38, 39
37, 38, 39, 40
37, 38, 39, 30, 41
37, 38, 39, 30, 31, 42
37, 36, 35, 34, 33, 32, 43
37, 36, 35, 34, 33, 44
37, 36, 35, 34, 45
37, 36, 35, 46
37, 36, 47
37, 48
37, 38, 49
37, 38, 49, 50
37, 38, 39, 40, 51
37, 38, 39, 30, 41, 52
37, 38, 39, 30, 31, 42, 53
37, 36, 35, 34, 33, 32, 43, 54
37, 36, 35, 34, 33, 44, 55
37, 36, 35, 34, 45, 56
37, 36, 35, 46, 57
37, 36, 47, 58
37, 48, 59
37, 48, 59, 60
37, 36, 47, 58, 61
37, 36, 35, 46, 57, 62
37, 36, 35, 34, 45, 56, 63
37, 36, 35, 34, 33, 44, 55, 64
37, 36, 35, 34, 33, 32, 43, 54, 65
37, 38, 39, 30, 31, 42, 53, 66
37, 38, 39, 30, 41, 52, 67
37, 38, 39, 40, 51, 68
37, 38, 49, 50, 69
37, 36, 47, 58, 61, 70
37, 36, 35, 46, 57, 62, 71
37, 36, 35, 34, 45, 56, 63, 72
37, 36, 35, 34, 33, 44, 55, 64, 73
37, 36, 35, 34, 33, 32, 43, 54, 65, 74
37, 38, 39, 30, 31, 42, 53, 66, 75
37, 38, 39, 30, 41, 52, 67, 76
37, 38, 39, 40, 51, 68, 77
37, 38, 49, 50, 69, 78
37, 48, 59, 60, 79
37, 36, 35, 46, 57, 62, 71, 80
37, 36, 35, 34, 45, 56, 63, 72, 81
37, 36, 35, 34, 33, 44, 55, 64, 73, 82
37, 26, 15, 4, 5, 6, 7, 8, 92, 83
37, 26, 15, 4, 5, 6, 7, 93, 84
37, 26, 15, 4, 5, 6, 94, 85
37, 26, 15, 4, 5, 95, 86
37, 26, 15, 4, 96, 87
37, 48, 59, 60, 79, 88
37, 36, 47, 58, 61, 70, 89
37, 26, 15, 4, 3, 2, 1, 0, 90
37, 26, 15, 4, 3, 2, 1, 0, 9, 91
37, 26, 15, 4, 5, 6, 7, 8, 92
37, 26, 15, 4, 5, 6, 7, 93
37, 26, 15, 4, 5, 6, 94
37, 26, 15, 4, 5, 95
37, 26, 15, 4, 96
37, 26, 15, 4, 3, 97
37, 26, 15, 4, 3, 2, 98
37, 26, 15, 4, 3, 2, 1, 99
38, 27, 16, 5, 4, 3, 2, 1, 0
38, 27, 16, 5, 4, 3, 2, 1
38, 27, 16, 5, 4, 3, 2
38, 27, 16, 5, 4, 3
38, 27, 16, 5, 4
38, 27, 16, 5
38, 27, 16, 5, 6
38, 27, 16, 5, 6, 7
38, 27, 16, 5, 6, 7, 8
38, 27, 16, 5, 6, 7, 8, 9
38, 27, 16, 17, 18, 19, 10
38, 27, 16, 15, 14, 13, 12, 11
38, 27, 16, 15, 14, 13, 12
38, 27, 16, 15, 14, 13
38, 27, 16, 15, 14
38, 27, 16, 15
38, 27, 16
38, 27, 16, 17
38, 27, 16, 17, 18
38, 27, 16, 17, 18, 19
38, 27, 28, 29, 20
38, 27, 28, 29, 20, 21
38, 27, 26, 25, 24, 23, 22
38, 27, 26, 25, 24, 23
38, 27, 26, 25, 24
38, 27, 26, 25
38, 27, 26
38, 27
38, 27, 28
38, 27, 28, 29
38, 39, 30
38, 39, 30, 31
38, 39, 30, 31, 32
38, 37, 36, 35, 34, 33
38, 37, 36, 35, 34
38, 37, 36, 35
38, 37, 36
38, 37
38, 39
38, 39, 40
38, 39, 30, 41
38, 39, 30, 31, 42
38, 39, 30, 31, 32, 43
38, 37, 36, 35, 34, 33, 44
38, 37, 36, 35, 34, 45
38, 37, 36, 35, 46
38, 37, 36, 47
38, 37, 48
38, 49
38, 49, 50
38, 39, 40, 51
38, 39, 30, 41, 52
38, 39, 30, 31, 42, 53
38, 39, 30, 31, 32, 43, 54
38, 37, 36, 35, 34, 33, 44, 55
38, 37, 36, 35, 34, 45, 56
38, 37, 36, 35, 46, 57
38, 37, 36, 47, 58
38, 37, 48, 59
38, 37, 48, 59, 60
38, 37, 36, 47, 58, 61
38, 37, 36, 35, 46, 57, 62
38, 37, 36, 35, 34, 45, 56, 63
38, 37, 36, 35, 34, 33, 44, 55, 64
38, 39, 30, 31, 32, 43, 54, 65
38, 39, 30, 31, 42, 53, 66
38, 39, 30, 41, 52, 67
38, 39, 40, 51, 68
38, 49, 50, 69
38, 37, 36, 47, 58, 61, 70
38, 37, 36, 35, 46, 57, 62, 71
38, 37, 36, 35, 34, 45, 56, 63, 72
38, 37, 36, 35, 34, 33, 44, 55, 64, 73
38, 39, 30, 31, 32, 43, 54, 65, 74
38, 39, 30, 31, 42, 53, 66, 75
38, 39, 30, 41, 52, 67, 76
38, 39, 40, 51, 68, 77
38, 49, 50, 69, 78
38, 37, 48, 59, 60, 79
38, 37, 36, 35, 46, 57, 62, 71, 80
38, 37, 36, 35, 34, 45, 56, 63, 72, 81
38, 27, 16, 5, 6, 7, 8, 9, 91, 82
38, 27, 16, 5, 6, 7, 8, 92, 83
38, 27, 16, 5, 6, 7, 93, 84
38, 27, 16, 5, 6, 94, 85
38, 27, 16, 5, 95, 86
38, 49, 50, 69, 78, 87
38, 37, 48, 59, 60, 79, 88
38, 37, 36, 47, 58, 61, 70, 89
38, 27, 16, 5, 4, 3, 2, 1, 0, 90
38, 27, 16, 5, 6, 7, 8, 9, 91
38, 27, 16, 5, 6, 7, 8, 92
38, 27, 16, 5, 6, 7, 93
38, 27, 16, 5, 6, 94
38, 27, 16, 5, 95
38, 27, 16, 5, 4, 96
38, 27, 16, 5, 4, 3, 97
38, 27, 16, 5, 4, 3, 2, 98
38, 27, 16, 5, 4, 3, 2, 1, 99
39, 28, 17, 6, 7, 8, 9, 0
39, 28, 17, 6, 5, 4, 3, 2, 1
39, 28, 17, 6, 5, 4, 3, 2
39, 28, 17, 6, 5, 4, 3
39, 28, 17, 6, 5, 4
39, 28, 17, 6, 5
39, 28, 17, 6
39, 28, 17, 6, 7
39, 28, 17, 6, 7, 8
39, 28, 17, 6, 7, 8, 9
39, 28, 17, 18, 19, 10
39, 28, 17, 18, 19, 10, 11
39, 28, 17, 16, 15, 14, 13, 12
39, 28, 17, 16, 15, 14, 13
39, 28, 17, 16, 15, 14
39, 28, 17, 16, 15
39, 28, 17, 16
39, 28, 17
39, 28, 17, 18
39, 28, 17, 18, 19
39, 28, 29, 20
39, 28, 29, 20, 21
39, 28, 29, 20, 21, 22
39, 28, 27, 26, 25, 24, 23
39, 28, 27, 26, 25, 24
39, 28, 27, 26, 25
39, 28, 27, 26
39, 28, 27
39, 28
39, 28, 29
39, 30
39, 30, 31
39, 30, 31, 32
39, 30, 31, 32, 33
39, 30, 31, 32, 33, 34
39, 38, 37, 36, 35
39, 38, 37, 36
39, 38, 37
39, 38
39, 40
39, 30, 41
39, 30, 31, 42
39, 30, 31, 32, 43
39, 30, 31, 32, 33, 44
39, 30, 31, 32, 33, 34, 45
39, 38, 37, 36, 35, 46
39, 38, 37, 36, 47
39, 38, 37, 48
39, 38, 49
39, 38, 49, 50
39, 40, 51
39, 30, 41, 52
39, 30, 31, 42, 53
39, 30, 31, 32, 43, 54
39, 30, 31, 32, 33, 44, 55
39, 30, 31, 32, 33, 34, 45, 56
39, 38, 37, 36, 35, 46, 57
39, 38, 37, 36, 47, 58
39, 38, 37, 48, 59
39, 38, 37, 48, 59, 60
39, 38, 37, 36, 47, 58, 61
39, 38, 37, 36, 35, 46, 57, 62
39, 30, 31, 32, 33, 34, 45, 56, 63
39, 30, 31, 32, 33, 44, 55, 64
39, 30, 31, 32, 43, 54, 65
39, 30, 31, 42, 53, 66
39, 30, 41, 52, 67
39, 40, 51, 68
39, 38, 49, 50, 69
39, 38, 37, 36, 47, 58, 61, 70
39, 38, 37, 36, 35, 46, 57, 62, 71
39, 30, 31, 32, 33, 34, 45, 56, 63, 72
39, 30, 31, 32, 33, 44, 55, 64, 73
39, 30, 31, 32, 43, 54, 65, 74
39, 30, 31, 42, 53, 66, 75
39, 30, 41, 52, 67, 76
39, 40, 51, 68, 77
39, 38, 49, 50, 69, 78
39, 38, 37, 48, 59, 60, 79
39, 38, 37, 36, 35, 46, 57, 62, 71, 80
39, 28, 17, 6, 7, 8, 9, 0, 90, 81
39, 28, 17, 6, 7, 8, 9, 91, 82
39, 28, 17, 6, 7, 8, 92, 83
39, 28, 17, 6, 7, 93, 84
39, 28, 17, 6, 94, 85
39, 40, 51, 68, 77, 86
39, 38, 49, 50, 69, 78, 87
39, 38, 37, 48, 59, 60, 79, 88
39, 38, 37, 36, 47, 58, 61, 70, 89
39, 28, 17, 6, 7, 8, 9, 0, 90
39, 28, 17, 6, 7, 8, 9, 91
39, 28, 17, 6, 7, 8, 92
39, 28, 17, 6, 7, 93
39, 28, 17, 6, 94
39, 28, 17, 6, 5, 95
39, 28, 17, 6, 5, 4, 96
39, 28, 17, 6, 5, 4, 3, 97
39, 28, 17, 6, 5, 4, 3, 2, 98
39, 28, 17, 6, 5, 4, 3, 2, 1, 99
40, 39, 28, 17, 6, 7, 8, 9, 0
40, 39, 28, 17, 6, 5, 4, 3, 2, 1
40, 39, 28, 17, 6, 5, 4, 3, 2
40, 39, 28, 17, 6, 5, 4, 3
40, 39, 28, 17, 6, 5, 4
40, 39, 28, 17, 6, 5
40, 39, 28, 17, 6
40, 39, 28, 17, 6, 7
40, 39, 28, 17, 6, 7, 8
40, 39, 28, 17, 6, 7, 8, 9
40, 39, 28, 17, 18, 19, 10
40, 39, 28, 17, 18, 19, 10, 11
40, 39, 28, 17, 16, 15, 14, 13, 12
40, 39, 28, 17, 16, 15, 14, 13
40, 39, 28, 17, 16, 15, 14
40, 39, 28, 17, 16, 15
40, 39, 28, 17, 16
40, 39, 28, 17
40, 39, 28, 17, 18
40, 39, 28, 17, 18, 19
40, 39, 28, 29, 20
40, 39, 28, 29, 20, 21
40, 39, 28, 29, 20, 21, 22
40, 39, 28, 27, 26, 25, 24, 23
40, 39, 28, 27, 26, 25, 24
40, 39, 28, 27, 26, 25
40, 39, 28, 27, 26
40, 39, 28, 27
40, 39, 28
40, 39, 28, 29
40, 39, 30
40, 39, 30, 31
40, 39, 30, 31, 32
40, 39, 30, 31, 32, 33
40, 39, 30, 31, 32, 33, 34
40, 39, 38, 37, 36, 35
40, 39, 38, 37, 36
40, 39, 38, 37
40, 39, 38
40, 39
40, 41
40, 41, 42
40, 41, 42, 43
40, 41, 42, 43, 44
40, 41, 42, 43, 44, 45
40, 49, 48, 47, 46
40, 49, 48, 47
40, 49, 48
40, 49
40, 49, 50
40, 51
40, 41, 52
40, 41, 42, 53
40, 41, 42, 43, 54
40, 41, 42, 43, 44, 55
40, 41, 42, 43, 44, 45, 56
40, 49, 48, 47, 46, 57
40, 49, 48, 47, 58
40, 49, 48, 59
40, 49, 48, 59, 60
40, 49, 48, 47, 58, 61
40, 49, 48, 47, 46, 57, 62
40, 41, 42, 43, 44, 45, 56, 63
40, 41, 42, 43, 44, 55, 64
40, 41, 42, 43, 54, 65
40, 41, 42, 53, 66
40, 41, 52, 67
40, 51, 68
40, 49, 50, 69
40, 49, 48, 47, 58, 61, 70
40, 49, 48, 47, 46, 57, 62, 71
40, 41, 42, 43, 44, 45, 56, 63, 72
40, 41, 42, 43, 44, 55, 64, 73
40, 41, 42, 43, 54, 65, 74
40, 41, 42, 53, 66, 75
40, 41, 52, 67, 76
40, 51, 68, 77
40, 49, 50, 69, 78
40, 49, 48, 59, 60, 79
40, 49, 48, 47, 46, 57, 62, 71, 80
40, 41, 42, 43, 44, 45, 56, 63, 72, 81
40, 41, 42, 43, 44, 55, 64, 73, 82
40, 41, 42, 43, 54, 65, 74, 83
40, 41, 42, 53, 66, 75, 84
40, 41, 52, 67, 76, 85
40, 51, 68, 77, 86
40, 49, 50, 69, 78, 87
40, 49, 48, 59, 60, 79, 88
40, 49, 48, 47, 58, 61, 70, 89
40, 39, 28, 17, 6, 7, 8, 9, 0, 90
40, 39, 28, 17, 6, 7, 8, 9, 91
40, 39, 28, 17, 6, 7, 8, 92
40, 39, 28, 17, 6, 7, 93
40, 39, 28, 17, 6, 94
40, 51, 68, 77, 86, 95
40, 49, 50, 69, 78, 87, 96
40, 49, 48, 59, 60, 79, 88, 97
40, 49, 48, 47, 58, 61, 70, 89, 98
40, 49, 48, 47, 46, 57, 62, 71, 80, 99
41, 30, 29, 18, 7, 8, 9, 0
41, 30, 29, 18, 7, 8, 9, 0, 1
41, 30, 29, 18, 7, 6, 5, 4, 3, 2
41, 30, 29, 18, 7, 6, 5, 4, 3
41, 30, 29, 18, 7, 6, 5, 4
41, 30, 29, 18, 7, 6, 5
41, 30, 29, 18, 7, 6
41, 30, 29, 18, 7
41, 30, 29, 18, 7, 8
41, 30, 29, 18, 7, 8, 9
41, 30, 29, 18, 19, 10
41, 30, 29, 18, 19, 10, 11
41, 30, 29, 18, 19, 10, 11, 12
41, 30, 29, 18, 17, 16, 15, 14, 13
41, 30, 29, 18, 17, 16, 15, 14
41, 30, 29, 18, 17, 16, 15
41, 30, 29, 18, 17, 16
41, 30, 29, 18, 17
41, 30, 29, 18
41, 30, 29, 18, 19
41, 30, 29, 20
41, 30, 29, 20, 21
41, 30, 29, 20, 21, 22
41, 30, 29, 20, 21, 22, 23
41, 30, 29, 20, 21, 22, 23, 24
41, 30, 29, 28, 27, 26, 25
41, 30, 29, 28, 27, 26
41, 30, 29, 28, 27
41, 30, 29, 28
41, 30, 29
41, 30
41, 30, 31
41, 30, 31, 32
41, 30, 31, 32, 33
41, 30, 31, 32, 33, 34
41, 30, 31, 32, 33, 34, 35
41, 30, 39, 38, 37, 36
41, 30, 39, 38, 37
41, 30, 39, 38
41, 30, 39
41, 40
41, 42
41, 42, 43
41, 42, 43, 44
41, 42, 43, 44, 45
41, 42, 43, 44, 45, 46
41, 40, 49, 48, 47
41, 40, 49, 48
41, 40, 49
41, 40, 49, 50
41, 40, 51
41, 52
41, 42, 53
41, 42, 43, 54
41, 42, 43, 44, 55
41, 42, 43, 44, 45, 56
41, 42, 43, 44, 45, 46, 57
41, 40, 49, 48, 47, 58
41, 40, 49, 48, 59
41, 40, 49, 48, 59, 60
41, 40, 49, 48, 47, 58, 61
41, 42, 43, 44, 45, 46, 57, 62
41, 42, 43, 44, 45, 56, 63
41, 42, 43, 44, 55, 64
41, 42, 43, 54, 65
41, 42, 53, 66
41, 52, 67
41, 40, 51, 68
41, 40, 49, 50, 69
41, 40, 49, 48, 47, 58, 61, 70
41, 42, 43, 44, 45, 46, 57, 62, 71
41, 42, 43, 44, 45, 56, 63, 72
41, 42, 43, 44, 55, 64, 73
41, 42, 43, 54, 65, 74
41, 42, 53, 66, 75
41, 52, 67, 76
41, 40, 51, 68, 77
41, 40, 49, 50, 69, 78
41, 40, 49, 48, 59, 60, 79
41, 42, 43, 44, 45, 46, 57, 62, 71, 80
41, 42, 43, 44, 45, 56, 63, 72, 81
41, 42, 43, 44, 55, 64, 73, 82
41, 42, 43, 54, 65, 74, 83
41, 42, 53, 66, 75, 84
41, 52, 67, 76, 85
41, 40, 51, 68, 77, 86
41, 40, 49, 50, 69, 78, 87
41, 40, 49, 48, 59, 60, 79, 88
41, 40, 49, 48, 47, 58, 61, 70, 89
41, 30, 29, 18, 7, 8, 9, 0, 90
41, 30, 29, 18, 7, 8, 9, 91
41, 30, 29, 18, 7, 8, 92
41, 30, 29, 18, 7, 93
41, 52, 67, 76, 85, 94
41, 40, 51, 68, 77, 86, 95
41, 40, 49, 50, 69, 78, 87, 96
41, 40, 49, 48, 59, 60, 79, 88, 97
41, 40, 49, 48, 47, 58, 61, 70, 89, 98
41, 30, 29, 18, 7, 8, 9, 0, 1, 99
42, 31, 20, 19, 8, 9, 0
42, 31, 20, 19, 8, 9, 0, 1
42, 31, 20, 19, 8, 9, 0, 1, 2
42, 31, 20, 19, 8, 7, 6, 5, 4, 3
42, 31, 20, 19, 8, 7, 6, 5, 4
42, 31, 20, 19, 8, 7, 6, 5
42, 31, 20, 19, 8, 7, 6
42, 31, 20, 19, 8, 7
42, 31, 20, 19, 8
42, 31, 20, 19, 8, 9
42, 31, 20, 19, 10
42, 31, 20, 19, 10, 11
42, 31, 20, 19, 10, 11, 12
42, 31, 20, 19, 10, 11, 12, 13
42, 31, 20, 19, 10, 11, 12, 13, 14
42, 31, 20, 19, 18, 17, 16, 15
42, 31, 20, 19, 18, 17, 16
42, 31, 20, 19, 18, 17
42, 31, 20, 19, 18
42, 31, 20, 19
42, 31, 20
42, 31, 20, 21
42, 31, 20, 21, 22
42, 31, 20, 21, 22, 23
42, 31, 20, 21, 22, 23, 24
42, 31, 20, 21, 22, 23, 24, 25
42, 31, 20, 29, 28, 27, 26
42, 31, 20, 29, 28, 27
42, 31, 20, 29, 28
42, 31, 20, 29
42, 31, 30
42, 31
42, 31, 32
42, 31, 32, 33
42, 31, 32, 33, 34
42, 31, 32, 33, 34, 35
42, 31, 32, 33, 34, 35, 36
42, 31, 30, 39, 38, 37
42, 31, 30, 39, 38
42, 31, 30, 39
42, 41, 40
42, 41
42, 43
42, 43, 44
42, 43, 44, 45
42, 43, 44, 45, 46
42, 43, 44, 45, 46, 47
42, 41, 40, 49, 48
42, 41, 40, 49
42, 41, 40, 49, 50
42, 41, 40, 51
42, 41, 52
42, 53
42, 43, 54
42, 43, 44, 55
42, 43, 44, 45, 56
42, 43, 44, 45, 46, 57
42, 43, 44, 45, 46, 47, 58
42, 41, 40, 49, 48, 59
42, 41, 40, 49, 48, 59, 60
42, 43, 44, 45, 46, 47, 58, 61
42, 43, 44, 45, 46, 57, 62
42, 43, 44, 45, 56, 63
42, 43, 44, 55, 64
42, 43, 54, 65
42, 53, 66
42, 41, 52, 67
42, 41, 40, 51, 68
42, 41, 40, 49, 50, 69
42, 43, 44, 45, 46, 47, 58, 61, 70
42, 43, 44, 45, 46, 57, 62, 71
42, 43, 44, 45, 56, 63, 72
42, 43, 44, 55, 64, 73
42, 43, 54, 65, 74
42, 53, 66, 75
42, 41, 52, 67, 76
42, 41, 40, 51, 68, 77
42, 41, 40, 49, 50, 69, 78
42, 41, 40, 49, 48, 59, 60, 79
42, 43, 44, 45, 46, 57, 62, 71, 80
42, 43, 44, 45, 56, 63, 72, 81
42, 43, 44, 55, 64, 73, 82
42, 43, 54, 65, 74, 83
42, 53, 66, 75, 84
42, 41, 52, 67, 76, 85
42, 41, 40, 51, 68, 77, 86
42, 41, 40, 49, 50, 69, 78, 87
42, 41, 40, 49, 48, 59, 60, 79, 88
42, 43, 44, 45, 46, 47, 58, 61, 70, 89
42, 31, 20, 19, 8, 9, 0, 90
42, 31, 20, 19, 8, 9, 91
42, 31, 20, 19, 8, 92
42, 53, 66, 75, 84, 93
42, 41, 52, 67, 76, 85, 94
42, 41, 40, 51, 68, 77, 86, 95
42, 41, 40, 49, 50, 69, 78, 87, 96
42, 41, 40, 49, 48, 59, 60, 79, 88, 97
42, 31, 20, 19, 8, 9, 0, 1, 2, 98
42, 31, 20, 19, 8, 9, 0, 1, 99
43, 32, 21, 10, 9, 0
43, 32, 21, 10, 9, 0, 1
43, 32, 21, 10, 9, 0, 1, 2
43, 32, 21, 10, 9, 0, 1, 2, 3
43, 32, 21, 10, 9, 0, 1, 2, 3, 4
43, 32, 21, 10, 9, 8, 7, 6, 5
43, 32, 21, 10, 9, 8, 7, 6
43, 32, 21, 10, 9, 8, 7
43, 32, 21, 10, 9, 8
43, 32, 21, 10, 9
43, 32, 21, 10
43, 32, 21, 10, 11
43, 32, 21, 10, 11, 12
43, 32, 21, 10, 11, 12, 13
43, 32, 21, 10, 11, 12, 13, 14
43, 32, 21, 10, 11, 12, 13, 14, 15
43, 32, 21, 10, 19, 18, 17, 16
43, 32, 21, 10, 19, 18, 17
43, 32, 21, 10, 19, 18
43, 32, 21, 10, 19
43, 32, 21, 20
43, 32, 21
43, 32, 21, 22
43, 32, 21, 22, 23
43, 32, 21, 22, 23, 24
43, 32, 21, 22, 23, 24, 25
43, 32, 21, 22, 23, 24, 25, 26
43, 32, 21, 20, 29, 28, 27
43, 32, 21, 20, 29, 28
43, 32, 21, 20, 29
43, 32, 31, 30
43, 32, 31
43, 32
43, 32, 33
43, 32, 33, 34
43, 32, 33, 34, 35
43, 32, 33, 34, 35, 36
43, 32, 33, 34, 35, 36, 37
43, 32, 31, 30, 39, 38
43, 32, 31, 30, 39
43, 42, 41, 40
43, 42, 41
43, 42
43, 44
43, 44, 45
43, 44, 45, 46
43, 44, 45, 46, 47
43, 44, 45, 46, 47, 48
43, 42, 41, 40, 49
43, 42, 41, 40, 49, 50
43, 42, 41, 40, 51
43, 42, 41, 52
43, 42, 53
43, 54
43, 44, 55
43, 44, 45, 56
43, 44, 45, 46, 57
43, 44, 45, 46, 47, 58
43, 44, 45, 46, 47, 48, 59
43, 44, 45, 46, 47, 48, 59, 60
43, 44, 45, 46, 47, 58, 61
43, 44, 45, 46, 57, 62
43, 44, 45, 56, 63
43, 44, 55, 64
43, 54, 65
43, 42, 53, 66
43, 42, 41, 52, 67
43, 42, 41, 40, 51, 68
43, 42, 41, 40, 49, 50, 69
43, 44, 45, 46, 47, 58, 61, 70
43, 44, 45, 46, 57, 62, 71
43, 44, 45, 56, 63, 72
43, 44, 55, 64, 73
43, 54, 65, 74
43, 42, 53, 66, 75
43, 42, 41, 52, 67, 76
43, 42, 41, 40, 51, 68, 77
43, 42, 41, 40, 49, 50, 69, 78
43, 44, 45, 46, 47, 48, 59, 60, 79
43, 44, 45, 46, 57, 62, 71, 80
43, 44, 45, 56, 63, 72, 81
43, 44, 55, 64, 73, 82
43, 54, 65, 74, 83
43, 42, 53, 66, 75, 84
43, 42, 41, 52, 67, 76, 85
43, 42, 41, 40, 51, 68, 77, 86
43, 42, 41, 40, 49, 50, 69, 78, 87
43, 44, 45, 46, 47, 48, 59, 60, 79, 88
43, 44, 45, 46, 47, 58, 61, 70, 89
43, 32, 21, 10, 9, 0, 90
43, 32, 21, 10, 9, 91
43, 54, 65, 74, 83, 92
43, 42, 53, 66, 75, 84, 93
43, 42, 41, 52, 67, 76, 85, 94
43, 42, 41, 40, 51, 68, 77, 86, 95
43, 42, 41, 40, 49, 50, 69, 78, 87, 96
43, 32, 21, 10, 9, 0, 1, 2, 3, 97
43, 32, 21, 10, 9, 0, 1, 2, 98
43, 32, 21, 10, 9, 0, 1, 99
44, 33, 22, 11, 0
44, 33, 22, 11, 0, 1
44, 33, 22, 11, 0, 1, 2
44, 33, 22, 11, 0, 1, 2, 3
44, 33, 22, 11, 0, 1, 2, 3, 4
44, 33, 22, 11, 0, 1, 2, 3, 4, 5
44, 33, 22, 11, 0, 9, 8, 7, 6
44, 33, 22, 11, 0, 9, 8, 7
44, 33, 22, 11, 0, 9, 8
44, 33, 22, 11, 0, 9
44, 33, 22, 11, 10
44, 33, 22, 11
44, 33, 22, 11, 12
44, 33, 22, 11, 12, 13
44, 33, 22, 11, 12, 13, 14
44, 33, 22, 11, 12, 13, 14, 15
44, 33, 22, 11, 12, 13, 14, 15, 16
44, 33, 22, 11, 10, 19, 18, 17
44, 33, 22, 11, 10, 19, 18
44, 33, 22, 11, 10, 19
44, 33, 22, 21, 20
44, 33, 22, 21
44, 33, 22
44, 33, 22, 23
44, 33, 22, 23, 24
44, 33, 22, 23, 24, 25
44, 33, 22, 23, 24, 25, 26
44, 33, 22, 23, 24, 25, 26, 27
44, 33, 22, 21, 20, 29, 28
44, 33, 22, 21, 20, 29
44, 33, 32, 31, 30
44, 33, 32, 31
44, 33, 32
44, 33
44, 33, 34
44, 33, 34, 35
44, 33, 34, 35, 36
44, 33, 34, 35, 36, 37
44, 33, 34, 35, 36, 37, 38
44, 33, 32, 31, 30, 39
44, 43, 42, 41, 40
44, 43, 42, 41
44, 43, 42
44, 43
44, 45
44, 45, 46
44, 45, 46, 47
44, 45, 46, 47, 48
44, 43, 42, 41, 40, 49
44, 43, 42, 41, 40, 49, 50
44, 43, 42, 41, 40, 51
44, 43, 42, 41, 52
44, 43, 42, 53
44, 43, 54
44, 55
44, 45, 56
44, 45, 46, 57
44, 45, 46, 47, 58
44, 45, 46, 47, 48, 59
44, 45, 46, 47, 48, 59, 60
44, 45, 46, 47, 58, 61
44, 45, 46, 57, 62
44, 45, 56, 63
44, 55, 64
44, 43, 54, 65
44, 43, 42, 53, 66
44, 43, 42, 41, 52, 67
44, 43, 42, 41, 40, 51, 68
44, 43, 42, 41, 40, 49, 50, 69
44, 45, 46, 47, 58, 61, 70
44, 45, 46, 57, 62, 71
44, 45, 56, 63, 72
44, 55, 64, 73
44, 43, 54, 65, 74
44, 43, 42, 53, 66, 75
44, 43, 42, 41, 52, 67, 76
44, 43, 42, 41, 40, 51, 68, 77
44, 43, 42, 41, 40, 49, 50, 69, 78
44, 45, 46, 47, 48, 59, 60, 79
44, 45, 46, 57, 62, 71, 80
44, 45, 56, 63, 72, 81
44, 55, 64, 73, 82
44, 43, 54, 65, 74, 83
44, 43, 42, 53, 66, 75, 84
44, 43, 42, 41, 52, 67, 76, 85
44, 43, 42, 41, 40, 51, 68, 77, 86
44, 43, 42, 41, 40, 49, 50, 69, 78, 87
44, 45, 46, 47, 48, 59, 60, 79, 88
44, 45, 46, 47, 58, 61, 70, 89
44, 33, 22, 11, 0, 90
44, 55, 64, 73, 82, 91
44, 43, 54, 65, 74, 83, 92
44, 43, 42, 53, 66, 75, 84, 93
44, 43, 42, 41, 52, 67, 76, 85, 94
44, 43, 42, 41, 40, 51, 68, 77, 86, 95
44, 33, 22, 11, 0, 1, 2, 3, 4, 96
44, 33, 22, 11, 0, 1, 2, 3, 97
44, 33, 22, 11, 0, 1, 2, 98
44, 33, 22, 11, 0, 1, 99
45, 34, 23, 12, 1, 0
45, 34, 23, 12, 1
45, 34, 23, 12, 1, 2
45, 34, 23, 12, 1, 2, 3
45, 34, 23, 12, 1, 2, 3, 4
45, 34, 23, 12, 1, 2, 3, 4, 5
45, 34, 23, 12, 1, 2, 3, 4, 5, 6
45, 34, 23, 12, 1, 0, 9, 8, 7
45, 34, 23, 12, 1, 0, 9, 8
45, 34, 23, 12, 1, 0, 9
45, 34, 23, 12, 11, 10
45, 34, 23, 12, 11
45, 34, 23, 12
45, 34, 23, 12, 13
45, 34, 23, 12, 13, 14
45, 34, 23, 12, 13, 14, 15
45, 34, 23, 12, 13, 14, 15, 16
45, 34, 23, 12, 13, 14, 15, 16, 17
45, 34, 23, 12, 11, 10, 19, 18
45, 34, 23, 12, 11, 10, 19
45, 34, 23, 22, 21, 20
45, 34, 23, 22, 21
45, 34, 23, 22
45, 34, 23
45, 34, 23, 24
45, 34, 23, 24, 25
45, 34, 23, 24, 25, 26
45, 34, 23, 24, 25, 26, 27
45, 34, 23, 24, 25, 26, 27, 28
45, 34, 23, 22, 21, 20, 29
45, 34, 33, 32, 31, 30
45, 34, 33, 32, 31
45, 34, 33, 32
45, 34, 33
45, 34
45, 34, 35
45, 34, 35, 36
45, 34, 35, 36, 37
45, 34, 35, 36, 37, 38
45, 34, 33, 32, 31, 30, 39
45, 44, 43, 42, 41, 40
45, 44, 43, 42, 41
45, 44, 43, 42
45, 44, 43
45, 44
45, 46
45, 46, 47
45, 46, 47, 48
45, 46, 47, 48, 49
45, 46, 47, 48, 49, 50
45, 44, 43, 42, 41, 40, 51
45, 44, 43, 42, 41, 52
45, 44, 43, 42, 53
45, 44, 43, 54
45, 44, 55
45, 56
45, 46, 57
45, 46, 47, 58
45, 46, 47, 48, 59
45, 46, 47, 48, 59, 60
45, 46, 47, 58, 61
45, 46, 57, 62
45, 56, 63
45, 44, 55, 64
45, 44, 43, 54, 65
45, 44, 43, 42, 53, 66
45, 44, 43, 42, 41, 52, 67
45, 44, 43, 42, 41, 40, 51, 68
45, 46, 47, 48, 49, 50, 69
45, 46, 47, 58, 61, 70
45, 46, 57, 62, 71
45, 56, 63, 72
45, 44, 55, 64, 73
45, 44, 43, 54, 65, 74
45, 44, 43, 42, 53, 66, 75
45, 44, 43, 42, 41, 52, 67, 76
45, 44, 43, 42, 41, 40, 51, 68, 77
45, 46, 47, 48, 49, 50, 69, 78
45, 46, 47, 48, 59, 60, 79
45, 46, 57, 62, 71, 80
45, 56, 63, 72, 81
45, 44, 55, 64, 73, 82
45, 44, 43, 54, 65, 74, 83
45, 44, 43, 42, 53, 66, 75, 84
45, 44, 43, 42, 41, 52, 67, 76, 85
45, 44, 43, 42, 41, 40, 51, 68, 77, 86
45, 46, 47, 48, 49, 50, 69, 78, 87
45, 46, 47, 48, 59, 60, 79, 88
45, 46, 47, 58, 61, 70, 89
45, 56, 63, 72, 81, 90
45, 44, 55, 64, 73, 82, 91
45, 44, 43, 54, 65, 74, 83, 92
45, 44, 43, 42, 53, 66, 75, 84, 93
45, 44, 43, 42, 41, 52, 67, 76, 85, 94
45, 34, 23, 12, 1, 2, 3, 4, 5, 95
45, 34, 23, 12, 1, 2, 3, 4, 96
45, 34, 23, 12, 1, 2, 3, 97
45, 34, 23, 12, 1, 2, 98
45, 34, 23, 12, 1, 99
46, 35, 24, 13, 2, 1, 0
46, 35, 24, 13, 2, 1
46, 35, 24, 13, 2
46, 35, 24, 13, 2, 3
46, 35, 24, 13, 2, 3, 4
46, 35, 24, 13, 2, 3, 4, 5
46, 35, 24, 13, 2, 3, 4, 5, 6
46, 35, 24, 13, 2, 3, 4, 5, 6, 7
46, 35, 24, 13, 2, 1, 0, 9, 8
46, 35, 24, 13, 2, 1, 0, 9
46, 35, 24, 13, 12, 11, 10
46, 35, 24, 13, 12, 11
46, 35, 24, 13, 12
46, 35, 24, 13
46, 35, 24, 13, 14
46, 35, 24, 13, 14, 15
46, 35, 24, 13, 14, 15, 16
46, 35, 24, 13, 14, 15, 16, 17
46, 35, 24, 13, 14, 15, 16, 17, 18
46, 35, 24, 13, 12, 11, 10, 19
46, 35, 24, 23, 22, 21, 20
46, 35, 24, 23, 22, 21
46, 35, 24, 23, 22
46, 35, 24, 23
46, 35, 24
46, 35, 24, 25
46, 35, 24, 25, 26
46, 35, 24, 25, 26, 27
46, 35, 24, 25, 26, 27, 28
46, 35, 24, 23, 22, 21, 20, 29
46, 35, 34, 33, 32, 31, 30
46, 35, 34, 33, 32, 31
46, 35, 34, 33, 32
46, 35, 34, 33
46, 35, 34
46, 35
46, 35, 36
46, 35, 36, 37
46, 35, 36, 37, 38
46, 35, 36, 37, 38, 39
46, 47, 48, 49, 40
46, 45, 44, 43, 42, 41
46, 45, 44, 43, 42
46, 45, 44, 43
46, 45, 44
46, 45
46, 47
46, 47, 48
46, 47, 48, 49
46, 47, 48, 49, 50
46, 47, 48, 49, 40, 51
46, 45, 44, 43, 42, 41, 52
46, 45, 44, 43, 42, 53
46, 45, 44, 43, 54
46, 45, 44, 55
46, 45, 56
46, 57
46, 47, 58
46, 47, 48, 59
46, 47, 48, 59, 60
46, 47, 58, 61
46, 57, 62
46, 45, 56, 63
46, 45, 44, 55, 64
46, 45, 44, 43, 54, 65
46, 45, 44, 43, 42, 53, 66
46, 45, 44, 43, 42, 41, 52, 67
46, 47, 48, 49, 40, 51, 68
46, 47, 48, 49, 50, 69
46, 47, 58, 61, 70
46, 57, 62, 71
46, 45, 56, 63, 72
46, 45, 44, 55, 64, 73
46, 45, 44, 43, 54, 65, 74
46, 45, 44, 43, 42, 53, 66, 75
46, 45, 44, 43, 42, 41, 52, 67, 76
46, 47, 48, 49, 40, 51, 68, 77
46, 47, 48, 49, 50, 69, 78
46, 47, 48, 59, 60, 79
46, 57, 62, 71, 80
46, 45, 56, 63, 72, 81
46, 45, 44, 55, 64, 73, 82
46, 45, 44, 43, 54, 65, 74, 83
46, 45, 44, 43, 42, 53, 66, 75, 84
46, 45, 44, 43, 42, 41, 52, 67, 76, 85
46, 47, 48, 49, 40, 51, 68, 77, 86
46, 47, 48, 49, 50, 69, 78, 87
46, 47, 48, 59, 60, 79, 88
46, 47, 58, 61, 70, 89
46, 45, 56, 63, 72, 81, 90
46, 45, 44, 55, 64, 73, 82, 91
46, 45, 44, 43, 54, 65, 74, 83, 92
46, 45, 44, 43, 42, 53, 66, 75, 84, 93
46, 35, 24, 13, 2, 3, 4, 5, 6, 94
46, 35, 24, 13, 2, 3, 4, 5, 95
46, 35, 24, 13, 2, 3, 4, 96
46, 35, 24, 13, 2, 3, 97
46, 35, 24, 13, 2, 98
46, 57, 62, 71, 80, 99
47, 36, 25, 14, 3, 2, 1, 0
47, 36, 25, 14, 3, 2, 1
47, 36, 25, 14, 3, 2
47, 36, 25, 14, 3
47, 36, 25, 14, 3, 4
47, 36, 25, 14, 3, 4, 5
47, 36, 25, 14, 3, 4, 5, 6
47, 36, 25, 14, 3, 4, 5, 6, 7
47, 36, 25, 14, 3, 4, 5, 6, 7, 8
47, 36, 25, 14, 3, 2, 1, 0, 9
47, 36, 25, 14, 13, 12, 11, 10
47, 36, 25, 14, 13, 12, 11
47, 36, 25, 14, 13, 12
47, 36, 25, 14, 13
47, 36, 25, 14
47, 36, 25, 14, 15
47, 36, 25, 14, 15, 16
47, 36, 25, 14, 15, 16, 17
47, 36, 25, 14, 15, 16, 17, 18
47, 36, 25, 14, 13, 12, 11, 10, 19
47, 36, 25, 24, 23, 22, 21, 20
47, 36, 25, 24, 23, 22, 21
47, 36, 25, 24, 23, 22
47, 36, 25, 24, 23
47, 36, 25, 24
47, 36, 25
47, 36, 25, 26
47, 36, 25, 26, 27
47, 36, 25, 26, 27, 28
47, 36, 25, 26, 27, 28, 29
47, 36, 37, 38, 39, 30
47, 36, 35, 34, 33, 32, 31
47, 36, 35, 34, 33, 32
47, 36, 35, 34, 33
47, 36, 35, 34
47, 36, 35
47, 36
47, 36, 37
47, 36, 37, 38
47, 36, 37, 38, 39
47, 48, 49, 40
47, 48, 49, 40, 41
47, 46, 45, 44, 43, 42
47, 46, 45, 44, 43
47, 46, 45, 44
47, 46, 45
47, 46
47, 48
47, 48, 49
47, 48, 49, 50
47, 48, 49, 40, 51
47, 48, 49, 40, 41, 52
47, 46, 45, 44, 43, 42, 53
47, 46, 45, 44, 43, 54
47, 46, 45, 44, 55
47, 46, 45, 56
47, 46, 57
47, 58
47, 48, 59
47, 48, 59, 60
47, 58, 61
47, 46, 57, 62
47, 46, 45, 56, 63
47, 46, 45, 44, 55, 64
47, 46, 45, 44, 43, 54, 65
47, 46, 45, 44, 43, 42, 53, 66
47, 48, 49, 40, 41, 52, 67
47, 48, 49, 40, 51, 68
47, 48, 49, 50, 69
47, 58, 61, 70
47, 46, 57, 62, 71
47, 46, 45, 56, 63, 72
47, 46, 45, 44, 55, 64, 73
47, 46, 45, 44, 43, 54, 65, 74
47, 46, 45, 44, 43, 42, 53, 66, 75
47, 48, 49, 40, 41, 52, 67, 76
47, 48, 49, 40, 51, 68, 77
47, 48, 49, 50, 69, 78
47, 48, 59, 60, 79
47, 46, 57, 62, 71, 80
47, 46, 45, 56, 63, 72, 81
47, 46, 45, 44, 55, 64, 73, 82
47, 46, 45, 44, 43, 54, 65, 74, 83
47, 46, 45, 44, 43, 42, 53, 66, 75, 84
47, 48, 49, 40, 41, 52, 67, 76, 85
47, 48, 49, 40, 51, 68, 77, 86
47, 48, 49, 50, 69, 78, 87
47, 48, 59, 60, 79, 88
47, 58, 61, 70, 89
47, 46, 45, 56, 63, 72, 81, 90
47, 46, 45, 44, 55, 64, 73, 82, 91
47, 46, 45, 44, 43, 54, 65, 74, 83, 92
47, 36, 25, 14, 3, 4, 5, 6, 7, 93
47, 36, 25, 14, 3, 4, 5, 6, 94
47, 36, 25, 14, 3, 4, 5, 95
47, 36, 25, 14, 3, 4, 96
47, 36, 25, 14, 3, 97
47, 58, 61, 70, 89, 98
47, 46, 57, 62, 71, 80, 99
48, 37, 26, 15, 4, 3, 2, 1, 0
48, 37, 26, 15, 4, 3, 2, 1
48, 37, 26, 15, 4, 3, 2
48, 37, 26, 15, 4, 3
48, 37, 26, 15, 4
48, 37, 26, 15, 4, 5
48, 37, 26, 15, 4, 5, 6
48, 37, 26, 15, 4, 5, 6, 7
48, 37, 26, 15, 4, 5, 6, 7, 8
48, 37, 26, 15, 4, 3, 2, 1, 0, 9
48, 37, 26, 15, 14, 13, 12, 11, 10
48, 37, 26, 15, 14, 13, 12, 11
48, 37, 26, 15, 14, 13, 12
48, 37, 26, 15, 14, 13
48, 37, 26, 15, 14
48, 37, 26, 15
48, 37, 26, 15, 16
48, 37, 26, 15, 16, 17
48, 37, 26, 15, 16, 17, 18
48, 37, 26, 15, 16, 17, 18, 19
48, 37, 26, 27, 28, 29, 20
48, 37, 26, 25, 24, 23, 22, 21
48, 37, 26, 25, 24, 23, 22
48, 37, 26, 25, 24, 23
48, 37, 26, 25, 24
48, 37, 26, 25
48, 37, 26
48, 37, 26, 27
48, 37, 26, 27, 28
48, 37, 26, 27, 28, 29
48, 37, 38, 39, 30
48, 37, 38, 39, 30, 31
48, 37, 36, 35, 34, 33, 32
48, 37, 36, 35, 34, 33
48, 37, 36, 35, 34
48, 37, 36, 35
48, 37, 36
48, 37
48, 37, 38
48, 37, 38, 39
48, 49, 40
48, 49, 40, 41
48, 49, 40, 41, 42
48, 47, 46, 45, 44, 43
48, 47, 46, 45, 44
48, 47, 46, 45
48, 47, 46
48, 47
48, 49
48, 49, 50
48, 49, 40, 51
48, 49, 40, 41, 52
48, 49, 40, 41, 42, 53
48, 47, 46, 45, 44, 43, 54
48, 47, 46, 45, 44, 55
48, 47, 46, 45, 56
48, 47, 46, 57
48, 47, 58
48, 59
48, 59, 60
48, 47, 58, 61
48, 47, 46, 57, 62
48, 47, 46, 45, 56, 63
48, 47, 46, 45, 44, 55, 64
48, 47, 46, 45, 44, 43, 54, 65
48, 49, 40, 41, 42, 53, 66
48, 49, 40, 41, 52, 67
48, 49, 40, 51, 68
48, 49, 50, 69
48, 47, 58, 61, 70
48, 47, 46, 57, 62, 71
48, 47, 46, 45, 56, 63, 72
48, 47, 46, 45, 44, 55, 64, 73
48, 47, 46, 45, 44, 43, 54, 65, 74
48, 49, 40, 41, 42, 53, 66, 75
48, 49, 40, 41, 52, 67, 76
48, 49, 40, 51, 68, 77
48, 49, 50, 69, 78
48, 59, 60, 79
48, 47, 46, 57, 62, 71, 80
48, 47, 46, 45, 56, 63, 72, 81
48, 47, 46, 45, 44, 55, 64, 73, 82
48, 47, 46, 45, 44, 43, 54, 65, 74, 83
48, 49, 40, 41, 42, 53, 66, 75, 84
48, 49, 40, 41, 52, 67, 76, 85
48, 49, 40, 51, 68, 77, 86
48, 49, 50, 69, 78, 87
48, 59, 60, 79, 88
48, 47, 58, 61, 70, 89
48, 47, 46, 45, 56, 63, 72, 81, 90
48, 47, 46, 45, 44, 55, 64, 73, 82, 91
48, 37, 26, 15, 4, 5, 6, 7, 8, 92
48, 37, 26, 15, 4, 5, 6, 7, 93
48, 37, 26, 15, 4, 5, 6, 94
48, 37, 26, 15, 4, 5, 95
48, 37, 26, 15, 4, 96
48, 59, 60, 79, 88, 97
48, 47, 58, 61, 70, 89, 98
48, 47, 46, 57, 62, 71, 80, 99
49, 38, 27, 16, 5, 4, 3, 2, 1, 0
49, 38, 27, 16, 5, 4, 3, 2, 1
49, 38, 27, 16, 5, 4, 3, 2
49, 38, 27, 16, 5, 4, 3
49, 38, 27, 16, 5, 4
49, 38, 27, 16, 5
49, 38, 27, 16, 5, 6
49, 38, 27, 16, 5, 6, 7
49, 38, 27, 16, 5, 6, 7, 8
49, 38, 27, 16, 5, 6, 7, 8, 9
49, 38, 27, 16, 17, 18, 19, 10
49, 38, 27, 16, 15, 14, 13, 12, 11
49, 38, 27, 16, 15, 14, 13, 12
49, 38, 27, 16, 15, 14, 13
49, 38, 27, 16, 15, 14
49, 38, 27, 16, 15
49, 38, 27, 16
49, 38, 27, 16, 17
49, 38, 27, 16, 17, 18
49, 38, 27, 16, 17, 18, 19
49, 38, 27, 28, 29, 20
49, 38, 27, 28, 29, 20, 21
49, 38, 27, 26, 25, 24, 23, 22
49, 38, 27, 26, 25, 24, 23
49, 38, 27, 26, 25, 24
49, 38, 27, 26, 25
49, 38, 27, 26
49, 38, 27
49, 38, 27, 28
49, 38, 27, 28, 29
49, 38, 39, 30
49, 38, 39, 30, 31
49, 38, 39, 30, 31, 32
49, 38, 37, 36, 35, 34, 33
49, 38, 37, 36, 35, 34
49, 38, 37, 36, 35
49, 38, 37, 36
49, 38, 37
49, 38
49, 38, 39
49, 40
49, 40, 41
49, 40, 41, 42
49, 40, 41, 42, 43
49, 40, 41, 42, 43, 44
49, 48, 47, 46, 45
49, 48, 47, 46
49, 48, 47
49, 48
49, 50
49, 40, 51
49, 40, 41, 52
49, 40, 41, 42, 53
49, 40, 41, 42, 43, 54
49, 40, 41, 42, 43, 44, 55
49, 48, 47, 46, 45, 56
49, 48, 47, 46, 57
49, 48, 47, 58
49, 48, 59
49, 48, 59, 60
49, 48, 47, 58, 61
49, 48, 47, 46, 57, 62
49, 48, 47, 46, 45, 56, 63
49, 40, 41, 42, 43, 44, 55, 64
49, 40, 41, 42, 43, 54, 65
49, 40, 41, 42, 53, 66
49, 40, 41, 52, 67
49, 40, 51, 68
49, 50, 69
49, 48, 47, 58, 61, 70
49, 48, 47, 46, 57, 62, 71
49, 48, 47, 46, 45, 56, 63, 72
49, 40, 41, 42, 43, 44, 55, 64, 73
49, 40, 41, 42, 43, 54, 65, 74
49, 40, 41, 42, 53, 66, 75
49, 40, 41, 52, 67, 76
49, 40, 51, 68, 77
49, 50, 69, 78
49, 48, 59, 60, 79
49, 48, 47, 46, 57, 62, 71, 80
49, 48, 47, 46, 45, 56, 63, 72, 81
49, 40, 41, 42, 43, 44, 55, 64, 73, 82
49, 40, 41, 42, 43, 54, 65, 74, 83
49, 40, 41, 42, 53, 66, 75, 84
49, 40, 41, 52, 67, 76, 85
49, 40, 51, 68, 77, 86
49, 50, 69, 78, 87
49, 48, 59, 60, 79, 88
49, 48, 47, 58, 61, 70, 89
49, 48, 47, 46, 45, 56, 63, 72, 81, 90
49, 38, 27, 16, 5, 6, 7, 8, 9, 91
49, 38, 27, 16, 5, 6, 7, 8, 92
49, 38, 27, 16, 5, 6, 7, 93
49, 38, 27, 16, 5, 6, 94
49, 38, 27, 16, 5, 95
49, 50, 69, 78, 87, 96
49, 48, 59, 60, 79, 88, 97
49, 48, 47, 58, 61, 70, 89, 98
49, 48, 47, 46, 57, 62, 71, 80, 99
50, 59, 58, 57, 56, 63, 72, 81, 90, 0
50, 69, 78, 87, 96, 4, 3, 2, 1
50, 69, 78, 87, 96, 4, 3, 2
50, 69, 78, 87, 96, 4, 3
50, 69, 78, 87, 96, 4
50, 49, 38, 27, 16, 5
50, 49, 38, 27, 16, 5, 6
50, 49, 38, 27, 16, 5, 6, 7
50, 49, 38, 27, 16, 5, 6, 7, 8
50, 49, 38, 27, 16, 5, 6, 7, 8, 9
50, 49, 38, 27, 16, 17, 18, 19, 10
50, 49, 38, 27, 16, 15, 14, 13, 12, 11
50, 49, 38, 27, 16, 15, 14, 13, 12
50, 49, 38, 27, 16, 15, 14, 13
50, 49, 38, 27, 16, 15, 14
50, 49, 38, 27, 16, 15
50, 49, 38, 27, 16
50, 49, 38, 27, 16, 17
50, 49, 38, 27, 16, 17, 18
50, 49, 38, 27, 16, 17, 18, 19
50, 49, 38, 27, 28, 29, 20
50, 49, 38, 27, 28, 29, 20, 21
50, 49, 38, 27, 26, 25, 24, 23, 22
50, 49, 38, 27, 26, 25, 24, 23
50, 49, 38, 27, 26, 25, 24
50, 49, 38, 27, 26, 25
50, 49, 38, 27, 26
50, 49, 38, 27
50, 49, 38, 27, 28
50, 49, 38, 27, 28, 29
50, 49, 38, 39, 30
50, 49, 38, 39, 30, 31
50, 49, 38, 39, 30, 31, 32
50, 49, 38, 37, 36, 35, 34, 33
50, 49, 38, 37, 36, 35, 34
50, 49, 38, 37, 36, 35
50, 49, 38, 37, 36
50, 49, 38, 37
50, 49, 38
50, 49, 38, 39
50, 49, 40
50, 49, 40, 41
50, 49, 40, 41, 42
50, 49, 40, 41, 42, 43
50, 49, 40, 41, 42, 43, 44
50, 49, 48, 47, 46, 45
50, 49, 48, 47, 46
50, 49, 48, 47
50, 49, 48
50, 49
50, 51
50, 51, 52
50, 51, 52, 53
50, 51, 52, 53, 54
50, 51, 52, 53, 54, 55
50, 59, 58, 57, 56
50, 59, 58, 57
50, 59, 58
50, 59
50, 59, 60
50, 59, 58, 61
50, 59, 58, 57, 62
50, 59, 58, 57, 56, 63
50, 51, 52, 53, 54, 55, 64
50, 51, 52, 53, 54, 65
50, 51, 52, 53, 66
50, 51, 52, 67
50, 51, 68
50, 69
50, 59, 58, 61, 70
50, 59, 58, 57, 62, 71
50, 59, 58, 57, 56, 63, 72
50, 51, 52, 53, 54, 55, 64, 73
50, 51, 52, 53, 54, 65, 74
50, 51, 52, 53, 66, 75
50, 51, 52, 67, 76
50, 51, 68, 77
50, 69, 78
50, 59, 60, 79
50, 59, 58, 57, 62, 71, 80
50, 59, 58, 57, 56, 63, 72, 81
50, 51, 52, 53, 54, 55, 64, 73, 82
50, 51, 52, 53, 54, 65, 74, 83
50, 51, 52, 53, 66, 75, 84
50, 51, 52, 67, 76, 85
50, 51, 68, 77, 86
50, 69, 78, 87
50, 59, 60, 79, 88
50, 59, 58, 61, 70, 89
50, 59, 58, 57, 56, 63, 72, 81, 90
50, 51, 52, 53, 54, 55, 64, 73, 82, 91
50, 51, 52, 53, 54, 65, 74, 83, 92
50, 51, 52, 53, 66, 75, 84, 93
50, 51, 52, 67, 76, 85, 94
50, 51, 68, 77, 86, 95
50, 69, 78, 87, 96
50, 59, 60, 79, 88, 97
50, 59, 58, 61, 70, 89, 98
50, 59, 58, 57, 62, 71, 80, 99
51, 40, 39, 28, 17, 6, 7, 8, 9, 0
51, 68, 77, 86, 95, 5, 4, 3, 2, 1
51, 68, 77, 86, 95, 5, 4, 3, 2
51, 68, 77, 86, 95, 5, 4, 3
51, 68, 77, 86, 95, 5, 4
51, 68, 77, 86, 95, 5
51, 40, 39, 28, 17, 6
51, 40, 39, 28, 17, 6, 7
51, 40, 39, 28, 17, 6, 7, 8
51, 40, 39, 28, 17, 6, 7, 8, 9
51, 40, 39, 28, 17, 18, 19, 10
51, 40, 39, 28, 17, 18, 19, 10, 11
51, 40, 39, 28, 17, 16, 15, 14, 13, 12
51, 40, 39, 28, 17, 16, 15, 14, 13
51, 40, 39, 28, 17, 16, 15, 14
51, 40, 39, 28, 17, 16, 15
51, 40, 39, 28, 17, 16
51, 40, 39, 28, 17
51, 40, 39, 28, 17, 18
51, 40, 39, 28, 17, 18, 19
51, 40, 39, 28, 29, 20
51, 40, 39, 28, 29, 20, 21
51, 40, 39, 28, 29, 20, 21, 22
51, 40, 39, 28, 27, 26, 25, 24, 23
51, 40, 39, 28, 27, 26, 25, 24
51, 40, 39, 28, 27, 26, 25
51, 40, 39, 28, 27, 26
51, 40, 39, 28, 27
51, 40, 39, 28
51, 40, 39, 28, 29
51, 40, 39, 30
51, 40, 39, 30, 31
51, 40, 39, 30, 31, 32
51, 40, 39, 30, 31, 32, 33
51, 40, 39, 30, 31, 32, 33, 34
51, 40, 39, 38, 37, 36, 35
51, 40, 39, 38, 37, 36
51, 40, 39, 38, 37
51, 40, 39, 38
51, 40, 39
51, 40
51, 40, 41
51, 40, 41, 42
51, 40, 41, 42, 43
51, 40, 41, 42, 43, 44
51, 40, 41, 42, 43, 44, 45
51, 40, 49, 48, 47, 46
51, 40, 49, 48, 47
51, 40, 49, 48
51, 40, 49
51, 50
51, 52
51, 52, 53
51, 52, 53, 54
51, 52, 53, 54, 55
51, 52, 53, 54, 55, 56
51, 50, 59, 58, 57
51, 50, 59, 58
51, 50, 59
51, 50, 59, 60
51, 50, 59, 58, 61
51, 50, 59, 58, 57, 62
51, 52, 53, 54, 55, 56, 63
51, 52, 53, 54, 55, 64
51, 52, 53, 54, 65
51, 52, 53, 66
51, 52, 67
51, 68
51, 50, 69
51, 50, 59, 58, 61, 70
51, 50, 59, 58, 57, 62, 71
51, 52, 53, 54, 55, 56, 63, 72
51, 52, 53, 54, 55, 64, 73
51, 52, 53, 54, 65, 74
51, 52, 53, 66, 75
51, 52, 67, 76
51, 68, 77
51, 50, 69, 78
51, 50, 59, 60, 79
51, 50, 59, 58, 57, 62, 71, 80
51, 52, 53, 54, 55, 56, 63, 72, 81
51, 52, 53, 54, 55, 64, 73, 82
51, 52, 53, 54, 65, 74, 83
51, 52, 53, 66, 75, 84
51, 52, 67, 76, 85
51, 68, 77, 86
51, 50, 69, 78, 87
51, 50, 59, 60, 79, 88
51, 50, 59, 58, 61, 70, 89
51, 52, 53, 54, 55, 56, 63, 72, 81, 90
51, 52, 53, 54, 55, 64, 73, 82, 91
51, 52, 53, 54, 65, 74, 83, 92
51, 52, 53, 66, 75, 84, 93
51, 52, 67, 76, 85, 94
51, 68, 77, 86, 95
51, 50, 69, 78, 87, 96
51, 50, 59, 60, 79, 88, 97
51, 50, 59, 58, 61, 70, 89, 98
51, 50, 59, 58, 57, 62, 71, 80, 99
52, 41, 30, 29, 18, 7, 8, 9, 0
52, 41, 30, 29, 18, 7, 8, 9, 0, 1
52, 67, 76, 85, 94, 6, 5, 4, 3, 2
52, 67, 76, 85, 94, 6, 5, 4, 3
52, 67, 76, 85, 94, 6, 5, 4
52, 67, 76, 85, 94, 6, 5
52, 67, 76, 85, 94, 6
52, 41, 30, 29, 18, 7
52, 41, 30, 29, 18, 7, 8
52, 41, 30, 29, 18, 7, 8, 9
52, 41, 30, 29, 18, 19, 10
52, 41, 30, 29, 18, 19, 10, 11
52, 41, 30, 29, 18, 19, 10, 11, 12
52, 41, 30, 29, 18, 17, 16, 15, 14, 13
52, 41, 30, 29, 18, 17, 16, 15, 14
52, 41, 30, 29, 18, 17, 16, 15
52, 41, 30, 29, 18, 17, 16
52, 41, 30, 29, 18, 17
52, 41, 30, 29, 18
52, 41, 30, 29, 18, 19
52, 41, 30, 29, 20
52, 41, 30, 29, 20, 21
52, 41, 30, 29, 20, 21, 22
52, 41, 30, 29, 20, 21, 22, 23
52, 41, 30, 29, 20, 21, 22, 23, 24
52, 41, 30, 29, 28, 27, 26, 25
52, 41, 30, 29, 28, 27, 26
52, 41, 30, 29, 28, 27
52, 41, 30, 29, 28
52, 41, 30, 29
52, 41, 30
52, 41, 30, 31
52, 41, 30, 31, 32
52, 41, 30, 31, 32, 33
52, 41, 30, 31, 32, 33, 34
52, 41, 30, 31, 32, 33, 34, 35
52, 41, 30, 39, 38, 37, 36
52, 41, 30, 39, 38, 37
52, 41, 30, 39, 38
52, 41, 30, 39
52, 41, 40
52, 41
52, 41, 42
52, 41, 42, 43
52, 41, 42, 43, 44
52, 41, 42, 43, 44, 45
52, 41, 42, 43, 44, 45, 46
52, 41, 40, 49, 48, 47
52, 41, 40, 49, 48
52, 41, 40, 49
52, 51, 50
52, 51
52, 53
52, 53, 54
52, 53, 54, 55
52, 53, 54, 55, 56
52, 53, 54, 55, 56, 57
52, 51, 50, 59, 58
52, 51, 50, 59
52, 51, 50, 59, 60
52, 51, 50, 59, 58, 61
52, 53, 54, 55, 56, 57, 62
52, 53, 54, 55, 56, 63
52, 53, 54, 55, 64
52, 53, 54, 65
52, 53, 66
52, 67
52, 51, 68
52, 51, 50, 69
52, 51, 50, 59, 58, 61, 70
52, 53, 54, 55, 56, 57, 62, 71
52, 53, 54, 55, 56, 63, 72
52, 53, 54, 55, 64, 73
52, 53, 54, 65, 74
52, 53, 66, 75
52, 67, 76
52, 51, 68, 77
52, 51, 50, 69, 78
52, 51, 50, 59, 60, 79
52, 53, 54, 55, 56, 57, 62, 71, 80
52, 53, 54, 55, 56, 63, 72, 81
52, 53, 54, 55, 64, 73, 82
52, 53, 54, 65, 74, 83
52, 53, 66, 75, 84
52, 67, 76, 85
52, 51, 68, 77, 86
52, 51, 50, 69, 78, 87
52, 51, 50, 59, 60, 79, 88
52, 51, 50, 59, 58, 61, 70, 89
52, 53, 54, 55, 56, 63, 72, 81, 90
52, 53, 54, 55, 64, 73, 82, 91
52, 53, 54, 65, 74, 83, 92
52, 53, 66, 75, 84, 93
52, 67, 76, 85, 94
52, 51, 68, 77, 86, 95
52, 51, 50, 69, 78, 87, 96
52, 51, 50, 59, 60, 79, 88, 97
52, 51, 50, 59, 58, 61, 70, 89, 98
52, 53, 54, 55, 56, 57, 62, 71, 80, 99
53, 42, 31, 20, 19, 8, 9, 0
53, 42, 31, 20, 19, 8, 9, 0, 1
53, 42, 31, 20, 19, 8, 9, 0, 1, 2
53, 66, 75, 84, 93, 7, 6, 5, 4, 3
53, 66, 75, 84, 93, 7, 6, 5, 4
53, 66, 75, 84, 93, 7, 6, 5
53, 66, 75, 84, 93, 7, 6
53, 66, 75, 84, 93, 7
53, 42, 31, 20, 19, 8
53, 42, 31, 20, 19, 8, 9
53, 42, 31, 20, 19, 10
53, 42, 31, 20, 19, 10, 11
53, 42, 31, 20, 19, 10, 11, 12
53, 42, 31, 20, 19, 10, 11, 12, 13
53, 42, 31, 20, 19, 10, 11, 12, 13, 14
53, 42, 31, 20, 19, 18, 17, 16, 15
53, 42, 31, 20, 19, 18, 17, 16
53, 42, 31, 20, 19, 18, 17
53, 42, 31, 20, 19, 18
53, 42, 31, 20, 19
53, 42, 31, 20
53, 42, 31, 20, 21
53, 42, 31, 20, 21, 22
53, 42, 31, 20, 21, 22, 23
53, 42, 31, 20, 21, 22, 23, 24
53, 42, 31, 20, 21, 22, 23, 24, 25
53, 42, 31, 20, 29, 28, 27, 26
53, 42, 31, 20, 29, 28, 27
53, 42, 31, 20, 29, 28
53, 42, 31, 20, 29
53, 42, 31, 30
53, 42, 31
53, 42, 31, 32
53, 42, 31, 32, 33
53, 42, 31, 32, 33, 34
53, 42, 31, 32, 33, 34, 35
53, 42, 31, 32, 33, 34, 35, 36
53, 42, 31, 30, 39, 38, 37
53, 42, 31, 30, 39, 38
53, 42, 31, 30, 39
53, 42, 41, 40
53, 42, 41
53, 42
53, 42, 43
53, 42, 43, 44
53, 42, 43, 44, 45
53, 42, 43, 44, 45, 46
53, 42, 43, 44, 45, 46, 47
53, 42, 41, 40, 49, 48
53, 42, 41, 40, 49
53, 52, 51, 50
53, 52, 51
53, 52
53, 54
53, 54, 55
53, 54, 55, 56
53, 54, 55, 56, 57
53, 54, 55, 56, 57, 58
53, 52, 51, 50, 59
53, 52, 51, 50, 59, 60
53, 54, 55, 56, 57, 58, 61
53, 54, 55, 56, 57, 62
53, 54, 55, 56, 63
53, 54, 55, 64
53, 54, 65
53, 66
53, 52, 67
53, 52, 51, 68
53, 52, 51, 50, 69
53, 54, 55, 56, 57, 58, 61, 70
53, 54, 55, 56, 57, 62, 71
53, 54, 55, 56, 63, 72
53, 54, 55, 64, 73
53, 54, 65, 74
53, 66, 75
53, 52, 67, 76
53, 52, 51, 68, 77
53, 52, 51, 50, 69, 78
53, 52, 51, 50, 59, 60, 79
53, 54, 55, 56, 57, 62, 71, 80
53, 54, 55, 56, 63, 72, 81
53, 54, 55, 64, 73, 82
53, 54, 65, 74, 83
53, 66, 75, 84
53, 52, 67, 76, 85
53, 52, 51, 68, 77, 86
53, 52, 51, 50, 69, 78, 87
53, 52, 51, 50, 59, 60, 79, 88
53, 54, 55, 56, 57, 58, 61, 70, 89
53, 54, 55, 56, 63, 72, 81, 90
53, 54, 55, 64, 73, 82, 91
53, 54, 65, 74, 83, 92
53, 66, 75, 84, 93
53, 52, 67, 76, 85, 94
53, 52, 51, 68, 77, 86, 95
53, 52, 51, 50, 69, 78, 87, 96
53, 52, 51, 50, 59, 60, 79, 88, 97
53, 54, 55, 56, 57, 58, 61, 70, 89, 98
53, 54, 55, 56, 57, 62, 71, 80, 99
54, 43, 32, 21, 10, 9, 0
54, 43, 32, 21, 10, 9, 0, 1
54, 43, 32, 21, 10, 9, 0, 1, 2
54, 43, 32, 21, 10, 9, 0, 1, 2, 3
54, 65, 74, 83, 92, 8, 7, 6, 5, 4
54, 65, 74, 83, 92, 8, 7, 6, 5
54, 65, 74, 83, 92, 8, 7, 6
54, 65, 74, 83, 92, 8, 7
54, 65, 74, 83, 92, 8
54, 43, 32, 21, 10, 9
54, 43, 32, 21, 10
54, 43, 32, 21, 10, 11
54, 43, 32, 21, 10, 11, 12
54, 43, 32, 21, 10, 11, 12, 13
54, 43, 32, 21, 10, 11, 12, 13, 14
54, 43, 32, 21, 10, 11, 12, 13, 14, 15
54, 43, 32, 21, 10, 19, 18, 17, 16
54, 43, 32, 21, 10, 19, 18, 17
54, 43, 32, 21, 10, 19, 18
54, 43, 32, 21, 10, 19
54, 43, 32, 21, 20
54, 43, 32, 21
54, 43, 32, 21, 22
54, 43, 32, 21, 22, 23
54, 43, 32, 21, 22, 23, 24
54, 43, 32, 21, 22, 23, 24, 25
54, 43, 32, 21, 22, 23, 24, 25, 26
54, 43, 32, 21, 20, 29, 28, 27
54, 43, 32, 21, 20, 29, 28
54, 43, 32, 21, 20, 29
54, 43, 32, 31, 30
54, 43, 32, 31
54, 43, 32
54, 43, 32, 33
54, 43, 32, 33, 34
54, 43, 32, 33, 34, 35
54, 43, 32, 33, 34, 35, 36
54, 43, 32, 33, 34, 35, 36, 37
54, 43, 32, 31, 30, 39, 38
54, 43, 32, 31, 30, 39
54, 43, 42, 41, 40
54, 43, 42, 41
54, 43, 42
54, 43
54, 43, 44
54, 43, 44, 45
54, 43, 44, 45, 46
54, 43, 44, 45, 46, 47
54, 43, 44, 45, 46, 47, 48
54, 43, 42, 41, 40, 49
54, 53, 52, 51, 50
54, 53, 52, 51
54, 53, 52
54, 53
54, 55
54, 55, 56
54, 55, 56, 57
54, 55, 56, 57, 58
54, 53, 52, 51, 50, 59
54, 53, 52, 51, 50, 59, 60
54, 55, 56, 57, 58, 61
54, 55, 56, 57, 62
54, 55, 56, 63
54, 55, 64
54, 65
54, 53, 66
54, 53, 52, 67
54, 53, 52, 51, 68
54, 53, 52, 51, 50, 69
54, 55, 56, 57, 58, 61, 70
54, 55, 56, 57, 62, 71
54, 55, 56, 63, 72
54, 55, 64, 73
54, 65, 74
54, 53, 66, 75
54, 53, 52, 67, 76
54, 53, 52, 51, 68, 77
54, 53, 52, 51, 50, 69, 78
54, 53, 52, 51, 50, 59, 60, 79
54, 55, 56, 57, 62, 71, 80
54, 55, 56, 63, 72, 81
54, 55, 64, 73, 82
54, 65, 74, 83
54, 53, 66, 75, 84
54, 53, 52, 67, 76, 85
54, 53, 52, 51, 68, 77, 86
54, 53, 52, 51, 50, 69, 78, 87
54, 53, 52, 51, 50, 59, 60, 79, 88
54, 55, 56, 57, 58, 61, 70, 89
54, 55, 56, 63, 72, 81, 90
54, 55, 64, 73, 82, 91
54, 65, 74, 83, 92
54, 53, 66, 75, 84, 93
54, 53, 52, 67, 76, 85, 94
54, 53, 52, 51, 68, 77, 86, 95
54, 53, 52, 51, 50, 69, 78, 87, 96
54, 53, 52, 51, 50, 59, 60, 79, 88, 97
54, 55, 56, 57, 58, 61, 70, 89, 98
54, 55, 56, 57, 62, 71, 80, 99
55, 44, 33, 22, 11, 0
55, 44, 33, 22, 11, 0, 1
55, 44, 33, 22, 11, 0, 1, 2
55, 44, 33, 22, 11, 0, 1, 2, 3
55, 44, 33, 22, 11, 0, 1, 2, 3, 4
55, 64, 73, 82, 91, 9, 8, 7, 6, 5
55, 64, 73, 82, 91, 9, 8, 7, 6
55, 64, 73, 82, 91, 9, 8, 7
55, 64, 73, 82, 91, 9, 8
55, 64, 73, 82, 91, 9
55, 44, 33, 22, 11, 10
55, 44, 33, 22, 11
55, 44, 33, 22, 11, 12
55, 44, 33, 22, 11, 12, 13
55, 44, 33, 22, 11, 12, 13, 14
55, 44, 33, 22, 11, 12, 13, 14, 15
55, 44, 33, 22, 11, 12, 13, 14, 15, 16
55, 44, 33, 22, 11, 10, 19, 18, 17
55, 44, 33, 22, 11, 10, 19, 18
55, 44, 33, 22, 11, 10, 19
55, 44, 33, 22, 21, 20
55, 44, 33, 22, 21
55, 44, 33, 22
55, 44, 33, 22, 23
55, 44, 33, 22, 23, 24
55, 44, 33, 22, 23, 24, 25
55, 44, 33, 22, 23, 24, 25, 26
55, 44, 33, 22, 23, 24, 25, 26, 27
55, 44, 33, 22, 21, 20, 29, 28
55, 44, 33, 22, 21, 20, 29
55, 44, 33, 32, 31, 30
55, 44, 33, 32, 31
55, 44, 33, 32
55, 44, 33
55, 44, 33, 34
55, 44, 33, 34, 35
55, 44, 33, 34, 35, 36
55, 44, 33, 34, 35, 36, 37
55, 44, 33, 34, 35, 36, 37, 38
55, 44, 33, 32, 31, 30, 39
55, 44, 43, 42, 41, 40
55, 44, 43, 42, 41
55, 44, 43, 42
55, 44, 43
55, 44
55, 44, 45
55, 44, 45, 46
55, 44, 45, 46, 47
55, 44, 45, 46, 47, 48
55, 44, 43, 42, 41, 40, 49
55, 54, 53, 52, 51, 50
55, 54, 53, 52, 51
55, 54, 53, 52
55, 54, 53
55, 54
55, 56
55, 56, 57
55, 56, 57, 58
55, 56, 57, 58, 59
55, 56, 57, 58, 59, 60
55, 56, 57, 58, 61
55, 56, 57, 62
55, 56, 63
55, 64
55, 54, 65
55, 54, 53, 66
55, 54, 53, 52, 67
55, 54, 53, 52, 51, 68
55, 54, 53, 52, 51, 50, 69
55, 56, 57, 58, 61, 70
55, 56, 57, 62, 71
55, 56, 63, 72
55, 64, 73
55, 54, 65, 74
55, 54, 53, 66, 75
55, 54, 53, 52, 67, 76
55, 54, 53, 52, 51, 68, 77
55, 54, 53, 52, 51, 50, 69, 78
55, 56, 57, 58, 59, 60, 79
55, 56, 57, 62, 71, 80
55, 56, 63, 72, 81
55, 64, 73, 82
55, 54, 65, 74, 83
55, 54, 53, 66, 75, 84
55, 54, 53, 52, 67, 76, 85
55, 54, 53, 52, 51, 68, 77, 86
55, 54, 53, 52, 51, 50, 69, 78, 87
55, 56, 57, 58, 59, 60, 79, 88
55, 56, 57, 58, 61, 70, 89
55, 56, 63, 72, 81, 90
55, 64, 73, 82, 91
55, 54, 65, 74, 83, 92
55, 54, 53, 66, 75, 84, 93
55, 54, 53, 52, 67, 76, 85, 94
55, 54, 53, 52, 51, 68, 77, 86, 95
55, 54, 53, 52, 51, 50, 69, 78, 87, 96
55, 56, 57, 58, 59, 60, 79, 88, 97
55, 56, 57, 58, 61, 70, 89, 98
55, 56, 57, 62, 71, 80, 99
56, 63, 72, 81, 90, 0
56, 45, 34, 23, 12, 1
56, 45, 34, 23, 12, 1, 2
56, 45, 34, 23, 12, 1, 2, 3
56, 45, 34, 23, 12, 1, 2, 3, 4
56, 45, 34, 23, 12, 1, 2, 3, 4, 5
56, 63, 72, 81, 90, 0, 9, 8, 7, 6
56, 63, 72, 81, 90, 0, 9, 8, 7
56, 63, 72, 81, 90, 0, 9, 8
56, 63, 72, 81, 90, 0, 9
56, 45, 34, 23, 12, 11, 10
56, 45, 34, 23, 12, 11
56, 45, 34, 23, 12
56, 45, 34, 23, 12, 13
56, 45, 34, 23, 12, 13, 14
56, 45, 34, 23, 12, 13, 14, 15
56, 45, 34, 23, 12, 13, 14, 15, 16
56, 45, 34, 23, 12, 13, 14, 15, 16, 17
56, 45, 34, 23, 12, 11, 10, 19, 18
56, 45, 34, 23, 12, 11, 10, 19
56, 45, 34, 23, 22, 21, 20
56, 45, 34, 23, 22, 21
56, 45, 34, 23, 22
56, 45, 34, 23
56, 45, 34, 23, 24
56, 45, 34, 23, 24, 25
56, 45, 34, 23, 24, 25, 26
56, 45, 34, 23, 24, 25, 26, 27
56, 45, 34, 23, 24, 25, 26, 27, 28
56, 45, 34, 23, 22, 21, 20, 29
56, 45, 34, 33, 32, 31, 30
56, 45, 34, 33, 32, 31
56, 45, 34, 33, 32
56, 45, 34, 33
56, 45, 34
56, 45, 34, 35
56, 45, 34, 35, 36
56, 45, 34, 35, 36, 37
56, 45, 34, 35, 36, 37, 38
56, 45, 34, 33, 32, 31, 30, 39
56, 45, 44, 43, 42, 41, 40
56, 45, 44, 43, 42, 41
56, 45, 44, 43, 42
56, 45, 44, 43
56, 45, 44
56, 45
56, 45, 46
56, 45, 46, 47
56, 45, 46, 47, 48
56, 45, 46, 47, 48, 49
56, 57, 58, 59, 50
56, 55, 54, 53, 52, 51
56, 55, 54, 53, 52
56, 55, 54, 53
56, 55, 54
56, 55
56, 57
56, 57, 58
56, 57, 58, 59
56, 57, 58, 59, 60
56, 57, 58, 61
56, 57, 62
56, 63
56, 55, 64
56, 55, 54, 65
56, 55, 54, 53, 66
56, 55, 54, 53, 52, 67
56, 55, 54, 53, 52, 51, 68
56, 57, 58, 59, 50, 69
56, 57, 58, 61, 70
56, 57, 62, 71
56, 63, 72
56, 55, 64, 73
56, 55, 54, 65, 74
56, 55, 54, 53, 66, 75
56, 55, 54, 53, 52, 67, 76
56, 55, 54, 53, 52, 51, 68, 77
56, 57, 58, 59, 50, 69, 78
56, 57, 58, 59, 60, 79
56, 57, 62, 71, 80
56, 63, 72, 81
56, 55, 64, 73, 82
56, 55, 54, 65, 74, 83
56, 55, 54, 53, 66, 75, 84
56, 55, 54, 53, 52, 67, 76, 85
56, 55, 54, 53, 52, 51, 68, 77, 86
56, 57, 58, 59, 50, 69, 78, 87
56, 57, 58, 59, 60, 79, 88
56, 57, 58, 61, 70, 89
56, 63, 72, 81, 90
56, 55, 64, 73, 82, 91
56, 55, 54, 65, 74, 83, 92
56, 55, 54, 53, 66, 75, 84, 93
56, 55, 54, 53, 52, 67, 76, 85, 94
56, 55, 54, 53, 52, 51, 68, 77, 86, 95
56, 57, 58, 59, 50, 69, 78, 87, 96
56, 57, 58, 59, 60, 79, 88, 97
56, 57, 58, 61, 70, 89, 98
56, 57, 62, 71, 80, 99
57, 56, 63, 72, 81, 90, 0
57, 62, 71, 80, 99, 1
57, 46, 35, 24, 13, 2
57, 46, 35, 24, 13, 2, 3
57, 46, 35, 24, 13, 2, 3, 4
57, 46, 35, 24, 13, 2, 3, 4, 5
57, 46, 35, 24, 13, 2, 3, 4, 5, 6
57, 56, 63, 72, 81, 90, 0, 9, 8, 7
57, 56, 63, 72, 81, 90, 0, 9, 8
57, 56, 63, 72, 81, 90, 0, 9
57, 46, 35, 24, 13, 12, 11, 10
57, 46, 35, 24, 13, 12, 11
57, 46, 35, 24, 13, 12
57, 46, 35, 24, 13
57, 46, 35, 24, 13, 14
57, 46, 35, 24, 13, 14, 15
57, 46, 35, 24, 13, 14, 15, 16
57, 46, 35, 24, 13, 14, 15, 16, 17
57, 46, 35, 24, 13, 14, 15, 16, 17, 18
57, 46, 35, 24, 13, 12, 11, 10, 19
57, 46, 35, 24, 23, 22, 21, 20
57, 46, 35, 24, 23, 22, 21
57, 46, 35, 24, 23, 22
57, 46, 35, 24, 23
57, 46, 35, 24
57, 46, 35, 24, 25
57, 46, 35, 24, 25, 26
57, 46, 35, 24, 25, 26, 27
57, 46, 35, 24, 25, 26, 27, 28
57, 46, 35, 24, 23, 22, 21, 20, 29
57, 46, 35, 34, 33, 32, 31, 30
57, 46, 35, 34, 33, 32, 31
57, 46, 35, 34, 33, 32
57, 46, 35, 34, 33
57, 46, 35, 34
57, 46, 35
57, 46, 35, 36
57, 46, 35, 36, 37
57, 46, 35, 36, 37, 38
57, 46, 35, 36, 37, 38, 39
57, 46, 47, 48, 49, 40
57, 46, 45, 44, 43, 42, 41
57, 46, 45, 44, 43, 42
57, 46, 45, 44, 43
57, 46, 45, 44
57, 46, 45
57, 46
57, 46, 47
57, 46, 47, 48
57, 46, 47, 48, 49
57, 58, 59, 50
57, 58, 59, 50, 51
57, 56, 55, 54, 53, 52
57, 56, 55, 54, 53
57, 56, 55, 54
57, 56, 55
57, 56
57, 58
57, 58, 59
57, 58, 59, 60
57, 58, 61
57, 62
57, 56, 63
57, 56, 55, 64
57, 56, 55, 54, 65
57, 56, 55, 54, 53, 66
57, 56, 55, 54, 53, 52, 67
57, 58, 59, 50, 51, 68
57, 58, 59, 50, 69
57, 58, 61, 70
57, 62, 71
57, 56, 63, 72
57, 56, 55, 64, 73
57, 56, 55, 54, 65, 74
57, 56, 55, 54, 53, 66, 75
57, 56, 55, 54, 53, 52, 67, 76
57, 58, 59, 50, 51, 68, 77
57, 58, 59, 50, 69, 78
57, 58, 59, 60, 79
57, 62, 71, 80
57, 56, 63, 72, 81
57, 56, 55, 64, 73, 82
57, 56, 55, 54, 65, 74, 83
57, 56, 55, 54, 53, 66, 75, 84
57, 56, 55, 54, 53, 52, 67, 76, 85
57, 58, 59, 50, 51, 68, 77, 86
57, 58, 59, 50, 69, 78, 87
57, 58, 59, 60, 79, 88
57, 58, 61, 70, 89
57, 56, 63, 72, 81, 90
57, 56, 55, 64, 73, 82, 91
57, 56, 55, 54, 65, 74, 83, 92
57, 56, 55, 54, 53, 66, 75, 84, 93
57, 56, 55, 54, 53, 52, 67, 76, 85, 94
57, 58, 59, 50, 51, 68, 77, 86, 95
57, 58, 59, 50, 69, 78, 87, 96
57, 58, 59, 60, 79, 88, 97
57, 58, 61, 70, 89, 98
57, 62, 71, 80, 99
58, 57, 56, 63, 72, 81, 90, 0
58, 61, 70, 89, 98, 2, 1
58, 61, 70, 89, 98, 2
58, 47, 36, 25, 14, 3
58, 47, 36, 25, 14, 3, 4
58, 47, 36, 25, 14, 3, 4, 5
58, 47, 36, 25, 14, 3, 4, 5, 6
58, 47, 36, 25, 14, 3, 4, 5, 6, 7
58, 57, 56, 63, 72, 81, 90, 0, 9, 8
58, 57, 56, 63, 72, 81, 90, 0, 9
58, 47, 36, 25, 14, 13, 12, 11, 10
58, 47, 36, 25, 14, 13, 12, 11
58, 47, 36, 25, 14, 13, 12
58, 47, 36, 25, 14, 13
58, 47, 36, 25, 14
58, 47, 36, 25, 14, 15
58, 47, 36, 25, 14, 15, 16
58, 47, 36, 25, 14, 15, 16, 17
58, 47, 36, 25, 14, 15, 16, 17, 18
58, 47, 36, 25, 14, 13, 12, 11, 10, 19
58, 47, 36, 25, 24, 23, 22, 21, 20
58, 47, 36, 25, 24, 23, 22, 21
58, 47, 36, 25, 24, 23, 22
58, 47, 36, 25, 24, 23
58, 47, 36, 25, 24
58, 47, 36, 25
58, 47, 36, 25, 26
58, 47, 36, 25, 26, 27
58, 47, 36, 25, 26, 27, 28
58, 47, 36, 25, 26, 27, 28, 29
58, 47, 36, 37, 38, 39, 30
58, 47, 36, 35, 34, 33, 32, 31
58, 47, 36, 35, 34, 33, 32
58, 47, 36, 35, 34, 33
58, 47, 36, 35, 34
58, 47, 36, 35
58, 47, 36
58, 47, 36, 37
58, 47, 36, 37, 38
58, 47, 36, 37, 38, 39
58, 47, 48, 49, 40
58, 47, 48, 49, 40, 41
58, 47, 46, 45, 44, 43, 42
58, 47, 46, 45, 44, 43
58, 47, 46, 45, 44
58, 47, 46, 45
58, 47, 46
58, 47
58, 47, 48
58, 47, 48, 49
58, 59, 50
58, 59, 50, 51
58, 59, 50, 51, 52
58, 57, 56, 55, 54, 53
58, 57, 56, 55, 54
58, 57, 56, 55
58, 57, 56
58, 57
58, 59
58, 59, 60
58, 61
58, 57, 62
58, 57, 56, 63
58, 57, 56, 55, 64
58, 57, 56, 55, 54, 65
58, 57, 56, 55, 54, 53, 66
58, 59, 50, 51, 52, 67
58, 59, 50, 51, 68
58, 59, 50, 69
58, 61, 70
58, 57, 62, 71
58, 57, 56, 63, 72
58, 57, 56, 55, 64, 73
58, 57, 56, 55, 54, 65, 74
58, 57, 56, 55, 54, 53, 66, 75
58, 59, 50, 51, 52, 67, 76
58, 59, 50, 51, 68, 77
58, 59, 50, 69, 78
58, 59, 60, 79
58, 57, 62, 71, 80
58, 57, 56, 63, 72, 81
58, 57, 56, 55, 64, 73, 82
58, 57, 56, 55, 54, 65, 74, 83
58, 57, 56, 55, 54, 53, 66, 75, 84
58, 59, 50, 51, 52, 67, 76, 85
58, 59, 50, 51, 68, 77, 86
58, 59, 50, 69, 78, 87
58, 59, 60, 79, 88
58, 61, 70, 89
58, 57, 56, 63, 72, 81, 90
58, 57, 56, 55, 64, 73, 82, 91
58, 57, 56, 55, 54, 65, 74, 83, 92
58, 57, 56, 55, 54, 53, 66, 75, 84, 93
58, 59, 50, 51, 52, 67, 76, 85, 94
58, 59, 50, 51, 68, 77, 86, 95
58, 59, 50, 69, 78, 87, 96
58, 59, 60, 79, 88, 97
58, 61, 70, 89, 98
58, 57, 62, 71, 80, 99
59, 58, 57, 56, 63, 72, 81, 90, 0
59, 60, 79, 88, 97, 3, 2, 1
59, 60, 79, 88, 97, 3, 2
59, 60, 79, 88, 97, 3
59, 48, 37, 26, 15, 4
59, 48, 37, 26, 15, 4, 5
59, 48, 37, 26, 15, 4, 5, 6
59, 48, 37, 26, 15, 4, 5, 6, 7
59, 48, 37, 26, 15, 4, 5, 6, 7, 8
59, 58, 57, 56, 63, 72, 81, 90, 0, 9
59, 48, 37, 26, 15, 14, 13, 12, 11, 10
59, 48, 37, 26, 15, 14, 13, 12, 11
59, 48, 37, 26, 15, 14, 13, 12
59, 48, 37, 26, 15, 14, 13
59, 48, 37, 26, 15, 14
59, 48, 37, 26, 15
59, 48, 37, 26, 15, 16
59, 48, 37, 26, 15, 16, 17
59, 48, 37, 26, 15, 16, 17, 18
59, 48, 37, 26, 15, 16, 17, 18, 19
59, 48, 37, 26, 27, 28, 29, 20
59, 48, 37, 26, 25, 24, 23, 22, 21
59, 48, 37, 26, 25, 24, 23, 22
59, 48, 37, 26, 25, 24, 23
59, 48, 37, 26, 25, 24
59, 48, 37, 26, 25
59, 48, 37, 26
59, 48, 37, 26, 27
59, 48, 37, 26, 27, 28
59, 48, 37, 26, 27, 28, 29
59, 48, 37, 38, 39, 30
59, 48, 37, 38, 39, 30, 31
59, 48, 37, 36, 35, 34, 33, 32
59, 48, 37, 36, 35, 34, 33
59, 48, 37, 36, 35, 34
59, 48, 37, 36, 35
59, 48, 37, 36
59, 48, 37
59, 48, 37, 38
59, 48, 37, 38, 39
59, 48, 49, 40
59, 48, 49, 40, 41
59, 48, 49, 40, 41, 42
59, 48, 47, 46, 45, 44, 43
59, 48, 47, 46, 45, 44
59, 48, 47, 46, 45
59, 48, 47, 46
59, 48, 47
59, 48
59, 48, 49
59, 50
59, 50, 51
59, 50, 51, 52
59, 50, 51, 52, 53
59, 50, 51, 52, 53, 54
59, 58, 57, 56, 55
59, 58, 57, 56
59, 58, 57
59, 58
59, 60
59, 58, 61
59, 58, 57, 62
59, 58, 57, 56, 63
59, 58, 57, 56, 55, 64
59, 50, 51, 52, 53, 54, 65
59, 50, 51, 52, 53, 66
59, 50, 51, 52, 67
59, 50, 51, 68
59, 50, 69
59, 58, 61, 70
59, 58, 57, 62, 71
59, 58, 57, 56, 63, 72
59, 58, 57, 56, 55, 64, 73
59, 50, 51, 52, 53, 54, 65, 74
59, 50, 51, 52, 53, 66, 75
59, 50, 51, 52, 67, 76
59, 50, 51, 68, 77
59, 50, 69, 78
59, 60, 79
59, 58, 57, 62, 71, 80
59, 58, 57, 56, 63, 72, 81
59, 58, 57, 56, 55, 64, 73, 82
59, 50, 51, 52, 53, 54, 65, 74, 83
59, 50, 51, 52, 53, 66, 75, 84
59, 50, 51, 52, 67, 76, 85
59, 50, 51, 68, 77, 86
59, 50, 69, 78, 87
59, 60, 79, 88
59, 58, 61, 70, 89
59, 58, 57, 56, 63, 72, 81, 90
59, 58, 57, 56, 55, 64, 73, 82, 91
59, 50, 51, 52, 53, 54, 65, 74, 83, 92
59, 50, 51, 52, 53, 66, 75, 84, 93
59, 50, 51, 52, 67, 76, 85, 94
59, 50, 51, 68, 77, 86, 95
59, 50, 69, 78, 87, 96
59, 60, 79, 88, 97
59, 58, 61, 70, 89, 98
59, 58, 57, 62, 71, 80, 99
60, 61, 62, 63, 72, 81, 90, 0
60, 79, 88, 97, 3, 2, 1
60, 79, 88, 97, 3, 2
60, 79, 88, 97, 3
60, 69, 78, 87, 96, 4
60, 69, 68, 77, 86, 95, 5
60, 69, 68, 67, 76, 85, 94, 6
60, 69, 68, 67, 66, 75, 84, 93, 7
60, 61, 62, 63, 72, 81, 90, 0, 9, 8
60, 61, 62, 63, 72, 81, 90, 0, 9
60, 61, 62, 63, 72, 81, 90, 0, 9, 10
60, 61, 62, 63, 72, 81, 90, 0, 11
60, 79, 88, 97, 3, 2, 1, 12
60, 79, 88, 97, 3, 2, 13
60, 79, 88, 97, 3, 14
60, 59, 48, 37, 26, 15
60, 59, 48, 37, 26, 15, 16
60, 59, 48, 37, 26, 15, 16, 17
60, 59, 48, 37, 26, 15, 16, 17, 18
60, 59, 48, 37, 26, 15, 16, 17, 18, 19
60, 59, 48, 37, 26, 27, 28, 29, 20
60, 59, 48, 37, 26, 25, 24, 23, 22, 21
60, 59, 48, 37, 26, 25, 24, 23, 22
60, 59, 48, 37, 26, 25, 24, 23
60, 59, 48, 37, 26, 25, 24
60, 59, 48, 37, 26, 25
60, 59, 48, 37, 26
60, 59, 48, 37, 26, 27
60, 59, 48, 37, 26, 27, 28
60, 59, 48, 37, 26, 27, 28, 29
60, 59, 48, 37, 38, 39, 30
60, 59, 48, 37, 38, 39, 30, 31
60, 59, 48, 37, 36, 35, 34, 33, 32
60, 59, 48, 37, 36, 35, 34, 33
60, 59, 48, 37, 36, 35, 34
60, 59, 48, 37, 36, 35
60, 59, 48, 37, 36
60, 59, 48, 37
60, 59, 48, 37, 38
60, 59, 48, 37, 38, 39
60, 59, 48, 49, 40
60, 59, 48, 49, 40, 41
60, 59, 48, 49, 40, 41, 42
60, 59, 48, 47, 46, 45, 44, 43
60, 59, 48, 47, 46, 45, 44
60, 59, 48, 47, 46, 45
60, 59, 48, 47, 46
60, 59, 48, 47
60, 59, 48
60, 59, 48, 49
60, 59, 50
60, 59, 50, 51
60, 59, 50, 51, 52
60, 59, 50, 51, 52, 53
60, 59, 50, 51, 52, 53, 54
60, 59, 58, 57, 56, 55
60, 59, 58, 57, 56
60, 59, 58, 57
60, 59, 58
60, 59
60, 61
60, 61, 62
60, 61, 62, 63
60, 61, 62, 63, 64
60, 61, 62, 63, 64, 65
60, 69, 68, 67, 66
60, 69, 68, 67
60, 69, 68
60, 69
60, 61, 70
60, 61, 62, 71
60, 61, 62, 63, 72
60, 61, 62, 63, 64, 73
60, 61, 62, 63, 64, 65, 74
60, 69, 68, 67, 66, 75
60, 69, 68, 67, 76
60, 69, 68, 77
60, 69, 78
60, 79
60, 61, 62, 71, 80
60, 61, 62, 63, 72, 81
60, 61, 62, 63, 64, 73, 82
60, 61, 62, 63, 64, 65, 74, 83
60, 69, 68, 67, 66, 75, 84
60, 69, 68, 67, 76, 85
60, 69, 68, 77, 86
60, 69, 78, 87
60, 79, 88
60, 61, 70, 89
60, 61, 62, 63, 72, 81, 90
60, 61, 62, 63, 64, 73, 82, 91
60, 61, 62, 63, 64, 65, 74, 83, 92
60, 69, 68, 67, 66, 75, 84, 93
60, 69, 68, 67, 76, 85, 94
60, 69, 68, 77, 86, 95
60, 69, 78, 87, 96
60, 79, 88, 97
60, 61, 70, 89, 98
60, 61, 62, 71, 80, 99
61, 62, 63, 72, 81, 90, 0
61, 70, 89, 98, 2, 1
61, 70, 89, 98, 2
61, 60, 79, 88, 97, 3
61, 60, 69, 78, 87, 96, 4
61, 60, 69, 68, 77, 86, 95, 5
61, 60, 69, 68, 67, 76, 85, 94, 6
61, 62, 63, 72, 81, 90, 0, 9, 8, 7
61, 62, 63, 72, 81, 90, 0, 9, 8
61, 62, 63, 72, 81, 90, 0, 9
61, 62, 63, 72, 81, 90, 0, 9, 10
61, 62, 63, 72, 81, 90, 0, 11
61, 70, 89, 98, 2, 1, 12
61, 70, 89, 98, 2, 13
61, 58, 47, 36, 25, 14
61, 58, 47, 36, 25, 14, 15
61, 58, 47, 36, 25, 14, 15, 16
61, 58, 47, 36, 25, 14, 15, 16, 17
61, 58, 47, 36, 25, 14, 15, 16, 17, 18
61, 62, 63, 72, 81, 90, 0, 9, 8, 19
61, 58, 47, 36, 25, 24, 23, 22, 21, 20
61, 58, 47, 36, 25, 24, 23, 22, 21
61, 58, 47, 36, 25, 24, 23, 22
61, 58, 47, 36, 25, 24, 23
61, 58, 47, 36, 25, 24
61, 58, 47, 36, 25
61, 58, 47, 36, 25, 26
61, 58, 47, 36, 25, 26, 27
61, 58, 47, 36, 25, 26, 27, 28
61, 58, 47, 36, 25, 26, 27, 28, 29
61, 58, 47, 36, 37, 38, 39, 30
61, 58, 47, 36, 35, 34, 33, 32, 31
61, 58, 47, 36, 35, 34, 33, 32
61, 58, 47, 36, 35, 34, 33
61, 58, 47, 36, 35, 34
61, 58, 47, 36, 35
61, 58, 47, 36
61, 58, 47, 36, 37
61, 58, 47, 36, 37, 38
61, 58, 47, 36, 37, 38, 39
61, 58, 47, 48, 49, 40
61, 58, 47, 48, 49, 40, 41
61, 58, 47, 46, 45, 44, 43, 42
61, 58, 47, 46, 45, 44, 43
61, 58, 47, 46, 45, 44
61, 58, 47, 46, 45
61, 58, 47, 46
61, 58, 47
61, 58, 47, 48
61, 58, 47, 48, 49
61, 58, 59, 50
61, 58, 59, 50, 51
61, 58, 59, 50, 51, 52
61, 58, 57, 56, 55, 54, 53
61, 58, 57, 56, 55, 54
61, 58, 57, 56, 55
61, 58, 57, 56
61, 58, 57
61, 58
61, 58, 59
61, 60
61, 62
61, 62, 63
61, 62, 63, 64
61, 62, 63, 64, 65
61, 62, 63, 64, 65, 66
61, 60, 69, 68, 67
61, 60, 69, 68
61, 60, 69
61, 70
61, 62, 71
61, 62, 63, 72
61, 62, 63, 64, 73
61, 62, 63, 64, 65, 74
61, 62, 63, 64, 65, 66, 75
61, 60, 69, 68, 67, 76
61, 60, 69, 68, 77
61, 60, 69, 78
61, 60, 79
61, 62, 71, 80
61, 62, 63, 72, 81
61, 62, 63, 64, 73, 82
61, 62, 63, 64, 65, 74, 83
61, 62, 63, 64, 65, 66, 75, 84
61, 60, 69, 68, 67, 76, 85
61, 60, 69, 68, 77, 86
61, 60, 69, 78, 87
61, 60, 79, 88
61, 70, 89
61, 62, 63, 72, 81, 90
61, 62, 63, 64, 73, 82, 91
61, 62, 63, 64, 65, 74, 83, 92
61, 62, 63, 64, 65, 66, 75, 84, 93
61, 60, 69, 68, 67, 76, 85, 94
61, 60, 69, 68, 77, 86, 95
61, 60, 69, 78, 87, 96
61, 60, 79, 88, 97
61, 70, 89, 98
61, 62, 71, 80, 99
62, 63, 72, 81, 90, 0
62, 71, 80, 99, 1
62, 61, 70, 89, 98, 2
62, 61, 60, 79, 88, 97, 3
62, 61, 60, 69, 78, 87, 96, 4
62, 61, 60, 69, 68, 77, 86, 95, 5
62, 63, 72, 81, 90, 0, 9, 8, 7, 6
62, 63, 72, 81, 90, 0, 9, 8, 7
62, 63, 72, 81, 90, 0, 9, 8
62, 63, 72, 81, 90, 0, 9
62, 63, 72, 81, 90, 0, 9, 10
62, 63, 72, 81, 90, 0, 11
62, 71, 80, 99, 1, 12
62, 57, 46, 35, 24, 13
62, 57, 46, 35, 24, 13, 14
62, 57, 46, 35, 24, 13, 14, 15
62, 57, 46, 35, 24, 13, 14, 15, 16
62, 57, 46, 35, 24, 13, 14, 15, 16, 17
62, 63, 72, 81, 90, 0, 9, 8, 7, 18
62, 63, 72, 81, 90, 0, 9, 8, 19
62, 57, 46, 35, 24, 23, 22, 21, 20
62, 57, 46, 35, 24, 23, 22, 21
62, 57, 46, 35, 24, 23, 22
62, 57, 46, 35, 24, 23
62, 57, 46, 35, 24
62, 57, 46, 35, 24, 25
62, 57, 46, 35, 24, 25, 26
62, 57, 46, 35, 24, 25, 26, 27
62, 57, 46, 35, 24, 25, 26, 27, 28
62, 57, 46, 35, 24, 23, 22, 21, 20, 29
62, 57, 46, 35, 34, 33, 32, 31, 30
62, 57, 46, 35, 34, 33, 32, 31
62, 57, 46, 35, 34, 33, 32
62, 57, 46, 35, 34, 33
62, 57, 46, 35, 34
62, 57, 46, 35
62, 57, 46, 35, 36
62, 57, 46, 35, 36, 37
62, 57, 46, 35, 36, 37, 38
62, 57, 46, 35, 36, 37, 38, 39
62, 57, 46, 47, 48, 49, 40
62, 57, 46, 45, 44, 43, 42, 41
62, 57, 46, 45, 44, 43, 42
62, 57, 46, 45, 44, 43
62, 57, 46, 45, 44
62, 57, 46, 45
62, 57, 46
62, 57, 46, 47
62, 57, 46, 47, 48
62, 57, 46, 47, 48, 49
62, 57, 58, 59, 50
62, 57, 58, 59, 50, 51
62, 57, 56, 55, 54, 53, 52
62, 57, 56, 55, 54, 53
62, 57, 56, 55, 54
62, 57, 56, 55
62, 57, 56
62, 57
62, 57, 58
62, 57, 58, 59
62, 61, 60
62, 61
62, 63
62, 63, 64
62, 63, 64, 65
62, 63, 64, 65, 66
62, 63, 64, 65, 66, 67
62, 61, 60, 69, 68
62, 61, 60, 69
62, 61, 70
62, 71
62, 63, 72
62, 63, 64, 73
62, 63, 64, 65, 74
62, 63, 64, 65, 66, 75
62, 63, 64, 65, 66, 67, 76
62, 61, 60, 69, 68, 77
62, 61, 60, 69, 78
62, 61, 60, 79
62, 71, 80
62, 63, 72, 81
62, 63, 64, 73, 82
62, 63, 64, 65, 74, 83
62, 63, 64, 65, 66, 75, 84
62, 63, 64, 65, 66, 67, 76, 85
62, 61, 60, 69, 68, 77, 86
62, 61, 60, 69, 78, 87
62, 61, 60, 79, 88
62, 61, 70, 89
62, 63, 72, 81, 90
62, 63, 64, 73, 82, 91
62, 63, 64, 65, 74, 83, 92
62, 63, 64, 65, 66, 75, 84, 93
62, 63, 64, 65, 66, 67, 76, 85, 94
62, 61, 60, 69, 68, 77, 86, 95
62, 61, 60, 69, 78, 87, 96
62, 61, 60, 79, 88, 97
62, 61, 70, 89, 98
62, 71, 80, 99
63, 72, 81, 90, 0
63, 72, 81, 90, 0, 1
63, 72, 81, 90, 0, 1, 2
63, 72, 81, 90, 0, 1, 2, 3
63, 72, 81, 90, 0, 1, 2, 3, 4
63, 72, 81, 90, 0, 1, 2, 3, 4, 5
63, 72, 81, 90, 0, 9, 8, 7, 6
63, 72, 81, 90, 0, 9, 8, 7
63, 72, 81, 90, 0, 9, 8
63, 72, 81, 90, 0, 9
63, 72, 81, 90, 0, 9, 10
63, 72, 81, 90, 0, 11
63, 56, 45, 34, 23, 12
63, 56, 45, 34, 23, 12, 13
63, 56, 45, 34, 23, 12, 13, 14
63, 56, 45, 34, 23, 12, 13, 14, 15
63, 56, 45, 34, 23, 12, 13, 14, 15, 16
63, 72, 81, 90, 0, 9, 8, 7, 6, 17
63, 72, 81, 90, 0, 9, 8, 7, 18
63, 72, 81, 90, 0, 9, 8, 19
63, 56, 45, 34, 23, 22, 21, 20
63, 56, 45, 34, 23, 22, 21
63, 56, 45, 34, 23, 22
63, 56, 45, 34, 23
63, 56, 45, 34, 23, 24
63, 56, 45, 34, 23, 24, 25
63, 56, 45, 34, 23, 24, 25, 26
63, 56, 45, 34, 23, 24, 25, 26, 27
63, 56, 45, 34, 23, 24, 25, 26, 27, 28
63, 56, 45, 34, 23, 22, 21, 20, 29
63, 56, 45, 34, 33, 32, 31, 30
63, 56, 45, 34, 33, 32, 31
63, 56, 45, 34, 33, 32
63, 56, 45, 34, 33
63, 56, 45, 34
63, 56, 45, 34, 35
63, 56, 45, 34, 35, 36
63, 56, 45, 34, 35, 36, 37
63, 56, 45, 34, 35, 36, 37, 38
63, 56, 45, 34, 33, 32, 31, 30, 39
63, 56, 45, 44, 43, 42, 41, 40
63, 56, 45, 44, 43, 42, 41
63, 56, 45, 44, 43, 42
63, 56, 45, 44, 43
63, 56, 45, 44
63, 56, 45
63, 56, 45, 46
63, 56, 45, 46, 47
63, 56, 45, 46, 47, 48
63, 56, 45, 46, 47, 48, 49
63, 56, 57, 58, 59, 50
63, 56, 55, 54, 53, 52, 51
63, 56, 55, 54, 53, 52
63, 56, 55, 54, 53
63, 56, 55, 54
63, 56, 55
63, 56
63, 56, 57
63, 56, 57, 58
63, 56, 57, 58, 59
63, 62, 61, 60
63, 62, 61
63, 62
63, 64
63, 64, 65
63, 64, 65, 66
63, 64, 65, 66, 67
63, 64, 65, 66, 67, 68
63, 62, 61, 60, 69
63, 62, 61, 70
63, 62, 71
63, 72
63, 64, 73
63, 64, 65, 74
63, 64, 65, 66, 75
63, 64, 65, 66, 67, 76
63, 64, 65, 66, 67, 68, 77
63, 62, 61, 60, 69, 78
63, 62, 61, 60, 79
63, 62, 71, 80
63, 72, 81
63, 64, 73, 82
63, 64, 65, 74, 83
63, 64, 65, 66, 75, 84
63, 64, 65, 66, 67, 76, 85
63, 64, 65, 66, 67, 68, 77, 86
63, 62, 61, 60, 69, 78, 87
63, 62, 61, 60, 79, 88
63, 62, 61, 70, 89
63, 72, 81, 90
63, 64, 73, 82, 91
63, 64, 65, 74, 83, 92
63, 64, 65, 66, 75, 84, 93
63, 64, 65, 66, 67, 76, 85, 94
63, 64, 65, 66, 67, 68, 77, 86, 95
63, 62, 61, 60, 69, 78, 87, 96
63, 62, 61, 60, 79, 88, 97
63, 62, 61, 70, 89, 98
63, 62, 71, 80, 99
64, 63, 72, 81, 90, 0
64, 63, 72, 81, 90, 0, 1
64, 63, 72, 81, 90, 0, 1, 2
64, 63, 72, 81, 90, 0, 1, 2, 3
64, 63, 72, 81, 90, 0, 1, 2, 3, 4
64, 73, 82, 91, 9, 8, 7, 6, 5
64, 73, 82, 91, 9, 8, 7, 6
64, 73, 82, 91, 9, 8, 7
64, 73, 82, 91, 9, 8
64, 73, 82, 91, 9
64, 73, 82, 91, 9, 10
64, 55, 44, 33, 22, 11
64, 55, 44, 33, 22, 11, 12
64, 55, 44, 33, 22, 11, 12, 13
64, 55, 44, 33, 22, 11, 12, 13, 14
64, 55, 44, 33, 22, 11, 12, 13, 14, 15
64, 73, 82, 91, 9, 8, 7, 6, 5, 16
64, 73, 82, 91, 9, 8, 7, 6, 17
64, 73, 82, 91, 9, 8, 7, 18
64, 73, 82, 91, 9, 8, 19
64, 55, 44, 33, 22, 21, 20
64, 55, 44, 33, 22, 21
64, 55, 44, 33, 22
64, 55, 44, 33, 22, 23
64, 55, 44, 33, 22, 23, 24
64, 55, 44, 33, 22, 23, 24, 25
64, 55, 44, 33, 22, 23, 24, 25, 26
64, 55, 44, 33, 22, 23, 24, 25, 26, 27
64, 55, 44, 33, 22, 21, 20, 29, 28
64, 55, 44, 33, 22, 21, 20, 29
64, 55, 44, 33, 32, 31, 30
64, 55, 44, 33, 32, 31
64, 55, 44, 33, 32
64, 55, 44, 33
64, 55, 44, 33, 34
64, 55, 44, 33, 34, 35
64, 55, 44, 33, 34, 35, 36
64, 55, 44, 33, 34, 35, 36, 37
64, 55, 44, 33, 34, 35, 36, 37, 38
64, 55, 44, 33, 32, 31, 30, 39
64, 55, 44, 43, 42, 41, 40
64, 55, 44, 43, 42, 41
64, 55, 44, 43, 42
64, 55, 44, 43
64, 55, 44
64, 55, 44, 45
64, 55, 44, 45, 46
64, 55, 44, 45, 46, 47
64, 55, 44, 45, 46, 47, 48
64, 55, 44, 43, 42, 41, 40, 49
64, 55, 54, 53, 52, 51, 50
64, 55, 54, 53, 52, 51
64, 55, 54, 53, 52
64, 55, 54, 53
64, 55, 54
64, 55
64, 55, 56
64, 55, 56, 57
64, 55, 56, 57, 58
64, 55, 56, 57, 58, 59
64, 63, 62, 61, 60
64, 63, 62, 61
64, 63, 62
64, 63
64, 65
64, 65, 66
64, 65, 66, 67
64, 65, 66, 67, 68
64, 63, 62, 61, 60, 69
64, 63, 62, 61, 70
64, 63, 62, 71
64, 63, 72
64, 73
64, 65, 74
64, 65, 66, 75
64, 65, 66, 67, 76
64, 65, 66, 67, 68, 77
64, 63, 62, 61, 60, 69, 78
64, 63, 62, 61, 60, 79
64, 63, 62, 71, 80
64, 63, 72, 81
64, 73, 82
64, 65, 74, 83
64, 65, 66, 75, 84
64, 65, 66, 67, 76, 85
64, 65, 66, 67, 68, 77, 86
64, 63, 62, 61, 60, 69, 78, 87
64, 63, 62, 61, 60, 79, 88
64, 63, 62, 61, 70, 89
64, 63, 72, 81, 90
64, 73, 82, 91
64, 65, 74, 83, 92
64, 65, 66, 75, 84, 93
64, 65, 66, 67, 76, 85, 94
64, 65, 66, 67, 68, 77, 86, 95
64, 63, 62, 61, 60, 69, 78, 87, 96
64, 63, 62, 61, 60, 79, 88, 97
64, 63, 62, 61, 70, 89, 98
64, 63, 62, 71, 80, 99
65, 64, 63, 72, 81, 90, 0
65, 64, 63, 72, 81, 90, 0, 1
65, 64, 63, 72, 81, 90, 0, 1, 2
65, 64, 63, 72, 81, 90, 0, 1, 2, 3
65, 74, 83, 92, 8, 7, 6, 5, 4
65, 74, 83, 92, 8, 7, 6, 5
65, 74, 83, 92, 8, 7, 6
65, 74, 83, 92, 8, 7
65, 74, 83, 92, 8
65, 64, 73, 82, 91, 9
65, 54, 43, 32, 21, 10
65, 54, 43, 32, 21, 10, 11
65, 54, 43, 32, 21, 10, 11, 12
65, 54, 43, 32, 21, 10, 11, 12, 13
65, 54, 43, 32, 21, 10, 11, 12, 13, 14
65, 74, 83, 92, 8, 7, 6, 5, 4, 15
65, 74, 83, 92, 8, 7, 6, 5, 16
65, 74, 83, 92, 8, 7, 6, 17
65, 74, 83, 92, 8, 7, 18
65, 74, 83, 92, 8, 19
65, 54, 43, 32, 21, 20
65, 54, 43, 32, 21
65, 54, 43, 32, 21, 22
65, 54, 43, 32, 21, 22, 23
65, 54, 43, 32, 21, 22, 23, 24
65, 54, 43, 32, 21, 22, 23, 24, 25
65, 54, 43, 32, 21, 22, 23, 24, 25, 26
65, 54, 43, 32, 21, 20, 29, 28, 27
65, 54, 43, 32, 21, 20, 29, 28
65, 54, 43, 32, 21, 20, 29
65, 54, 43, 32, 31, 30
65, 54, 43, 32, 31
65, 54, 43, 32
65, 54, 43, 32, 33
65, 54, 43, 32, 33, 34
65, 54, 43, 32, 33, 34, 35
65, 54, 43, 32, 33, 34, 35, 36
65, 54, 43, 32, 33, 34, 35, 36, 37
65, 54, 43, 32, 31, 30, 39, 38
65, 54, 43, 32, 31, 30, 39
65, 54, 43, 42, 41, 40
65, 54, 43, 42, 41
65, 54, 43, 42
65, 54, 43
65, 54, 43, 44
65, 54, 43, 44, 45
65, 54, 43, 44, 45, 46
65, 54, 43, 44, 45, 46, 47
65, 54, 43, 44, 45, 46, 47, 48
65, 54, 43, 42, 41, 40, 49
65, 54, 53, 52, 51, 50
65, 54, 53, 52, 51
65, 54, 53, 52
65, 54, 53
65, 54
65, 54, 55
65, 54, 55, 56
65, 54, 55, 56, 57
65, 54, 55, 56, 57, 58
65, 54, 53, 52, 51, 50, 59
65, 64, 63, 62, 61, 60
65, 64, 63, 62, 61
65, 64, 63, 62
65, 64, 63
65, 64
65, 66
65, 66, 67
65, 66, 67, 68
65, 66, 67, 68, 69
65, 64, 63, 62, 61, 70
65, 64, 63, 62, 71
65, 64, 63, 72
65, 64, 73
65, 74
65, 66, 75
65, 66, 67, 76
65, 66, 67, 68, 77
65, 66, 67, 68, 69, 78
65, 64, 63, 62, 61, 60, 79
65, 64, 63, 62, 71, 80
65, 64, 63, 72, 81
65, 64, 73, 82
65, 74, 83
65, 66, 75, 84
65, 66, 67, 76, 85
65, 66, 67, 68, 77, 86
65, 66, 67, 68, 69, 78, 87
65, 64, 63, 62, 61, 60, 79, 88
65, 64, 63, 62, 61, 70, 89
65, 64, 63, 72, 81, 90
65, 64, 73, 82, 91
65, 74, 83, 92
65, 66, 75, 84, 93
65, 66, 67, 76, 85, 94
65, 66, 67, 68, 77, 86, 95
65, 66, 67, 68, 69, 78, 87, 96
65, 64, 63, 62, 61, 60, 79, 88, 97
65, 64, 63, 62, 61, 70, 89, 98
65, 64, 63, 62, 71, 80, 99
66, 65, 64, 63, 72, 81, 90, 0
66, 65, 64, 63, 72, 81, 90, 0, 1
66, 65, 64, 63, 72, 81, 90, 0, 1, 2
66, 75, 84, 93, 7, 6, 5, 4, 3
66, 75, 84, 93, 7, 6, 5, 4
66, 75, 84, 93, 7, 6, 5
66, 75, 84, 93, 7, 6
66, 75, 84, 93, 7
66, 65, 74, 83, 92, 8
66, 65, 64, 73, 82, 91, 9
66, 53, 42, 31, 20, 19, 10
66, 53, 42, 31, 20, 19, 10, 11
66, 53, 42, 31, 20, 19, 10, 11, 12
66, 53, 42, 31, 20, 19, 10, 11, 12, 13
66, 75, 84, 93, 7, 6, 5, 4, 3, 14
66, 75, 84, 93, 7, 6, 5, 4, 15
66, 75, 84, 93, 7, 6, 5, 16
66, 75, 84, 93, 7, 6, 17
66, 75, 84, 93, 7, 18
66, 53, 42, 31, 20, 19
66, 53, 42, 31, 20
66, 53, 42, 31, 20, 21
66, 53, 42, 31, 20, 21, 22
66, 53, 42, 31, 20, 21, 22, 23
66, 53, 42, 31, 20, 21, 22, 23, 24
66, 53, 42, 31, 20, 21, 22, 23, 24, 25
66, 53, 42, 31, 20, 29, 28, 27, 26
66, 53, 42, 31, 20, 29, 28, 27
66, 53, 42, 31, 20, 29, 28
66, 53, 42, 31, 20, 29
66, 53, 42, 31, 30
66, 53, 42, 31
66, 53, 42, 31, 32
66, 53, 42, 31, 32, 33
66, 53, 42, 31, 32, 33, 34
66, 53, 42, 31, 32, 33, 34, 35
66, 53, 42, 31, 32, 33, 34, 35, 36
66, 53, 42, 31, 30, 39, 38, 37
66, 53, 42, 31, 30, 39, 38
66, 53, 42, 31, 30, 39
66, 53, 42, 41, 40
66, 53, 42, 41
66, 53, 42
66, 53, 42, 43
66, 53, 42, 43, 44
66, 53, 42, 43, 44, 45
66, 53, 42, 43, 44, 45, 46
66, 53, 42, 43, 44, 45, 46, 47
66, 53, 42, 41, 40, 49, 48
66, 53, 42, 41, 40, 49
66, 53, 52, 51, 50
66, 53, 52, 51
66, 53, 52
66, 53
66, 53, 54
66, 53, 54, 55
66, 53, 54, 55, 56
66, 53, 54, 55, 56, 57
66, 53, 54, 55, 56, 57, 58
66, 53, 52, 51, 50, 59
66, 67, 68, 69, 60
66, 65, 64, 63, 62, 61
66, 65, 64, 63, 62
66, 65, 64, 63
66, 65, 64
66, 65
66, 67
66, 67, 68
66, 67, 68, 69
66, 65, 64, 63, 62, 61, 70
66, 65, 64, 63, 62, 71
66, 65, 64, 63, 72
66, 65, 64, 73
66, 65, 74
66, 75
66, 67, 76
66, 67, 68, 77
66, 67, 68, 69, 78
66, 67, 68, 69, 60, 79
66, 65, 64, 63, 62, 71, 80
66, 65, 64, 63, 72, 81
66, 65, 64, 73, 82
66, 65, 74, 83
66, 75, 84
66, 67, 76, 85
66, 67, 68, 77, 86
66, 67, 68, 69, 78, 87
66, 67, 68, 69, 60, 79, 88
66, 65, 64, 63, 62, 61, 70, 89
66, 65, 64, 63, 72, 81, 90
66, 65, 64, 73, 82, 91
66, 65, 74, 83, 92
66, 75, 84, 93
66, 67, 76, 85, 94
66, 67, 68, 77, 86, 95
66, 67, 68, 69, 78, 87, 96
66, 67, 68, 69, 60, 79, 88, 97
66, 65, 64, 63, 62, 61, 70, 89, 98
66, 65, 64, 63, 62, 71, 80, 99
67, 66, 65, 64, 63, 72, 81, 90, 0
67, 66, 65, 64, 63, 72, 81, 90, 0, 1
67, 76, 85, 94, 6, 5, 4, 3, 2
67, 76, 85, 94, 6, 5, 4, 3
67, 76, 85, 94, 6, 5, 4
67, 76, 85, 94, 6, 5
67, 76, 85, 94, 6
67, 66, 75, 84, 93, 7
67, 66, 65, 74, 83, 92, 8
67, 66, 65, 64, 73, 82, 91, 9
67, 52, 41, 30, 29, 18, 19, 10
67, 52, 41, 30, 29, 18, 19, 10, 11
67, 52, 41, 30, 29, 18, 19, 10, 11, 12
67, 76, 85, 94, 6, 5, 4, 3, 2, 13
67, 76, 85, 94, 6, 5, 4, 3, 14
67, 76, 85, 94, 6, 5, 4, 15
67, 76, 85, 94, 6, 5, 16
67, 76, 85, 94, 6, 17
67, 52, 41, 30, 29, 18
67, 52, 41, 30, 29, 18, 19
67, 52, 41, 30, 29, 20
67, 52, 41, 30, 29, 20, 21
67, 52, 41, 30, 29, 20, 21, 22
67, 52, 41, 30, 29, 20, 21, 22, 23
67, 52, 41, 30, 29, 20, 21, 22, 23, 24
67, 52, 41, 30, 29, 28, 27, 26, 25
67, 52, 41, 30, 29, 28, 27, 26
67, 52, 41, 30, 29, 28, 27
67, 52, 41, 30, 29, 28
67, 52, 41, 30, 29
67, 52, 41, 30
67, 52, 41, 30, 31
67, 52, 41, 30, 31, 32
67, 52, 41, 30, 31, 32, 33
67, 52, 41, 30, 31, 32, 33, 34
67, 52, 41, 30, 31, 32, 33, 34, 35
67, 52, 41, 30, 39, 38, 37, 36
67, 52, 41, 30, 39, 38, 37
67, 52, 41, 30, 39, 38
67, 52, 41, 30, 39
67, 52, 41, 40
67, 52, 41
67, 52, 41, 42
67, 52, 41, 42, 43
67, 52, 41, 42, 43, 44
67, 52, 41, 42, 43, 44, 45
67, 52, 41, 42, 43, 44, 45, 46
67, 52, 41, 40, 49, 48, 47
67, 52, 41, 40, 49, 48
67, 52, 41, 40, 49
67, 52, 51, 50
67, 52, 51
67, 52
67, 52, 53
67, 52, 53, 54
67, 52, 53, 54, 55
67, 52, 53, 54, 55, 56
67, 52, 53, 54, 55, 56, 57
67, 52, 51, 50, 59, 58
67, 52, 51, 50, 59
67, 68, 69, 60
67, 68, 69, 60, 61
67, 66, 65, 64, 63, 62
67, 66, 65, 64, 63
67, 66, 65, 64
67, 66, 65
67, 66
67, 68
67, 68, 69
67, 68, 69, 60, 61, 70
67, 66, 65, 64, 63, 62, 71
67, 66, 65, 64, 63, 72
67, 66, 65, 64, 73
67, 66, 65, 74
67, 66, 75
67, 76
67, 68, 77
67, 68, 69, 78
67, 68, 69, 60, 79
67, 66, 65, 64, 63, 62, 71, 80
67, 66, 65, 64, 63, 72, 81
67, 66, 65, 64, 73, 82
67, 66, 65, 74, 83
67, 66, 75, 84
67, 76, 85
67, 68, 77, 86
67, 68, 69, 78, 87
67, 68, 69, 60, 79, 88
67, 68, 69, 60, 61, 70, 89
67, 66, 65, 64, 63, 72, 81, 90
67, 66, 65, 64, 73, 82, 91
67, 66, 65, 74, 83, 92
67, 66, 75, 84, 93
67, 76, 85, 94
67, 68, 77, 86, 95
67, 68, 69, 78, 87, 96
67, 68, 69, 60, 79, 88, 97
67, 68, 69, 60, 61, 70, 89, 98
67, 66, 65, 64, 63, 62, 71, 80, 99
68, 67, 66, 65, 64, 63, 72, 81, 90, 0
68, 77, 86, 95, 5, 4, 3, 2, 1
68, 77, 86, 95, 5, 4, 3, 2
68, 77, 86, 95, 5, 4, 3
68, 77, 86, 95, 5, 4
68, 77, 86, 95, 5
68, 67, 76, 85, 94, 6
68, 67, 66, 75, 84, 93, 7
68, 67, 66, 65, 74, 83, 92, 8
68, 67, 66, 65, 64, 73, 82, 91, 9
68, 51, 40, 39, 28, 17, 18, 19, 10
68, 51, 40, 39, 28, 17, 18, 19, 10, 11
68, 77, 86, 95, 5, 4, 3, 2, 1, 12
68, 77, 86, 95, 5, 4, 3, 2, 13
68, 77, 86, 95, 5, 4, 3, 14
68, 77, 86, 95, 5, 4, 15
68, 77, 86, 95, 5, 16
68, 51, 40, 39, 28, 17
68, 51, 40, 39, 28, 17, 18
68, 51, 40, 39, 28, 17, 18, 19
68, 51, 40, 39, 28, 29, 20
68, 51, 40, 39, 28, 29, 20, 21
68, 51, 40, 39, 28, 29, 20, 21, 22
68, 51, 40, 39, 28, 27, 26, 25, 24, 23
68, 51, 40, 39, 28, 27, 26, 25, 24
68, 51, 40, 39, 28, 27, 26, 25
68, 51, 40, 39, 28, 27, 26
68, 51, 40, 39, 28, 27
68, 51, 40, 39, 28
68, 51, 40, 39, 28, 29
68, 51, 40, 39, 30
68, 51, 40, 39, 30, 31
68, 51, 40, 39, 30, 31, 32
68, 51, 40, 39, 30, 31, 32, 33
68, 51, 40, 39, 30, 31, 32, 33, 34
68, 51, 40, 39, 38, 37, 36, 35
68, 51, 40, 39, 38, 37, 36
68, 51, 40, 39, 38, 37
68, 51, 40, 39, 38
68, 51, 40, 39
68, 51, 40
68, 51, 40, 41
68, 51, 40, 41, 42
68, 51, 40, 41, 42, 43
68, 51, 40, 41, 42, 43, 44
68, 51, 40, 41, 42, 43, 44, 45
68, 51, 40, 49, 48, 47, 46
68, 51, 40, 49, 48, 47
68, 51, 40, 49, 48
68, 51, 40, 49
68, 51, 50
68, 51
68, 51, 52
68, 51, 52, 53
68, 51, 52, 53, 54
68, 51, 52, 53, 54, 55
68, 51, 52, 53, 54, 55, 56
68, 51, 50, 59, 58, 57
68, 51, 50, 59, 58
68, 51, 50, 59
68, 69, 60
68, 69, 60, 61
68, 69, 60, 61, 62
68, 67, 66, 65, 64, 63
68, 67, 66, 65, 64
68, 67, 66, 65
68, 67, 66
68, 67
68, 69
68, 69, 60, 61, 70
68, 69, 60, 61, 62, 71
68, 67, 66, 65, 64, 63, 72
68, 67, 66, 65, 64, 73
68, 67, 66, 65, 74
68, 67, 66, 75
68, 67, 76
68, 77
68, 69, 78
68, 69, 60, 79
68, 69, 60, 61, 62, 71, 80
68, 67, 66, 65, 64, 63, 72, 81
68, 67, 66, 65, 64, 73, 82
68, 67, 66, 65, 74, 83
68, 67, 66, 75, 84
68, 67, 76, 85
68, 77, 86
68, 69, 78, 87
68, 69, 60, 79, 88
68, 69, 60, 61, 70, 89
68, 67, 66, 65, 64, 63, 72, 81, 90
68, 67, 66, 65, 64, 73, 82, 91
68, 67, 66, 65, 74, 83, 92
68, 67, 66, 75, 84, 93
68, 67, 76, 85, 94
68, 77, 86, 95
68, 69, 78, 87, 96
68, 69, 60, 79, 88, 97
68, 69, 60, 61, 70, 89, 98
68, 69, 60, 61, 62, 71, 80, 99
69, 60, 61, 62, 63, 72, 81, 90, 0
69, 78, 87, 96, 4, 3, 2, 1
69, 78, 87, 96, 4, 3, 2
69, 78, 87, 96, 4, 3
69, 78, 87, 96, 4
69, 68, 77, 86, 95, 5
69, 68, 67, 76, 85, 94, 6
69, 68, 67, 66, 75, 84, 93, 7
69, 68, 67, 66, 65, 74, 83, 92, 8
69, 60, 61, 62, 63, 72, 81, 90, 0, 9
69, 50, 49, 38, 27, 16, 17, 18, 19, 10
69, 60, 61, 62, 63, 72, 81, 90, 0, 11
69, 78, 87, 96, 4, 3, 2, 1, 12
69, 78, 87, 96, 4, 3, 2, 13
69, 78, 87, 96, 4, 3, 14
69, 78, 87, 96, 4, 15
69, 50, 49, 38, 27, 16
69, 50, 49, 38, 27, 16, 17
69, 50, 49, 38, 27, 16, 17, 18
69, 50, 49, 38, 27, 16, 17, 18, 19
69, 50, 49, 38, 27, 28, 29, 20
69, 50, 49, 38, 27, 28, 29, 20, 21
69, 50, 49, 38, 27, 26, 25, 24, 23, 22
69, 50, 49, 38, 27, 26, 25, 24, 23
69, 50, 49, 38, 27, 26, 25, 24
69, 50, 49, 38, 27, 26, 25
69, 50, 49, 38, 27, 26
69, 50, 49, 38, 27
69, 50, 49, 38, 27, 28
69, 50, 49, 38, 27, 28, 29
69, 50, 49, 38, 39, 30
69, 50, 49, 38, 39, 30, 31
69, 50, 49, 38, 39, 30, 31, 32
69, 50, 49, 38, 37, 36, 35, 34, 33
69, 50, 49, 38, 37, 36, 35, 34
69, 50, 49, 38, 37, 36, 35
69, 50, 49, 38, 37, 36
69, 50, 49, 38, 37
69, 50, 49, 38
69, 50, 49, 38, 39
69, 50, 49, 40
69, 50, 49, 40, 41
69, 50, 49, 40, 41, 42
69, 50, 49, 40, 41, 42, 43
69, 50, 49, 40, 41, 42, 43, 44
69, 50, 49, 48, 47, 46, 45
69, 50, 49, 48, 47, 46
69, 50, 49, 48, 47
69, 50, 49, 48
69, 50, 49
69, 50
69, 50, 51
69, 50, 51, 52
69, 50, 51, 52, 53
69, 50, 51, 52, 53, 54
69, 50, 51, 52, 53, 54, 55
69, 50, 59, 58, 57, 56
69, 50, 59, 58, 57
69, 50, 59, 58
69, 50, 59
69, 60
69, 60, 61
69, 60, 61, 62
69, 60, 61, 62, 63
69, 60, 61, 62, 63, 64
69, 68, 67, 66, 65
69, 68, 67, 66
69, 68, 67
69, 68
69, 60, 61, 70
69, 60, 61, 62, 71
69, 60, 61, 62, 63, 72
69, 60, 61, 62, 63, 64, 73
69, 68, 67, 66, 65, 74
69, 68, 67, 66, 75
69, 68, 67, 76
69, 68, 77
69, 78
69, 60, 79
69, 60, 61, 62, 71, 80
69, 60, 61, 62, 63, 72, 81
69, 60, 61, 62, 63, 64, 73, 82
69, 68, 67, 66, 65, 74, 83
69, 68, 67, 66, 75, 84
69, 68, 67, 76, 85
69, 68, 77, 86
69, 78, 87
69, 60, 79, 88
69, 60, 61, 70, 89
69, 60, 61, 62, 63, 72, 81, 90
69, 60, 61, 62, 63, 64, 73, 82, 91
69, 68, 67, 66, 65, 74, 83, 92
69, 68, 67, 66, 75, 84, 93
69, 68, 67, 76, 85, 94
69, 68, 77, 86, 95
69, 78, 87, 96
69, 60, 79, 88, 97
69, 60, 61, 70, 89, 98
69, 60, 61, 62, 71, 80, 99
70, 71, 72, 81, 90, 0
70, 89, 98, 2, 1
70, 89, 98, 2
70, 79, 88, 97, 3
70, 79, 78, 87, 96, 4
70, 79, 78, 77, 86, 95, 5
70, 79, 78, 77, 76, 85, 94, 6
70, 71, 72, 81, 90, 0, 9, 8, 7
70, 71, 72, 81, 90, 0, 9, 8
70, 71, 72, 81, 90, 0, 9
70, 71, 72, 81, 90, 0, 9, 10
70, 71, 72, 81, 90, 0, 11
70, 89, 98, 2, 1, 12
70, 89, 98, 2, 13
70, 79, 88, 97, 3, 14
70, 79, 78, 87, 96, 4, 15
70, 79, 78, 77, 86, 95, 5, 16
70, 79, 78, 77, 76, 85, 94, 6, 17
70, 71, 72, 81, 90, 0, 9, 8, 7, 18
70, 71, 72, 81, 90, 0, 9, 8, 19
70, 71, 72, 81, 90, 0, 9, 8, 19, 20
70, 71, 72, 81, 90, 0, 9, 10, 21
70, 71, 72, 81, 90, 0, 11, 22
70, 89, 98, 2, 1, 12, 23
70, 89, 98, 2, 13, 24
70, 61, 58, 47, 36, 25
70, 61, 58, 47, 36, 25, 26
70, 61, 58, 47, 36, 25, 26, 27
70, 61, 58, 47, 36, 25, 26, 27, 28
70, 61, 58, 47, 36, 25, 26, 27, 28, 29
70, 61, 58, 47, 36, 37, 38, 39, 30
70, 61, 58, 47, 36, 35, 34, 33, 32, 31
70, 61, 58, 47, 36, 35, 34, 33, 32
70, 61, 58, 47, 36, 35, 34, 33
70, 61, 58, 47, 36, 35, 34
70, 61, 58, 47, 36, 35
70, 61, 58, 47, 36
70, 61, 58, 47, 36, 37
70, 61, 58, 47, 36, 37, 38
70, 61, 58, 47, 36, 37, 38, 39
70, 61, 58, 47, 48, 49, 40
70, 61, 58, 47, 48, 49, 40, 41
70, 61, 58, 47, 46, 45, 44, 43, 42
70, 61, 58, 47, 46, 45, 44, 43
70, 61, 58, 47, 46, 45, 44
70, 61, 58, 47, 46, 45
70, 61, 58, 47, 46
70, 61, 58, 47
70, 61, 58, 47, 48
70, 61, 58, 47, 48, 49
70, 61, 58, 59, 50
70, 61, 58, 59, 50, 51
70, 61, 58, 59, 50, 51, 52
70, 61, 58, 57, 56, 55, 54, 53
70, 61, 58, 57, 56, 55, 54
70, 61, 58, 57, 56, 55
70, 61, 58, 57, 56
70, 61, 58, 57
70, 61, 58
70, 61, 58, 59
70, 61, 60
70, 61
70, 61, 62
70, 61, 62, 63
70, 61, 62, 63, 64
70, 61, 62, 63, 64, 65
70, 61, 62, 63, 64, 65, 66
70, 61, 60, 69, 68, 67
70, 61, 60, 69, 68
70, 61, 60, 69
70, 71
70, 71, 72
70, 71, 72, 73
70, 71, 72, 73, 74
70, 71, 72, 73, 74, 75
70, 79, 78, 77, 76
70, 79, 78, 77
70, 79, 78
70, 79
70, 71, 80
70, 71, 72, 81
70, 71, 72, 73, 82
70, 71, 72, 73, 74, 83
70, 71, 72, 73, 74, 75, 84
70, 79, 78, 77, 76, 85
70, 79, 78, 77, 86
70, 79, 78, 87
70, 79, 88
70, 89
70, 71, 72, 81, 90
70, 71, 72, 73, 82, 91
70, 71, 72, 73, 74, 83, 92
70, 71, 72, 73, 74, 75, 84, 93
70, 79, 78, 77, 76, 85, 94
70, 79, 78, 77, 86, 95
70, 79, 78, 87, 96
70, 79, 88, 97
70, 89, 98
70, 71, 80, 99
71, 72, 81, 90, 0
71, 80, 99, 1
71, 70, 89, 98, 2
71, 70, 79, 88, 97, 3
71, 70, 79, 78, 87, 96, 4
71, 70, 79, 78, 77, 86, 95, 5
71, 72, 81, 90, 0, 9, 8, 7, 6
71, 72, 81, 90, 0, 9, 8, 7
71, 72, 81, 90, 0, 9, 8
71, 72, 81, 90, 0, 9
71, 72, 81, 90, 0, 9, 10
71, 72, 81, 90, 0, 11
71, 80, 99, 1, 12
71, 70, 89, 98, 2, 13
71, 70, 79, 88, 97, 3, 14
71, 70, 79, 78, 87, 96, 4, 15
71, 70, 79, 78, 77, 86, 95, 5, 16
71, 72, 81, 90, 0, 9, 8, 7, 6, 17
71, 72, 81, 90, 0, 9, 8, 7, 18
71, 72, 81, 90, 0, 9, 8, 19
71, 72, 81, 90, 0, 9, 8, 19, 20
71, 72, 81, 90, 0, 9, 10, 21
71, 72, 81, 90, 0, 11, 22
71, 80, 99, 1, 12, 23
71, 62, 57, 46, 35, 24
71, 62, 57, 46, 35, 24, 25
71, 62, 57, 46, 35, 24, 25, 26
71, 62, 57, 46, 35, 24, 25, 26, 27
71, 62, 57, 46, 35, 24, 25, 26, 27, 28
71, 72, 81, 90, 0, 9, 8, 7, 18, 29
71, 62, 57, 46, 35, 34, 33, 32, 31, 30
71, 62, 57, 46, 35, 34, 33, 32, 31
71, 62, 57, 46, 35, 34, 33, 32
71, 62, 57, 46, 35, 34, 33
71, 62, 57, 46, 35, 34
71, 62, 57, 46, 35
71, 62, 57, 46, 35, 36
71, 62, 57, 46, 35, 36, 37
71, 62, 57, 46, 35, 36, 37, 38
71, 62, 57, 46, 35, 36, 37, 38, 39
71, 62, 57, 46, 47, 48, 49, 40
71, 62, 57, 46, 45, 44, 43, 42, 41
71, 62, 57, 46, 45, 44, 43, 42
71, 62, 57, 46, 45, 44, 43
71, 62, 57, 46, 45, 44
71, 62, 57, 46, 45
71, 62, 57, 46
71, 62, 57, 46, 47
71, 62, 57, 46, 47, 48
71, 62, 57, 46, 47, 48, 49
71, 62, 57, 58, 59, 50
71, 62, 57, 58, 59, 50, 51
71, 62, 57, 56, 55, 54, 53, 52
71, 62, 57, 56, 55, 54, 53
71, 62, 57, 56, 55, 54
71, 62, 57, 56, 55
71, 62, 57, 56
71, 62, 57
71, 62, 57, 58
71, 62, 57, 58, 59
71, 62, 61, 60
71, 62, 61
71, 62
71, 62, 63
71, 62, 63, 64
71, 62, 63, 64, 65
71, 62, 63, 64, 65, 66
71, 62, 63, 64, 65, 66, 67
71, 62, 61, 60, 69, 68
71, 62, 61, 60, 69
71, 70
71, 72
71, 72, 73
71, 72, 73, 74
71, 72, 73, 74, 75
71, 72, 73, 74, 75, 76
71, 70, 79, 78, 77
71, 70, 79, 78
71, 70, 79
71, 80
71, 72, 81
71, 72, 73, 82
71, 72, 73, 74, 83
71, 72, 73, 74, 75, 84
71, 72, 73, 74, 75, 76, 85
71, 70, 79, 78, 77, 86
71, 70, 79, 78, 87
71, 70, 79, 88
71, 70, 89
71, 72, 81, 90
71, 72, 73, 82, 91
71, 72, 73, 74, 83, 92
71, 72, 73, 74, 75, 84, 93
71, 72, 73, 74, 75, 76, 85, 94
71, 70, 79, 78, 77, 86, 95
71, 70, 79, 78, 87, 96
71, 70, 79, 88, 97
71, 70, 89, 98
71, 80, 99
72, 81, 90, 0
72, 81, 90, 0, 1
72, 81, 90, 0, 1, 2
72, 81, 90, 0, 1, 2, 3
72, 81, 90, 0, 1, 2, 3, 4
72, 81, 90, 0, 1, 2, 3, 4, 5
72, 81, 90, 0, 9, 8, 7, 6
72, 81, 90, 0, 9, 8, 7
72, 81, 90, 0, 9, 8
72, 81, 90, 0, 9
72, 81, 90, 0, 9, 10
72, 81, 90, 0, 11
72, 81, 90, 0, 1, 12
72, 81, 90, 0, 1, 2, 13
72, 81, 90, 0, 1, 2, 3, 14
72, 81, 90, 0, 1, 2, 3, 4, 15
72, 81, 90, 0, 1, 2, 3, 4, 5, 16
72, 81, 90, 0, 9, 8, 7, 6, 17
72, 81, 90, 0, 9, 8, 7, 18
72, 81, 90, 0, 9, 8, 19
72, 81, 90, 0, 9, 8, 19, 20
72, 81, 90, 0, 9, 10, 21
72, 81, 90, 0, 11, 22
72, 63, 56, 45, 34, 23
72, 63, 56, 45, 34, 23, 24
72, 63, 56, 45, 34, 23, 24, 25
72, 63, 56, 45, 34, 23, 24, 25, 26
72, 63, 56, 45, 34, 23, 24, 25, 26, 27
72, 81, 90, 0, 9, 8, 7, 6, 17, 28
72, 81, 90, 0, 9, 8, 7, 18, 29
72, 63, 56, 45, 34, 33, 32, 31, 30
72, 63, 56, 45, 34, 33, 32, 31
72, 63, 56, 45, 34, 33, 32
72, 63, 56, 45, 34, 33
72, 63, 56, 45, 34
72, 63, 56, 45, 34, 35
72, 63, 56, 45, 34, 35, 36
72, 63, 56, 45, 34, 35, 36, 37
72, 63, 56, 45, 34, 35, 36, 37, 38
72, 63, 56, 45, 34, 33, 32, 31, 30, 39
72, 63, 56, 45, 44, 43, 42, 41, 40
72, 63, 56, 45, 44, 43, 42, 41
72, 63, 56, 45, 44, 43, 42
72, 63, 56, 45, 44, 43
72, 63, 56, 45, 44
72, 63, 56, 45
72, 63, 56, 45, 46
72, 63, 56, 45, 46, 47
72, 63, 56, 45, 46, 47, 48
72, 63, 56, 45, 46, 47, 48, 49
72, 63, 56, 57, 58, 59, 50
72, 63, 56, 55, 54, 53, 52, 51
72, 63, 56, 55, 54, 53, 52
72, 63, 56, 55, 54, 53
72, 63, 56, 55, 54
72, 63, 56, 55
72, 63, 56
72, 63, 56, 57
72, 63, 56, 57, 58
72, 63, 56, 57, 58, 59
72, 63, 62, 61, 60
72, 63, 62, 61
72, 63, 62
72, 63
72, 63, 64
72, 63, 64, 65
72, 63, 64, 65, 66
72, 63, 64, 65, 66, 67
72, 63, 64, 65, 66, 67, 68
72, 63, 62, 61, 60, 69
72, 71, 70
72, 71
72, 73
72, 73, 74
72, 73, 74, 75
72, 73, 74, 75, 76
72, 73, 74, 75, 76, 77
72, 71, 70, 79, 78
72, 71, 70, 79
72, 71, 80
72, 81
72, 73, 82
72, 73, 74, 83
72, 73, 74, 75, 84
72, 73, 74, 75, 76, 85
72, 73, 74, 75, 76, 77, 86
72, 71, 70, 79, 78, 87
72, 71, 70, 79, 88
72, 71, 70, 89
72, 81, 90
72, 73, 82, 91
72, 73, 74, 83, 92
72, 73, 74, 75, 84, 93
72, 73, 74, 75, 76, 85, 94
72, 73, 74, 75, 76, 77, 86, 95
72, 71, 70, 79, 78, 87, 96
72, 71, 70, 79, 88, 97
72, 71, 70, 89, 98
72, 71, 80, 99
73, 72, 81, 90, 0
73, 72, 81, 90, 0, 1
73, 72, 81, 90, 0, 1, 2
73, 72, 81, 90, 0, 1, 2, 3
73, 72, 81, 90, 0, 1, 2, 3, 4
73, 82, 91, 9, 8, 7, 6, 5
73, 82, 91, 9, 8, 7, 6
73, 82, 91, 9, 8, 7
73, 82, 91, 9, 8
73, 82, 91, 9
73, 82, 91, 9, 10
73, 72, 81, 90, 0, 11
73, 72, 81, 90, 0, 1, 12
73, 72, 81, 90, 0, 1, 2, 13
73, 72, 81, 90, 0, 1, 2, 3, 14
73, 72, 81, 90, 0, 1, 2, 3, 4, 15
73, 82, 91, 9, 8, 7, 6, 5, 16
73, 82, 91, 9, 8, 7, 6, 17
73, 82, 91, 9, 8, 7, 18
73, 82, 91, 9, 8, 19
73, 82, 91, 9, 8, 19, 20
73, 82, 91, 9, 10, 21
73, 64, 55, 44, 33, 22
73, 64, 55, 44, 33, 22, 23
73, 64, 55, 44, 33, 22, 23, 24
73, 64, 55, 44, 33, 22, 23, 24, 25
73, 64, 55, 44, 33, 22, 23, 24, 25, 26
73, 82, 91, 9, 8, 7, 6, 5, 16, 27
73, 82, 91, 9, 8, 7, 6, 17, 28
73, 82, 91, 9, 8, 7, 18, 29
73, 64, 55, 44, 33, 32, 31, 30
73, 64, 55, 44, 33, 32, 31
73, 64, 55, 44, 33, 32
73, 64, 55, 44, 33
73, 64, 55, 44, 33, 34
73, 64, 55, 44, 33, 34, 35
73, 64, 55, 44, 33, 34, 35, 36
73, 64, 55, 44, 33, 34, 35, 36, 37
73, 64, 55, 44, 33, 34, 35, 36, 37, 38
73, 64, 55, 44, 33, 32, 31, 30, 39
73, 64, 55, 44, 43, 42, 41, 40
73, 64, 55, 44, 43, 42, 41
73, 64, 55, 44, 43, 42
73, 64, 55, 44, 43
73, 64, 55, 44
73, 64, 55, 44, 45
73, 64, 55, 44, 45, 46
73, 64, 55, 44, 45, 46, 47
73, 64, 55, 44, 45, 46, 47, 48
73, 64, 55, 44, 43, 42, 41, 40, 49
73, 64, 55, 54, 53, 52, 51, 50
73, 64, 55, 54, 53, 52, 51
73, 64, 55, 54, 53, 52
73, 64, 55, 54, 53
73, 64, 55, 54
73, 64, 55
73, 64, 55, 56
73, 64, 55, 56, 57
73, 64, 55, 56, 57, 58
73, 64, 55, 56, 57, 58, 59
73, 64, 63, 62, 61, 60
73, 64, 63, 62, 61
73, 64, 63, 62
73, 64, 63
73, 64
73, 64, 65
73, 64, 65, 66
73, 64, 65, 66, 67
73, 64, 65, 66, 67, 68
73, 64, 63, 62, 61, 60, 69
73, 72, 71, 70
73, 72, 71
73, 72
73, 74
73, 74, 75
73, 74, 75, 76
73, 74, 75, 76, 77
73, 74, 75, 76, 77, 78
73, 72, 71, 70, 79
73, 72, 71, 80
73, 72, 81
73, 82
73, 74, 83
73, 74, 75, 84
73, 74, 75, 76, 85
73, 74, 75, 76, 77, 86
73, 74, 75, 76, 77, 78, 87
73, 72, 71, 70, 79, 88
73, 72, 71, 70, 89
73, 72, 81, 90
73, 82, 91
73, 74, 83, 92
73, 74, 75, 84, 93
73, 74, 75, 76, 85, 94
73, 74, 75, 76, 77, 86, 95
73, 74, 75, 76, 77, 78, 87, 96
73, 72, 71, 70, 79, 88, 97
73, 72, 71, 70, 89, 98
73, 72, 71, 80, 99
74, 73, 72, 81, 90, 0
74, 73, 72, 81, 90, 0, 1
74, 73, 72, 81, 90, 0, 1, 2
74, 73, 72, 81, 90, 0, 1, 2, 3
74, 83, 92, 8, 7, 6, 5, 4
74, 83, 92, 8, 7, 6, 5
74, 83, 92, 8, 7, 6
74, 83, 92, 8, 7
74, 83, 92, 8
74, 73, 82, 91, 9
74, 73, 82, 91, 9, 10
74, 73, 72, 81, 90, 0, 11
74, 73, 72, 81, 90, 0, 1, 12
74, 73, 72, 81, 90, 0, 1, 2, 13
74, 73, 72, 81, 90, 0, 1, 2, 3, 14
74, 83, 92, 8, 7, 6, 5, 4, 15
74, 83, 92, 8, 7, 6, 5, 16
74, 83, 92, 8, 7, 6, 17
74, 83, 92, 8, 7, 18
74, 83, 92, 8, 19
74, 83, 92, 8, 19, 20
74, 65, 54, 43, 32, 21
74, 65, 54, 43, 32, 21, 22
74, 65, 54, 43, 32, 21, 22, 23
74, 65, 54, 43, 32, 21, 22, 23, 24
74, 65, 54, 43, 32, 21, 22, 23, 24, 25
74, 83, 92, 8, 7, 6, 5, 4, 15, 26
74, 83, 92, 8, 7, 6, 5, 16, 27
74, 83, 92, 8, 7, 6, 17, 28
74, 83, 92, 8, 7, 18, 29
74, 65, 54, 43, 32, 31, 30
74, 65, 54, 43, 32, 31
74, 65, 54, 43, 32
74, 65, 54, 43, 32, 33
74, 65, 54, 43, 32, 33, 34
74, 65, 54, 43, 32, 33, 34, 35
74, 65, 54, 43, 32, 33, 34, 35, 36
74, 65, 54, 43, 32, 33, 34, 35, 36, 37
74, 65, 54, 43, 32, 31, 30, 39, 38
74, 65, 54, 43, 32, 31, 30, 39
74, 65, 54, 43, 42, 41, 40
74, 65, 54, 43, 42, 41
74, 65, 54, 43, 42
74, 65, 54, 43
74, 65, 54, 43, 44
74, 65, 54, 43, 44, 45
74, 65, 54, 43, 44, 45, 46
74, 65, 54, 43, 44, 45, 46, 47
74, 65, 54, 43, 44, 45, 46, 47, 48
74, 65, 54, 43, 42, 41, 40, 49
74, 65, 54, 53, 52, 51, 50
74, 65, 54, 53, 52, 51
74, 65, 54, 53, 52
74, 65, 54, 53
74, 65, 54
74, 65, 54, 55
74, 65, 54, 55, 56
74, 65, 54, 55, 56, 57
74, 65, 54, 55, 56, 57, 58
74, 65, 54, 53, 52, 51, 50, 59
74, 65, 64, 63, 62, 61, 60
74, 65, 64, 63, 62, 61
74, 65, 64, 63, 62
74, 65, 64, 63
74, 65, 64
74, 65
74, 65, 66
74, 65, 66, 67
74, 65, 66, 67, 68
74, 65, 66, 67, 68, 69
74, 73, 72, 71, 70
74, 73, 72, 71
74, 73, 72
74, 73
74, 75
74, 75, 76
74, 75, 76, 77
74, 75, 76, 77, 78
74, 73, 72, 71, 70, 79
74, 73, 72, 71, 80
74, 73, 72, 81
74, 73, 82
74, 83
74, 75, 84
74, 75, 76, 85
74, 75, 76, 77, 86
74, 75, 76, 77, 78, 87
74, 73, 72, 71, 70, 79, 88
74, 73, 72, 71, 70, 89
74, 73, 72, 81, 90
74, 73, 82, 91
74, 83, 92
74, 75, 84, 93
74, 75, 76, 85, 94
74, 75, 76, 77, 86, 95
74, 75, 76, 77, 78, 87, 96
74, 73, 72, 71, 70, 79, 88, 97
74, 73, 72, 71, 70, 89, 98
74, 73, 72, 71, 80, 99
75, 74, 73, 72, 81, 90, 0
75, 74, 73, 72, 81, 90, 0, 1
75, 74, 73, 72, 81, 90, 0, 1, 2
75, 84, 93, 7, 6, 5, 4, 3
75, 84, 93, 7, 6, 5, 4
75, 84, 93, 7, 6, 5
75, 84, 93, 7, 6
75, 84, 93, 7
75, 74, 83, 92, 8
75, 74, 73, 82, 91, 9
75, 74, 73, 82, 91, 9, 10
75, 74, 73, 72, 81, 90, 0, 11
75, 74, 73, 72, 81, 90, 0, 1, 12
75, 74, 73, 72, 81, 90, 0, 1, 2, 13
75, 84, 93, 7, 6, 5, 4, 3, 14
75, 84, 93, 7, 6, 5, 4, 15
75, 84, 93, 7, 6, 5, 16
75, 84, 93, 7, 6, 17
75, 84, 93, 7, 18
75, 74, 83, 92, 8, 19
75, 66, 53, 42, 31, 20
75, 66, 53, 42, 31, 20, 21
75, 66, 53, 42, 31, 20, 21, 22
75, 66, 53, 42, 31, 20, 21, 22, 23
75, 66, 53, 42, 31, 20, 21, 22, 23, 24
75, 84, 93, 7, 6, 5, 4, 3, 14, 25
75, 84, 93, 7, 6, 5, 4, 15, 26
75, 84, 93, 7, 6, 5, 16, 27
75, 84, 93, 7, 6, 17, 28
75, 84, 93, 7, 18, 29
75, 66, 53, 42, 31, 30
75, 66, 53, 42, 31
75, 66, 53, 42, 31, 32
75, 66, 53, 42, 31, 32, 33
75, 66, 53, 42, 31, 32, 33, 34
75, 66, 53, 42, 31, 32, 33, 34, 35
75, 66, 53, 42, 31, 32, 33, 34, 35, 36
75, 66, 53, 42, 31, 30, 39, 38, 37
75, 66, 53, 42, 31, 30, 39, 38
75, 66, 53, 42, 31, 30, 39
75, 66, 53, 42, 41, 40
75, 66, 53, 42, 41
75, 66, 53, 42
75, 66, 53, 42, 43
75, 66, 53, 42, 43, 44
75, 66, 53, 42, 43, 44, 45
75, 66, 53, 42, 43, 44, 45, 46
75, 66, 53, 42, 43, 44, 45, 46, 47
75, 66, 53, 42, 41, 40, 49, 48
75, 66, 53, 42, 41, 40, 49
75, 66, 53, 52, 51, 50
75, 66, 53, 52, 51
75, 66, 53, 52
75, 66, 53
75, 66, 53, 54
75, 66, 53, 54, 55
75, 66, 53, 54, 55, 56
75, 66, 53, 54, 55, 56, 57
75, 66, 53, 54, 55, 56, 57, 58
75, 66, 53, 52, 51, 50, 59
75, 66, 67, 68, 69, 60
75, 66, 65, 64, 63, 62, 61
75, 66, 65, 64, 63, 62
75, 66, 65, 64, 63
75, 66, 65, 64
75, 66, 65
75, 66
75, 66, 67
75, 66, 67, 68
75, 66, 67, 68, 69
75, 74, 73, 72, 71, 70
75, 74, 73, 72, 71
75, 74, 73, 72
75, 74, 73
75, 74
75, 76
75, 76, 77
75, 76, 77, 78
75, 76, 77, 78, 79
75, 74, 73, 72, 71, 80
75, 74, 73, 72, 81
75, 74, 73, 82
75, 74, 83
75, 84
75, 76, 85
75, 76, 77, 86
75, 76, 77, 78, 87
75, 76, 77, 78, 79, 88
75, 74, 73, 72, 71, 70, 89
75, 74, 73, 72, 81, 90
75, 74, 73, 82, 91
75, 74, 83, 92
75, 84, 93
75, 76, 85, 94
75, 76, 77, 86, 95
75, 76, 77, 78, 87, 96
75, 76, 77, 78, 79, 88, 97
75, 74, 73, 72, 71, 70, 89, 98
75, 74, 73, 72, 71, 80, 99
76, 75, 74, 73, 72, 81, 90, 0
76, 75, 74, 73, 72, 81, 90, 0, 1
76, 85, 94, 6, 5, 4, 3, 2
76, 85, 94, 6, 5, 4, 3
76, 85, 94, 6, 5, 4
76, 85, 94, 6, 5
76, 85, 94, 6
76, 75, 84, 93, 7
76, 75, 74, 83, 92, 8
76, 75, 74, 73, 82, 91, 9
76, 75, 74, 73, 82, 91, 9, 10
76, 75, 74, 73, 72, 81, 90, 0, 11
76, 75, 74, 73, 72, 81, 90, 0, 1, 12
76, 85, 94, 6, 5, 4, 3, 2, 13
76, 85, 94, 6, 5, 4, 3, 14
76, 85, 94, 6, 5, 4, 15
76, 85, 94, 6, 5, 16
76, 85, 94, 6, 17
76, 75, 84, 93, 7, 18
76, 75, 74, 83, 92, 8, 19
76, 67, 52, 41, 30, 29, 20
76, 67, 52, 41, 30, 29, 20, 21
76, 67, 52, 41, 30, 29, 20, 21, 22
76, 67, 52, 41, 30, 29, 20, 21, 22, 23
76, 85, 94, 6, 5, 4, 3, 2, 13, 24
76, 85, 94, 6, 5, 4, 3, 14, 25
76, 85, 94, 6, 5, 4, 15, 26
76, 85, 94, 6, 5, 16, 27
76, 85, 94, 6, 17, 28
76, 67, 52, 41, 30, 29
76, 67, 52, 41, 30
76, 67, 52, 41, 30, 31
76, 67, 52, 41, 30, 31, 32
76, 67, 52, 41, 30, 31, 32, 33
76, 67, 52, 41, 30, 31, 32, 33, 34
76, 67, 52, 41, 30, 31, 32, 33, 34, 35
76, 67, 52, 41, 30, 39, 38, 37, 36
76, 67, 52, 41, 30, 39, 38, 37
76, 67, 52, 41, 30, 39, 38
76, 67, 52, 41, 30, 39
76, 67, 52, 41, 40
76, 67, 52, 41
76, 67, 52, 41, 42
76, 67, 52, 41, 42, 43
76, 67, 52, 41, 42, 43, 44
76, 67, 52, 41, 42, 43, 44, 45
76, 67, 52, 41, 42, 43, 44, 45, 46
76, 67, 52, 41, 40, 49, 48, 47
76, 67, 52, 41, 40, 49, 48
76, 67, 52, 41, 40, 49
76, 67, 52, 51, 50
76, 67, 52, 51
76, 67, 52
76, 67, 52, 53
76, 67, 52, 53, 54
76, 67, 52, 53, 54, 55
76, 67, 52, 53, 54, 55, 56
76, 67, 52, 53, 54, 55, 56, 57
76, 67, 52, 51, 50, 59, 58
76, 67, 52, 51, 50, 59
76, 67, 68, 69, 60
76, 67, 68, 69, 60, 61
76, 67, 66, 65, 64, 63, 62
76, 67, 66, 65, 64, 63
76, 67, 66, 65, 64
76, 67, 66, 65
76, 67, 66
76, 67
76, 67, 68
76, 67, 68, 69
76, 77, 78, 79, 70
76, 75, 74, 73, 72, 71
76, 75, 74, 73, 72
76, 75, 74, 73
76, 75, 74
76, 75
76, 77
76, 77, 78
76, 77, 78, 79
76, 75, 74, 73, 72, 71, 80
76, 75, 74, 73, 72, 81
76, 75, 74, 73, 82
76, 75, 74, 83
76, 75, 84
76, 85
76, 77, 86
76, 77, 78, 87
76, 77, 78, 79, 88
76, 77, 78, 79, 70, 89
76, 75, 74, 73, 72, 81, 90
76, 75, 74, 73, 82, 91
76, 75, 74, 83, 92
76, 75, 84, 93
76, 85, 94
76, 77, 86, 95
76, 77, 78, 87, 96
76, 77, 78, 79, 88, 97
76, 77, 78, 79, 70, 89, 98
76, 75, 74, 73, 72, 71, 80, 99
77, 76, 75, 74, 73, 72, 81, 90, 0
77, 86, 95, 5, 4, 3, 2, 1
77, 86, 95, 5, 4, 3, 2
77, 86, 95, 5, 4, 3
77, 86, 95, 5, 4
77, 86, 95, 5
77, 76, 85, 94, 6
77, 76, 75, 84, 93, 7
77, 76, 75, 74, 83, 92, 8
77, 76, 75, 74, 73, 82, 91, 9
77, 76, 75, 74, 73, 82, 91, 9, 10
77, 76, 75, 74, 73, 72, 81, 90, 0, 11
77, 86, 95, 5, 4, 3, 2, 1, 12
77, 86, 95, 5, 4, 3, 2, 13
77, 86, 95, 5, 4, 3, 14
77, 86, 95, 5, 4, 15
77, 86, 95, 5, 16
77, 76, 85, 94, 6, 17
77, 76, 75, 84, 93, 7, 18
77, 76, 75, 74, 83, 92, 8, 19
77, 68, 51, 40, 39, 28, 29, 20
77, 68, 51, 40, 39, 28, 29, 20, 21
77, 68, 51, 40, 39, 28, 29, 20, 21, 22
77, 86, 95, 5, 4, 3, 2, 1, 12, 23
77, 86, 95, 5, 4, 3, 2, 13, 24
77, 86, 95, 5, 4, 3, 14, 25
77, 86, 95, 5, 4, 15, 26
77, 86, 95, 5, 16, 27
77, 68, 51, 40, 39, 28
77, 68, 51, 40, 39, 28, 29
77, 68, 51, 40, 39, 30
77, 68, 51, 40, 39, 30, 31
77, 68, 51, 40, 39, 30, 31, 32
77, 68, 51, 40, 39, 30, 31, 32, 33
77, 68, 51, 40, 39, 30, 31, 32, 33, 34
77, 68, 51, 40, 39, 38, 37, 36, 35
77, 68, 51, 40, 39, 38, 37, 36
77, 68, 51, 40, 39, 38, 37
77, 68, 51, 40, 39, 38
77, 68, 51, 40, 39
77, 68, 51, 40
77, 68, 51, 40, 41
77, 68, 51, 40, 41, 42
77, 68, 51, 40, 41, 42, 43
77, 68, 51, 40, 41, 42, 43, 44
77, 68, 51, 40, 41, 42, 43, 44, 45
77, 68, 51, 40, 49, 48, 47, 46
77, 68, 51, 40, 49, 48, 47
77, 68, 51, 40, 49, 48
77, 68, 51, 40, 49
77, 68, 51, 50
77, 68, 51
77, 68, 51, 52
77, 68, 51, 52, 53
77, 68, 51, 52, 53, 54
77, 68, 51, 52, 53, 54, 55
77, 68, 51, 52, 53, 54, 55, 56
77, 68, 51, 50, 59, 58, 57
77, 68, 51, 50, 59, 58
77, 68, 51, 50, 59
77, 68, 69, 60
77, 68, 69, 60, 61
77, 68, 69, 60, 61, 62
77, 68, 67, 66, 65, 64, 63
77, 68, 67, 66, 65, 64
77, 68, 67, 66, 65
77, 68, 67, 66
77, 68, 67
77, 68
77, 68, 69
77, 78, 79, 70
77, 78, 79, 70, 71
77, 76, 75, 74, 73, 72
77, 76, 75, 74, 73
77, 76, 75, 74
77, 76, 75
77, 76
77, 78
77, 78, 79
77, 78, 79, 70, 71, 80
77, 76, 75, 74, 73, 72, 81
77, 76, 75, 74, 73, 82
77, 76, 75, 74, 83
77, 76, 75, 84
77, 76, 85
77, 86
77, 78, 87
77, 78, 79, 88
77, 78, 79, 70, 89
77, 76, 75, 74, 73, 72, 81, 90
77, 76, 75, 74, 73, 82, 91
77, 76, 75, 74, 83, 92
77, 76, 75, 84, 93
77, 76, 85, 94
77, 86, 95
77, 78, 87, 96
77, 78, 79, 88, 97
77, 78, 79, 70, 89, 98
77, 78, 79, 70, 71, 80, 99
78, 79, 70, 71, 72, 81, 90, 0
78, 87, 96, 4, 3, 2, 1
78, 87, 96, 4, 3, 2
78, 87, 96, 4, 3
78, 87, 96, 4
78, 77, 86, 95, 5
78, 77, 76, 85, 94, 6
78, 77, 76, 75, 84, 93, 7
78, 77, 76, 75, 74, 83, 92, 8
78, 79, 70, 71, 72, 81, 90, 0, 9
78, 79, 70, 71, 72, 81, 90, 0, 9, 10
78, 79, 70, 71, 72, 81, 90, 0, 11
78, 87, 96, 4, 3, 2, 1, 12
78, 87, 96, 4, 3, 2, 13
78, 87, 96, 4, 3, 14
78, 87, 96, 4, 15
78, 77, 86, 95, 5, 16
78, 77, 76, 85, 94, 6, 17
78, 77, 76, 75, 84, 93, 7, 18
78, 77, 76, 75, 74, 83, 92, 8, 19
78, 69, 50, 49, 38, 27, 28, 29, 20
78, 69, 50, 49, 38, 27, 28, 29, 20, 21
78, 79, 70, 71, 72, 81, 90, 0, 11, 22
78, 87, 96, 4, 3, 2, 1, 12, 23
78, 87, 96, 4, 3, 2, 13, 24
78, 87, 96, 4, 3, 14, 25
78, 87, 96, 4, 15, 26
78, 69, 50, 49, 38, 27
78, 69, 50, 49, 38, 27, 28
78, 69, 50, 49, 38, 27, 28, 29
78, 69, 50, 49, 38, 39, 30
78, 69, 50, 49, 38, 39, 30, 31
78, 69, 50, 49, 38, 39, 30, 31, 32
78, 69, 50, 49, 38, 37, 36, 35, 34, 33
78, 69, 50, 49, 38, 37, 36, 35, 34
78, 69, 50, 49, 38, 37, 36, 35
78, 69, 50, 49, 38, 37, 36
78, 69, 50, 49, 38, 37
78, 69, 50, 49, 38
78, 69, 50, 49, 38, 39
78, 69, 50, 49, 40
78, 69, 50, 49, 40, 41
78, 69, 50, 49, 40, 41, 42
78, 69, 50, 49, 40, 41, 42, 43
78, 69, 50, 49, 40, 41, 42, 43, 44
78, 69, 50, 49, 48, 47, 46, 45
78, 69, 50, 49, 48, 47, 46
78, 69, 50, 49, 48, 47
78, 69, 50, 49, 48
78, 69, 50, 49
78, 69, 50
78, 69, 50, 51
78, 69, 50, 51, 52
78, 69, 50, 51, 52, 53
78, 69, 50, 51, 52, 53, 54
78, 69, 50, 51, 52, 53, 54, 55
78, 69, 50, 59, 58, 57, 56
78, 69, 50, 59, 58, 57
78, 69, 50, 59, 58
78, 69, 50, 59
78, 69, 60
78, 69, 60, 61
78, 69, 60, 61, 62
78, 69, 60, 61, 62, 63
78, 69, 60, 61, 62, 63, 64
78, 69, 68, 67, 66, 65
78, 69, 68, 67, 66
78, 69, 68, 67
78, 69, 68
78, 69
78, 79, 70
78, 79, 70, 71
78, 79, 70, 71, 72
78, 77, 76, 75, 74, 73
78, 77, 76, 75, 74
78, 77, 76, 75
78, 77, 76
78, 77
78, 79
78, 79, 70, 71, 80
78, 79, 70, 71, 72, 81
78, 77, 76, 75, 74, 73, 82
78, 77, 76, 75, 74, 83
78, 77, 76, 75, 84
78, 77, 76, 85
78, 77, 86
78, 87
78, 79, 88
78, 79, 70, 89
78, 79, 70, 71, 72, 81, 90
78, 77, 76, 75, 74, 73, 82, 91
78, 77, 76, 75, 74, 83, 92
78, 77, 76, 75, 84, 93
78, 77, 76, 85, 94
78, 77, 86, 95
78, 87, 96
78, 79, 88, 97
78, 79, 70, 89, 98
78, 79, 70, 71, 80, 99
79, 70, 71, 72, 81, 90, 0
79, 88, 97, 3, 2, 1
79, 88, 97, 3, 2
79, 88, 97, 3
79, 78, 87, 96, 4
79, 78, 77, 86, 95, 5
79, 78, 77, 76, 85, 94, 6
79, 78, 77, 76, 75, 84, 93, 7
79, 70, 71, 72, 81, 90, 0, 9, 8
79, 70, 71, 72, 81, 90, 0, 9
79, 70, 71, 72, 81, 90, 0, 9, 10
79, 70, 71, 72, 81, 90, 0, 11
79, 88, 97, 3, 2, 1, 12
79, 88, 97, 3, 2, 13
79, 88, 97, 3, 14
79, 78, 87, 96, 4, 15
79, 78, 77, 86, 95, 5, 16
79, 78, 77, 76, 85, 94, 6, 17
79, 78, 77, 76, 75, 84, 93, 7, 18
79, 70, 71, 72, 81, 90, 0, 9, 8, 19
79, 60, 59, 48, 37, 26, 27, 28, 29, 20
79, 70, 71, 72, 81, 90, 0, 9, 10, 21
79, 70, 71, 72, 81, 90, 0, 11, 22
79, 88, 97, 3, 2, 1, 12, 23
79, 88, 97, 3, 2, 13, 24
79, 88, 97, 3, 14, 25
79, 60, 59, 48, 37, 26
79, 60, 59, 48, 37, 26, 27
79, 60, 59, 48, 37, 26, 27, 28
79, 60, 59, 48, 37, 26, 27, 28, 29
79, 60, 59, 48, 37, 38, 39, 30
79, 60, 59, 48, 37, 38, 39, 30, 31
79, 60, 59, 48, 37, 36, 35, 34, 33, 32
79, 60, 59, 48, 37, 36, 35, 34, 33
79, 60, 59, 48, 37, 36, 35, 34
79, 60, 59, 48, 37, 36, 35
79, 60, 59, 48, 37, 36
79, 60, 59, 48, 37
79, 60, 59, 48, 37, 38
79, 60, 59, 48, 37, 38, 39
79, 60, 59, 48, 49, 40
79, 60, 59, 48, 49, 40, 41
79, 60, 59, 48, 49, 40, 41, 42
79, 60, 59, 48, 47, 46, 45, 44, 43
79, 60, 59, 48, 47, 46, 45, 44
79, 60, 59, 48, 47, 46, 45
79, 60, 59, 48, 47, 46
79, 60, 59, 48, 47
79, 60, 59, 48
79, 60, 59, 48, 49
79, 60, 59, 50
79, 60, 59, 50, 51
79, 60, 59, 50, 51, 52
79, 60, 59, 50, 51, 52, 53
79, 60, 59, 50, 51, 52, 53, 54
79, 60, 59, 58, 57, 56, 55
79, 60, 59, 58, 57, 56
79, 60, 59, 58, 57
79, 60, 59, 58
79, 60, 59
79, 60
79, 60, 61
79, 60, 61, 62
79, 60, 61, 62, 63
79, 60, 61, 62, 63, 64
79, 60, 61, 62, 63, 64, 65
79, 60, 69, 68, 67, 66
79, 60, 69, 68, 67
79, 60, 69, 68
79, 60, 69
79, 70
79, 70, 71
79, 70, 71, 72
79, 70, 71, 72, 73
79, 70, 71, 72, 73, 74
79, 78, 77, 76, 75
79, 78, 77, 76
79, 78, 77
79, 78
79, 70, 71, 80
79, 70, 71, 72, 81
79, 70, 71, 72, 73, 82
79, 70, 71, 72, 73, 74, 83
79, 78, 77, 76, 75, 84
79, 78, 77, 76, 85
79, 78, 77, 86
79, 78, 87
79, 88
79, 70, 89
79, 70, 71, 72, 81, 90
79, 70, 71, 72, 73, 82, 91
79, 70, 71, 72, 73, 74, 83, 92
79, 78, 77, 76, 75, 84, 93
79, 78, 77, 76, 85, 94
79, 78, 77, 86, 95
79, 78, 87, 96
79, 88, 97
79, 70, 89, 98
79, 70, 71, 80, 99
80, 81, 90, 0
80, 99, 1
80, 89, 98, 2
80, 89, 88, 97, 3
80, 89, 88, 87, 96, 4
80, 89, 88, 87, 86, 95, 5
80, 81, 90, 0, 9, 8, 7, 6
80, 81, 90, 0, 9, 8, 7
80, 81, 90, 0, 9, 8
80, 81, 90, 0, 9
80, 81, 90, 0, 9, 10
80, 81, 90, 0, 11
80, 99, 1, 12
80, 89, 98, 2, 13
80, 89, 88, 97, 3, 14
80, 89, 88, 87, 96, 4, 15
80, 89, 88, 87, 86, 95, 5, 16
80, 81, 90, 0, 9, 8, 7, 6, 17
80, 81, 90, 0, 9, 8, 7, 18
80, 81, 90, 0, 9, 8, 19
80, 81, 90, 0, 9, 8, 19, 20
80, 81, 90, 0, 9, 10, 21
80, 81, 90, 0, 11, 22
80, 99, 1, 12, 23
80, 89, 98, 2, 13, 24
80, 89, 88, 97, 3, 14, 25
80, 89, 88, 87, 96, 4, 15, 26
80, 89, 88, 87, 86, 95, 5, 16, 27
80, 81, 90, 0, 9, 8, 7, 6, 17, 28
80, 81, 90, 0, 9, 8, 7, 18, 29
80, 81, 90, 0, 9, 8, 7, 18, 29, 30
80, 81, 90, 0, 9, 8, 19, 20, 31
80, 81, 90, 0, 9, 10, 21, 32
80, 81, 90, 0, 11, 22, 33
80, 99, 1, 12, 23, 34
80, 71, 62, 57, 46, 35
80, 71, 62, 57, 46, 35, 36
80, 71, 62, 57, 46, 35, 36, 37
80, 71, 62, 57, 46, 35, 36, 37, 38
80, 71, 62, 57, 46, 35, 36, 37, 38, 39
80, 71, 62, 57, 46, 47, 48, 49, 40
80, 71, 62, 57, 46, 45, 44, 43, 42, 41
80, 71, 62, 57, 46, 45, 44, 43, 42
80, 71, 62, 57, 46, 45, 44, 43
80, 71, 62, 57, 46, 45, 44
80, 71, 62, 57, 46, 45
80, 71, 62, 57, 46
80, 71, 62, 57, 46, 47
80, 71, 62, 57, 46, 47, 48
80, 71, 62, 57, 46, 47, 48, 49
80, 71, 62, 57, 58, 59, 50
80, 71, 62, 57, 58, 59, 50, 51
80, 71, 62, 57, 56, 55, 54, 53, 52
80, 71, 62, 57, 56, 55, 54, 53
80, 71, 62, 57, 56, 55, 54
80, 71, 62, 57, 56, 55
80, 71, 62, 57, 56
80, 71, 62, 57
80, 71, 62, 57, 58
80, 71, 62, 57, 58, 59
80, 71, 62, 61, 60
80, 71, 62, 61
80, 71, 62
80, 71, 62, 63
80, 71, 62, 63, 64
80, 71, 62, 63, 64, 65
80, 71, 62, 63, 64, 65, 66
80, 71, 62, 63, 64, 65, 66, 67
80, 71, 62, 61, 60, 69, 68
80, 71, 62, 61, 60, 69
80, 71, 70
80, 71
80, 71, 72
80, 71, 72, 73
80, 71, 72, 73, 74
80, 71, 72, 73, 74, 75
80, 71, 72, 73, 74, 75, 76
80, 71, 70, 79, 78, 77
80, 71, 70, 79, 78
80, 71, 70, 79
80, 81
80, 81, 82
80, 81, 82, 83
80, 81, 82, 83, 84
80, 81, 82, 83, 84, 85
80, 89, 88, 87, 86
80, 89, 88, 87
80, 89, 88
80, 89
80, 81, 90
80, 81, 82, 91
80, 81, 82, 83, 92
80, 81, 82, 83, 84, 93
80, 81, 82, 83, 84, 85, 94
80, 89, 88, 87, 86, 95
80, 89, 88, 87, 96
80, 89, 88, 97
80, 89, 98
80, 99
81, 90, 0
81, 90, 0, 1
81, 90, 0, 1, 2
81, 90, 0, 1, 2, 3
81, 90, 0, 1, 2, 3, 4
81, 90, 0, 1, 2, 3, 4, 5
81, 90, 0, 9, 8, 7, 6
81, 90, 0, 9, 8, 7
81, 90, 0, 9, 8
81, 90, 0, 9
81, 90, 0, 9, 10
81, 90, 0, 11
81, 90, 0, 1, 12
81, 90, 0, 1, 2, 13
81, 90, 0, 1, 2, 3, 14
81, 90, 0, 1, 2, 3, 4, 15
81, 90, 0, 1, 2, 3, 4, 5, 16
81, 90, 0, 9, 8, 7, 6, 17
81, 90, 0, 9, 8, 7, 18
81, 90, 0, 9, 8, 19
81, 90, 0, 9, 8, 19, 20
81, 90, 0, 9, 10, 21
81, 90, 0, 11, 22
81, 90, 0, 1, 12, 23
81, 90, 0, 1, 2, 13, 24
81, 90, 0, 1, 2, 3, 14, 25
81, 90, 0, 1, 2, 3, 4, 15, 26
81, 90, 0, 1, 2, 3, 4, 5, 16, 27
81, 90, 0, 9, 8, 7, 6, 17, 28
81, 90, 0, 9, 8, 7, 18, 29
81, 90, 0, 9, 8, 7, 18, 29, 30
81, 90, 0, 9, 8, 19, 20, 31
81, 90, 0, 9, 10, 21, 32
81, 90, 0, 11, 22, 33
81, 72, 63, 56, 45, 34
81, 72, 63, 56, 45, 34, 35
81, 72, 63, 56, 45, 34, 35, 36
81, 72, 63, 56, 45, 34, 35, 36, 37
81, 72, 63, 56, 45, 34, 35, 36, 37, 38
81, 90, 0, 9, 8, 7, 6, 17, 28, 39
81, 72, 63, 56, 45, 44, 43, 42, 41, 40
81, 72, 63, 56, 45, 44, 43, 42, 41
81, 72, 63, 56, 45, 44, 43, 42
81, 72, 63, 56, 45, 44, 43
81, 72, 63, 56, 45, 44
81, 72, 63, 56, 45
81, 72, 63, 56, 45, 46
81, 72, 63, 56, 45, 46, 47
81, 72, 63, 56, 45, 46, 47, 48
81, 72, 63, 56, 45, 46, 47, 48, 49
81, 72, 63, 56, 57, 58, 59, 50
81, 72, 63, 56, 55, 54, 53, 52, 51
81, 72, 63, 56, 55, 54, 53, 52
81, 72, 63, 56, 55, 54, 53
81, 72, 63, 56, 55, 54
81, 72, 63, 56, 55
81, 72, 63, 56
81, 72, 63, 56, 57
81, 72, 63, 56, 57, 58
81, 72, 63, 56, 57, 58, 59
81, 72, 63, 62, 61, 60
81, 72, 63, 62, 61
81, 72, 63, 62
81, 72, 63
81, 72, 63, 64
81, 72, 63, 64, 65
81, 72, 63, 64, 65, 66
81, 72, 63, 64, 65, 66, 67
81, 72, 63, 64, 65, 66, 67, 68
81, 72, 63, 62, 61, 60, 69
81, 72, 71, 70
81, 72, 71
81, 72
81, 72, 73
81, 72, 73, 74
81, 72, 73, 74, 75
81, 72, 73, 74, 75, 76
81, 72, 73, 74, 75, 76, 77
81, 72, 71, 70, 79, 78
81, 72, 71, 70, 79
81, 80
81, 82
81, 82, 83
81, 82, 83, 84
81, 82, 83, 84, 85
81, 82, 83, 84, 85, 86
81, 80, 89, 88, 87
81, 80, 89, 88
81, 80, 89
81, 90
81, 82, 91
81, 82, 83, 92
81, 82, 83, 84, 93
81, 82, 83, 84, 85, 94
81, 82, 83, 84, 85, 86, 95
81, 80, 89, 88, 87, 96
81, 80, 89, 88, 97
81, 80, 89, 98
81, 80, 99
82, 81, 90, 0
82, 81, 90, 0, 1
82, 81, 90, 0, 1, 2
82, 81, 90, 0, 1, 2, 3
82, 81, 90, 0, 1, 2, 3, 4
82, 91, 9, 8, 7, 6, 5
82, 91, 9, 8, 7, 6
82, 91, 9, 8, 7
82, 91, 9, 8
82, 91, 9
82, 91, 9, 10
82, 81, 90, 0, 11
82, 81, 90, 0, 1, 12
82, 81, 90, 0, 1, 2, 13
82, 81, 90, 0, 1, 2, 3, 14
82, 81, 90, 0, 1, 2, 3, 4, 15
82, 91, 9, 8, 7, 6, 5, 16
82, 91, 9, 8, 7, 6, 17
82, 91, 9, 8, 7, 18
82, 91, 9, 8, 19
82, 91, 9, 8, 19, 20
82, 91, 9, 10, 21
82, 81, 90, 0, 11, 22
82, 81, 90, 0, 1, 12, 23
82, 81, 90, 0, 1, 2, 13, 24
82, 81, 90, 0, 1, 2, 3, 14, 25
82, 81, 90, 0, 1, 2, 3, 4, 15, 26
82, 91, 9, 8, 7, 6, 5, 16, 27
82, 91, 9, 8, 7, 6, 17, 28
82, 91, 9, 8, 7, 18, 29
82, 91, 9, 8, 7, 18, 29, 30
82, 91, 9, 8, 19, 20, 31
82, 91, 9, 10, 21, 32
82, 73, 64, 55, 44, 33
82, 73, 64, 55, 44, 33, 34
82, 73, 64, 55, 44, 33, 34, 35
82, 73, 64, 55, 44, 33, 34, 35, 36
82, 73, 64, 55, 44, 33, 34, 35, 36, 37
82, 91, 9, 8, 7, 6, 5, 16, 27, 38
82, 91, 9, 8, 7, 6, 17, 28, 39
82, 73, 64, 55, 44, 43, 42, 41, 40
82, 73, 64, 55, 44, 43, 42, 41
82, 73, 64, 55, 44, 43, 42
82, 73, 64, 55, 44, 43
82, 73, 64, 55, 44
82, 73, 64, 55, 44, 45
82, 73, 64, 55, 44, 45, 46
82, 73, 64, 55, 44, 45, 46, 47
82, 73, 64, 55, 44, 45, 46, 47, 48
82, 73, 64, 55, 44, 43, 42, 41, 40, 49
82, 73, 64, 55, 54, 53, 52, 51, 50
82, 73, 64, 55, 54, 53, 52, 51
82, 73, 64, 55, 54, 53, 52
82, 73, 64, 55, 54, 53
82, 73, 64, 55, 54
82, 73, 64, 55
82, 73, 64, 55, 56
82, 73, 64, 55, 56, 57
82, 73, 64, 55, 56, 57, 58
82, 73, 64, 55, 56, 57, 58, 59
82, 73, 64, 63, 62, 61, 60
82, 73, 64, 63, 62, 61
82, 73, 64, 63, 62
82, 73, 64, 63
82, 73, 64
82, 73, 64, 65
82, 73, 64, 65, 66
82, 73, 64, 65, 66, 67
82, 73, 64, 65, 66, 67, 68
82, 73, 64, 63, 62, 61, 60, 69
82, 73, 72, 71, 70
82, 73, 72, 71
82, 73, 72
82, 73
82, 73, 74
82, 73, 74, 75
82, 73, 74, 75, 76
82, 73, 74, 75, 76, 77
82, 73, 74, 75, 76, 77, 78
82, 73, 72, 71, 70, 79
82, 81, 80
82, 81
82, 83
82, 83, 84
82, 83, 84, 85
82, 83, 84, 85, 86
82, 83, 84, 85, 86, 87
82, 81, 80, 89, 88
82, 81, 80, 89
82, 81, 90
82, 91
82, 83, 92
82, 83, 84, 93
82, 83, 84, 85, 94
82, 83, 84, 85, 86, 95
82, 83, 84, 85, 86, 87, 96
82, 81, 80, 89, 88, 97
82, 81, 80, 89, 98
82, 81, 80, 99
83, 82, 81, 90, 0
83, 82, 81, 90, 0, 1
83, 82, 81, 90, 0, 1, 2
83, 82, 81, 90, 0, 1, 2, 3
83, 92, 8, 7, 6, 5, 4
83, 92, 8, 7, 6, 5
83, 92, 8, 7, 6
83, 92, 8, 7
83, 92, 8
83, 82, 91, 9
83, 82, 91, 9, 10
83, 82, 81, 90, 0, 11
83, 82, 81, 90, 0, 1, 12
83, 82, 81, 90, 0, 1, 2, 13
83, 82, 81, 90, 0, 1, 2, 3, 14
83, 92, 8, 7, 6, 5, 4, 15
83, 92, 8, 7, 6, 5, 16
83, 92, 8, 7, 6, 17
83, 92, 8, 7, 18
83, 92, 8, 19
83, 92, 8, 19, 20
83, 82, 91, 9, 10, 21
83, 82, 81, 90, 0, 11, 22
83, 82, 81, 90, 0, 1, 12, 23
83, 82, 81, 90, 0, 1, 2, 13, 24
83, 82, 81, 90, 0, 1, 2, 3, 14, 25
83, 92, 8, 7, 6, 5, 4, 15, 26
83, 92, 8, 7, 6, 5, 16, 27
83, 92, 8, 7, 6, 17, 28
83, 92, 8, 7, 18, 29
83, 92, 8, 7, 18, 29, 30
83, 92, 8, 19, 20, 31
83, 74, 65, 54, 43, 32
83, 74, 65, 54, 43, 32, 33
83, 74, 65, 54, 43, 32, 33, 34
83, 74, 65, 54, 43, 32, 33, 34, 35
83, 74, 65, 54, 43, 32, 33, 34, 35, 36
83, 92, 8, 7, 6, 5, 4, 15, 26, 37
83, 92, 8, 7, 6, 5, 16, 27, 38
83, 92, 8, 7, 6, 17, 28, 39
83, 74, 65, 54, 43, 42, 41, 40
83, 74, 65, 54, 43, 42, 41
83, 74, 65, 54, 43, 42
83, 74, 65, 54, 43
83, 74, 65, 54, 43, 44
83, 74, 65, 54, 43, 44, 45
83, 74, 65, 54, 43, 44, 45, 46
83, 74, 65, 54, 43, 44, 45, 46, 47
83, 74, 65, 54, 43, 44, 45, 46, 47, 48
83, 74, 65, 54, 43, 42, 41, 40, 49
83, 74, 65, 54, 53, 52, 51, 50
83, 74, 65, 54, 53, 52, 51
83, 74, 65, 54, 53, 52
83, 74, 65, 54, 53
83, 74, 65, 54
83, 74, 65, 54, 55
83, 74, 65, 54, 55, 56
83, 74, 65, 54, 55, 56, 57
83, 74, 65, 54, 55, 56, 57, 58
83, 74, 65, 54, 53, 52, 51, 50, 59
83, 74, 65, 64, 63, 62, 61, 60
83, 74, 65, 64, 63, 62, 61
83, 74, 65, 64, 63, 62
83, 74, 65, 64, 63
83, 74, 65, 64
83, 74, 65
83, 74, 65, 66
83, 74, 65, 66, 67
83, 74, 65, 66, 67, 68
83, 74, 65, 66, 67, 68, 69
83, 74, 73, 72, 71, 70
83, 74, 73, 72, 71
83, 74, 73, 72
83, 74, 73
83, 74
83, 74, 75
83, 74, 75, 76
83, 74, 75, 76, 77
83, 74, 75, 76, 77, 78
83, 74, 73, 72, 71, 70, 79
83, 82, 81, 80
83, 82, 81
83, 82
83, 84
83, 84, 85
83, 84, 85, 86
83, 84, 85, 86, 87
83, 84, 85, 86, 87, 88
83, 82, 81, 80, 89
83, 82, 81, 90
83, 82, 91
83, 92
83, 84, 93
83, 84, 85, 94
83, 84, 85, 86, 95
83, 84, 85, 86, 87, 96
83, 84, 85, 86, 87, 88, 97
83, 82, 81, 80, 89, 98
83, 82, 81, 80, 99
84, 83, 82, 81, 90, 0
84, 83, 82, 81, 90, 0, 1
84, 83, 82, 81, 90, 0, 1, 2
84, 93, 7, 6, 5, 4, 3
84, 93, 7, 6, 5, 4
84, 93, 7, 6, 5
84, 93, 7, 6
84, 93, 7
84, 83, 92, 8
84, 83, 82, 91, 9
84, 83, 82, 91, 9, 10
84, 83, 82, 81, 90, 0, 11
84, 83, 82, 81, 90, 0, 1, 12
84, 83, 82, 81, 90, 0, 1, 2, 13
84, 93, 7, 6, 5, 4, 3, 14
84, 93, 7, 6, 5, 4, 15
84, 93, 7, 6, 5, 16
84, 93, 7, 6, 17
84, 93, 7, 18
84, 83, 92, 8, 19
84, 83, 92, 8, 19, 20
84, 83, 82, 91, 9, 10, 21
84, 83, 82, 81, 90, 0, 11, 22
84, 83, 82, 81, 90, 0, 1, 12, 23
84, 83, 82, 81, 90, 0, 1, 2, 13, 24
84, 93, 7, 6, 5, 4, 3, 14, 25
84, 93, 7, 6, 5, 4, 15, 26
84, 93, 7, 6, 5, 16, 27
84, 93, 7, 6, 17, 28
84, 93, 7, 18, 29
84, 93, 7, 18, 29, 30
84, 75, 66, 53, 42, 31
84, 75, 66, 53, 42, 31, 32
84, 75, 66, 53, 42, 31, 32, 33
84, 75, 66, 53, 42, 31, 32, 33, 34
84, 75, 66, 53, 42, 31, 32, 33, 34, 35
84, 93, 7, 6, 5, 4, 3, 14, 25, 36
84, 93, 7, 6, 5, 4, 15, 26, 37
84, 93, 7, 6, 5, 16, 27, 38
84, 93, 7, 6, 17, 28, 39
84, 75, 66, 53, 42, 41, 40
84, 75, 66, 53, 42, 41
84, 75, 66, 53, 42
84, 75, 66, 53, 42, 43
84, 75, 66, 53, 42, 43, 44
84, 75, 66, 53, 42, 43, 44, 45
84, 75, 66, 53, 42, 43, 44, 45, 46
84, 75, 66, 53, 42, 43, 44, 45, 46, 47
84, 75, 66, 53, 42, 41, 40, 49, 48
84, 75, 66, 53, 42, 41, 40, 49
84, 75, 66, 53, 52, 51, 50
84, 75, 66, 53, 52, 51
84, 75, 66, 53, 52
84, 75, 66, 53
84, 75, 66, 53, 54
84, 75, 66, 53, 54, 55
84, 75, 66, 53, 54, 55, 56
84, 75, 66, 53, 54, 55, 56, 57
84, 75, 66, 53, 54, 55, 56, 57, 58
84, 75, 66, 53, 52, 51, 50, 59
84, 75, 66, 67, 68, 69, 60
84, 75, 66, 65, 64, 63, 62, 61
84, 75, 66, 65, 64, 63, 62
84, 75, 66, 65, 64, 63
84, 75, 66, 65, 64
84, 75, 66, 65
84, 75, 66
84, 75, 66, 67
84, 75, 66, 67, 68
84, 75, 66, 67, 68, 69
84, 75, 74, 73, 72, 71, 70
84, 75, 74, 73, 72, 71
84, 75, 74, 73, 72
84, 75, 74, 73
84, 75, 74
84, 75
84, 75, 76
84, 75, 76, 77
84, 75, 76, 77, 78
84, 75, 76, 77, 78, 79
84, 83, 82, 81, 80
84, 83, 82, 81
84, 83, 82
84, 83
84, 85
84, 85, 86
84, 85, 86, 87
84, 85, 86, 87, 88
84, 83, 82, 81, 80, 89
84, 83, 82, 81, 90
84, 83, 82, 91
84, 83, 92
84, 93
84, 85, 94
84, 85, 86, 95
84, 85, 86, 87, 96
84, 85, 86, 87, 88, 97
84, 83, 82, 81, 80, 89, 98
84, 83, 82, 81, 80, 99
85, 84, 83, 82, 81, 90, 0
85, 84, 83, 82, 81, 90, 0, 1
85, 94, 6, 5, 4, 3, 2
85, 94, 6, 5, 4, 3
85, 94, 6, 5, 4
85, 94, 6, 5
85, 94, 6
85, 84, 93, 7
85, 84, 83, 92, 8
85, 84, 83, 82, 91, 9
85, 84, 83, 82, 91, 9, 10
85, 84, 83, 82, 81, 90, 0, 11
85, 84, 83, 82, 81, 90, 0, 1, 12
85, 94, 6, 5, 4, 3, 2, 13
85, 94, 6, 5, 4, 3, 14
85, 94, 6, 5, 4, 15
85, 94, 6, 5, 16
85, 94, 6, 17
85, 84, 93, 7, 18
85, 84, 83, 92, 8, 19
85, 84, 83, 92, 8, 19, 20
85, 84, 83, 82, 91, 9, 10, 21
85, 84, 83, 82, 81, 90, 0, 11, 22
85, 84, 83, 82, 81, 90, 0, 1, 12, 23
85, 94, 6, 5, 4, 3, 2, 13, 24
85, 94, 6, 5, 4, 3, 14, 25
85, 94, 6, 5, 4, 15, 26
85, 94, 6, 5, 16, 27
85, 94, 6, 17, 28
85, 84, 93, 7, 18, 29
85, 76, 67, 52, 41, 30
85, 76, 67, 52, 41, 30, 31
85, 76, 67, 52, 41, 30, 31, 32
85, 76, 67, 52, 41, 30, 31, 32, 33
85, 76, 67, 52, 41, 30, 31, 32, 33, 34
85, 94, 6, 5, 4, 3, 2, 13, 24, 35
85, 94, 6, 5, 4, 3, 14, 25, 36
85, 94, 6, 5, 4, 15, 26, 37
85, 94, 6, 5, 16, 27, 38
85, 94, 6, 17, 28, 39
85, 76, 67, 52, 41, 40
85, 76, 67, 52, 41
85, 76, 67, 52, 41, 42
85, 76, 67, 52, 41, 42, 43
85, 76, 67, 52, 41, 42, 43, 44
85, 76, 67, 52, 41, 42, 43, 44, 45
85, 76, 67, 52, 41, 42, 43, 44, 45, 46
85, 76, 67, 52, 41, 40, 49, 48, 47
85, 76, 67, 52, 41, 40, 49, 48
85, 76, 67, 52, 41, 40, 49
85, 76, 67, 52, 51, 50
85, 76, 67, 52, 51
85, 76, 67, 52
85, 76, 67, 52, 53
85, 76, 67, 52, 53, 54
85, 76, 67, 52, 53, 54, 55
85, 76, 67, 52, 53, 54, 55, 56
85, 76, 67, 52, 53, 54, 55, 56, 57
85, 76, 67, 52, 51, 50, 59, 58
85, 76, 67, 52, 51, 50, 59
85, 76, 67, 68, 69, 60
85, 76, 67, 68, 69, 60, 61
85, 76, 67, 66, 65, 64, 63, 62
85, 76, 67, 66, 65, 64, 63
85, 76, 67, 66, 65, 64
85, 76, 67, 66, 65
85, 76, 67, 66
85, 76, 67
85, 76, 67, 68
85, 76, 67, 68, 69
85, 76, 77, 78, 79, 70
85, 76, 75, 74, 73, 72, 71
85, 76, 75, 74, 73, 72
85, 76, 75, 74, 73
85, 76, 75, 74
85, 76, 75
85, 76
85, 76, 77
85, 76, 77, 78
85, 76, 77, 78, 79
85, 84, 83, 82, 81, 80
85, 84, 83, 82, 81
85, 84, 83, 82
85, 84, 83
85, 84
85, 86
85, 86, 87
85, 86, 87, 88
85, 86, 87, 88, 89
85, 84, 83, 82, 81, 90
85, 84, 83, 82, 91
85, 84, 83, 92
85, 84, 93
85, 94
85, 86, 95
85, 86, 87, 96
85, 86, 87, 88, 97
85, 86, 87, 88, 89, 98
85, 84, 83, 82, 81, 80, 99
86, 85, 84, 83, 82, 81, 90, 0
86, 95, 5, 4, 3, 2, 1
86, 95, 5, 4, 3, 2
86, 95, 5, 4, 3
86, 95, 5, 4
86, 95, 5
86, 85, 94, 6
86, 85, 84, 93, 7
86, 85, 84, 83, 92, 8
86, 85, 84, 83, 82, 91, 9
86, 85, 84, 83, 82, 91, 9, 10
86, 85, 84, 83, 82, 81, 90, 0, 11
86, 95, 5, 4, 3, 2, 1, 12
86, 95, 5, 4, 3, 2, 13
86, 95, 5, 4, 3, 14
86, 95, 5, 4, 15
86, 95, 5, 16
86, 85, 94, 6, 17
86, 85, 84, 93, 7, 18
86, 85, 84, 83, 92, 8, 19
86, 85, 84, 83, 92, 8, 19, 20
86, 85, 84, 83, 82, 91, 9, 10, 21
86, 85, 84, 83, 82, 81, 90, 0, 11, 22
86, 95, 5, 4, 3, 2, 1, 12, 23
86, 95, 5, 4, 3, 2, 13, 24
86, 95, 5, 4, 3, 14, 25
86, 95, 5, 4, 15, 26
86, 95, 5, 16, 27
86, 85, 94, 6, 17, 28
86, 85, 84, 93, 7, 18, 29
86, 77, 68, 51, 40, 39, 30
86, 77, 68, 51, 40, 39, 30, 31
86, 77, 68, 51, 40, 39, 30, 31, 32
86, 77, 68, 51, 40, 39, 30, 31, 32, 33
86, 95, 5, 4, 3, 2, 1, 12, 23, 34
86, 95, 5, 4, 3, 2, 13, 24, 35
86, 95, 5, 4, 3, 14, 25, 36
86, 95, 5, 4, 15, 26, 37
86, 95, 5, 16, 27, 38
86, 77, 68, 51, 40, 39
86, 77, 68, 51, 40
86, 77, 68, 51, 40, 41
86, 77, 68, 51, 40, 41, 42
86, 77, 68, 51, 40, 41, 42, 43
86, 77, 68, 51, 40, 41, 42, 43, 44
86, 77, 68, 51, 40, 41, 42, 43, 44, 45
86, 77, 68, 51, 40, 49, 48, 47, 46
86, 77, 68, 51, 40, 49, 48, 47
86, 77, 68, 51, 40, 49, 48
86, 77, 68, 51, 40, 49
86, 77, 68, 51, 50
86, 77, 68, 51
86, 77, 68, 51, 52
86, 77, 68, 51, 52, 53
86, 77, 68, 51, 52, 53, 54
86, 77, 68, 51, 52, 53, 54, 55
86, 77, 68, 51, 52, 53, 54, 55, 56
86, 77, 68, 51, 50, 59, 58, 57
86, 77, 68, 51, 50, 59, 58
86, 77, 68, 51, 50, 59
86, 77, 68, 69, 60
86, 77, 68, 69, 60, 61
86, 77, 68, 69, 60, 61, 62
86, 77, 68, 67, 66, 65, 64, 63
86, 77, 68, 67, 66, 65, 64
86, 77, 68, 67, 66, 65
86, 77, 68, 67, 66
86, 77, 68, 67
86, 77, 68
86, 77, 68, 69
86, 77, 78, 79, 70
86, 77, 78, 79, 70, 71
86, 77, 76, 75, 74, 73, 72
86, 77, 76, 75, 74, 73
86, 77, 76, 75, 74
86, 77, 76, 75
86, 77, 76
86, 77
86, 77, 78
86, 77, 78, 79
86, 87, 88, 89, 80
86, 85, 84, 83, 82, 81
86, 85, 84, 83, 82
86, 85, 84, 83
86, 85, 84
86, 85
86, 87
86, 87, 88
86, 87, 88, 89
86, 85, 84, 83, 82, 81, 90
86, 85, 84, 83, 82, 91
86, 85, 84, 83, 92
86, 85, 84, 93
86, 85, 94
86, 95
86, 87, 96
86, 87, 88, 97
86, 87, 88, 89, 98
86, 87, 88, 89, 80, 99
87, 88, 89, 80, 81, 90, 0
87, 96, 4, 3, 2, 1
87, 96, 4, 3, 2
87, 96, 4, 3
87, 96, 4
87, 86, 95, 5
87, 86, 85, 94, 6
87, 86, 85, 84, 93, 7
87, 86, 85, 84, 83, 92, 8
87, 88, 89, 80, 81, 90, 0, 9
87, 88, 89, 80, 81, 90, 0, 9, 10
87, 88, 89, 80, 81, 90, 0, 11
87, 96, 4, 3, 2, 1, 12
87, 96, 4, 3, 2, 13
87, 96, 4, 3, 14
87, 96, 4, 15
87, 86, 95, 5, 16
87, 86, 85, 94, 6, 17
87, 86, 85, 84, 93, 7, 18
87, 86, 85, 84, 83, 92, 8, 19
87, 86, 85, 84, 83, 92, 8, 19, 20
87, 88, 89, 80, 81, 90, 0, 9, 10, 21
87, 88, 89, 80, 81, 90, 0, 11, 22
87, 96, 4, 3, 2, 1, 12, 23
87, 96, 4, 3, 2, 13, 24
87, 96, 4, 3, 14, 25
87, 96, 4, 15, 26
87, 86, 95, 5, 16, 27
87, 86, 85, 94, 6, 17, 28
87, 86, 85, 84, 93, 7, 18, 29
87, 78, 69, 50, 49, 38, 39, 30
87, 78, 69, 50, 49, 38, 39, 30, 31
87, 78, 69, 50, 49, 38, 39, 30, 31, 32
87, 88, 89, 80, 81, 90, 0, 11, 22, 33
87, 96, 4, 3, 2, 1, 12, 23, 34
87, 96, 4, 3, 2, 13, 24, 35
87, 96, 4, 3, 14, 25, 36
87, 96, 4, 15, 26, 37
87, 78, 69, 50, 49, 38
87, 78, 69, 50, 49, 38, 39
87, 78, 69, 50, 49, 40
87, 78, 69, 50, 49, 40, 41
87, 78, 69, 50, 49, 40, 41, 42
87, 78, 69, 50, 49, 40, 41, 42, 43
87, 78, 69, 50, 49, 40, 41, 42, 43, 44
87, 78, 69, 50, 49, 48, 47, 46, 45
87, 78, 69, 50, 49, 48, 47, 46
87, 78, 69, 50, 49, 48, 47
87, 78, 69, 50, 49, 48
87, 78, 69, 50, 49
87, 78, 69, 50
87, 78, 69, 50, 51
87, 78, 69, 50, 51, 52
87, 78, 69, 50, 51, 52, 53
87, 78, 69, 50, 51, 52, 53, 54
87, 78, 69, 50, 51, 52, 53, 54, 55
87, 78, 69, 50, 59, 58, 57, 56
87, 78, 69, 50, 59, 58, 57
87, 78, 69, 50, 59, 58
87, 78, 69, 50, 59
87, 78, 69, 60
87, 78, 69, 60, 61
87, 78, 69, 60, 61, 62
87, 78, 69, 60, 61, 62, 63
87, 78, 69, 60, 61, 62, 63, 64
87, 78, 69, 68, 67, 66, 65
87, 78, 69, 68, 67, 66
87, 78, 69, 68, 67
87, 78, 69, 68
87, 78, 69
87, 78, 79, 70
87, 78, 79, 70, 71
87, 78, 79, 70, 71, 72
87, 78, 77, 76, 75, 74, 73
87, 78, 77, 76, 75, 74
87, 78, 77, 76, 75
87, 78, 77, 76
87, 78, 77
87, 78
87, 78, 79
87, 88, 89, 80
87, 88, 89, 80, 81
87, 86, 85, 84, 83, 82
87, 86, 85, 84, 83
87, 86, 85, 84
87, 86, 85
87, 86
87, 88
87, 88, 89
87, 88, 89, 80, 81, 90
87, 86, 85, 84, 83, 82, 91
87, 86, 85, 84, 83, 92
87, 86, 85, 84, 93
87, 86, 85, 94
87, 86, 95
87, 96
87, 88, 97
87, 88, 89, 98
87, 88, 89, 80, 99
88, 89, 80, 81, 90, 0
88, 97, 3, 2, 1
88, 97, 3, 2
88, 97, 3
88, 87, 96, 4
88, 87, 86, 95, 5
88, 87, 86, 85, 94, 6
88, 87, 86, 85, 84, 93, 7
88, 89, 80, 81, 90, 0, 9, 8
88, 89, 80, 81, 90, 0, 9
88, 89, 80, 81, 90, 0, 9, 10
88, 89, 80, 81, 90, 0, 11
88, 97, 3, 2, 1, 12
88, 97, 3, 2, 13
88, 97, 3, 14
88, 87, 96, 4, 15
88, 87, 86, 95, 5, 16
88, 87, 86, 85, 94, 6, 17
88, 87, 86, 85, 84, 93, 7, 18
88, 89, 80, 81, 90, 0, 9, 8, 19
88, 89, 80, 81, 90, 0, 9, 8, 19, 20
88, 89, 80, 81, 90, 0, 9, 10, 21
88, 89, 80, 81, 90, 0, 11, 22
88, 97, 3, 2, 1, 12, 23
88, 97, 3, 2, 13, 24
88, 97, 3, 14, 25
88, 87, 96, 4, 15, 26
88, 87, 86, 95, 5, 16, 27
88, 87, 86, 85, 94, 6, 17, 28
88, 87, 86, 85, 84, 93, 7, 18, 29
88, 79, 60, 59, 48, 37, 38, 39, 30
88, 79, 60, 59, 48, 37, 38, 39, 30, 31
88, 89, 80, 81, 90, 0, 9, 10, 21, 32
88, 89, 80, 81, 90, 0, 11, 22, 33
88, 97, 3, 2, 1, 12, 23, 34
88, 97, 3, 2, 13, 24, 35
88, 97, 3, 14, 25, 36
88, 79, 60, 59, 48, 37
88, 79, 60, 59, 48, 37, 38
88, 79, 60, 59, 48, 37, 38, 39
88, 79, 60, 59, 48, 49, 40
88, 79, 60, 59, 48, 49, 40, 41
88, 79, 60, 59, 48, 49, 40, 41, 42
88, 79, 60, 59, 48, 47, 46, 45, 44, 43
88, 79, 60, 59, 48, 47, 46, 45, 44
88, 79, 60, 59, 48, 47, 46, 45
88, 79, 60, 59, 48, 47, 46
88, 79, 60, 59, 48, 47
88, 79, 60, 59, 48
88, 79, 60, 59, 48, 49
88, 79, 60, 59, 50
88, 79, 60, 59, 50, 51
88, 79, 60, 59, 50, 51, 52
88, 79, 60, 59, 50, 51, 52, 53
88, 79, 60, 59, 50, 51, 52, 53, 54
88, 79, 60, 59, 58, 57, 56, 55
88, 79, 60, 59, 58, 57, 56
88, 79, 60, 59, 58, 57
88, 79, 60, 59, 58
88, 79, 60, 59
88, 79, 60
88, 79, 60, 61
88, 79, 60, 61, 62
88, 79, 60, 61, 62, 63
88, 79, 60, 61, 62, 63, 64
88, 79, 60, 61, 62, 63, 64, 65
88, 79, 60, 69, 68, 67, 66
88, 79, 60, 69, 68, 67
88, 79, 60, 69, 68
88, 79, 60, 69
88, 79, 70
88, 79, 70, 71
88, 79, 70, 71, 72
88, 79, 70, 71, 72, 73
88, 79, 70, 71, 72, 73, 74
88, 79, 78, 77, 76, 75
88, 79, 78, 77, 76
88, 79, 78, 77
88, 79, 78
88, 79
88, 89, 80
88, 89, 80, 81
88, 89, 80, 81, 82
88, 87, 86, 85, 84, 83
88, 87, 86, 85, 84
88, 87, 86, 85
88, 87, 86
88, 87
88, 89
88, 89, 80, 81, 90
88, 89, 80, 81, 82, 91
88, 87, 86, 85, 84, 83, 92
88, 87, 86, 85, 84, 93
88, 87, 86, 85, 94
88, 87, 86, 95
88, 87, 96
88, 97
88, 89, 98
88, 89, 80, 99
89, 80, 81, 90, 0
89, 98, 2, 1
89, 98, 2
89, 88, 97, 3
89, 88, 87, 96, 4
89, 88, 87, 86, 95, 5
89, 88, 87, 86, 85, 94, 6
89, 80, 81, 90, 0, 9, 8, 7
89, 80, 81, 90, 0, 9, 8
89, 80, 81, 90, 0, 9
89, 80, 81, 90, 0, 9, 10
89, 80, 81, 90, 0, 11
89, 98, 2, 1, 12
89, 98, 2, 13
89, 88, 97, 3, 14
89, 88, 87, 96, 4, 15
89, 88, 87, 86, 95, 5, 16
89, 88, 87, 86, 85, 94, 6, 17
89, 80, 81, 90, 0, 9, 8, 7, 18
89, 80, 81, 90, 0, 9, 8, 19
89, 80, 81, 90, 0, 9, 8, 19, 20
89, 80, 81, 90, 0, 9, 10, 21
89, 80, 81, 90, 0, 11, 22
89, 98, 2, 1, 12, 23
89, 98, 2, 13, 24
89, 88, 97, 3, 14, 25
89, 88, 87, 96, 4, 15, 26
89, 88, 87, 86, 95, 5, 16, 27
89, 88, 87, 86, 85, 94, 6, 17, 28
89, 80, 81, 90, 0, 9, 8, 7, 18, 29
89, 70, 61, 58, 47, 36, 37, 38, 39, 30
89, 80, 81, 90, 0, 9, 8, 19, 20, 31
89, 80, 81, 90, 0, 9, 10, 21, 32
89, 80, 81, 90, 0, 11, 22, 33
89, 98, 2, 1, 12, 23, 34
89, 98, 2, 13, 24, 35
89, 70, 61, 58, 47, 36
89, 70, 61, 58, 47, 36, 37
89, 70, 61, 58, 47, 36, 37, 38
89, 70, 61, 58, 47, 36, 37, 38, 39
89, 70, 61, 58, 47, 48, 49, 40
89, 70, 61, 58, 47, 48, 49, 40, 41
89, 70, 61, 58, 47, 46, 45, 44, 43, 42
89, 70, 61, 58, 47, 46, 45, 44, 43
89, 70, 61, 58, 47, 46, 45, 44
89, 70, 61, 58, 47, 46, 45
89, 70, 61, 58, 47, 46
89, 70, 61, 58, 47
89, 70, 61, 58, 47, 48
89, 70, 61, 58, 47, 48, 49
89, 70, 61, 58, 59, 50
89, 70, 61, 58, 59, 50, 51
89, 70, 61, 58, 59, 50, 51, 52
89, 70, 61, 58, 57, 56, 55, 54, 53
89, 70, 61, 58, 57, 56, 55, 54
89, 70, 61, 58, 57, 56, 55
89, 70, 61, 58, 57, 56
89, 70, 61, 58, 57
89, 70, 61, 58
89, 70, 61, 58, 59
89, 70, 61, 60
89, 70, 61
89, 70, 61, 62
89, 70, 61, 62, 63
89, 70, 61, 62, 63, 64
89, 70, 61, 62, 63, 64, 65
89, 70, 61, 62, 63, 64, 65, 66
89, 70, 61, 60, 69, 68, 67
89, 70, 61, 60, 69, 68
89, 70, 61, 60, 69
89, 70
89, 70, 71
89, 70, 71, 72
89, 70, 71, 72, 73
89, 70, 71, 72, 73, 74
89, 70, 71, 72, 73, 74, 75
89, 70, 79, 78, 77, 76
89, 70, 79, 78, 77
89, 70, 79, 78
89, 70, 79
89, 80
89, 80, 81
89, 80, 81, 82
89, 80, 81, 82, 83
89, 80, 81, 82, 83, 84
89, 88, 87, 86, 85
89, 88, 87, 86
89, 88, 87
89, 88
89, 80, 81, 90
89, 80, 81, 82, 91
89, 80, 81, 82, 83, 92
89, 80, 81, 82, 83, 84, 93
89, 88, 87, 86, 85, 94
89, 88, 87, 86, 95
89, 88, 87, 96
89, 88, 97
89, 98
89, 80, 99
90, 0
90, 0, 1
90, 0, 1, 2
90, 0, 1, 2, 3
90, 0, 1, 2, 3, 4
90, 0, 1, 2, 3, 4, 5
90, 0, 9, 8, 7, 6
90, 0, 9, 8, 7
90, 0, 9, 8
90, 0, 9
90, 0, 9, 10
90, 0, 11
90, 0, 1, 12
90, 0, 1, 2, 13
90, 0, 1, 2, 3, 14
90, 0, 1, 2, 3, 4, 15
90, 0, 1, 2, 3, 4, 5, 16
90, 0, 9, 8, 7, 6, 17
90, 0, 9, 8, 7, 18
90, 0, 9, 8, 19
90, 0, 9, 8, 19, 20
90, 0, 9, 10, 21
90, 0, 11, 22
90, 0, 1, 12, 23
90, 0, 1, 2, 13, 24
90, 0, 1, 2, 3, 14, 25
90, 0, 1, 2, 3, 4, 15, 26
90, 0, 1, 2, 3, 4, 5, 16, 27
90, 0, 9, 8, 7, 6, 17, 28
90, 0, 9, 8, 7, 18, 29
90, 0, 9, 8, 7, 18, 29, 30
90, 0, 9, 8, 19, 20, 31
90, 0, 9, 10, 21, 32
90, 0, 11, 22, 33
90, 0, 1, 12, 23, 34
90, 0, 1, 2, 13, 24, 35
90, 0, 1, 2, 3, 14, 25, 36
90, 0, 1, 2, 3, 4, 15, 26, 37
90, 0, 1, 2, 3, 4, 5, 16, 27, 38
90, 0, 9, 8, 7, 6, 17, 28, 39
90, 0, 9, 8, 7, 6, 17, 28, 39, 40
90, 0, 9, 8, 7, 18, 29, 30, 41
90, 0, 9, 8, 19, 20, 31, 42
90, 0, 9, 10, 21, 32, 43
90, 0, 11, 22, 33, 44
90, 81, 72, 63, 56, 45
90, 81, 72, 63, 56, 45, 46
90, 81, 72, 63, 56, 45, 46, 47
90, 81, 72, 63, 56, 45, 46, 47, 48
90, 81, 72, 63, 56, 45, 46, 47, 48, 49
90, 81, 72, 63, 56, 57, 58, 59, 50
90, 81, 72, 63, 56, 55, 54, 53, 52, 51
90, 81, 72, 63, 56, 55, 54, 53, 52
90, 81, 72, 63, 56, 55, 54, 53
90, 81, 72, 63, 56, 55, 54
90, 81, 72, 63, 56, 55
90, 81, 72, 63, 56
90, 81, 72, 63, 56, 57
90, 81, 72, 63, 56, 57, 58
90, 81, 72, 63, 56, 57, 58, 59
90, 81, 72, 63, 62, 61, 60
90, 81, 72, 63, 62, 61
90, 81, 72, 63, 62
90, 81, 72, 63
90, 81, 72, 63, 64
90, 81, 72, 63, 64, 65
90, 81, 72, 63, 64, 65, 66
90, 81, 72, 63, 64, 65, 66, 67
90, 81, 72, 63, 64, 65, 66, 67, 68
90, 81, 72, 63, 62, 61, 60, 69
90, 81, 72, 71, 70
90, 81, 72, 71
90, 81, 72
90, 81, 72, 73
90, 81, 72, 73, 74
90, 81, 72, 73, 74, 75
90, 81, 72, 73, 74, 75, 76
90, 81, 72, 73, 74, 75, 76, 77
90, 81, 72, 71, 70, 79, 78
90, 81, 72, 71, 70, 79
90, 81, 80
90, 81
90, 81, 82
90, 81, 82, 83
90, 81, 82, 83, 84
90, 81, 82, 83, 84, 85
90, 81, 82, 83, 84, 85, 86
90, 81, 80, 89, 88, 87
90, 81, 80, 89, 88
90, 81, 80, 89
90, 91
90, 91, 92
90, 91, 92, 93
90, 91, 92, 93, 94
90, 91, 92, 93, 94, 95
90, 99, 98, 97, 96
90, 99, 98, 97
90, 99, 98
90, 99
91, 9, 0
91, 9, 0, 1
91, 9, 0, 1, 2
91, 9, 0, 1, 2, 3
91, 9, 0, 1, 2, 3, 4
91, 9, 8, 7, 6, 5
91, 9, 8, 7, 6
91, 9, 8, 7
91, 9, 8
91, 9
91, 9, 10
91, 9, 0, 11
91, 9, 0, 1, 12
91, 9, 0, 1, 2, 13
91, 9, 0, 1, 2, 3, 14
91, 9, 0, 1, 2, 3, 4, 15
91, 9, 8, 7, 6, 5, 16
91, 9, 8, 7, 6, 17
91, 9, 8, 7, 18
91, 9, 8, 19
91, 9, 8, 19, 20
91, 9, 10, 21
91, 9, 0, 11, 22
91, 9, 0, 1, 12, 23
91, 9, 0, 1, 2, 13, 24
91, 9, 0, 1, 2, 3, 14, 25
91, 9, 0, 1, 2, 3, 4, 15, 26
91, 9, 8, 7, 6, 5, 16, 27
91, 9, 8, 7, 6, 17, 28
91, 9, 8, 7, 18, 29
91, 9, 8, 7, 18, 29, 30
91, 9, 8, 19, 20, 31
91, 9, 10, 21, 32
91, 9, 0, 11, 22, 33
91, 9, 0, 1, 12, 23, 34
91, 9, 0, 1, 2, 13, 24, 35
91, 9, 0, 1, 2, 3, 14, 25, 36
91, 9, 0, 1, 2, 3, 4, 15, 26, 37
91, 9, 8, 7, 6, 5, 16, 27, 38
91, 9, 8, 7, 6, 17, 28, 39
91, 9, 8, 7, 6, 17, 28, 39, 40
91, 9, 8, 7, 18, 29, 30, 41
91, 9, 8, 19, 20, 31, 42
91, 9, 10, 21, 32, 43
91, 82, 73, 64, 55, 44
91, 82, 73, 64, 55, 44, 45
91, 82, 73, 64, 55, 44, 45, 46
91, 82, 73, 64, 55, 44, 45, 46, 47
91, 82, 73, 64, 55, 44, 45, 46, 47, 48
91, 9, 8, 7, 6, 5, 16, 27, 38, 49
91, 82, 73, 64, 55, 54, 53, 52, 51, 50
91, 82, 73, 64, 55, 54, 53, 52, 51
91, 82, 73, 64, 55, 54, 53, 52
91, 82, 73, 64, 55, 54, 53
91, 82, 73, 64, 55, 54
91, 82, 73, 64, 55
91, 82, 73, 64, 55, 56
91, 82, 73, 64, 55, 56, 57
91, 82, 73, 64, 55, 56, 57, 58
91, 82, 73, 64, 55, 56, 57, 58, 59
91, 82, 73, 64, 63, 62, 61, 60
91, 82, 73, 64, 63, 62, 61
91, 82, 73, 64, 63, 62
91, 82, 73, 64, 63
91, 82, 73, 64
91, 82, 73, 64, 65
91, 82, 73, 64, 65, 66
91, 82, 73, 64, 65, 66, 67
91, 82, 73, 64, 65, 66, 67, 68
91, 82, 73, 64, 63, 62, 61, 60, 69
91, 82, 73, 72, 71, 70
91, 82, 73, 72, 71
91, 82, 73, 72
91, 82, 73
91, 82, 73, 74
91, 82, 73, 74, 75
91, 82, 73, 74, 75, 76
91, 82, 73, 74, 75, 76, 77
91, 82, 73, 74, 75, 76, 77, 78
91, 82, 73, 72, 71, 70, 79
91, 82, 81, 80
91, 82, 81
91, 82
91, 82, 83
91, 82, 83, 84
91, 82, 83, 84, 85
91, 82, 83, 84, 85, 86
91, 82, 83, 84, 85, 86, 87
91, 82, 81, 80, 89, 88
91, 82, 81, 80, 89
91, 90
91, 92
91, 92, 93
91, 92, 93, 94
91, 92, 93, 94, 95
91, 92, 93, 94, 95, 96
91, 90, 99, 98, 97
91, 90, 99, 98
91, 90, 99
92, 8, 9, 0
92, 8, 9, 0, 1
92, 8, 9, 0, 1, 2
92, 8, 7, 6, 5, 4, 3
92, 8, 7, 6, 5, 4
92, 8, 7, 6, 5
92, 8, 7, 6
92, 8, 7
92, 8
92, 8, 9
92, 8, 9, 10
92, 8, 9, 0, 11
92, 8, 9, 0, 1, 12
92, 8, 9, 0, 1, 2, 13
92, 8, 7, 6, 5, 4, 3, 14
92, 8, 7, 6, 5, 4, 15
92, 8, 7, 6, 5, 16
92, 8, 7, 6, 17
92, 8, 7, 18
92, 8, 19
92, 8, 19, 20
92, 8, 9, 10, 21
92, 8, 9, 0, 11, 22
92, 8, 9, 0, 1, 12, 23
92, 8, 9, 0, 1, 2, 13, 24
92, 8, 7, 6, 5, 4, 3, 14, 25
92, 8, 7, 6, 5, 4, 15, 26
92, 8, 7, 6, 5, 16, 27
92, 8, 7, 6, 17, 28
92, 8, 7, 18, 29
92, 8, 7, 18, 29, 30
92, 8, 19, 20, 31
92, 8, 9, 10, 21, 32
92, 8, 9, 0, 11, 22, 33
92, 8, 9, 0, 1, 12, 23, 34
92, 8, 9, 0, 1, 2, 13, 24, 35
92, 8, 7, 6, 5, 4, 3, 14, 25, 36
92, 8, 7, 6, 5, 4, 15, 26, 37
92, 8, 7, 6, 5, 16, 27, 38
92, 8, 7, 6, 17, 28, 39
92, 8, 7, 6, 17, 28, 39, 40
92, 8, 7, 18, 29, 30, 41
92, 8, 19, 20, 31, 42
92, 83, 74, 65, 54, 43
92, 83, 74, 65, 54, 43, 44
92, 83, 74, 65, 54, 43, 44, 45
92, 83, 74, 65, 54, 43, 44, 45, 46
92, 83, 74, 65, 54, 43, 44, 45, 46, 47
92, 8, 7, 6, 5, 4, 15, 26, 37, 48
92, 8, 7, 6, 5, 16, 27, 38, 49
92, 83, 74, 65, 54, 53, 52, 51, 50
92, 83, 74, 65, 54, 53, 52, 51
92, 83, 74, 65, 54, 53, 52
92, 83, 74, 65, 54, 53
92, 83, 74, 65, 54
92, 83, 74, 65, 54, 55
92, 83, 74, 65, 54, 55, 56
92, 83, 74, 65, 54, 55, 56, 57
92, 83, 74, 65, 54, 55, 56, 57, 58
92, 83, 74, 65, 54, 53, 52, 51, 50, 59
92, 83, 74, 65, 64, 63, 62, 61, 60
92, 83, 74, 65, 64, 63, 62, 61
92, 83, 74, 65, 64, 63, 62
92, 83, 74, 65, 64, 63
92, 83, 74, 65, 64
92, 83, 74, 65
92, 83, 74, 65, 66
92, 83, 74, 65, 66, 67
92, 83, 74, 65, 66, 67, 68
92, 83, 74, 65, 66, 67, 68, 69
92, 83, 74, 73, 72, 71, 70
92, 83, 74, 73, 72, 71
92, 83, 74, 73, 72
92, 83, 74, 73
92, 83, 74
92, 83, 74, 75
92, 83, 74, 75, 76
92, 83, 74, 75, 76, 77
92, 83, 74, 75, 76, 77, 78
92, 83, 74, 73, 72, 71, 70, 79
92, 83, 82, 81, 80
92, 83, 82, 81
92, 83, 82
92, 83
92, 83, 84
92, 83, 84, 85
92, 83, 84, 85, 86
92, 83, 84, 85, 86, 87
92, 83, 84, 85, 86, 87, 88
92, 83, 82, 81, 80, 89
92, 91, 90
92, 91
92, 93
92, 93, 94
92, 93, 94, 95
92, 93, 94, 95, 96
92, 93, 94, 95, 96, 97
92, 91, 90, 99, 98
92, 91, 90, 99
93, 7, 8, 9, 0
93, 7, 8, 9, 0, 1
93, 7, 6, 5, 4, 3, 2
93, 7, 6, 5, 4, 3
93, 7, 6, 5, 4
93, 7, 6, 5
93, 7, 6
93, 7
93, 7, 8
93, 7, 8, 9
93, 7, 8, 9, 10
93, 7, 8, 9, 0, 11
93, 7, 8, 9, 0, 1, 12
93, 7, 6, 5, 4, 3, 2, 13
93, 7, 6, 5, 4, 3, 14
93, 7, 6, 5, 4, 15
93, 7, 6, 5, 16
93, 7, 6, 17
93, 7, 18
93, 7, 8, 19
93, 7, 8, 19, 20
93, 7, 8, 9, 10, 21
93, 7, 8, 9, 0, 11, 22
93, 7, 8, 9, 0, 1, 12, 23
93, 7, 6, 5, 4, 3, 2, 13, 24
93, 7, 6, 5, 4, 3, 14, 25
93, 7, 6, 5, 4, 15, 26
93, 7, 6, 5, 16, 27
93, 7, 6, 17, 28
93, 7, 18, 29
93, 7, 18, 29, 30
93, 7, 8, 19, 20, 31
93, 7, 8, 9, 10, 21, 32
93, 7, 8, 9, 0, 11, 22, 33
93, 7, 8, 9, 0, 1, 12, 23, 34
93, 7, 6, 5, 4, 3, 2, 13, 24, 35
93, 7, 6, 5, 4, 3, 14, 25, 36
93, 7, 6, 5, 4, 15, 26, 37
93, 7, 6, 5, 16, 27, 38
93, 7, 6, 17, 28, 39
93, 7, 6, 17, 28, 39, 40
93, 7, 18, 29, 30, 41
93, 84, 75, 66, 53, 42
93, 84, 75, 66, 53, 42, 43
93, 84, 75, 66, 53, 42, 43, 44
93, 84, 75, 66, 53, 42, 43, 44, 45
93, 84, 75, 66, 53, 42, 43, 44, 45, 46
93, 7, 6, 5, 4, 3, 14, 25, 36, 47
93, 7, 6, 5, 4, 15, 26, 37, 48
93, 7, 6, 5, 16, 27, 38, 49
93, 84, 75, 66, 53, 52, 51, 50
93, 84, 75, 66, 53, 52, 51
93, 84, 75, 66, 53, 52
93, 84, 75, 66, 53
93, 84, 75, 66, 53, 54
93, 84, 75, 66, 53, 54, 55
93, 84, 75, 66, 53, 54, 55, 56
93, 84, 75, 66, 53, 54, 55, 56, 57
93, 84, 75, 66, 53, 54, 55, 56, 57, 58
93, 84, 75, 66, 53, 52, 51, 50, 59
93, 84, 75, 66, 67, 68, 69, 60
93, 84, 75, 66, 65, 64, 63, 62, 61
93, 84, 75, 66, 65, 64, 63, 62
93, 84, 75, 66, 65, 64, 63
93, 84, 75, 66, 65, 64
93, 84, 75, 66, 65
93, 84, 75, 66
93, 84, 75, 66, 67
93, 84, 75, 66, 67, 68
93, 84, 75, 66, 67, 68, 69
93, 84, 75, 74, 73, 72, 71, 70
93, 84, 75, 74, 73, 72, 71
93, 84, 75, 74, 73, 72
93, 84, 75, 74, 73
93, 84, 75, 74
93, 84, 75
93, 84, 75, 76
93, 84, 75, 76, 77
93, 84, 75, 76, 77, 78
93, 84, 75, 76, 77, 78, 79
93, 84, 83, 82, 81, 80
93, 84, 83, 82, 81
93, 84, 83, 82
93, 84, 83
93, 84
93, 84, 85
93, 84, 85, 86
93, 84, 85, 86, 87
93, 84, 85, 86, 87, 88
93, 84, 83, 82, 81, 80, 89
93, 92, 91, 90
93, 92, 91
93, 92
93, 94
93, 94, 95
93, 94, 95, 96
93, 94, 95, 96, 97
93, 94, 95, 96, 97, 98
93, 92, 91, 90, 99
94, 6, 7, 8, 9, 0
94, 6, 5, 4, 3, 2, 1
94, 6, 5, 4, 3, 2
94, 6, 5, 4, 3
94, 6, 5, 4
94, 6, 5
94, 6
94, 6, 7
94, 6, 7, 8
94, 6, 7, 8, 9
94, 6, 7, 8, 9, 10
94, 6, 7, 8, 9, 0, 11
94, 6, 5, 4, 3, 2, 1, 12
94, 6, 5, 4, 3, 2, 13
94, 6, 5, 4, 3, 14
94, 6, 5, 4, 15
94, 6, 5, 16
94, 6, 17
94, 6, 7, 18
94, 6, 7, 8, 19
94, 6, 7, 8, 19, 20
94, 6, 7, 8, 9, 10, 21
94, 6, 7, 8, 9, 0, 11, 22
94, 6, 5, 4, 3, 2, 1, 12, 23
94, 6, 5, 4, 3, 2, 13, 24
94, 6, 5, 4, 3, 14, 25
94, 6, 5, 4, 15, 26
94, 6, 5, 16, 27
94, 6, 17, 28
94, 6, 7, 18, 29
94, 6, 7, 18, 29, 30
94, 6, 7, 8, 19, 20, 31
94, 6, 7, 8, 9, 10, 21, 32
94, 6, 7, 8, 9, 0, 11, 22, 33
94, 6, 5, 4, 3, 2, 1, 12, 23, 34
94, 6, 5, 4, 3, 2, 13, 24, 35
94, 6, 5, 4, 3, 14, 25, 36
94, 6, 5, 4, 15, 26, 37
94, 6, 5, 16, 27, 38
94, 6, 17, 28, 39
94, 6, 17, 28, 39, 40
94, 85, 76, 67, 52, 41
94, 85, 76, 67, 52, 41, 42
94, 85, 76, 67, 52, 41, 42, 43
94, 85, 76, 67, 52, 41, 42, 43, 44
94, 85, 76, 67, 52, 41, 42, 43, 44, 45
94, 6, 5, 4, 3, 2, 13, 24, 35, 46
94, 6, 5, 4, 3, 14, 25, 36, 47
94, 6, 5, 4, 15, 26, 37, 48
94, 6, 5, 16, 27, 38, 49
94, 85, 76, 67, 52, 51, 50
94, 85, 76, 67, 52, 51
94, 85, 76, 67, 52
94, 85, 76, 67, 52, 53
94, 85, 76, 67, 52, 53, 54
94, 85, 76, 67, 52, 53, 54, 55
94, 85, 76, 67, 52, 53, 54, 55, 56
94, 85, 76, 67, 52, 53, 54, 55, 56, 57
94, 85, 76, 67, 52, 51, 50, 59, 58
94, 85, 76, 67, 52, 51, 50, 59
94, 85, 76, 67, 68, 69, 60
94, 85, 76, 67, 68, 69, 60, 61
94, 85, 76, 67, 66, 65, 64, 63, 62
94, 85, 76, 67, 66, 65, 64, 63
94, 85, 76, 67, 66, 65, 64
94, 85, 76, 67, 66, 65
94, 85, 76, 67, 66
94, 85, 76, 67
94, 85, 76, 67, 68
94, 85, 76, 67, 68, 69
94, 85, 76, 77, 78, 79, 70
94, 85, 76, 75, 74, 73, 72, 71
94, 85, 76, 75, 74, 73, 72
94, 85, 76, 75, 74, 73
94, 85, 76, 75, 74
94, 85, 76, 75
94, 85, 76
94, 85, 76, 77
94, 85, 76, 77, 78
94, 85, 76, 77, 78, 79
94, 85, 84, 83, 82, 81, 80
94, 85, 84, 83, 82, 81
94, 85, 84, 83, 82
94, 85, 84, 83
94, 85, 84
94, 85
94, 85, 86
94, 85, 86, 87
94, 85, 86, 87, 88
94, 85, 86, 87, 88, 89
94, 93, 92, 91, 90
94, 93, 92, 91
94, 93, 92
94, 93
94, 95
94, 95, 96
94, 95, 96, 97
94, 95, 96, 97, 98
94, 93, 92, 91, 90, 99
95, 5, 4, 3, 2, 1, 0
95, 5, 4, 3, 2, 1
95, 5, 4, 3, 2
95, 5, 4, 3
95, 5, 4
95, 5
95, 5, 6
95, 5, 6, 7
95, 5, 6, 7, 8
95, 5, 6, 7, 8, 9
95, 5, 6, 7, 8, 9, 10
95, 5, 4, 3, 2, 1, 0, 11
95, 5, 4, 3, 2, 1, 12
95, 5, 4, 3, 2, 13
95, 5, 4, 3, 14
95, 5, 4, 15
95, 5, 16
95, 5, 6, 17
95, 5, 6, 7, 18
95, 5, 6, 7, 8, 19
95, 5, 6, 7, 8, 19, 20
95, 5, 6, 7, 8, 9, 10, 21
95, 5, 4, 3, 2, 1, 0, 11, 22
95, 5, 4, 3, 2, 1, 12, 23
95, 5, 4, 3, 2, 13, 24
95, 5, 4, 3, 14, 25
95, 5, 4, 15, 26
95, 5, 16, 27
95, 5, 6, 17, 28
95, 5, 6, 7, 18, 29
95, 5, 6, 7, 18, 29, 30
95, 5, 6, 7, 8, 19, 20, 31
95, 5, 6, 7, 8, 9, 10, 21, 32
95, 5, 4, 3, 2, 1, 0, 11, 22, 33
95, 5, 4, 3, 2, 1, 12, 23, 34
95, 5, 4, 3, 2, 13, 24, 35
95, 5, 4, 3, 14, 25, 36
95, 5, 4, 15, 26, 37
95, 5, 16, 27, 38
95, 5, 6, 17, 28, 39
95, 86, 77, 68, 51, 40
95, 86, 77, 68, 51, 40, 41
95, 86, 77, 68, 51, 40, 41, 42
95, 86, 77, 68, 51, 40, 41, 42, 43
95, 86, 77, 68, 51, 40, 41, 42, 43, 44
95, 5, 4, 3, 2, 1, 12, 23, 34, 45
95, 5, 4, 3, 2, 13, 24, 35, 46
95, 5, 4, 3, 14, 25, 36, 47
95, 5, 4, 15, 26, 37, 48
95, 5, 16, 27, 38, 49
95, 86, 77, 68, 51, 50
95, 86, 77, 68, 51
95, 86, 77, 68, 51, 52
95, 86, 77, 68, 51, 52, 53
95, 86, 77, 68, 51, 52, 53, 54
95, 86, 77, 68, 51, 52, 53, 54, 55
95, 86, 77, 68, 51, 52, 53, 54, 55, 56
95, 86, 77, 68, 51, 50, 59, 58, 57
95, 86, 77, 68, 51, 50, 59, 58
95, 86, 77, 68, 51, 50, 59
95, 86, 77, 68, 69, 60
95, 86, 77, 68, 69, 60, 61
95, 86, 77, 68, 69, 60, 61, 62
95, 86, 77, 68, 67, 66, 65, 64, 63
95, 86, 77, 68, 67, 66, 65, 64
95, 86, 77, 68, 67, 66, 65
95, 86, 77, 68, 67, 66
95, 86, 77, 68, 67
95, 86, 77, 68
95, 86, 77, 68, 69
95, 86, 77, 78, 79, 70
95, 86, 77, 78, 79, 70, 71
95, 86, 77, 76, 75, 74, 73, 72
95, 86, 77, 76, 75, 74, 73
95, 86, 77, 76, 75, 74
95, 86, 77, 76, 75
95, 86, 77, 76
95, 86, 77
95, 86, 77, 78
95, 86, 77, 78, 79
95, 86, 87, 88, 89, 80
95, 86, 85, 84, 83, 82, 81
95, 86, 85, 84, 83, 82
95, 86, 85, 84, 83
95, 86, 85, 84
95, 86, 85
95, 86
95, 86, 87
95, 86, 87, 88
95, 86, 87, 88, 89
95, 94, 93, 92, 91, 90
95, 94, 93, 92, 91
95, 94, 93, 92
95, 94, 93
95, 94
95, 96
95, 96, 97
95, 96, 97, 98
95, 96, 97, 98, 99
96, 4, 3, 2, 1, 0
96, 4, 3, 2, 1
96, 4, 3, 2
96, 4, 3
96, 4
96, 4, 5
96, 4, 5, 6
96, 4, 5, 6, 7
96, 4, 5, 6, 7, 8
96, 4, 3, 2, 1, 0, 9
96, 4, 3, 2, 1, 0, 9, 10
96, 4, 3, 2, 1, 0, 11
96, 4, 3, 2, 1, 12
96, 4, 3, 2, 13
96, 4, 3, 14
96, 4, 15
96, 4, 5, 16
96, 4, 5, 6, 17
96, 4, 5, 6, 7, 18
96, 4, 5, 6, 7, 8, 19
96, 4, 5, 6, 7, 8, 19, 20
96, 4, 3, 2, 1, 0, 9, 10, 21
96, 4, 3, 2, 1, 0, 11, 22
96, 4, 3, 2, 1, 12, 23
96, 4, 3, 2, 13, 24
96, 4, 3, 14, 25
96, 4, 15, 26
96, 4, 5, 16, 27
96, 4, 5, 6, 17, 28
96, 4, 5, 6, 7, 18, 29
96, 4, 5, 6, 7, 18, 29, 30
96, 4, 5, 6, 7, 8, 19, 20, 31
96, 4, 3, 2, 1, 0, 9, 10, 21, 32
96, 4, 3, 2, 1, 0, 11, 22, 33
96, 4, 3, 2, 1, 12, 23, 34
96, 4, 3, 2, 13, 24, 35
96, 4, 3, 14, 25, 36
96, 4, 15, 26, 37
96, 4, 5, 16, 27, 38
96, 4, 5, 6, 17, 28, 39
96, 87, 78, 69, 50, 49, 40
96, 87, 78, 69, 50, 49, 40, 41
96, 87, 78, 69, 50, 49, 40, 41, 42
96, 87, 78, 69, 50, 49, 40, 41, 42, 43
96, 4, 3, 2, 1, 0, 11, 22, 33, 44
96, 4, 3, 2, 1, 12, 23, 34, 45
96, 4, 3, 2, 13, 24, 35, 46
96, 4, 3, 14, 25, 36, 47
96, 4, 15, 26, 37, 48
96, 87, 78, 69, 50, 49
96, 87, 78, 69, 50
96, 87, 78, 69, 50, 51
96, 87, 78, 69, 50, 51, 52
96, 87, 78, 69, 50, 51, 52, 53
96, 87, 78, 69, 50, 51, 52, 53, 54
96, 87, 78, 69, 50, 51, 52, 53, 54, 55
96, 87, 78, 69, 50, 59, 58, 57, 56
96, 87, 78, 69, 50, 59, 58, 57
96, 87, 78, 69, 50, 59, 58
96, 87, 78, 69, 50, 59
96, 87, 78, 69, 60
96, 87, 78, 69, 60, 61
96, 87, 78, 69, 60, 61, 62
96, 87, 78, 69, 60, 61, 62, 63
96, 87, 78, 69, 60, 61, 62, 63, 64
96, 87, 78, 69, 68, 67, 66, 65
96, 87, 78, 69, 68, 67, 66
96, 87, 78, 69, 68, 67
96, 87, 78, 69, 68
96, 87, 78, 69
96, 87, 78, 79, 70
96, 87, 78, 79, 70, 71
96, 87, 78, 79, 70, 71, 72
96, 87, 78, 77, 76, 75, 74, 73
96, 87, 78, 77, 76, 75, 74
96, 87, 78, 77, 76, 75
96, 87, 78, 77, 76
96, 87, 78, 77
96, 87, 78
96, 87, 78, 79
96, 87, 88, 89, 80
96, 87, 88, 89, 80, 81
96, 87, 86, 85, 84, 83, 82
96, 87, 86, 85, 84, 83
96, 87, 86, 85, 84
96, 87, 86, 85
96, 87, 86
96, 87
96, 87, 88
96, 87, 88, 89
96, 97, 98, 99, 90
96, 95, 94, 93, 92, 91
96, 95, 94, 93, 92
96, 95, 94, 93
96, 95, 94
96, 95
96, 97
96, 97, 98
96, 97, 98, 99
97, 3, 2, 1, 0
97, 3, 2, 1
97, 3, 2
97, 3
97, 3, 4
97, 3, 4, 5
97, 3, 4, 5, 6
97, 3, 4, 5, 6, 7
97, 3, 4, 5, 6, 7, 8
97, 3, 2, 1, 0, 9
97, 3, 2, 1, 0, 9, 10
97, 3, 2, 1, 0, 11
97, 3, 2, 1, 12
97, 3, 2, 13
97, 3, 14
97, 3, 4, 15
97, 3, 4, 5, 16
97, 3, 4, 5, 6, 17
97, 3, 4, 5, 6, 7, 18
97, 3, 4, 5, 6, 7, 8, 19
97, 3, 4, 5, 6, 7, 8, 19, 20
97, 3, 2, 1, 0, 9, 10, 21
97, 3, 2, 1, 0, 11, 22
97, 3, 2, 1, 12, 23
97, 3, 2, 13, 24
97, 3, 14, 25
97, 3, 4, 15, 26
97, 3, 4, 5, 16, 27
97, 3, 4, 5, 6, 17, 28
97, 3, 4, 5, 6, 7, 18, 29
97, 3, 4, 5, 6, 7, 18, 29, 30
97, 3, 4, 5, 6, 7, 8, 19, 20, 31
97, 3, 2, 1, 0, 9, 10, 21, 32
97, 3, 2, 1, 0, 11, 22, 33
97, 3, 2, 1, 12, 23, 34
97, 3, 2, 13, 24, 35
97, 3, 14, 25, 36
97, 3, 4, 15, 26, 37
97, 3, 4, 5, 16, 27, 38
97, 3, 4, 5, 6, 17, 28, 39
97, 88, 79, 60, 59, 48, 49, 40
97, 88, 79, 60, 59, 48, 49, 40, 41
97, 88, 79, 60, 59, 48, 49, 40, 41, 42
97, 3, 2, 1, 0, 9, 10, 21, 32, 43
97, 3, 2, 1, 0, 11, 22, 33, 44
97, 3, 2, 1, 12, 23, 34, 45
97, 3, 2, 13, 24, 35, 46
97, 3, 14, 25, 36, 47
97, 88, 79, 60, 59, 48
97, 88, 79, 60, 59, 48, 49
97, 88, 79, 60, 59, 50
97, 88, 79, 60, 59, 50, 51
97, 88, 79, 60, 59, 50, 51, 52
97, 88, 79, 60, 59, 50, 51, 52, 53
97, 88, 79, 60, 59, 50, 51, 52, 53, 54
97, 88, 79, 60, 59, 58, 57, 56, 55
97, 88, 79, 60, 59, 58, 57, 56
97, 88, 79, 60, 59, 58, 57
97, 88, 79, 60, 59, 58
97, 88, 79, 60, 59
97, 88, 79, 60
97, 88, 79, 60, 61
97, 88, 79, 60, 61, 62
97, 88, 79, 60, 61, 62, 63
97, 88, 79, 60, 61, 62, 63, 64
97, 88, 79, 60, 61, 62, 63, 64, 65
97, 88, 79, 60, 69, 68, 67, 66
97, 88, 79, 60, 69, 68, 67
97, 88, 79, 60, 69, 68
97, 88, 79, 60, 69
97, 88, 79, 70
97, 88, 79, 70, 71
97, 88, 79, 70, 71, 72
97, 88, 79, 70, 71, 72, 73
97, 88, 79, 70, 71, 72, 73, 74
97, 88, 79, 78, 77, 76, 75
97, 88, 79, 78, 77, 76
97, 88, 79, 78, 77
97, 88, 79, 78
97, 88, 79
97, 88, 89, 80
97, 88, 89, 80, 81
97, 88, 89, 80, 81, 82
97, 88, 87, 86, 85, 84, 83
97, 88, 87, 86, 85, 84
97, 88, 87, 86, 85
97, 88, 87, 86
97, 88, 87
97, 88
97, 88, 89
97, 98, 99, 90
97, 98, 99, 90, 91
97, 96, 95, 94, 93, 92
97, 96, 95, 94, 93
97, 96, 95, 94
97, 96, 95
97, 96
97, 98
97, 98, 99
98, 2, 1, 0
98, 2, 1
98, 2
98, 2, 3
98, 2, 3, 4
98, 2, 3, 4, 5
98, 2, 3, 4, 5, 6
98, 2, 3, 4, 5, 6, 7
98, 2, 1, 0, 9, 8
98, 2, 1, 0, 9
98, 2, 1, 0, 9, 10
98, 2, 1, 0, 11
98, 2, 1, 12
98, 2, 13
98, 2, 3, 14
98, 2, 3, 4, 15
98, 2, 3, 4, 5, 16
98, 2, 3, 4, 5, 6, 17
98, 2, 3, 4, 5, 6, 7, 18
98, 2, 1, 0, 9, 8, 19
98, 2, 1, 0, 9, 8, 19, 20
98, 2, 1, 0, 9, 10, 21
98, 2, 1, 0, 11, 22
98, 2, 1, 12, 23
98, 2, 13, 24
98, 2, 3, 14, 25
98, 2, 3, 4, 15, 26
98, 2, 3, 4, 5, 16, 27
98, 2, 3, 4, 5, 6, 17, 28
98, 2, 3, 4, 5, 6, 7, 18, 29
98, 2, 3, 4, 5, 6, 7, 18, 29, 30
98, 2, 1, 0, 9, 8, 19, 20, 31
98, 2, 1, 0, 9, 10, 21, 32
98, 2, 1, 0, 11, 22, 33
98, 2, 1, 12, 23, 34
98, 2, 13, 24, 35
98, 2, 3, 14, 25, 36
98, 2, 3, 4, 15, 26, 37
98, 2, 3, 4, 5, 16, 27, 38
98, 2, 3, 4, 5, 6, 17, 28, 39
98, 89, 70, 61, 58, 47, 48, 49, 40
98, 89, 70, 61, 58, 47, 48, 49, 40, 41
98, 2, 1, 0, 9, 8, 19, 20, 31, 42
98, 2, 1, 0, 9, 10, 21, 32, 43
98, 2, 1, 0, 11, 22, 33, 44
98, 2, 1, 12, 23, 34, 45
98, 2, 13, 24, 35, 46
98, 89, 70, 61, 58, 47
98, 89, 70, 61, 58, 47, 48
98, 89, 70, 61, 58, 47, 48, 49
98, 89, 70, 61, 58, 59, 50
98, 89, 70, 61, 58, 59, 50, 51
98, 89, 70, 61, 58, 59, 50, 51, 52
98, 89, 70, 61, 58, 57, 56, 55, 54, 53
98, 89, 70, 61, 58, 57, 56, 55, 54
98, 89, 70, 61, 58, 57, 56, 55
98, 89, 70, 61, 58, 57, 56
98, 89, 70, 61, 58, 57
98, 89, 70, 61, 58
98, 89, 70, 61, 58, 59
98, 89, 70, 61, 60
98, 89, 70, 61
98, 89, 70, 61, 62
98, 89, 70, 61, 62, 63
98, 89, 70, 61, 62, 63, 64
98, 89, 70, 61, 62, 63, 64, 65
98, 89, 70, 61, 62, 63, 64, 65, 66
98, 89, 70, 61, 60, 69, 68, 67
98, 89, 70, 61, 60, 69, 68
98, 89, 70, 61, 60, 69
98, 89, 70
98, 89, 70, 71
98, 89, 70, 71, 72
98, 89, 70, 71, 72, 73
98, 89, 70, 71, 72, 73, 74
98, 89, 70, 71, 72, 73, 74, 75
98, 89, 70, 79, 78, 77, 76
98, 89, 70, 79, 78, 77
98, 89, 70, 79, 78
98, 89, 70, 79
98, 89, 80
98, 89, 80, 81
98, 89, 80, 81, 82
98, 89, 80, 81, 82, 83
98, 89, 80, 81, 82, 83, 84
98, 89, 88, 87, 86, 85
98, 89, 88, 87, 86
98, 89, 88, 87
98, 89, 88
98, 89
98, 99, 90
98, 99, 90, 91
98, 99, 90, 91, 92
98, 97, 96, 95, 94, 93
98, 97, 96, 95, 94
98, 97, 96, 95
98, 97, 96
98, 97
98, 99
99, 1, 0
99, 1
99, 1, 2
99, 1, 2, 3
99, 1, 2, 3, 4
99, 1, 2, 3, 4, 5
99, 1, 2, 3, 4, 5, 6
99, 1, 0, 9, 8, 7
99, 1, 0, 9, 8
99, 1, 0, 9
99, 1, 0, 9, 10
99, 1, 0, 11
99, 1, 12
99, 1, 2, 13
99, 1, 2, 3, 14
99, 1, 2, 3, 4, 15
99, 1, 2, 3, 4, 5, 16
99, 1, 2, 3, 4, 5, 6, 17
99, 1, 0, 9, 8, 7, 18
99, 1, 0, 9, 8, 19
99, 1, 0, 9, 8, 19, 20
99, 1, 0, 9, 10, 21
99, 1, 0, 11, 22
99, 1, 12, 23
99, 1, 2, 13, 24
99, 1, 2, 3, 14, 25
99, 1, 2, 3, 4, 15, 26
99, 1, 2, 3, 4, 5, 16, 27
99, 1, 2, 3, 4, 5, 6, 17, 28
99, 1, 0, 9, 8, 7, 18, 29
99, 1, 0, 9, 8, 7, 18, 29, 30
99, 1, 0, 9, 8, 19, 20, 31
99, 1, 0, 9, 10, 21, 32
99, 1, 0, 11, 22, 33
99, 1, 12, 23, 34
99, 1, 2, 13, 24, 35
99, 1, 2, 3, 14, 25, 36
99, 1, 2, 3, 4, 15, 26, 37
99, 1, 2, 3, 4, 5, 16, 27, 38
99, 1, 2, 3, 4, 5, 6, 17, 28, 39
99, 80, 71, 62, 57, 46, 47, 48, 49, 40
99, 1, 0, 9, 8, 7, 18, 29, 30, 41
99, 1, 0, 9, 8, 19, 20, 31, 42
99, 1, 0, 9, 10, 21, 32, 43
99, 1, 0, 11, 22, 33, 44
99, 1, 12, 23, 34, 45
99, 80, 71, 62, 57, 46
99, 80, 71, 62, 57, 46, 47
99, 80, 71, 62, 57, 46, 47, 48
99, 80, 71, 62, 57, 46, 47, 48, 49
99, 80, 71, 62, 57, 58, 59, 50
99, 80, 71, 62, 57, 58, 59, 50, 51
99, 80, 71, 62, 57, 56, 55, 54, 53, 52
99, 80, 71, 62, 57, 56, 55, 54, 53
99, 80, 71, 62, 57, 56, 55, 54
99, 80, 71, 62, 57, 56, 55
99, 80, 71, 62, 57, 56
99, 80, 71, 62, 57
99, 80, 71, 62, 57, 58
99, 80, 71, 62, 57, 58, 59
99, 80, 71, 62, 61, 60
99, 80, 71, 62, 61
99, 80, 71, 62
99, 80, 71, 62, 63
99, 80, 71, 62, 63, 64
99, 80, 71, 62, 63, 64, 65
99, 80, 71, 62, 63, 64, 65, 66
99, 80, 71, 62, 63, 64, 65, 66, 67
99, 80, 71, 62, 61, 60, 69, 68
99, 80, 71, 62, 61, 60, 69
99, 80, 71, 70
99, 80, 71
99, 80, 71, 72
99, 80, 71, 72, 73
99, 80, 71, 72, 73, 74
99, 80, 71, 72, 73, 74, 75
99, 80, 71, 72, 73, 74, 75, 76
99, 80, 71, 70, 79, 78, 77
99, 80, 71, 70, 79, 78
99, 80, 71, 70, 79
99, 80
99, 80, 81
99, 80, 81, 82
99, 80, 81, 82, 83
99, 80, 81, 82, 83, 84
99, 80, 81, 82, 83, 84, 85
99, 80, 89, 88, 87, 86
99, 80, 89, 88, 87
99, 80, 89, 88
99, 80, 89
99, 90
99, 90, 91
99, 90, 91, 92
99, 90, 91, 92, 93
99, 90, 91, 92, 93, 94
99, 98, 97, 96, 95
99, 98, 97, 96
99, 98, 97
99, 98
