STARLINK-1000
1 19770U 98065A   24100.00000000 -.00022620  00000-0  13156-2 0  1002
2 19770  50.0000   0.0000 0000000   0.0000   0.0000 15.21981948859077
STARLINK-1001
1 56783U 98065A   24100.00000000 -.00022620  00000-0  13156-2 0  1007
2 56783  50.0000   0.0000 0000000   0.0000  17.1429 15.21981948667944
STARLINK-1002
1 67545U 98065A   24100.00000000 -.00022620  00000-0  13156-2 0  1004
2 67545  50.0000   0.0000 0000000   0.0000  34.2857 15.21981948858662
STARLINK-1003
1 63074U 98065A   24100.00000000 -.00022620  00000-0  13156-2 0  1002
2 63074  50.0000   0.0000 0000000   0.0000  51.4286 15.21981948881043
STARLINK-1004
1 47047U 98065A   24100.00000000 -.00022620  00000-0  13156-2 0  1006
2 47047  50.0000   0.0000 0000000   0.0000  68.5714 15.21981948741516
STARLINK-1005
1 49966U 98065A   24100.00000000 -.00022620  00000-0  13156-2 0  1008
2 49966  50.0000   0.0000 0000000   0.0000  85.7143 15.21981948580412
STARLINK-1006
1 43156U 98065A   24100.00000000 -.00022620  00000-0  13156-2 0  1005
2 43156  50.0000   0.0000 0000000   0.0000 102.8571 15.21981948207728
STARLINK-1007
1 29077U 98065A   24100.00000000 -.00022620  00000-0  13156-2 0  1002
2 29077  50.0000   0.0000 0000000   0.0000 120.0000 15.21981948399640
STARLINK-1008
1 98466U 98065A   24100.00000000 -.00022620  00000-0  13156-2 0  1004
2 98466  50.0000   0.0000 0000000   0.0000 137.1429 15.21981948519727
STARLINK-1009
1 20443U 98065A   24100.00000000 -.00022620  00000-0  13156-2 0  1004
2 20443  50.0000   0.0000 0000000   0.0000 154.2857 15.21981948369096
STARLINK-1010
1 16440U 98065A   24100.00000000 -.00022620  00000-0  13156-2 0  1000
2 16440  50.0000   0.0000 0000000   0.0000 171.4286 15.21981948431026
STARLINK-1011
1 74789U 98065A   24100.00000000 -.00022620  00000-0  13156-2 0  1001
2 74789  50.0000   0.0000 0000000   0.0000 188.5714 15.21981948678711
STARLINK-1012
1 57591U 98065A   24100.00000000 -.00022620  00000-0  13156-2 0  1000
2 57591  50.0000   0.0000 0000000   0.0000 205.7143 15.21981948948207
STARLINK-1013
1 24178U 98065A   24100.00000000 -.00022620  00000-0  13156-2 0  1004
2 24178  50.0000   0.0000 0000000   0.0000 222.8571 15.21981948974082
STARLINK-1014
1 99499U 98065A   24100.00000000 -.00022620  00000-0  13156-2 0  1001
2 99499  50.0000   0.0000 0000000   0.0000 240.0000 15.21981948676634
STARLINK-1015
1 47271U 98065A   24100.00000000 -.00022620  00000-0  13156-2 0  1001
2 47271  50.0000   0.0000 0000000   0.0000 257.1429 15.21981948704503
STARLINK-1016
1 22177U 98065A   24100.00000000 -.00022620  00000-0  13156-2 0  1006
2 22177  50.0000   0.0000 0000000   0.0000 274.2857 15.21981948893471
STARLINK-1017
1 64552U 98065A   24100.00000000 -.00022620  00000-0  13156-2 0  1007
2 64552  50.0000   0.0000 0000000   0.0000 291.4286 15.21981948250924
STARLINK-1018
1 51036U 98065A   24100.00000000 -.00022620  00000-0  13156-2 0  1006
2 51036  50.0000   0.0000 0000000   0.0000 308.5714 15.21981948479653
STARLINK-1019
1 21483U 98065A   24100.00000000 -.00022620  00000-0  13156-2 0  1001
2 21483  50.0000   0.0000 0000000   0.0000 325.7143 15.21981948674100
STARLINK-1020
1 24569U 98065A   24100.00000000 -.00022620  00000-0  13156-2 0  1002
2 24569  50.0000   0.0000 0000000   0.0000 342.8571 15.21981948653335
STARLINK-1021
1 89752U 98065A   24100.00000000 -.00022620  00000-0  13156-2 0  1006
2 89752  50.0000   0.0000 0000000   0.0000 360.0000 15.21981948640603
STARLINK-1022
1 29116U 98065A   24100.00000000 -.00022620  00000-0  13156-2 0  1005
2 29116  50.0000   5.0704 0000000   0.0000   0.2273 15.21981948221795
STARLINK-1023
1 92209U 98065A   24100.00000000 -.00022620  00000-0  13156-2 0  1002
2 92209  50.0000   5.0704 0000000   0.0000  17.3701 15.21981948228148
STARLINK-1024
1 50240U 98065A   24100.00000000 -.00022620  00000-0  13156-2 0  1006
2 50240  50.0000   5.0704 0000000   0.0000  34.5130 15.21981948787552
STARLINK-1025
1 79458U 98065A   24100.00000000 -.00022620  00000-0  13156-2 0  1003
2 79458  50.0000   5.0704 0000000   0.0000  51.6558 15.21981948871261
STARLINK-1026
1 72881U 98065A   24100.00000000 -.00022620  00000-0  13156-2 0  1006
2 72881  50.0000   5.0704 0000000   0.0000  68.7987 15.21981948703352
STARLINK-1027
1 85925U 98065A   24100.00000000 -.00022620  00000-0  13156-2 0  1007
2 85925  50.0000   5.0704 0000000   0.0000  85.9416 15.21981948712998
STARLINK-1028
1 67770U 98065A   24100.00000000 -.00022620  00000-0  13156-2 0  1005
2 67770  50.0000   5.0704 0000000   0.0000 103.0844 15.21981948778146
STARLINK-1029
1 69706U 98065A   24100.00000000 -.00022620  00000-0  13156-2 0  1005
2 69706  50.0000   5.0704 0000000   0.0000 120.2273 15.21981948511502
STARLINK-1030
1 91639U 98065A   24100.00000000 -.00022620  00000-0  13156-2 0  1003
2 91639  50.0000   5.0704 0000000   0.0000 137.3701 15.21981948350703
STARLINK-1031
1 40942U 98065A   24100.00000000 -.00022620  00000-0  13156-2 0  1005
2 40942  50.0000   5.0704 0000000   0.0000 154.5130 15.21981948846555
STARLINK-1032
1 78686U 98065A   24100.00000000 -.00022620  00000-0  13156-2 0  1007
2 78686  50.0000   5.0704 0000000   0.0000 171.6558 15.21981948446640
STARLINK-1033
1 16406U 98065A   24100.00000000 -.00022620  00000-0  13156-2 0  1005
2 16406  50.0000   5.0704 0000000   0.0000 188.7987 15.21981948379534
STARLINK-1034
1 65723U 98065A   24100.00000000 -.00022620  00000-0  13156-2 0  1006
2 65723  50.0000   5.0704 0000000   0.0000 205.9416 15.21981948508056
STARLINK-1035
1 54550U 98065A   24100.00000000 -.00022620  00000-0  13156-2 0  1001
2 54550  50.0000   5.0704 0000000   0.0000 223.0844 15.21981948515203
STARLINK-1036
1 11739U 98065A   24100.00000000 -.00022620  00000-0  13156-2 0  1006
2 11739  50.0000   5.0704 0000000   0.0000 240.2273 15.21981948607505
STARLINK-1037
1 30978U 98065A   24100.00000000 -.00022620  00000-0  13156-2 0  1008
2 30978  50.0000   5.0704 0000000   0.0000 257.3701 15.21981948429720
STARLINK-1038
1 54226U 98065A   24100.00000000 -.00022620  00000-0  13156-2 0  1006
2 54226  50.0000   5.0704 0000000   0.0000 274.5130 15.21981948360078
STARLINK-1039
1 82370U 98065A   24100.00000000 -.00022620  00000-0  13156-2 0  1000
2 82370  50.0000   5.0704 0000000   0.0000 291.6558 15.21981948703498
STARLINK-1040
1 55677U 98065A   24100.00000000 -.00022620  00000-0  13156-2 0  1006
2 55677  50.0000   5.0704 0000000   0.0000 308.7987 15.21981948561852
STARLINK-1041
1 67890U 98065A   24100.00000000 -.00022620  00000-0  13156-2 0  1005
2 67890  50.0000   5.0704 0000000   0.0000 325.9416 15.21981948918284
STARLINK-1042
1 63274U 98065A   24100.00000000 -.00022620  00000-0  13156-2 0  1005
2 63274  50.0000   5.0704 0000000   0.0000 343.0844 15.21981948251445
STARLINK-1043
1 69786U 98065A   24100.00000000 -.00022620  00000-0  13156-2 0  1004
2 69786  50.0000   5.0704 0000000   0.0000   0.2273 15.21981948743017
STARLINK-1044
1 89639U 98065A   24100.00000000 -.00022620  00000-0  13156-2 0  1001
2 89639  50.0000  10.1408 0000000   0.0000   0.4545 15.21981948631625
STARLINK-1045
1 14457U 98065A   24100.00000000 -.00022620  00000-0  13156-2 0  1002
2 14457  50.0000  10.1408 0000000   0.0000  17.5974 15.21981948138896
STARLINK-1046
1 33886U 98065A   24100.00000000 -.00022620  00000-0  13156-2 0  1000
2 33886  50.0000  10.1408 0000000   0.0000  34.7403 15.21981948968665
STARLINK-1047
1 53292U 98065A   24100.00000000 -.00022620  00000-0  13156-2 0  1000
2 53292  50.0000  10.1408 0000000   0.0000  51.8831 15.21981948126993
STARLINK-1048
1 52961U 98065A   24100.00000000 -.00022620  00000-0  13156-2 0  1007
2 52961  50.0000  10.1408 0000000   0.0000  69.0260 15.21981948113708
STARLINK-1049
1 85091U 98065A   24100.00000000 -.00022620  00000-0  13156-2 0  1002
2 85091  50.0000  10.1408 0000000   0.0000  86.1688 15.21981948645123
STARLINK-1050
1 21450U 98065A   24100.00000000 -.00022620  00000-0  13156-2 0  1004
2 21450  50.0000  10.1408 0000000   0.0000 103.3117 15.21981948346428
STARLINK-1051
1 65413U 98065A   24100.00000000 -.00022620  00000-0  13156-2 0  1008
2 65413  50.0000  10.1408 0000000   0.0000 120.4545 15.21981948871384
STARLINK-1052
1 34740U 98065A   24100.00000000 -.00022620  00000-0  13156-2 0  1003
2 34740  50.0000  10.1408 0000000   0.0000 137.5974 15.21981948258181
STARLINK-1053
1 54265U 98065A   24100.00000000 -.00022620  00000-0  13156-2 0  1006
2 54265  50.0000  10.1408 0000000   0.0000 154.7403 15.21981948782220
STARLINK-1054
1 57386U 98065A   24100.00000000 -.00022620  00000-0  13156-2 0  1001
2 57386  50.0000  10.1408 0000000   0.0000 171.8831 15.21981948249274
STARLINK-1055
1 10070U 98065A   24100.00000000 -.00022620  00000-0  13156-2 0  1007
2 10070  50.0000  10.1408 0000000   0.0000 189.0260 15.21981948598331
STARLINK-1056
1 69156U 98065A   24100.00000000 -.00022620  00000-0  13156-2 0  1008
2 69156  50.0000  10.1408 0000000   0.0000 206.1688 15.21981948472761
STARLINK-1057
1 19925U 98065A   24100.00000000 -.00022620  00000-0  13156-2 0  1006
2 19925  50.0000  10.1408 0000000   0.0000 223.3117 15.21981948683075
STARLINK-1058
1 38262U 98065A   24100.00000000 -.00022620  00000-0  13156-2 0  1008
2 38262  50.0000  10.1408 0000000   0.0000 240.4545 15.21981948343547
STARLINK-1059
1 40189U 98065A   24100.00000000 -.00022620  00000-0  13156-2 0  1003
2 40189  50.0000  10.1408 0000000   0.0000 257.5974 15.21981948249260
STARLINK-1060
1 76047U 98065A   24100.00000000 -.00022620  00000-0  13156-2 0  1002
2 76047  50.0000  10.1408 0000000   0.0000 274.7403 15.21981948379435
STARLINK-1061
1 14014U 98065A   24100.00000000 -.00022620  00000-0  13156-2 0  1005
2 14014  50.0000  10.1408 0000000   0.0000 291.8831 15.21981948868927
STARLINK-1062
1 11562U 98065A   24100.00000000 -.00022620  00000-0  13156-2 0  1004
2 11562  50.0000  10.1408 0000000   0.0000 309.0260 15.21981948154145
STARLINK-1063
1 49508U 98065A   24100.00000000 -.00022620  00000-0  13156-2 0  1000
2 49508  50.0000  10.1408 0000000   0.0000 326.1688 15.21981948253351
STARLINK-1064
1 76365U 98065A   24100.00000000 -.00022620  00000-0  13156-2 0  1008
2 76365  50.0000  10.1408 0000000   0.0000 343.3117 15.21981948883603
STARLINK-1065
1 87485U 98065A   24100.00000000 -.00022620  00000-0  13156-2 0  1004
2 87485  50.0000  10.1408 0000000   0.0000   0.4545 15.21981948931202
STARLINK-1066
1 71481U 98065A   24100.00000000 -.00022620  00000-0  13156-2 0  1004
2 71481  50.0000  15.2113 0000000   0.0000   0.6818 15.21981948720147
STARLINK-1067
1 42968U 98065A   24100.00000000 -.00022620  00000-0  13156-2 0  1003
2 42968  50.0000  15.2113 0000000   0.0000  17.8247 15.21981948670535
STARLINK-1068
1 56518U 98065A   24100.00000000 -.00022620  00000-0  13156-2 0  1008
2 56518  50.0000  15.2113 0000000   0.0000  34.9675 15.21981948625955
STARLINK-1069
1 88944U 98065A   24100.00000000 -.00022620  00000-0  13156-2 0  1001
2 88944  50.0000  15.2113 0000000   0.0000  52.1104 15.21981948363437
STARLINK-1070
1 80062U 98065A   24100.00000000 -.00022620  00000-0  13156-2 0  1007
2 80062  50.0000  15.2113 0000000   0.0000  69.2532 15.21981948950918
STARLINK-1071
1 87346U 98065A   24100.00000000 -.00022620  00000-0  13156-2 0  1007
2 87346  50.0000  15.2113 0000000   0.0000  86.3961 15.21981948684692
STARLINK-1072
1 43564U 98065A   24100.00000000 -.00022620  00000-0  13156-2 0  1007
2 43564  50.0000  15.2113 0000000   0.0000 103.5390 15.21981948935408
STARLINK-1073
1 91702U 98065A   24100.00000000 -.00022620  00000-0  13156-2 0  1003
2 91702  50.0000  15.2113 0000000   0.0000 120.6818 15.21981948747786
STARLINK-1074
1 96981U 98065A   24100.00000000 -.00022620  00000-0  13156-2 0  1008
2 96981  50.0000  15.2113 0000000   0.0000 137.8247 15.21981948160672
STARLINK-1075
1 62490U 98065A   24100.00000000 -.00022620  00000-0  13156-2 0  1006
2 62490  50.0000  15.2113 0000000   0.0000 154.9675 15.21981948953717
STARLINK-1076
1 13031U 98065A   24100.00000000 -.00022620  00000-0  13156-2 0  1000
2 13031  50.0000  15.2113 0000000   0.0000 172.1104 15.21981948984467
STARLINK-1077
1 21079U 98065A   24100.00000000 -.00022620  00000-0  13156-2 0  1000
2 21079  50.0000  15.2113 0000000   0.0000 189.2532 15.21981948189690
STARLINK-1078
1 84845U 98065A   24100.00000000 -.00022620  00000-0  13156-2 0  1006
2 84845  50.0000  15.2113 0000000   0.0000 206.3961 15.21981948693678
STARLINK-1079
1 43880U 98065A   24100.00000000 -.00022620  00000-0  13156-2 0  1001
2 43880  50.0000  15.2113 0000000   0.0000 223.5390 15.21981948740603
STARLINK-1080
1 44017U 98065A   24100.00000000 -.00022620  00000-0  13156-2 0  1006
2 44017  50.0000  15.2113 0000000   0.0000 240.6818 15.21981948800384
STARLINK-1081
1 42489U 98065A   24100.00000000 -.00022620  00000-0  13156-2 0  1001
2 42489  50.0000  15.2113 0000000   0.0000 257.8247 15.21981948219614
STARLINK-1082
1 89236U 98065A   24100.00000000 -.00022620  00000-0  13156-2 0  1007
2 89236  50.0000  15.2113 0000000   0.0000 274.9675 15.21981948283865
STARLINK-1083
1 43232U 98065A   24100.00000000 -.00022620  00000-0  13156-2 0  1007
2 43232  50.0000  15.2113 0000000   0.0000 292.1104 15.21981948305461
STARLINK-1084
1 53943U 98065A   24100.00000000 -.00022620  00000-0  13156-2 0  1003
2 53943  50.0000  15.2113 0000000   0.0000 309.2532 15.21981948959292
STARLINK-1085
1 38286U 98065A   24100.00000000 -.00022620  00000-0  13156-2 0  1007
2 38286  50.0000  15.2113 0000000   0.0000 326.3961 15.21981948189828
STARLINK-1086
1 13563U 98065A   24100.00000000 -.00022620  00000-0  13156-2 0  1001
2 13563  50.0000  15.2113 0000000   0.0000 343.5390 15.21981948993266
STARLINK-1087
1 19567U 98065A   24100.00000000 -.00022620  00000-0  13156-2 0  1006
2 19567  50.0000  15.2113 0000000   0.0000   0.6818 15.21981948757693
STARLINK-1088
1 34310U 98065A   24100.00000000 -.00022620  00000-0  13156-2 0  1006
2 34310  50.0000  20.2817 0000000   0.0000   0.9091 15.21981948929877
STARLINK-1089
1 52050U 98065A   24100.00000000 -.00022620  00000-0  13156-2 0  1005
2 52050  50.0000  20.2817 0000000   0.0000  18.0519 15.21981948363091
STARLINK-1090
1 26459U 98065A   24100.00000000 -.00022620  00000-0  13156-2 0  1002
2 26459  50.0000  20.2817 0000000   0.0000  35.1948 15.21981948912442
STARLINK-1091
1 74770U 98065A   24100.00000000 -.00022620  00000-0  13156-2 0  1007
2 74770  50.0000  20.2817 0000000   0.0000  52.3377 15.21981948211591
STARLINK-1092
1 37670U 98065A   24100.00000000 -.00022620  00000-0  13156-2 0  1003
2 37670  50.0000  20.2817 0000000   0.0000  69.4805 15.21981948451130
STARLINK-1093
1 60033U 98065A   24100.00000000 -.00022620  00000-0  13156-2 0  1008
2 60033  50.0000  20.2817 0000000   0.0000  86.6234 15.21981948555910
STARLINK-1094
1 50402U 98065A   24100.00000000 -.00022620  00000-0  13156-2 0  1006
2 50402  50.0000  20.2817 0000000   0.0000 103.7662 15.21981948962298
STARLINK-1095
1 75789U 98065A   24100.00000000 -.00022620  00000-0  13156-2 0  1001
2 75789  50.0000  20.2817 0000000   0.0000 120.9091 15.21981948111903
STARLINK-1096
1 93396U 98065A   24100.00000000 -.00022620  00000-0  13156-2 0  1003
2 93396  50.0000  20.2817 0000000   0.0000 138.0519 15.21981948948163
STARLINK-1097
1 53237U 98065A   24100.00000000 -.00022620  00000-0  13156-2 0  1005
2 53237  50.0000  20.2817 0000000   0.0000 155.1948 15.21981948177696
STARLINK-1098
1 95394U 98065A   24100.00000000 -.00022620  00000-0  13156-2 0  1007
2 95394  50.0000  20.2817 0000000   0.0000 172.3377 15.21981948122372
STARLINK-1099
1 57669U 98065A   24100.00000000 -.00022620  00000-0  13156-2 0  1001
2 57669  50.0000  20.2817 0000000   0.0000 189.4805 15.21981948786162
STARLINK-1100
1 65576U 98065A   24100.00000000 -.00022620  00000-0  13156-2 0  1001
2 65576  50.0000  20.2817 0000000   0.0000 206.6234 15.21981948612720
STARLINK-1101
1 89761U 98065A   24100.00000000 -.00022620  00000-0  13156-2 0  1004
2 89761  50.0000  20.2817 0000000   0.0000 223.7662 15.21981948438653
STARLINK-1102
1 72844U 98065A   24100.00000000 -.00022620  00000-0  13156-2 0  1003
2 72844  50.0000  20.2817 0000000   0.0000 240.9091 15.21981948513248
STARLINK-1103
1 78243U 98065A   24100.00000000 -.00022620  00000-0  13156-2 0  1005
2 78243  50.0000  20.2817 0000000   0.0000 258.0519 15.21981948652870
STARLINK-1104
1 62994U 98065A   24100.00000000 -.00022620  00000-0  13156-2 0  1001
2 62994  50.0000  20.2817 0000000   0.0000 275.1948 15.21981948545990
STARLINK-1105
1 14284U 98065A   24100.00000000 -.00022620  00000-0  13156-2 0  1003
2 14284  50.0000  20.2817 0000000   0.0000 292.3377 15.21981948985836
STARLINK-1106
1 28087U 98065A   24100.00000000 -.00022620  00000-0  13156-2 0  1006
2 28087  50.0000  20.2817 0000000   0.0000 309.4805 15.21981948348816
STARLINK-1107
1 81300U 98065A   24100.00000000 -.00022620  00000-0  13156-2 0  1000
2 81300  50.0000  20.2817 0000000   0.0000 326.6234 15.21981948460147
STARLINK-1108
1 51242U 98065A   24100.00000000 -.00022620  00000-0  13156-2 0  1005
2 51242  50.0000  20.2817 0000000   0.0000 343.7662 15.21981948293104
STARLINK-1109
1 88924U 98065A   24100.00000000 -.00022620  00000-0  13156-2 0  1001
2 88924  50.0000  20.2817 0000000   0.0000   0.9091 15.21981948135136
STARLINK-1110
1 17487U 98065A   24100.00000000 -.00022620  00000-0  13156-2 0  1007
2 17487  50.0000  25.3521 0000000   0.0000   1.1364 15.21981948789174
STARLINK-1111
1 53554U 98065A   24100.00000000 -.00022620  00000-0  13156-2 0  1005
2 53554  50.0000  25.3521 0000000   0.0000  18.2792 15.21981948167334
STARLINK-1112
1 32614U 98065A   24100.00000000 -.00022620  00000-0  13156-2 0  1002
2 32614  50.0000  25.3521 0000000   0.0000  35.4221 15.21981948982697
STARLINK-1113
1 70007U 98065A   24100.00000000 -.00022620  00000-0  13156-2 0  1001
2 70007  50.0000  25.3521 0000000   0.0000  52.5649 15.21981948834588
STARLINK-1114
1 75579U 98065A   24100.00000000 -.00022620  00000-0  13156-2 0  1006
2 75579  50.0000  25.3521 0000000   0.0000  69.7078 15.21981948677088
STARLINK-1115
1 12808U 98065A   24100.00000000 -.00022620  00000-0  13156-2 0  1006
2 12808  50.0000  25.3521 0000000   0.0000  86.8506 15.21981948857314
STARLINK-1116
1 34548U 98065A   24100.00000000 -.00022620  00000-0  13156-2 0  1002
2 34548  50.0000  25.3521 0000000   0.0000 103.9935 15.21981948349100
STARLINK-1117
1 32365U 98065A   24100.00000000 -.00022620  00000-0  13156-2 0  1005
2 32365  50.0000  25.3521 0000000   0.0000 121.1364 15.21981948963425
STARLINK-1118
1 25061U 98065A   24100.00000000 -.00022620  00000-0  13156-2 0  1004
2 25061  50.0000  25.3521 0000000   0.0000 138.2792 15.21981948881657
STARLINK-1119
1 68415U 98065A   24100.00000000 -.00022620  00000-0  13156-2 0  1002
2 68415  50.0000  25.3521 0000000   0.0000 155.4221 15.21981948513368
STARLINK-1120
1 68441U 98065A   24100.00000000 -.00022620  00000-0  13156-2 0  1006
2 68441  50.0000  25.3521 0000000   0.0000 172.5649 15.21981948932558
STARLINK-1121
1 31169U 98065A   24100.00000000 -.00022620  00000-0  13156-2 0  1006
2 31169  50.0000  25.3521 0000000   0.0000 189.7078 15.21981948411020
STARLINK-1122
1 38008U 98065A   24100.00000000 -.00022620  00000-0  13156-2 0  1004
2 38008  50.0000  25.3521 0000000   0.0000 206.8506 15.21981948211408
STARLINK-1123
1 93800U 98065A   24100.00000000 -.00022620  00000-0  13156-2 0  1000
2 93800  50.0000  25.3521 0000000   0.0000 223.9935 15.21981948776234
STARLINK-1124
1 46554U 98065A   24100.00000000 -.00022620  00000-0  13156-2 0  1007
2 46554  50.0000  25.3521 0000000   0.0000 241.1364 15.21981948988360
STARLINK-1125
1 10028U 98065A   24100.00000000 -.00022620  00000-0  13156-2 0  1004
2 10028  50.0000  25.3521 0000000   0.0000 258.2792 15.21981948510693
STARLINK-1126
1 58052U 98065A   24100.00000000 -.00022620  00000-0  13156-2 0  1000
2 58052  50.0000  25.3521 0000000   0.0000 275.4221 15.21981948486745
STARLINK-1127
1 62259U 98065A   24100.00000000 -.00022620  00000-0  13156-2 0  1008
2 62259  50.0000  25.3521 0000000   0.0000 292.5649 15.21981948673898
STARLINK-1128
1 56860U 98065A   24100.00000000 -.00022620  00000-0  13156-2 0  1005
2 56860  50.0000  25.3521 0000000   0.0000 309.7078 15.21981948949992
STARLINK-1129
1 74248U 98065A   24100.00000000 -.00022620  00000-0  13156-2 0  1007
2 74248  50.0000  25.3521 0000000   0.0000 326.8506 15.21981948684356
STARLINK-1130
1 22853U 98065A   24100.00000000 -.00022620  00000-0  13156-2 0  1006
2 22853  50.0000  25.3521 0000000   0.0000 343.9935 15.21981948205842
STARLINK-1131
1 91967U 98065A   24100.00000000 -.00022620  00000-0  13156-2 0  1001
2 91967  50.0000  25.3521 0000000   0.0000   1.1364 15.21981948458557
STARLINK-1132
1 21240U 98065A   24100.00000000 -.00022620  00000-0  13156-2 0  1004
2 21240  50.0000  30.4225 0000000   0.0000   1.3636 15.21981948271845
STARLINK-1133
1 96328U 98065A   24100.00000000 -.00022620  00000-0  13156-2 0  1001
2 96328  50.0000  30.4225 0000000   0.0000  18.5065 15.21981948293556
STARLINK-1134
1 48689U 98065A   24100.00000000 -.00022620  00000-0  13156-2 0  1004
2 48689  50.0000  30.4225 0000000   0.0000  35.6494 15.21981948799424
STARLINK-1135
1 11111U 98065A   24100.00000000 -.00022620  00000-0  13156-2 0  1006
2 11111  50.0000  30.4225 0000000   0.0000  52.7922 15.21981948437405
STARLINK-1136
1 59163U 98065A   24100.00000000 -.00022620  00000-0  13156-2 0  1003
2 59163  50.0000  30.4225 0000000   0.0000  69.9351 15.21981948782292
STARLINK-1137
1 87620U 98065A   24100.00000000 -.00022620  00000-0  13156-2 0  1002
2 87620  50.0000  30.4225 0000000   0.0000  87.0779 15.21981948683931
STARLINK-1138
1 18868U 98065A   24100.00000000 -.00022620  00000-0  13156-2 0  1000
2 18868  50.0000  30.4225 0000000   0.0000 104.2208 15.21981948835783
STARLINK-1139
1 78080U 98065A   24100.00000000 -.00022620  00000-0  13156-2 0  1002
2 78080  50.0000  30.4225 0000000   0.0000 121.3636 15.21981948168817
STARLINK-1140
1 41043U 98065A   24100.00000000 -.00022620  00000-0  13156-2 0  1008
2 41043  50.0000  30.4225 0000000   0.0000 138.5065 15.21981948944776
STARLINK-1141
1 40689U 98065A   24100.00000000 -.00022620  00000-0  13156-2 0  1007
2 40689  50.0000  30.4225 0000000   0.0000 155.6494 15.21981948781942
STARLINK-1142
1 12474U 98065A   24100.00000000 -.00022620  00000-0  13156-2 0  1004
2 12474  50.0000  30.4225 0000000   0.0000 172.7922 15.21981948433441
STARLINK-1143
1 16267U 98065A   24100.00000000 -.00022620  00000-0  13156-2 0  1001
2 16267  50.0000  30.4225 0000000   0.0000 189.9351 15.21981948650384
STARLINK-1144
1 87142U 98065A   24100.00000000 -.00022620  00000-0  13156-2 0  1000
2 87142  50.0000  30.4225 0000000   0.0000 207.0779 15.21981948534126
STARLINK-1145
1 95709U 98065A   24100.00000000 -.00022620  00000-0  13156-2 0  1004
2 95709  50.0000  30.4225 0000000   0.0000 224.2208 15.21981948598651
STARLINK-1146
1 98485U 98065A   24100.00000000 -.00022620  00000-0  13156-2 0  1007
2 98485  50.0000  30.4225 0000000   0.0000 241.3636 15.21981948746054
STARLINK-1147
1 13187U 98065A   24100.00000000 -.00022620  00000-0  13156-2 0  1007
2 13187  50.0000  30.4225 0000000   0.0000 258.5065 15.21981948639493
STARLINK-1148
1 22795U 98065A   24100.00000000 -.00022620  00000-0  13156-2 0  1003
2 22795  50.0000  30.4225 0000000   0.0000 275.6494 15.21981948854821
STARLINK-1149
1 69956U 98065A   24100.00000000 -.00022620  00000-0  13156-2 0  1002
2 69956  50.0000  30.4225 0000000   0.0000 292.7922 15.21981948873358
STARLINK-1150
1 95968U 98065A   24100.00000000 -.00022620  00000-0  13156-2 0  1000
2 95968  50.0000  30.4225 0000000   0.0000 309.9351 15.21981948215746
STARLINK-1151
1 55585U 98065A   24100.00000000 -.00022620  00000-0  13156-2 0  1006
2 55585  50.0000  30.4225 0000000   0.0000 327.0779 15.21981948947978
STARLINK-1152
1 66057U 98065A   24100.00000000 -.00022620  00000-0  13156-2 0  1005
2 66057  50.0000  30.4225 0000000   0.0000 344.2208 15.21981948648218
STARLINK-1153
1 40490U 98065A   24100.00000000 -.00022620  00000-0  13156-2 0  1000
2 40490  50.0000  30.4225 0000000   0.0000   1.3636 15.21981948601798
STARLINK-1154
1 79691U 98065A   24100.00000000 -.00022620  00000-0  13156-2 0  1004
2 79691  50.0000  35.4930 0000000   0.0000   1.5909 15.21981948877235
STARLINK-1155
1 48665U 98065A   24100.00000000 -.00022620  00000-0  13156-2 0  1008
2 48665  50.0000  35.4930 0000000   0.0000  18.7338 15.21981948200301
STARLINK-1156
1 89977U 98065A   24100.00000000 -.00022620  00000-0  13156-2 0  1005
2 89977  50.0000  35.4930 0000000   0.0000  35.8766 15.21981948901644
STARLINK-1157
1 13533U 98065A   24100.00000000 -.00022620  00000-0  13156-2 0  1001
2 13533  50.0000  35.4930 0000000   0.0000  53.0195 15.21981948312765
STARLINK-1158
1 89776U 98065A   24100.00000000 -.00022620  00000-0  13156-2 0  1004
2 89776  50.0000  35.4930 0000000   0.0000  70.1623 15.21981948805211
STARLINK-1159
1 53588U 98065A   24100.00000000 -.00022620  00000-0  13156-2 0  1006
2 53588  50.0000  35.4930 0000000   0.0000  87.3052 15.21981948983108
STARLINK-1160
1 80882U 98065A   24100.00000000 -.00022620  00000-0  13156-2 0  1008
2 80882  50.0000  35.4930 0000000   0.0000 104.4481 15.21981948758527
STARLINK-1161
1 81173U 98065A   24100.00000000 -.00022620  00000-0  13156-2 0  1003
2 81173  50.0000  35.4930 0000000   0.0000 121.5909 15.21981948838094
STARLINK-1162
1 32027U 98065A   24100.00000000 -.00022620  00000-0  13156-2 0  1003
2 32027  50.0000  35.4930 0000000   0.0000 138.7338 15.21981948120794
STARLINK-1163
1 15553U 98065A   24100.00000000 -.00022620  00000-0  13156-2 0  1000
2 15553  50.0000  35.4930 0000000   0.0000 155.8766 15.21981948292085
STARLINK-1164
1 58916U 98065A   24100.00000000 -.00022620  00000-0  13156-2 0  1000
2 58916  50.0000  35.4930 0000000   0.0000 173.0195 15.21981948549325
STARLINK-1165
1 67524U 98065A   24100.00000000 -.00022620  00000-0  13156-2 0  1003
2 67524  50.0000  35.4930 0000000   0.0000 190.1623 15.21981948982938
STARLINK-1166
1 79330U 98065A   24100.00000000 -.00022620  00000-0  13156-2 0  1008
2 79330  50.0000  35.4930 0000000   0.0000 207.3052 15.21981948444955
STARLINK-1167
1 15121U 98065A   24100.00000000 -.00022620  00000-0  13156-2 0  1001
2 15121  50.0000  35.4930 0000000   0.0000 224.4481 15.21981948802541
STARLINK-1168
1 59603U 98065A   24100.00000000 -.00022620  00000-0  13156-2 0  1001
2 59603  50.0000  35.4930 0000000   0.0000 241.5909 15.21981948338338
STARLINK-1169
1 65075U 98065A   24100.00000000 -.00022620  00000-0  13156-2 0  1003
2 65075  50.0000  35.4930 0000000   0.0000 258.7338 15.21981948734354
STARLINK-1170
1 77385U 98065A   24100.00000000 -.00022620  00000-0  13156-2 0  1003
2 77385  50.0000  35.4930 0000000   0.0000 275.8766 15.21981948455600
STARLINK-1171
1 83109U 98065A   24100.00000000 -.00022620  00000-0  13156-2 0  1002
2 83109  50.0000  35.4930 0000000   0.0000 293.0195 15.21981948444561
STARLINK-1172
1 89516U 98065A   24100.00000000 -.00022620  00000-0  13156-2 0  1008
2 89516  50.0000  35.4930 0000000   0.0000 310.1623 15.21981948657256
STARLINK-1173
1 94981U 98065A   24100.00000000 -.00022620  00000-0  13156-2 0  1008
2 94981  50.0000  35.4930 0000000   0.0000 327.3052 15.21981948868227
STARLINK-1174
1 95481U 98065A   24100.00000000 -.00022620  00000-0  13156-2 0  1000
2 95481  50.0000  35.4930 0000000   0.0000 344.4481 15.21981948247242
STARLINK-1175
1 28567U 98065A   24100.00000000 -.00022620  00000-0  13156-2 0  1004
2 28567  50.0000  35.4930 0000000   0.0000   1.5909 15.21981948456205
STARLINK-1176
1 35680U 98065A   24100.00000000 -.00022620  00000-0  13156-2 0  1004
2 35680  50.0000  40.5634 0000000   0.0000   1.8182 15.21981948273198
STARLINK-1177
1 72462U 98065A   24100.00000000 -.00022620  00000-0  13156-2 0  1001
2 72462  50.0000  40.5634 0000000   0.0000  18.9610 15.21981948315035
STARLINK-1178
1 35570U 98065A   24100.00000000 -.00022620  00000-0  13156-2 0  1001
2 35570  50.0000  40.5634 0000000   0.0000  36.1039 15.21981948377673
STARLINK-1179
1 62354U 98065A   24100.00000000 -.00022620  00000-0  13156-2 0  1008
2 62354  50.0000  40.5634 0000000   0.0000  53.2468 15.21981948317744
STARLINK-1180
1 66169U 98065A   24100.00000000 -.00022620  00000-0  13156-2 0  1006
2 66169  50.0000  40.5634 0000000   0.0000  70.3896 15.21981948522511
STARLINK-1181
1 62693U 98065A   24100.00000000 -.00022620  00000-0  13156-2 0  1002
2 62693  50.0000  40.5634 0000000   0.0000  87.5325 15.21981948964077
STARLINK-1182
1 27378U 98065A   24100.00000000 -.00022620  00000-0  13156-2 0  1001
2 27378  50.0000  40.5634 0000000   0.0000 104.6753 15.21981948115343
STARLINK-1183
1 57621U 98065A   24100.00000000 -.00022620  00000-0  13156-2 0  1002
2 57621  50.0000  40.5634 0000000   0.0000 121.8182 15.21981948267098
STARLINK-1184
1 17953U 98065A   24100.00000000 -.00022620  00000-0  13156-2 0  1004
2 17953  50.0000  40.5634 0000000   0.0000 138.9610 15.21981948981240
STARLINK-1185
1 10078U 98065A   24100.00000000 -.00022620  00000-0  13156-2 0  1000
2 10078  50.0000  40.5634 0000000   0.0000 156.1039 15.21981948256056
STARLINK-1186
1 58237U 98065A   24100.00000000 -.00022620  00000-0  13156-2 0  1002
2 58237  50.0000  40.5634 0000000   0.0000 173.2468 15.21981948381890
STARLINK-1187
1 97551U 98065A   24100.00000000 -.00022620  00000-0  13156-2 0  1002
2 97551  50.0000  40.5634 0000000   0.0000 190.3896 15.21981948248192
STARLINK-1188
1 79709U 98065A   24100.00000000 -.00022620  00000-0  13156-2 0  1005
2 79709  50.0000  40.5634 0000000   0.0000 207.5325 15.21981948842670
STARLINK-1189
1 31841U 98065A   24100.00000000 -.00022620  00000-0  13156-2 0  1001
2 31841  50.0000  40.5634 0000000   0.0000 224.6753 15.21981948797045
STARLINK-1190
1 74161U 98065A   24100.00000000 -.00022620  00000-0  13156-2 0  1006
2 74161  50.0000  40.5634 0000000   0.0000 241.8182 15.21981948762620
STARLINK-1191
1 26247U 98065A   24100.00000000 -.00022620  00000-0  13156-2 0  1002
2 26247  50.0000  40.5634 0000000   0.0000 258.9610 15.21981948370547
STARLINK-1192
1 83064U 98065A   24100.00000000 -.00022620  00000-0  13156-2 0  1008
2 83064  50.0000  40.5634 0000000   0.0000 276.1039 15.21981948298654
STARLINK-1193
1 16184U 98065A   24100.00000000 -.00022620  00000-0  13156-2 0  1008
2 16184  50.0000  40.5634 0000000   0.0000 293.2468 15.21981948269352
STARLINK-1194
1 76148U 98065A   24100.00000000 -.00022620  00000-0  13156-2 0  1004
2 76148  50.0000  40.5634 0000000   0.0000 310.3896 15.21981948443341
STARLINK-1195
1 16797U 98065A   24100.00000000 -.00022620  00000-0  13156-2 0  1000
2 16797  50.0000  40.5634 0000000   0.0000 327.5325 15.21981948843756
STARLINK-1196
1 48801U 98065A   24100.00000000 -.00022620  00000-0  13156-2 0  1001
2 48801  50.0000  40.5634 0000000   0.0000 344.6753 15.21981948625680
STARLINK-1197
1 47269U 98065A   24100.00000000 -.00022620  00000-0  13156-2 0  1006
2 47269  50.0000  40.5634 0000000   0.0000   1.8182 15.21981948386975
STARLINK-1198
1 96782U 98065A   24100.00000000 -.00022620  00000-0  13156-2 0  1004
2 96782  50.0000  45.6338 0000000   0.0000   2.0455 15.21981948985253
STARLINK-1199
1 10965U 98065A   24100.00000000 -.00022620  00000-0  13156-2 0  1007
2 10965  50.0000  45.6338 0000000   0.0000  19.1883 15.21981948398530
STARLINK-1200
1 32791U 98065A   24100.00000000 -.00022620  00000-0  13156-2 0  1004
2 32791  50.0000  45.6338 0000000   0.0000  36.3312 15.21981948353110
STARLINK-1201
1 28733U 98065A   24100.00000000 -.00022620  00000-0  13156-2 0  1000
2 28733  50.0000  45.6338 0000000   0.0000  53.4740 15.21981948608900
STARLINK-1202
1 91042U 98065A   24100.00000000 -.00022620  00000-0  13156-2 0  1002
2 91042  50.0000  45.6338 0000000   0.0000  70.6169 15.21981948183822
STARLINK-1203
1 43622U 98065A   24100.00000000 -.00022620  00000-0  13156-2 0  1007
2 43622  50.0000  45.6338 0000000   0.0000  87.7597 15.21981948519977
STARLINK-1204
1 31198U 98065A   24100.00000000 -.00022620  00000-0  13156-2 0  1004
2 31198  50.0000  45.6338 0000000   0.0000 104.9026 15.21981948336145
STARLINK-1205
1 88833U 98065A   24100.00000000 -.00022620  00000-0  13156-2 0  1002
2 88833  50.0000  45.6338 0000000   0.0000 122.0455 15.21981948556642
STARLINK-1206
1 52879U 98065A   24100.00000000 -.00022620  00000-0  13156-2 0  1006
2 52879  50.0000  45.6338 0000000   0.0000 139.1883 15.21981948622222
STARLINK-1207
1 65208U 98065A   24100.00000000 -.00022620  00000-0  13156-2 0  1008
2 65208  50.0000  45.6338 0000000   0.0000 156.3312 15.21981948439384
STARLINK-1208
1 25650U 98065A   24100.00000000 -.00022620  00000-0  13156-2 0  1006
2 25650  50.0000  45.6338 0000000   0.0000 173.4740 15.21981948754400
STARLINK-1209
1 64997U 98065A   24100.00000000 -.00022620  00000-0  13156-2 0  1005
2 64997  50.0000  45.6338 0000000   0.0000 190.6169 15.21981948949332
STARLINK-1210
1 71908U 98065A   24100.00000000 -.00022620  00000-0  13156-2 0  1000
2 71908  50.0000  45.6338 0000000   0.0000 207.7597 15.21981948836026
STARLINK-1211
1 78636U 98065A   24100.00000000 -.00022620  00000-0  13156-2 0  1008
2 78636  50.0000  45.6338 0000000   0.0000 224.9026 15.21981948799833
STARLINK-1212
1 63609U 98065A   24100.00000000 -.00022620  00000-0  13156-2 0  1008
2 63609  50.0000  45.6338 0000000   0.0000 242.0455 15.21981948807625
STARLINK-1213
1 28436U 98065A   24100.00000000 -.00022620  00000-0  13156-2 0  1001
2 28436  50.0000  45.6338 0000000   0.0000 259.1883 15.21981948931197
STARLINK-1214
1 96357U 98065A   24100.00000000 -.00022620  00000-0  13156-2 0  1000
2 96357  50.0000  45.6338 0000000   0.0000 276.3312 15.21981948189608
STARLINK-1215
1 40802U 98065A   24100.00000000 -.00022620  00000-0  13156-2 0  1008
2 40802  50.0000  45.6338 0000000   0.0000 293.4740 15.21981948564455
STARLINK-1216
1 32012U 98065A   24100.00000000 -.00022620  00000-0  13156-2 0  1008
2 32012  50.0000  45.6338 0000000   0.0000 310.6169 15.21981948875478
STARLINK-1217
1 88157U 98065A   24100.00000000 -.00022620  00000-0  13156-2 0  1002
2 88157  50.0000  45.6338 0000000   0.0000 327.7597 15.21981948701494
STARLINK-1218
1 36807U 98065A   24100.00000000 -.00022620  00000-0  13156-2 0  1006
2 36807  50.0000  45.6338 0000000   0.0000 344.9026 15.21981948882582
STARLINK-1219
1 66440U 98065A   24100.00000000 -.00022620  00000-0  13156-2 0  1001
2 66440  50.0000  45.6338 0000000   0.0000   2.0455 15.21981948111104
STARLINK-1220
1 13041U 98065A   24100.00000000 -.00022620  00000-0  13156-2 0  1006
2 13041  50.0000  50.7042 0000000   0.0000   2.2727 15.21981948937335
STARLINK-1221
1 37304U 98065A   24100.00000000 -.00022620  00000-0  13156-2 0  1003
2 37304  50.0000  50.7042 0000000   0.0000  19.4156 15.21981948998365
STARLINK-1222
1 49578U 98065A   24100.00000000 -.00022620  00000-0  13156-2 0  1007
2 49578  50.0000  50.7042 0000000   0.0000  36.5584 15.21981948972943
STARLINK-1223
1 70661U 98065A   24100.00000000 -.00022620  00000-0  13156-2 0  1001
2 70661  50.0000  50.7042 0000000   0.0000  53.7013 15.21981948545984
STARLINK-1224
1 44712U 98065A   24100.00000000 -.00022620  00000-0  13156-2 0  1002
2 44712  50.0000  50.7042 0000000   0.0000  70.8442 15.21981948169784
STARLINK-1225
1 86798U 98065A   24100.00000000 -.00022620  00000-0  13156-2 0  1008
2 86798  50.0000  50.7042 0000000   0.0000  87.9870 15.21981948754113
STARLINK-1226
1 34450U 98065A   24100.00000000 -.00022620  00000-0  13156-2 0  1003
2 34450  50.0000  50.7042 0000000   0.0000 105.1299 15.21981948405722
STARLINK-1227
1 43830U 98065A   24100.00000000 -.00022620  00000-0  13156-2 0  1001
2 43830  50.0000  50.7042 0000000   0.0000 122.2727 15.21981948281065
STARLINK-1228
1 35886U 98065A   24100.00000000 -.00022620  00000-0  13156-2 0  1000
2 35886  50.0000  50.7042 0000000   0.0000 139.4156 15.21981948168557
STARLINK-1229
1 50097U 98065A   24100.00000000 -.00022620  00000-0  13156-2 0  1006
2 50097  50.0000  50.7042 0000000   0.0000 156.5584 15.21981948989824
STARLINK-1230
1 83970U 98065A   24100.00000000 -.00022620  00000-0  13156-2 0  1004
2 83970  50.0000  50.7042 0000000   0.0000 173.7013 15.21981948601707
STARLINK-1231
1 61528U 98065A   24100.00000000 -.00022620  00000-0  13156-2 0  1002
2 61528  50.0000  50.7042 0000000   0.0000 190.8442 15.21981948846005
STARLINK-1232
1 70818U 98065A   24100.00000000 -.00022620  00000-0  13156-2 0  1008
2 70818  50.0000  50.7042 0000000   0.0000 207.9870 15.21981948147205
STARLINK-1233
1 98547U 98065A   24100.00000000 -.00022620  00000-0  13156-2 0  1006
2 98547  50.0000  50.7042 0000000   0.0000 225.1299 15.21981948589028
STARLINK-1234
1 80820U 98065A   24100.00000000 -.00022620  00000-0  13156-2 0  1008
2 80820  50.0000  50.7042 0000000   0.0000 242.2727 15.21981948839384
STARLINK-1235
1 80703U 98065A   24100.00000000 -.00022620  00000-0  13156-2 0  1000
2 80703  50.0000  50.7042 0000000   0.0000 259.4156 15.21981948399613
STARLINK-1236
1 45774U 98065A   24100.00000000 -.00022620  00000-0  13156-2 0  1006
2 45774  50.0000  50.7042 0000000   0.0000 276.5584 15.21981948827028
STARLINK-1237
1 79728U 98065A   24100.00000000 -.00022620  00000-0  13156-2 0  1005
2 79728  50.0000  50.7042 0000000   0.0000 293.7013 15.21981948898394
STARLINK-1238
1 70819U 98065A   24100.00000000 -.00022620  00000-0  13156-2 0  1002
2 70819  50.0000  50.7042 0000000   0.0000 310.8442 15.21981948921186
STARLINK-1239
1 99200U 98065A   24100.00000000 -.00022620  00000-0  13156-2 0  1000
2 99200  50.0000  50.7042 0000000   0.0000 327.9870 15.21981948664426
STARLINK-1240
1 67178U 98065A   24100.00000000 -.00022620  00000-0  13156-2 0  1002
2 67178  50.0000  50.7042 0000000   0.0000 345.1299 15.21981948496291
STARLINK-1241
1 80019U 98065A   24100.00000000 -.00022620  00000-0  13156-2 0  1000
2 80019  50.0000  50.7042 0000000   0.0000   2.2727 15.21981948876628
STARLINK-1242
1 41344U 98065A   24100.00000000 -.00022620  00000-0  13156-2 0  1005
2 41344  50.0000  55.7746 0000000   0.0000   2.5000 15.21981948548232
STARLINK-1243
1 43755U 98065A   24100.00000000 -.00022620  00000-0  13156-2 0  1000
2 43755  50.0000  55.7746 0000000   0.0000  19.6429 15.21981948209182
STARLINK-1244
1 70077U 98065A   24100.00000000 -.00022620  00000-0  13156-2 0  1006
2 70077  50.0000  55.7746 0000000   0.0000  36.7857 15.21981948368533
STARLINK-1245
1 12380U 98065A   24100.00000000 -.00022620  00000-0  13156-2 0  1005
2 12380  50.0000  55.7746 0000000   0.0000  53.9286 15.21981948858228
STARLINK-1246
1 14408U 98065A   24100.00000000 -.00022620  00000-0  13156-2 0  1006
2 14408  50.0000  55.7746 0000000   0.0000  71.0714 15.21981948771636
STARLINK-1247
1 12842U 98065A   24100.00000000 -.00022620  00000-0  13156-2 0  1006
2 12842  50.0000  55.7746 0000000   0.0000  88.2143 15.21981948801137
STARLINK-1248
1 64509U 98065A   24100.00000000 -.00022620  00000-0  13156-2 0  1005
2 64509  50.0000  55.7746 0000000   0.0000 105.3571 15.21981948913483
STARLINK-1249
1 22448U 98065A   24100.00000000 -.00022620  00000-0  13156-2 0  1000
2 22448  50.0000  55.7746 0000000   0.0000 122.5000 15.21981948530440
STARLINK-1250
1 65218U 98065A   24100.00000000 -.00022620  00000-0  13156-2 0  1000
2 65218  50.0000  55.7746 0000000   0.0000 139.6429 15.21981948200174
STARLINK-1251
1 62521U 98065A   24100.00000000 -.00022620  00000-0  13156-2 0  1001
2 62521  50.0000  55.7746 0000000   0.0000 156.7857 15.21981948379736
STARLINK-1252
1 26699U 98065A   24100.00000000 -.00022620  00000-0  13156-2 0  1003
2 26699  50.0000  55.7746 0000000   0.0000 173.9286 15.21981948224707
STARLINK-1253
1 48403U 98065A   24100.00000000 -.00022620  00000-0  13156-2 0  1008
2 48403  50.0000  55.7746 0000000   0.0000 191.0714 15.21981948806521
STARLINK-1254
1 89417U 98065A   24100.00000000 -.00022620  00000-0  13156-2 0  1002
2 89417  50.0000  55.7746 0000000   0.0000 208.2143 15.21981948854778
STARLINK-1255
1 97870U 98065A   24100.00000000 -.00022620  00000-0  13156-2 0  1003
2 97870  50.0000  55.7746 0000000   0.0000 225.3571 15.21981948267117
STARLINK-1256
1 40272U 98065A   24100.00000000 -.00022620  00000-0  13156-2 0  1003
2 40272  50.0000  55.7746 0000000   0.0000 242.5000 15.21981948241010
STARLINK-1257
1 73507U 98065A   24100.00000000 -.00022620  00000-0  13156-2 0  1002
2 73507  50.0000  55.7746 0000000   0.0000 259.6429 15.21981948719012
STARLINK-1258
1 47637U 98065A   24100.00000000 -.00022620  00000-0  13156-2 0  1006
2 47637  50.0000  55.7746 0000000   0.0000 276.7857 15.21981948318282
STARLINK-1259
1 51802U 98065A   24100.00000000 -.00022620  00000-0  13156-2 0  1003
2 51802  50.0000  55.7746 0000000   0.0000 293.9286 15.21981948798525
STARLINK-1260
1 74880U 98065A   24100.00000000 -.00022620  00000-0  13156-2 0  1007
2 74880  50.0000  55.7746 0000000   0.0000 311.0714 15.21981948721713
STARLINK-1261
1 22681U 98065A   24100.00000000 -.00022620  00000-0  13156-2 0  1007
2 22681  50.0000  55.7746 0000000   0.0000 328.2143 15.21981948903413
STARLINK-1262
1 67009U 98065A   24100.00000000 -.00022620  00000-0  13156-2 0  1004
2 67009  50.0000  55.7746 0000000   0.0000 345.3571 15.21981948919934
STARLINK-1263
1 75263U 98065A   24100.00000000 -.00022620  00000-0  13156-2 0  1003
2 75263  50.0000  55.7746 0000000   0.0000   2.5000 15.21981948619640
STARLINK-1264
1 93304U 98065A   24100.00000000 -.00022620  00000-0  13156-2 0  1002
2 93304  50.0000  60.8451 0000000   0.0000   2.7273 15.21981948614252
STARLINK-1265
1 52961U 98065A   24100.00000000 -.00022620  00000-0  13156-2 0  1004
2 52961  50.0000  60.8451 0000000   0.0000  19.8701 15.21981948843993
STARLINK-1266
1 95489U 98065A   24100.00000000 -.00022620  00000-0  13156-2 0  1003
2 95489  50.0000  60.8451 0000000   0.0000  37.0130 15.21981948667525
STARLINK-1267
1 42137U 98065A   24100.00000000 -.00022620  00000-0  13156-2 0  1002
2 42137  50.0000  60.8451 0000000   0.0000  54.1558 15.21981948344716
STARLINK-1268
1 89604U 98065A   24100.00000000 -.00022620  00000-0  13156-2 0  1006
2 89604  50.0000  60.8451 0000000   0.0000  71.2987 15.21981948993080
STARLINK-1269
1 51988U 98065A   24100.00000000 -.00022620  00000-0  13156-2 0  1003
2 51988  50.0000  60.8451 0000000   0.0000  88.4416 15.21981948101784
STARLINK-1270
1 78880U 98065A   24100.00000000 -.00022620  00000-0  13156-2 0  1006
2 78880  50.0000  60.8451 0000000   0.0000 105.5844 15.21981948317912
STARLINK-1271
1 38250U 98065A   24100.00000000 -.00022620  00000-0  13156-2 0  1001
2 38250  50.0000  60.8451 0000000   0.0000 122.7273 15.21981948521921
STARLINK-1272
1 25973U 98065A   24100.00000000 -.00022620  00000-0  13156-2 0  1002
2 25973  50.0000  60.8451 0000000   0.0000 139.8701 15.21981948344564
STARLINK-1273
1 27736U 98065A   24100.00000000 -.00022620  00000-0  13156-2 0  1004
2 27736  50.0000  60.8451 0000000   0.0000 157.0130 15.21981948251612
STARLINK-1274
1 16054U 98065A   24100.00000000 -.00022620  00000-0  13156-2 0  1007
2 16054  50.0000  60.8451 0000000   0.0000 174.1558 15.21981948854215
STARLINK-1275
1 43944U 98065A   24100.00000000 -.00022620  00000-0  13156-2 0  1000
2 43944  50.0000  60.8451 0000000   0.0000 191.2987 15.21981948394355
STARLINK-1276
1 47391U 98065A   24100.00000000 -.00022620  00000-0  13156-2 0  1000
2 47391  50.0000  60.8451 0000000   0.0000 208.4416 15.21981948734181
STARLINK-1277
1 17999U 98065A   24100.00000000 -.00022620  00000-0  13156-2 0  1003
2 17999  50.0000  60.8451 0000000   0.0000 225.5844 15.21981948413333
STARLINK-1278
1 75807U 98065A   24100.00000000 -.00022620  00000-0  13156-2 0  1001
2 75807  50.0000  60.8451 0000000   0.0000 242.7273 15.21981948314795
STARLINK-1279
1 46231U 98065A   24100.00000000 -.00022620  00000-0  13156-2 0  1008
2 46231  50.0000  60.8451 0000000   0.0000 259.8701 15.21981948961506
STARLINK-1280
1 71564U 98065A   24100.00000000 -.00022620  00000-0  13156-2 0  1005
2 71564  50.0000  60.8451 0000000   0.0000 277.0130 15.21981948922247
STARLINK-1281
1 51560U 98065A   24100.00000000 -.00022620  00000-0  13156-2 0  1004
2 51560  50.0000  60.8451 0000000   0.0000 294.1558 15.21981948236867
STARLINK-1282
1 32879U 98065A   24100.00000000 -.00022620  00000-0  13156-2 0  1002
2 32879  50.0000  60.8451 0000000   0.0000 311.2987 15.21981948492378
STARLINK-1283
1 63935U 98065A   24100.00000000 -.00022620  00000-0  13156-2 0  1002
2 63935  50.0000  60.8451 0000000   0.0000 328.4416 15.21981948152066
STARLINK-1284
1 69857U 98065A   24100.00000000 -.00022620  00000-0  13156-2 0  1002
2 69857  50.0000  60.8451 0000000   0.0000 345.5844 15.21981948560244
STARLINK-1285
1 73917U 98065A   24100.00000000 -.00022620  00000-0  13156-2 0  1001
2 73917  50.0000  60.8451 0000000   0.0000   2.7273 15.21981948424468
STARLINK-1286
1 63727U 98065A   24100.00000000 -.00022620  00000-0  13156-2 0  1006
2 63727  50.0000  65.9155 0000000   0.0000   2.9545 15.21981948368253
STARLINK-1287
1 91317U 98065A   24100.00000000 -.00022620  00000-0  13156-2 0  1003
2 91317  50.0000  65.9155 0000000   0.0000  20.0974 15.21981948693782
STARLINK-1288
1 81362U 98065A   24100.00000000 -.00022620  00000-0  13156-2 0  1004
2 81362  50.0000  65.9155 0000000   0.0000  37.2403 15.21981948337685
STARLINK-1289
1 25213U 98065A   24100.00000000 -.00022620  00000-0  13156-2 0  1005
2 25213  50.0000  65.9155 0000000   0.0000  54.3831 15.21981948771963
STARLINK-1290
1 63831U 98065A   24100.00000000 -.00022620  00000-0  13156-2 0  1007
2 63831  50.0000  65.9155 0000000   0.0000  71.5260 15.21981948371517
STARLINK-1291
1 13466U 98065A   24100.00000000 -.00022620  00000-0  13156-2 0  1000
2 13466  50.0000  65.9155 0000000   0.0000  88.6688 15.21981948924790
STARLINK-1292
1 70837U 98065A   24100.00000000 -.00022620  00000-0  13156-2 0  1003
2 70837  50.0000  65.9155 0000000   0.0000 105.8117 15.21981948101333
STARLINK-1293
1 52003U 98065A   24100.00000000 -.00022620  00000-0  13156-2 0  1002
2 52003  50.0000  65.9155 0000000   0.0000 122.9545 15.21981948811506
STARLINK-1294
1 97569U 98065A   24100.00000000 -.00022620  00000-0  13156-2 0  1003
2 97569  50.0000  65.9155 0000000   0.0000 140.0974 15.21981948221452
STARLINK-1295
1 73543U 98065A   24100.00000000 -.00022620  00000-0  13156-2 0  1006
2 73543  50.0000  65.9155 0000000   0.0000 157.2403 15.21981948356123
STARLINK-1296
1 24142U 98065A   24100.00000000 -.00022620  00000-0  13156-2 0  1004
2 24142  50.0000  65.9155 0000000   0.0000 174.3831 15.21981948456966
STARLINK-1297
1 12880U 98065A   24100.00000000 -.00022620  00000-0  13156-2 0  1002
2 12880  50.0000  65.9155 0000000   0.0000 191.5260 15.21981948642262
STARLINK-1298
1 98524U 98065A   24100.00000000 -.00022620  00000-0  13156-2 0  1000
2 98524  50.0000  65.9155 0000000   0.0000 208.6688 15.21981948864215
STARLINK-1299
1 47098U 98065A   24100.00000000 -.00022620  00000-0  13156-2 0  1002
2 47098  50.0000  65.9155 0000000   0.0000 225.8117 15.21981948446768
STARLINK-1300
1 34432U 98065A   24100.00000000 -.00022620  00000-0  13156-2 0  1000
2 34432  50.0000  65.9155 0000000   0.0000 242.9545 15.21981948791267
STARLINK-1301
1 26435U 98065A   24100.00000000 -.00022620  00000-0  13156-2 0  1004
2 26435  50.0000  65.9155 0000000   0.0000 260.0974 15.21981948748354
STARLINK-1302
1 70225U 98065A   24100.00000000 -.00022620  00000-0  13156-2 0  1007
2 70225  50.0000  65.9155 0000000   0.0000 277.2403 15.21981948464160
STARLINK-1303
1 56691U 98065A   24100.00000000 -.00022620  00000-0  13156-2 0  1006
2 56691  50.0000  65.9155 0000000   0.0000 294.3831 15.21981948499252
STARLINK-1304
1 93350U 98065A   24100.00000000 -.00022620  00000-0  13156-2 0  1008
2 93350  50.0000  65.9155 0000000   0.0000 311.5260 15.21981948985363
STARLINK-1305
1 75515U 98065A   24100.00000000 -.00022620  00000-0  13156-2 0  1008
2 75515  50.0000  65.9155 0000000   0.0000 328.6688 15.21981948643208
STARLINK-1306
1 93210U 98065A   24100.00000000 -.00022620  00000-0  13156-2 0  1002
2 93210  50.0000  65.9155 0000000   0.0000 345.8117 15.21981948829702
STARLINK-1307
1 53344U 98065A   24100.00000000 -.00022620  00000-0  13156-2 0  1004
2 53344  50.0000  65.9155 0000000   0.0000   2.9545 15.21981948826772
STARLINK-1308
1 74261U 98065A   24100.00000000 -.00022620  00000-0  13156-2 0  1001
2 74261  50.0000  70.9859 0000000   0.0000   3.1818 15.21981948691953
STARLINK-1309
1 22177U 98065A   24100.00000000 -.00022620  00000-0  13156-2 0  1003
2 22177  50.0000  70.9859 0000000   0.0000  20.3247 15.21981948910881
STARLINK-1310
1 39613U 98065A   24100.00000000 -.00022620  00000-0  13156-2 0  1000
2 39613  50.0000  70.9859 0000000   0.0000  37.4675 15.21981948757990
STARLINK-1311
1 45466U 98065A   24100.00000000 -.00022620  00000-0  13156-2 0  1000
2 45466  50.0000  70.9859 0000000   0.0000  54.6104 15.21981948667551
STARLINK-1312
1 77475U 98065A   24100.00000000 -.00022620  00000-0  13156-2 0  1001
2 77475  50.0000  70.9859 0000000   0.0000  71.7532 15.21981948332304
STARLINK-1313
1 16682U 98065A   24100.00000000 -.00022620  00000-0  13156-2 0  1003
2 16682  50.0000  70.9859 0000000   0.0000  88.8961 15.21981948499690
STARLINK-1314
1 95814U 98065A   24100.00000000 -.00022620  00000-0  13156-2 0  1000
2 95814  50.0000  70.9859 0000000   0.0000 106.0390 15.21981948280760
STARLINK-1315
1 41892U 98065A   24100.00000000 -.00022620  00000-0  13156-2 0  1007
2 41892  50.0000  70.9859 0000000   0.0000 123.1818 15.21981948628362
STARLINK-1316
1 39102U 98065A   24100.00000000 -.00022620  00000-0  13156-2 0  1004
2 39102  50.0000  70.9859 0000000   0.0000 140.3247 15.21981948514664
STARLINK-1317
1 93267U 98065A   24100.00000000 -.00022620  00000-0  13156-2 0  1006
2 93267  50.0000  70.9859 0000000   0.0000 157.4675 15.21981948669203
STARLINK-1318
1 98611U 98065A   24100.00000000 -.00022620  00000-0  13156-2 0  1007
2 98611  50.0000  70.9859 0000000   0.0000 174.6104 15.21981948389750
STARLINK-1319
1 70188U 98065A   24100.00000000 -.00022620  00000-0  13156-2 0  1004
2 70188  50.0000  70.9859 0000000   0.0000 191.7532 15.21981948288907
STARLINK-1320
1 86058U 98065A   24100.00000000 -.00022620  00000-0  13156-2 0  1005
2 86058  50.0000  70.9859 0000000   0.0000 208.8961 15.21981948501508
STARLINK-1321
1 76196U 98065A   24100.00000000 -.00022620  00000-0  13156-2 0  1003
2 76196  50.0000  70.9859 0000000   0.0000 226.0390 15.21981948782911
STARLINK-1322
1 94256U 98065A   24100.00000000 -.00022620  00000-0  13156-2 0  1005
2 94256  50.0000  70.9859 0000000   0.0000 243.1818 15.21981948361008
STARLINK-1323
1 19629U 98065A   24100.00000000 -.00022620  00000-0  13156-2 0  1005
2 19629  50.0000  70.9859 0000000   0.0000 260.3247 15.21981948816843
STARLINK-1324
1 48303U 98065A   24100.00000000 -.00022620  00000-0  13156-2 0  1003
2 48303  50.0000  70.9859 0000000   0.0000 277.4675 15.21981948613454
STARLINK-1325
1 47365U 98065A   24100.00000000 -.00022620  00000-0  13156-2 0  1003
2 47365  50.0000  70.9859 0000000   0.0000 294.6104 15.21981948959053
STARLINK-1326
1 37852U 98065A   24100.00000000 -.00022620  00000-0  13156-2 0  1004
2 37852  50.0000  70.9859 0000000   0.0000 311.7532 15.21981948347112
STARLINK-1327
1 42378U 98065A   24100.00000000 -.00022620  00000-0  13156-2 0  1003
2 42378  50.0000  70.9859 0000000   0.0000 328.8961 15.21981948553594
STARLINK-1328
1 59002U 98065A   24100.00000000 -.00022620  00000-0  13156-2 0  1001
2 59002  50.0000  70.9859 0000000   0.0000 346.0390 15.21981948719352
STARLINK-1329
1 65442U 98065A   24100.00000000 -.00022620  00000-0  13156-2 0  1004
2 65442  50.0000  70.9859 0000000   0.0000   3.1818 15.21981948628237
STARLINK-1330
1 87505U 98065A   24100.00000000 -.00022620  00000-0  13156-2 0  1004
2 87505  50.0000  76.0563 0000000   0.0000   3.4091 15.21981948183263
STARLINK-1331
1 45549U 98065A   24100.00000000 -.00022620  00000-0  13156-2 0  1001
2 45549  50.0000  76.0563 0000000   0.0000  20.5519 15.21981948320558
STARLINK-1332
1 73107U 98065A   24100.00000000 -.00022620  00000-0  13156-2 0  1002
2 73107  50.0000  76.0563 0000000   0.0000  37.6948 15.21981948670684
STARLINK-1333
1 49339U 98065A   24100.00000000 -.00022620  00000-0  13156-2 0  1001
2 49339  50.0000  76.0563 0000000   0.0000  54.8377 15.21981948933926
STARLINK-1334
1 63020U 98065A   24100.00000000 -.00022620  00000-0  13156-2 0  1001
2 63020  50.0000  76.0563 0000000   0.0000  71.9805 15.21981948460377
STARLINK-1335
1 80096U 98065A   24100.00000000 -.00022620  00000-0  13156-2 0  1007
2 80096  50.0000  76.0563 0000000   0.0000  89.1234 15.21981948112038
STARLINK-1336
1 71746U 98065A   24100.00000000 -.00022620  00000-0  13156-2 0  1001
2 71746  50.0000  76.0563 0000000   0.0000 106.2662 15.21981948548536
STARLINK-1337
1 13446U 98065A   24100.00000000 -.00022620  00000-0  13156-2 0  1003
2 13446  50.0000  76.0563 0000000   0.0000 123.4091 15.21981948177454
STARLINK-1338
1 18921U 98065A   24100.00000000 -.00022620  00000-0  13156-2 0  1004
2 18921  50.0000  76.0563 0000000   0.0000 140.5519 15.21981948789922
STARLINK-1339
1 53509U 98065A   24100.00000000 -.00022620  00000-0  13156-2 0  1008
2 53509  50.0000  76.0563 0000000   0.0000 157.6948 15.21981948622892
STARLINK-1340
1 46110U 98065A   24100.00000000 -.00022620  00000-0  13156-2 0  1000
2 46110  50.0000  76.0563 0000000   0.0000 174.8377 15.21981948277346
STARLINK-1341
1 60548U 98065A   24100.00000000 -.00022620  00000-0  13156-2 0  1002
2 60548  50.0000  76.0563 0000000   0.0000 191.9805 15.21981948739127
STARLINK-1342
1 95613U 98065A   24100.00000000 -.00022620  00000-0  13156-2 0  1002
2 95613  50.0000  76.0563 0000000   0.0000 209.1234 15.21981948330506
STARLINK-1343
1 93432U 98065A   24100.00000000 -.00022620  00000-0  13156-2 0  1000
2 93432  50.0000  76.0563 0000000   0.0000 226.2662 15.21981948538086
STARLINK-1344
1 48399U 98065A   24100.00000000 -.00022620  00000-0  13156-2 0  1001
2 48399  50.0000  76.0563 0000000   0.0000 243.4091 15.21981948109985
STARLINK-1345
1 30035U 98065A   24100.00000000 -.00022620  00000-0  13156-2 0  1008
2 30035  50.0000  76.0563 0000000   0.0000 260.5519 15.21981948876734
STARLINK-1346
1 11871U 98065A   24100.00000000 -.00022620  00000-0  13156-2 0  1008
2 11871  50.0000  76.0563 0000000   0.0000 277.6948 15.21981948665514
STARLINK-1347
1 49169U 98065A   24100.00000000 -.00022620  00000-0  13156-2 0  1000
2 49169  50.0000  76.0563 0000000   0.0000 294.8377 15.21981948962755
STARLINK-1348
1 50454U 98065A   24100.00000000 -.00022620  00000-0  13156-2 0  1002
2 50454  50.0000  76.0563 0000000   0.0000 311.9805 15.21981948294076
STARLINK-1349
1 75313U 98065A   24100.00000000 -.00022620  00000-0  13156-2 0  1008
2 75313  50.0000  76.0563 0000000   0.0000 329.1234 15.21981948124192
STARLINK-1350
1 13482U 98065A   24100.00000000 -.00022620  00000-0  13156-2 0  1007
2 13482  50.0000  76.0563 0000000   0.0000 346.2662 15.21981948787910
STARLINK-1351
1 80164U 98065A   24100.00000000 -.00022620  00000-0  13156-2 0  1006
2 80164  50.0000  76.0563 0000000   0.0000   3.4091 15.21981948401054
STARLINK-1352
1 83173U 98065A   24100.00000000 -.00022620  00000-0  13156-2 0  1000
2 83173  50.0000  81.1268 0000000   0.0000   3.6364 15.21981948369052
STARLINK-1353
1 84819U 98065A   24100.00000000 -.00022620  00000-0  13156-2 0  1007
2 84819  50.0000  81.1268 0000000   0.0000  20.7792 15.21981948309221
STARLINK-1354
1 22591U 98065A   24100.00000000 -.00022620  00000-0  13156-2 0  1005
2 22591  50.0000  81.1268 0000000   0.0000  37.9221 15.21981948318165
STARLINK-1355
1 61608U 98065A   24100.00000000 -.00022620  00000-0  13156-2 0  1005
2 61608  50.0000  81.1268 0000000   0.0000  55.0649 15.21981948965094
STARLINK-1356
1 14222U 98065A   24100.00000000 -.00022620  00000-0  13156-2 0  1004
2 14222  50.0000  81.1268 0000000   0.0000  72.2078 15.21981948243068
STARLINK-1357
1 64977U 98065A   24100.00000000 -.00022620  00000-0  13156-2 0  1008
2 64977  50.0000  81.1268 0000000   0.0000  89.3506 15.21981948931780
STARLINK-1358
1 35800U 98065A   24100.00000000 -.00022620  00000-0  13156-2 0  1000
2 35800  50.0000  81.1268 0000000   0.0000 106.4935 15.21981948357612
STARLINK-1359
1 77651U 98065A   24100.00000000 -.00022620  00000-0  13156-2 0  1004
2 77651  50.0000  81.1268 0000000   0.0000 123.6364 15.21981948424466
STARLINK-1360
1 19685U 98065A   24100.00000000 -.00022620  00000-0  13156-2 0  1002
2 19685  50.0000  81.1268 0000000   0.0000 140.7792 15.21981948966984
STARLINK-1361
1 55188U 98065A   24100.00000000 -.00022620  00000-0  13156-2 0  1002
2 55188  50.0000  81.1268 0000000   0.0000 157.9221 15.21981948477083
STARLINK-1362
1 86821U 98065A   24100.00000000 -.00022620  00000-0  13156-2 0  1008
2 86821  50.0000  81.1268 0000000   0.0000 175.0649 15.21981948633707
STARLINK-1363
1 30411U 98065A   24100.00000000 -.00022620  00000-0  13156-2 0  1002
2 30411  50.0000  81.1268 0000000   0.0000 192.2078 15.21981948418968
STARLINK-1364
1 73714U 98065A   24100.00000000 -.00022620  00000-0  13156-2 0  1004
2 73714  50.0000  81.1268 0000000   0.0000 209.3506 15.21981948754736
STARLINK-1365
1 28500U 98065A   24100.00000000 -.00022620  00000-0  13156-2 0  1007
2 28500  50.0000  81.1268 0000000   0.0000 226.4935 15.21981948169688
STARLINK-1366
1 67539U 98065A   24100.00000000 -.00022620  00000-0  13156-2 0  1003
2 67539  50.0000  81.1268 0000000   0.0000 243.6364 15.21981948500697
STARLINK-1367
1 21970U 98065A   24100.00000000 -.00022620  00000-0  13156-2 0  1007
2 21970  50.0000  81.1268 0000000   0.0000 260.7792 15.21981948596870
STARLINK-1368
1 42673U 98065A   24100.00000000 -.00022620  00000-0  13156-2 0  1000
2 42673  50.0000  81.1268 0000000   0.0000 277.9221 15.21981948394137
STARLINK-1369
1 86271U 98065A   24100.00000000 -.00022620  00000-0  13156-2 0  1005
2 86271  50.0000  81.1268 0000000   0.0000 295.0649 15.21981948150747
STARLINK-1370
1 92514U 98065A   24100.00000000 -.00022620  00000-0  13156-2 0  1008
2 92514  50.0000  81.1268 0000000   0.0000 312.2078 15.21981948825667
STARLINK-1371
1 72093U 98065A   24100.00000000 -.00022620  00000-0  13156-2 0  1005
2 72093  50.0000  81.1268 0000000   0.0000 329.3506 15.21981948986043
STARLINK-1372
1 24858U 98065A   24100.00000000 -.00022620  00000-0  13156-2 0  1001
2 24858  50.0000  81.1268 0000000   0.0000 346.4935 15.21981948769157
STARLINK-1373
1 97122U 98065A   24100.00000000 -.00022620  00000-0  13156-2 0  1005
2 97122  50.0000  81.1268 0000000   0.0000   3.6364 15.21981948210538
STARLINK-1374
1 50723U 98065A   24100.00000000 -.00022620  00000-0  13156-2 0  1003
2 50723  50.0000  86.1972 0000000   0.0000   3.8636 15.21981948503637
STARLINK-1375
1 92975U 98065A   24100.00000000 -.00022620  00000-0  13156-2 0  1004
2 92975  50.0000  86.1972 0000000   0.0000  21.0065 15.21981948810116
STARLINK-1376
1 11997U 98065A   24100.00000000 -.00022620  00000-0  13156-2 0  1005
2 11997  50.0000  86.1972 0000000   0.0000  38.1494 15.21981948519782
STARLINK-1377
1 90158U 98065A   24100.00000000 -.00022620  00000-0  13156-2 0  1008
2 90158  50.0000  86.1972 0000000   0.0000  55.2922 15.21981948239944
STARLINK-1378
1 32528U 98065A   24100.00000000 -.00022620  00000-0  13156-2 0  1003
2 32528  50.0000  86.1972 0000000   0.0000  72.4351 15.21981948296433
STARLINK-1379
1 78678U 98065A   24100.00000000 -.00022620  00000-0  13156-2 0  1002
2 78678  50.0000  86.1972 0000000   0.0000  89.5779 15.21981948664252
STARLINK-1380
1 57082U 98065A   24100.00000000 -.00022620  00000-0  13156-2 0  1005
2 57082  50.0000  86.1972 0000000   0.0000 106.7208 15.21981948979662
STARLINK-1381
1 55259U 98065A   24100.00000000 -.00022620  00000-0  13156-2 0  1002
2 55259  50.0000  86.1972 0000000   0.0000 123.8636 15.21981948129074
STARLINK-1382
1 62526U 98065A   24100.00000000 -.00022620  00000-0  13156-2 0  1000
2 62526  50.0000  86.1972 0000000   0.0000 141.0065 15.21981948578301
STARLINK-1383
1 80864U 98065A   24100.00000000 -.00022620  00000-0  13156-2 0  1002
2 80864  50.0000  86.1972 0000000   0.0000 158.1494 15.21981948106181
STARLINK-1384
1 13173U 98065A   24100.00000000 -.00022620  00000-0  13156-2 0  1006
2 13173  50.0000  86.1972 0000000   0.0000 175.2922 15.21981948879516
STARLINK-1385
1 58977U 98065A   24100.00000000 -.00022620  00000-0  13156-2 0  1003
2 58977  50.0000  86.1972 0000000   0.0000 192.4351 15.21981948583826
STARLINK-1386
1 65353U 98065A   24100.00000000 -.00022620  00000-0  13156-2 0  1003
2 65353  50.0000  86.1972 0000000   0.0000 209.5779 15.21981948333396
STARLINK-1387
1 98519U 98065A   24100.00000000 -.00022620  00000-0  13156-2 0  1007
2 98519  50.0000  86.1972 0000000   0.0000 226.7208 15.21981948631294
STARLINK-1388
1 10157U 98065A   24100.00000000 -.00022620  00000-0  13156-2 0  1008
2 10157  50.0000  86.1972 0000000   0.0000 243.8636 15.21981948652981
STARLINK-1389
1 57142U 98065A   24100.00000000 -.00022620  00000-0  13156-2 0  1008
2 57142  50.0000  86.1972 0000000   0.0000 261.0065 15.21981948661181
STARLINK-1390
1 61006U 98065A   24100.00000000 -.00022620  00000-0  13156-2 0  1002
2 61006  50.0000  86.1972 0000000   0.0000 278.1494 15.21981948154161
STARLINK-1391
1 36701U 98065A   24100.00000000 -.00022620  00000-0  13156-2 0  1002
2 36701  50.0000  86.1972 0000000   0.0000 295.2922 15.21981948318175
STARLINK-1392
1 48601U 98065A   24100.00000000 -.00022620  00000-0  13156-2 0  1008
2 48601  50.0000  86.1972 0000000   0.0000 312.4351 15.21981948603314
STARLINK-1393
1 14785U 98065A   24100.00000000 -.00022620  00000-0  13156-2 0  1008
2 14785  50.0000  86.1972 0000000   0.0000 329.5779 15.21981948210227
STARLINK-1394
1 37827U 98065A   24100.00000000 -.00022620  00000-0  13156-2 0  1001
2 37827  50.0000  86.1972 0000000   0.0000 346.7208 15.21981948283028
STARLINK-1395
1 57162U 98065A   24100.00000000 -.00022620  00000-0  13156-2 0  1003
2 57162  50.0000  86.1972 0000000   0.0000   3.8636 15.21981948230545
STARLINK-1396
1 44386U 98065A   24100.00000000 -.00022620  00000-0  13156-2 0  1008
2 44386  50.0000  91.2676 0000000   0.0000   4.0909 15.21981948200726
STARLINK-1397
1 10223U 98065A   24100.00000000 -.00022620  00000-0  13156-2 0  1005
2 10223  50.0000  91.2676 0000000   0.0000  21.2338 15.21981948986873
STARLINK-1398
1 90375U 98065A   24100.00000000 -.00022620  00000-0  13156-2 0  1007
2 90375  50.0000  91.2676 0000000   0.0000  38.3766 15.21981948525967
STARLINK-1399
1 32137U 98065A   24100.00000000 -.00022620  00000-0  13156-2 0  1002
2 32137  50.0000  91.2676 0000000   0.0000  55.5195 15.21981948402633
STARLINK-1400
1 12657U 98065A   24100.00000000 -.00022620  00000-0  13156-2 0  1002
2 12657  50.0000  91.2676 0000000   0.0000  72.6623 15.21981948539325
STARLINK-1401
1 74972U 98065A   24100.00000000 -.00022620  00000-0  13156-2 0  1006
2 74972  50.0000  91.2676 0000000   0.0000  89.8052 15.21981948602978
STARLINK-1402
1 11941U 98065A   24100.00000000 -.00022620  00000-0  13156-2 0  1002
2 11941  50.0000  91.2676 0000000   0.0000 106.9481 15.21981948684833
STARLINK-1403
1 10898U 98065A   24100.00000000 -.00022620  00000-0  13156-2 0  1003
2 10898  50.0000  91.2676 0000000   0.0000 124.0909 15.21981948726608
STARLINK-1404
1 81192U 98065A   24100.00000000 -.00022620  00000-0  13156-2 0  1005
2 81192  50.0000  91.2676 0000000   0.0000 141.2338 15.21981948402806
STARLINK-1405
1 35780U 98065A   24100.00000000 -.00022620  00000-0  13156-2 0  1005
2 35780  50.0000  91.2676 0000000   0.0000 158.3766 15.21981948872584
STARLINK-1406
1 66764U 98065A   24100.00000000 -.00022620  00000-0  13156-2 0  1002
2 66764  50.0000  91.2676 0000000   0.0000 175.5195 15.21981948812543
STARLINK-1407
1 89896U 98065A   24100.00000000 -.00022620  00000-0  13156-2 0  1007
2 89896  50.0000  91.2676 0000000   0.0000 192.6623 15.21981948800637
STARLINK-1408
1 92414U 98065A   24100.00000000 -.00022620  00000-0  13156-2 0  1002
2 92414  50.0000  91.2676 0000000   0.0000 209.8052 15.21981948986425
STARLINK-1409
1 98778U 98065A   24100.00000000 -.00022620  00000-0  13156-2 0  1001
2 98778  50.0000  91.2676 0000000   0.0000 226.9481 15.21981948273720
STARLINK-1410
1 12872U 98065A   24100.00000000 -.00022620  00000-0  13156-2 0  1005
2 12872  50.0000  91.2676 0000000   0.0000 244.0909 15.21981948120801
STARLINK-1411
1 69195U 98065A   24100.00000000 -.00022620  00000-0  13156-2 0  1001
2 69195  50.0000  91.2676 0000000   0.0000 261.2338 15.21981948159054
STARLINK-1412
1 59659U 98065A   24100.00000000 -.00022620  00000-0  13156-2 0  1000
2 59659  50.0000  91.2676 0000000   0.0000 278.3766 15.21981948989357
STARLINK-1413
1 43480U 98065A   24100.00000000 -.00022620  00000-0  13156-2 0  1000
2 43480  50.0000  91.2676 0000000   0.0000 295.5195 15.21981948493612
STARLINK-1414
1 80256U 98065A   24100.00000000 -.00022620  00000-0  13156-2 0  1003
2 80256  50.0000  91.2676 0000000   0.0000 312.6623 15.21981948405442
STARLINK-1415
1 34402U 98065A   24100.00000000 -.00022620  00000-0  13156-2 0  1006
2 34402  50.0000  91.2676 0000000   0.0000 329.8052 15.21981948500614
STARLINK-1416
1 30213U 98065A   24100.00000000 -.00022620  00000-0  13156-2 0  1002
2 30213  50.0000  91.2676 0000000   0.0000 346.9481 15.21981948591108
STARLINK-1417
1 39684U 98065A   24100.00000000 -.00022620  00000-0  13156-2 0  1001
2 39684  50.0000  91.2676 0000000   0.0000   4.0909 15.21981948115360
STARLINK-1418
1 63241U 98065A   24100.00000000 -.00022620  00000-0  13156-2 0  1004
2 63241  50.0000  96.3380 0000000   0.0000   4.3182 15.21981948523595
STARLINK-1419
1 37597U 98065A   24100.00000000 -.00022620  00000-0  13156-2 0  1005
2 37597  50.0000  96.3380 0000000   0.0000  21.4610 15.21981948747646
STARLINK-1420
1 17266U 98065A   24100.00000000 -.00022620  00000-0  13156-2 0  1006
2 17266  50.0000  96.3380 0000000   0.0000  38.6039 15.21981948551442
STARLINK-1421
1 80880U 98065A   24100.00000000 -.00022620  00000-0  13156-2 0  1003
2 80880  50.0000  96.3380 0000000   0.0000  55.7468 15.21981948900472
STARLINK-1422
1 77533U 98065A   24100.00000000 -.00022620  00000-0  13156-2 0  1008
2 77533  50.0000  96.3380 0000000   0.0000  72.8896 15.21981948860042
STARLINK-1423
1 12887U 98065A   24100.00000000 -.00022620  00000-0  13156-2 0  1007
2 12887  50.0000  96.3380 0000000   0.0000  90.0325 15.21981948901436
STARLINK-1424
1 89719U 98065A   24100.00000000 -.00022620  00000-0  13156-2 0  1002
2 89719  50.0000  96.3380 0000000   0.0000 107.1753 15.21981948507326
STARLINK-1425
1 46721U 98065A   24100.00000000 -.00022620  00000-0  13156-2 0  1002
2 46721  50.0000  96.3380 0000000   0.0000 124.3182 15.21981948387435
STARLINK-1426
1 50950U 98065A   24100.00000000 -.00022620  00000-0  13156-2 0  1001
2 50950  50.0000  96.3380 0000000   0.0000 141.4610 15.21981948149503
STARLINK-1427
1 68415U 98065A   24100.00000000 -.00022620  00000-0  13156-2 0  1000
2 68415  50.0000  96.3380 0000000   0.0000 158.6039 15.21981948868078
STARLINK-1428
1 93840U 98065A   24100.00000000 -.00022620  00000-0  13156-2 0  1000
2 93840  50.0000  96.3380 0000000   0.0000 175.7468 15.21981948713254
STARLINK-1429
1 12871U 98065A   24100.00000000 -.00022620  00000-0  13156-2 0  1006
2 12871  50.0000  96.3380 0000000   0.0000 192.8896 15.21981948140084
STARLINK-1430
1 46459U 98065A   24100.00000000 -.00022620  00000-0  13156-2 0  1008
2 46459  50.0000  96.3380 0000000   0.0000 210.0325 15.21981948546845
STARLINK-1431
1 27903U 98065A   24100.00000000 -.00022620  00000-0  13156-2 0  1004
2 27903  50.0000  96.3380 0000000   0.0000 227.1753 15.21981948447190
STARLINK-1432
1 54282U 98065A   24100.00000000 -.00022620  00000-0  13156-2 0  1002
2 54282  50.0000  96.3380 0000000   0.0000 244.3182 15.21981948875473
STARLINK-1433
1 46293U 98065A   24100.00000000 -.00022620  00000-0  13156-2 0  1003
2 46293  50.0000  96.3380 0000000   0.0000 261.4610 15.21981948125905
STARLINK-1434
1 13851U 98065A   24100.00000000 -.00022620  00000-0  13156-2 0  1008
2 13851  50.0000  96.3380 0000000   0.0000 278.6039 15.21981948460124
STARLINK-1435
1 18345U 98065A   24100.00000000 -.00022620  00000-0  13156-2 0  1005
2 18345  50.0000  96.3380 0000000   0.0000 295.7468 15.21981948585447
STARLINK-1436
1 90907U 98065A   24100.00000000 -.00022620  00000-0  13156-2 0  1004
2 90907  50.0000  96.3380 0000000   0.0000 312.8896 15.21981948162824
STARLINK-1437
1 31861U 98065A   24100.00000000 -.00022620  00000-0  13156-2 0  1008
2 31861  50.0000  96.3380 0000000   0.0000 330.0325 15.21981948928101
STARLINK-1438
1 64844U 98065A   24100.00000000 -.00022620  00000-0  13156-2 0  1003
2 64844  50.0000  96.3380 0000000   0.0000 347.1753 15.21981948315556
STARLINK-1439
1 41682U 98065A   24100.00000000 -.00022620  00000-0  13156-2 0  1005
2 41682  50.0000  96.3380 0000000   0.0000   4.3182 15.21981948238288
STARLINK-1440
1 32679U 98065A   24100.00000000 -.00022620  00000-0  13156-2 0  1000
2 32679  50.0000 101.4085 0000000   0.0000   4.5455 15.21981948847544
STARLINK-1441
1 88300U 98065A   24100.00000000 -.00022620  00000-0  13156-2 0  1005
2 88300  50.0000 101.4085 0000000   0.0000  21.6883 15.21981948642987
STARLINK-1442
1 16315U 98065A   24100.00000000 -.00022620  00000-0  13156-2 0  1006
2 16315  50.0000 101.4085 0000000   0.0000  38.8312 15.21981948483313
STARLINK-1443
1 32701U 98065A   24100.00000000 -.00022620  00000-0  13156-2 0  1005
2 32701  50.0000 101.4085 0000000   0.0000  55.9740 15.21981948888764
STARLINK-1444
1 60746U 98065A   24100.00000000 -.00022620  00000-0  13156-2 0  1002
2 60746  50.0000 101.4085 0000000   0.0000  73.1169 15.21981948566767
STARLINK-1445
1 24403U 98065A   24100.00000000 -.00022620  00000-0  13156-2 0  1004
2 24403  50.0000 101.4085 0000000   0.0000  90.2597 15.21981948500692
STARLINK-1446
1 97909U 98065A   24100.00000000 -.00022620  00000-0  13156-2 0  1008
2 97909  50.0000 101.4085 0000000   0.0000 107.4026 15.21981948164593
STARLINK-1447
1 13818U 98065A   24100.00000000 -.00022620  00000-0  13156-2 0  1002
2 13818  50.0000 101.4085 0000000   0.0000 124.5455 15.21981948795638
STARLINK-1448
1 26701U 98065A   24100.00000000 -.00022620  00000-0  13156-2 0  1006
2 26701  50.0000 101.4085 0000000   0.0000 141.6883 15.21981948654457
STARLINK-1449
1 73121U 98065A   24100.00000000 -.00022620  00000-0  13156-2 0  1004
2 73121  50.0000 101.4085 0000000   0.0000 158.8312 15.21981948803237
STARLINK-1450
1 91076U 98065A   24100.00000000 -.00022620  00000-0  13156-2 0  1004
2 91076  50.0000 101.4085 0000000   0.0000 175.9740 15.21981948368317
STARLINK-1451
1 93611U 98065A   24100.00000000 -.00022620  00000-0  13156-2 0  1006
2 93611  50.0000 101.4085 0000000   0.0000 193.1169 15.21981948381686
STARLINK-1452
1 58798U 98065A   24100.00000000 -.00022620  00000-0  13156-2 0  1007
2 58798  50.0000 101.4085 0000000   0.0000 210.2597 15.21981948206575
STARLINK-1453
1 16117U 98065A   24100.00000000 -.00022620  00000-0  13156-2 0  1008
2 16117  50.0000 101.4085 0000000   0.0000 227.4026 15.21981948280146
STARLINK-1454
1 72997U 98065A   24100.00000000 -.00022620  00000-0  13156-2 0  1004
2 72997  50.0000 101.4085 0000000   0.0000 244.5455 15.21981948607890
STARLINK-1455
1 23150U 98065A   24100.00000000 -.00022620  00000-0  13156-2 0  1006
2 23150  50.0000 101.4085 0000000   0.0000 261.6883 15.21981948463547
STARLINK-1456
1 90936U 98065A   24100.00000000 -.00022620  00000-0  13156-2 0  1001
2 90936  50.0000 101.4085 0000000   0.0000 278.8312 15.21981948789372
STARLINK-1457
1 38180U 98065A   24100.00000000 -.00022620  00000-0  13156-2 0  1002
2 38180  50.0000 101.4085 0000000   0.0000 295.9740 15.21981948256344
STARLINK-1458
1 41013U 98065A   24100.00000000 -.00022620  00000-0  13156-2 0  1002
2 41013  50.0000 101.4085 0000000   0.0000 313.1169 15.21981948704567
STARLINK-1459
1 97701U 98065A   24100.00000000 -.00022620  00000-0  13156-2 0  1003
2 97701  50.0000 101.4085 0000000   0.0000 330.2597 15.21981948395108
STARLINK-1460
1 15022U 98065A   24100.00000000 -.00022620  00000-0  13156-2 0  1004
2 15022  50.0000 101.4085 0000000   0.0000 347.4026 15.21981948485358
STARLINK-1461
1 12283U 98065A   24100.00000000 -.00022620  00000-0  13156-2 0  1000
2 12283  50.0000 101.4085 0000000   0.0000   4.5455 15.21981948508110
STARLINK-1462
1 72481U 98065A   24100.00000000 -.00022620  00000-0  13156-2 0  1005
2 72481  50.0000 106.4789 0000000   0.0000   4.7727 15.21981948688540
STARLINK-1463
1 65175U 98065A   24100.00000000 -.00022620  00000-0  13156-2 0  1005
2 65175  50.0000 106.4789 0000000   0.0000  21.9156 15.21981948826595
STARLINK-1464
1 59291U 98065A   24100.00000000 -.00022620  00000-0  13156-2 0  1005
2 59291  50.0000 106.4789 0000000   0.0000  39.0584 15.21981948890273
STARLINK-1465
1 29198U 98065A   24100.00000000 -.00022620  00000-0  13156-2 0  1001
2 29198  50.0000 106.4789 0000000   0.0000  56.2013 15.21981948577584
STARLINK-1466
1 16834U 98065A   24100.00000000 -.00022620  00000-0  13156-2 0  1002
2 16834  50.0000 106.4789 0000000   0.0000  73.3442 15.21981948134631
STARLINK-1467
1 84911U 98065A   24100.00000000 -.00022620  00000-0  13156-2 0  1005
2 84911  50.0000 106.4789 0000000   0.0000  90.4870 15.21981948363903
STARLINK-1468
1 96609U 98065A   24100.00000000 -.00022620  00000-0  13156-2 0  1007
2 96609  50.0000 106.4789 0000000   0.0000 107.6299 15.21981948476636
STARLINK-1469
1 29859U 98065A   24100.00000000 -.00022620  00000-0  13156-2 0  1005
2 29859  50.0000 106.4789 0000000   0.0000 124.7727 15.21981948247428
STARLINK-1470
1 19077U 98065A   24100.00000000 -.00022620  00000-0  13156-2 0  1001
2 19077  50.0000 106.4789 0000000   0.0000 141.9156 15.21981948692485
STARLINK-1471
1 91369U 98065A   24100.00000000 -.00022620  00000-0  13156-2 0  1007
2 91369  50.0000 106.4789 0000000   0.0000 159.0584 15.21981948616826
STARLINK-1472
1 19743U 98065A   24100.00000000 -.00022620  00000-0  13156-2 0  1003
2 19743  50.0000 106.4789 0000000   0.0000 176.2013 15.21981948838546
STARLINK-1473
1 47335U 98065A   24100.00000000 -.00022620  00000-0  13156-2 0  1001
2 47335  50.0000 106.4789 0000000   0.0000 193.3442 15.21981948766617
STARLINK-1474
1 40409U 98065A   24100.00000000 -.00022620  00000-0  13156-2 0  1007
2 40409  50.0000 106.4789 0000000   0.0000 210.4870 15.21981948960536
STARLINK-1475
1 57486U 98065A   24100.00000000 -.00022620  00000-0  13156-2 0  1007
2 57486  50.0000 106.4789 0000000   0.0000 227.6299 15.21981948364660
STARLINK-1476
1 36194U 98065A   24100.00000000 -.00022620  00000-0  13156-2 0  1000
2 36194  50.0000 106.4789 0000000   0.0000 244.7727 15.21981948508997
STARLINK-1477
1 30610U 98065A   24100.00000000 -.00022620  00000-0  13156-2 0  1000
2 30610  50.0000 106.4789 0000000   0.0000 261.9156 15.21981948664085
STARLINK-1478
1 64859U 98065A   24100.00000000 -.00022620  00000-0  13156-2 0  1005
2 64859  50.0000 106.4789 0000000   0.0000 279.0584 15.21981948433196
STARLINK-1479
1 52723U 98065A   24100.00000000 -.00022620  00000-0  13156-2 0  1005
2 52723  50.0000 106.4789 0000000   0.0000 296.2013 15.21981948387203
STARLINK-1480
1 44178U 98065A   24100.00000000 -.00022620  00000-0  13156-2 0  1006
2 44178  50.0000 106.4789 0000000   0.0000 313.3442 15.21981948612235
STARLINK-1481
1 60983U 98065A   24100.00000000 -.00022620  00000-0  13156-2 0  1007
2 60983  50.0000 106.4789 0000000   0.0000 330.4870 15.21981948272013
STARLINK-1482
1 40299U 98065A   24100.00000000 -.00022620  00000-0  13156-2 0  1000
2 40299  50.0000 106.4789 0000000   0.0000 347.6299 15.21981948407048
STARLINK-1483
1 35445U 98065A   24100.00000000 -.00022620  00000-0  13156-2 0  1002
2 35445  50.0000 106.4789 0000000   0.0000   4.7727 15.21981948622694
STARLINK-1484
1 84558U 98065A   24100.00000000 -.00022620  00000-0  13156-2 0  1004
2 84558  50.0000 111.5493 0000000   0.0000   5.0000 15.21981948553958
STARLINK-1485
1 91284U 98065A   24100.00000000 -.00022620  00000-0  13156-2 0  1002
2 91284  50.0000 111.5493 0000000   0.0000  22.1429 15.21981948774628
STARLINK-1486
1 98209U 98065A   24100.00000000 -.00022620  00000-0  13156-2 0  1006
2 98209  50.0000 111.5493 0000000   0.0000  39.2857 15.21981948694453
STARLINK-1487
1 32874U 98065A   24100.00000000 -.00022620  00000-0  13156-2 0  1008
2 32874  50.0000 111.5493 0000000   0.0000  56.4286 15.21981948148547
STARLINK-1488
1 33254U 98065A   24100.00000000 -.00022620  00000-0  13156-2 0  1001
2 33254  50.0000 111.5493 0000000   0.0000  73.5714 15.21981948276091
STARLINK-1489
1 58422U 98065A   24100.00000000 -.00022620  00000-0  13156-2 0  1007
2 58422  50.0000 111.5493 0000000   0.0000  90.7143 15.21981948680796
STARLINK-1490
1 64658U 98065A   24100.00000000 -.00022620  00000-0  13156-2 0  1007
2 64658  50.0000 111.5493 0000000   0.0000 107.8571 15.21981948350685
STARLINK-1491
1 61599U 98065A   24100.00000000 -.00022620  00000-0  13156-2 0  1001
2 61599  50.0000 111.5493 0000000   0.0000 125.0000 15.21981948644420
STARLINK-1492
1 61000U 98065A   24100.00000000 -.00022620  00000-0  13156-2 0  1006
2 61000  50.0000 111.5493 0000000   0.0000 142.1429 15.21981948450813
STARLINK-1493
1 31116U 98065A   24100.00000000 -.00022620  00000-0  13156-2 0  1002
2 31116  50.0000 111.5493 0000000   0.0000 159.2857 15.21981948816002
STARLINK-1494
1 21590U 98065A   24100.00000000 -.00022620  00000-0  13156-2 0  1007
2 21590  50.0000 111.5493 0000000   0.0000 176.4286 15.21981948694454
STARLINK-1495
1 53115U 98065A   24100.00000000 -.00022620  00000-0  13156-2 0  1006
2 53115  50.0000 111.5493 0000000   0.0000 193.5714 15.21981948802186
STARLINK-1496
1 63221U 98065A   24100.00000000 -.00022620  00000-0  13156-2 0  1003
2 63221  50.0000 111.5493 0000000   0.0000 210.7143 15.21981948922632
STARLINK-1497
1 67048U 98065A   24100.00000000 -.00022620  00000-0  13156-2 0  1008
2 67048  50.0000 111.5493 0000000   0.0000 227.8571 15.21981948730892
STARLINK-1498
1 68073U 98065A   24100.00000000 -.00022620  00000-0  13156-2 0  1003
2 68073  50.0000 111.5493 0000000   0.0000 245.0000 15.21981948907441
STARLINK-1499
1 33148U 98065A   24100.00000000 -.00022620  00000-0  13156-2 0  1000
2 33148  50.0000 111.5493 0000000   0.0000 262.1429 15.21981948688924
STARLINK-1500
1 20911U 98065A   24100.00000000 -.00022620  00000-0  13156-2 0  1005
2 20911  50.0000 111.5493 0000000   0.0000 279.2857 15.21981948161701
STARLINK-1501
1 89573U 98065A   24100.00000000 -.00022620  00000-0  13156-2 0  1005
2 89573  50.0000 111.5493 0000000   0.0000 296.4286 15.21981948881193
STARLINK-1502
1 75841U 98065A   24100.00000000 -.00022620  00000-0  13156-2 0  1005
2 75841  50.0000 111.5493 0000000   0.0000 313.5714 15.21981948317452
STARLINK-1503
1 75449U 98065A   24100.00000000 -.00022620  00000-0  13156-2 0  1002
2 75449  50.0000 111.5493 0000000   0.0000 330.7143 15.21981948522862
STARLINK-1504
1 77859U 98065A   24100.00000000 -.00022620  00000-0  13156-2 0  1006
2 77859  50.0000 111.5493 0000000   0.0000 347.8571 15.21981948534601
STARLINK-1505
1 83302U 98065A   24100.00000000 -.00022620  00000-0  13156-2 0  1007
2 83302  50.0000 111.5493 0000000   0.0000   5.0000 15.21981948484493
STARLINK-1506
1 91461U 98065A   24100.00000000 -.00022620  00000-0  13156-2 0  1003
2 91461  50.0000 116.6197 0000000   0.0000   5.2273 15.21981948607362
STARLINK-1507
1 29093U 98065A   24100.00000000 -.00022620  00000-0  13156-2 0  1006
2 29093  50.0000 116.6197 0000000   0.0000  22.3701 15.21981948619608
STARLINK-1508
1 52415U 98065A   24100.00000000 -.00022620  00000-0  13156-2 0  1008
2 52415  50.0000 116.6197 0000000   0.0000  39.5130 15.21981948870960
STARLINK-1509
1 19974U 98065A   24100.00000000 -.00022620  00000-0  13156-2 0  1005
2 19974  50.0000 116.6197 0000000   0.0000  56.6558 15.21981948117408
STARLINK-1510
1 51721U 98065A   24100.00000000 -.00022620  00000-0  13156-2 0  1001
2 51721  50.0000 116.6197 0000000   0.0000  73.7987 15.21981948235295
STARLINK-1511
1 31150U 98065A   24100.00000000 -.00022620  00000-0  13156-2 0  1002
2 31150  50.0000 116.6197 0000000   0.0000  90.9416 15.21981948187350
STARLINK-1512
1 88711U 98065A   24100.00000000 -.00022620  00000-0  13156-2 0  1006
2 88711  50.0000 116.6197 0000000   0.0000 108.0844 15.21981948245535
STARLINK-1513
1 45205U 98065A   24100.00000000 -.00022620  00000-0  13156-2 0  1008
2 45205  50.0000 116.6197 0000000   0.0000 125.2273 15.21981948583260
STARLINK-1514
1 79621U 98065A   24100.00000000 -.00022620  00000-0  13156-2 0  1005
2 79621  50.0000 116.6197 0000000   0.0000 142.3701 15.21981948414518
STARLINK-1515
1 86063U 98065A   24100.00000000 -.00022620  00000-0  13156-2 0  1001
2 86063  50.0000 116.6197 0000000   0.0000 159.5130 15.21981948276696
STARLINK-1516
1 77900U 98065A   24100.00000000 -.00022620  00000-0  13156-2 0  1008
2 77900  50.0000 116.6197 0000000   0.0000 176.6558 15.21981948943960
STARLINK-1517
1 76347U 98065A   24100.00000000 -.00022620  00000-0  13156-2 0  1008
2 76347  50.0000 116.6197 0000000   0.0000 193.7987 15.21981948843452
STARLINK-1518
1 38898U 98065A   24100.00000000 -.00022620  00000-0  13156-2 0  1000
2 38898  50.0000 116.6197 0000000   0.0000 210.9416 15.21981948476111
STARLINK-1519
1 41539U 98065A   24100.00000000 -.00022620  00000-0  13156-2 0  1001
2 41539  50.0000 116.6197 0000000   0.0000 228.0844 15.21981948853590
STARLINK-1520
1 43236U 98065A   24100.00000000 -.00022620  00000-0  13156-2 0  1004
2 43236  50.0000 116.6197 0000000   0.0000 245.2273 15.21981948593564
STARLINK-1521
1 24142U 98065A   24100.00000000 -.00022620  00000-0  13156-2 0  1001
2 24142  50.0000 116.6197 0000000   0.0000 262.3701 15.21981948726364
STARLINK-1522
1 94871U 98065A   24100.00000000 -.00022620  00000-0  13156-2 0  1006
2 94871  50.0000 116.6197 0000000   0.0000 279.5130 15.21981948882164
STARLINK-1523
1 84564U 98065A   24100.00000000 -.00022620  00000-0  13156-2 0  1005
2 84564  50.0000 116.6197 0000000   0.0000 296.6558 15.21981948545716
STARLINK-1524
1 97955U 98065A   24100.00000000 -.00022620  00000-0  13156-2 0  1006
2 97955  50.0000 116.6197 0000000   0.0000 313.7987 15.21981948399073
STARLINK-1525
1 72839U 98065A   24100.00000000 -.00022620  00000-0  13156-2 0  1001
2 72839  50.0000 116.6197 0000000   0.0000 330.9416 15.21981948713560
STARLINK-1526
1 96734U 98065A   24100.00000000 -.00022620  00000-0  13156-2 0  1004
2 96734  50.0000 116.6197 0000000   0.0000 348.0844 15.21981948611468
STARLINK-1527
1 73633U 98065A   24100.00000000 -.00022620  00000-0  13156-2 0  1004
2 73633  50.0000 116.6197 0000000   0.0000   5.2273 15.21981948340452
STARLINK-1528
1 21346U 98065A   24100.00000000 -.00022620  00000-0  13156-2 0  1002
2 21346  50.0000 121.6901 0000000   0.0000   5.4545 15.21981948663341
STARLINK-1529
1 15226U 98065A   24100.00000000 -.00022620  00000-0  13156-2 0  1003
2 15226  50.0000 121.6901 0000000   0.0000  22.5974 15.21981948733462
STARLINK-1530
1 10708U 98065A   24100.00000000 -.00022620  00000-0  13156-2 0  1005
2 10708  50.0000 121.6901 0000000   0.0000  39.7403 15.21981948157645
STARLINK-1531
1 85824U 98065A   24100.00000000 -.00022620  00000-0  13156-2 0  1006
2 85824  50.0000 121.6901 0000000   0.0000  56.8831 15.21981948376175
STARLINK-1532
1 28292U 98065A   24100.00000000 -.00022620  00000-0  13156-2 0  1001
2 28292  50.0000 121.6901 0000000   0.0000  74.0260 15.21981948686298
STARLINK-1533
1 87278U 98065A   24100.00000000 -.00022620  00000-0  13156-2 0  1002
2 87278  50.0000 121.6901 0000000   0.0000  91.1688 15.21981948823800
STARLINK-1534
1 64094U 98065A   24100.00000000 -.00022620  00000-0  13156-2 0  1004
2 64094  50.0000 121.6901 0000000   0.0000 108.3117 15.21981948280044
STARLINK-1535
1 59620U 98065A   24100.00000000 -.00022620  00000-0  13156-2 0  1006
2 59620  50.0000 121.6901 0000000   0.0000 125.4545 15.21981948375570
STARLINK-1536
1 48012U 98065A   24100.00000000 -.00022620  00000-0  13156-2 0  1001
2 48012  50.0000 121.6901 0000000   0.0000 142.5974 15.21981948602917
STARLINK-1537
1 27049U 98065A   24100.00000000 -.00022620  00000-0  13156-2 0  1001
2 27049  50.0000 121.6901 0000000   0.0000 159.7403 15.21981948171792
STARLINK-1538
1 90274U 98065A   24100.00000000 -.00022620  00000-0  13156-2 0  1004
2 90274  50.0000 121.6901 0000000   0.0000 176.8831 15.21981948201882
STARLINK-1539
1 30265U 98065A   24100.00000000 -.00022620  00000-0  13156-2 0  1000
2 30265  50.0000 121.6901 0000000   0.0000 194.0260 15.21981948585756
STARLINK-1540
1 37534U 98065A   24100.00000000 -.00022620  00000-0  13156-2 0  1008
2 37534  50.0000 121.6901 0000000   0.0000 211.1688 15.21981948734857
STARLINK-1541
1 12703U 98065A   24100.00000000 -.00022620  00000-0  13156-2 0  1007
2 12703  50.0000 121.6901 0000000   0.0000 228.3117 15.21981948805527
STARLINK-1542
1 63447U 98065A   24100.00000000 -.00022620  00000-0  13156-2 0  1000
2 63447  50.0000 121.6901 0000000   0.0000 245.4545 15.21981948976967
STARLINK-1543
1 33544U 98065A   24100.00000000 -.00022620  00000-0  13156-2 0  1004
2 33544  50.0000 121.6901 0000000   0.0000 262.5974 15.21981948624224
STARLINK-1544
1 84547U 98065A   24100.00000000 -.00022620  00000-0  13156-2 0  1008
2 84547  50.0000 121.6901 0000000   0.0000 279.7403 15.21981948309116
STARLINK-1545
1 95929U 98065A   24100.00000000 -.00022620  00000-0  13156-2 0  1008
2 95929  50.0000 121.6901 0000000   0.0000 296.8831 15.21981948183684
STARLINK-1546
1 96302U 98065A   24100.00000000 -.00022620  00000-0  13156-2 0  1005
2 96302  50.0000 121.6901 0000000   0.0000 314.0260 15.21981948651353
STARLINK-1547
1 53107U 98065A   24100.00000000 -.00022620  00000-0  13156-2 0  1001
2 53107  50.0000 121.6901 0000000   0.0000 331.1688 15.21981948156985
STARLINK-1548
1 13088U 98065A   24100.00000000 -.00022620  00000-0  13156-2 0  1001
2 13088  50.0000 121.6901 0000000   0.0000 348.3117 15.21981948121380
STARLINK-1549
1 56704U 98065A   24100.00000000 -.00022620  00000-0  13156-2 0  1005
2 56704  50.0000 121.6901 0000000   0.0000   5.4545 15.21981948776851
STARLINK-1550
1 20920U 98065A   24100.00000000 -.00022620  00000-0  13156-2 0  1003
2 20920  50.0000 126.7606 0000000   0.0000   5.6818 15.21981948981697
STARLINK-1551
1 87074U 98065A   24100.00000000 -.00022620  00000-0  13156-2 0  1000
2 87074  50.0000 126.7606 0000000   0.0000  22.8247 15.21981948449381
STARLINK-1552
1 98526U 98065A   24100.00000000 -.00022620  00000-0  13156-2 0  1007
2 98526  50.0000 126.7606 0000000   0.0000  39.9675 15.21981948215238
STARLINK-1553
1 82087U 98065A   24100.00000000 -.00022620  00000-0  13156-2 0  1007
2 82087  50.0000 126.7606 0000000   0.0000  57.1104 15.21981948210788
STARLINK-1554
1 47161U 98065A   24100.00000000 -.00022620  00000-0  13156-2 0  1008
2 47161  50.0000 126.7606 0000000   0.0000  74.2532 15.21981948319635
STARLINK-1555
1 88015U 98065A   24100.00000000 -.00022620  00000-0  13156-2 0  1007
2 88015  50.0000 126.7606 0000000   0.0000  91.3961 15.21981948413021
STARLINK-1556
1 67820U 98065A   24100.00000000 -.00022620  00000-0  13156-2 0  1004
2 67820  50.0000 126.7606 0000000   0.0000 108.5390 15.21981948386276
STARLINK-1557
1 37986U 98065A   24100.00000000 -.00022620  00000-0  13156-2 0  1001
2 37986  50.0000 126.7606 0000000   0.0000 125.6818 15.21981948841156
STARLINK-1558
1 17560U 98065A   24100.00000000 -.00022620  00000-0  13156-2 0  1000
2 17560  50.0000 126.7606 0000000   0.0000 142.8247 15.21981948320802
STARLINK-1559
1 61196U 98065A   24100.00000000 -.00022620  00000-0  13156-2 0  1006
2 61196  50.0000 126.7606 0000000   0.0000 159.9675 15.21981948346426
STARLINK-1560
1 89223U 98065A   24100.00000000 -.00022620  00000-0  13156-2 0  1004
2 89223  50.0000 126.7606 0000000   0.0000 177.1104 15.21981948774356
STARLINK-1561
1 92545U 98065A   24100.00000000 -.00022620  00000-0  13156-2 0  1007
2 92545  50.0000 126.7606 0000000   0.0000 194.2532 15.21981948304545
STARLINK-1562
1 75571U 98065A   24100.00000000 -.00022620  00000-0  13156-2 0  1006
2 75571  50.0000 126.7606 0000000   0.0000 211.3961 15.21981948688578
STARLINK-1563
1 56812U 98065A   24100.00000000 -.00022620  00000-0  13156-2 0  1007
2 56812  50.0000 126.7606 0000000   0.0000 228.5390 15.21981948570162
STARLINK-1564
1 80626U 98065A   24100.00000000 -.00022620  00000-0  13156-2 0  1008
2 80626  50.0000 126.7606 0000000   0.0000 245.6818 15.21981948633557
STARLINK-1565
1 17195U 98065A   24100.00000000 -.00022620  00000-0  13156-2 0  1005
2 17195  50.0000 126.7606 0000000   0.0000 262.8247 15.21981948427322
STARLINK-1566
1 71464U 98065A   24100.00000000 -.00022620  00000-0  13156-2 0  1001
2 71464  50.0000 126.7606 0000000   0.0000 279.9675 15.21981948722677
STARLINK-1567
1 17502U 98065A   24100.00000000 -.00022620  00000-0  13156-2 0  1007
2 17502  50.0000 126.7606 0000000   0.0000 297.1104 15.21981948932522
STARLINK-1568
1 87735U 98065A   24100.00000000 -.00022620  00000-0  13156-2 0  1006
2 87735  50.0000 126.7606 0000000   0.0000 314.2532 15.21981948749237
STARLINK-1569
1 17074U 98065A   24100.00000000 -.00022620  00000-0  13156-2 0  1007
2 17074  50.0000 126.7606 0000000   0.0000 331.3961 15.21981948593046
STARLINK-1570
1 68381U 98065A   24100.00000000 -.00022620  00000-0  13156-2 0  1008
2 68381  50.0000 126.7606 0000000   0.0000 348.5390 15.21981948661477
STARLINK-1571
1 29078U 98065A   24100.00000000 -.00022620  00000-0  13156-2 0  1005
2 29078  50.0000 126.7606 0000000   0.0000   5.6818 15.21981948257026
STARLINK-1572
1 74821U 98065A   24100.00000000 -.00022620  00000-0  13156-2 0  1000
2 74821  50.0000 131.8310 0000000   0.0000   5.9091 15.21981948372726
STARLINK-1573
1 81766U 98065A   24100.00000000 -.00022620  00000-0  13156-2 0  1002
2 81766  50.0000 131.8310 0000000   0.0000  23.0519 15.21981948972990
STARLINK-1574
1 38646U 98065A   24100.00000000 -.00022620  00000-0  13156-2 0  1007
2 38646  50.0000 131.8310 0000000   0.0000  40.1948 15.21981948570146
STARLINK-1575
1 37069U 98065A   24100.00000000 -.00022620  00000-0  13156-2 0  1006
2 37069  50.0000 131.8310 0000000   0.0000  57.3377 15.21981948993714
STARLINK-1576
1 68486U 98065A   24100.00000000 -.00022620  00000-0  13156-2 0  1006
2 68486  50.0000 131.8310 0000000   0.0000  74.4805 15.21981948452730
STARLINK-1577
1 29652U 98065A   24100.00000000 -.00022620  00000-0  13156-2 0  1001
2 29652  50.0000 131.8310 0000000   0.0000  91.6234 15.21981948451746
STARLINK-1578
1 30307U 98065A   24100.00000000 -.00022620  00000-0  13156-2 0  1008
2 30307  50.0000 131.8310 0000000   0.0000 108.7662 15.21981948843215
STARLINK-1579
1 42374U 98065A   24100.00000000 -.00022620  00000-0  13156-2 0  1008
2 42374  50.0000 131.8310 0000000   0.0000 125.9091 15.21981948470262
STARLINK-1580
1 57268U 98065A   24100.00000000 -.00022620  00000-0  13156-2 0  1007
2 57268  50.0000 131.8310 0000000   0.0000 143.0519 15.21981948375115
STARLINK-1581
1 20039U 98065A   24100.00000000 -.00022620  00000-0  13156-2 0  1006
2 20039  50.0000 131.8310 0000000   0.0000 160.1948 15.21981948881695
STARLINK-1582
1 77291U 98065A   24100.00000000 -.00022620  00000-0  13156-2 0  1000
2 77291  50.0000 131.8310 0000000   0.0000 177.3377 15.21981948943621
STARLINK-1583
1 51392U 98065A   24100.00000000 -.00022620  00000-0  13156-2 0  1001
2 51392  50.0000 131.8310 0000000   0.0000 194.4805 15.21981948315835
STARLINK-1584
1 71122U 98065A   24100.00000000 -.00022620  00000-0  13156-2 0  1003
2 71122  50.0000 131.8310 0000000   0.0000 211.6234 15.21981948148292
STARLINK-1585
1 22298U 98065A   24100.00000000 -.00022620  00000-0  13156-2 0  1005
2 22298  50.0000 131.8310 0000000   0.0000 228.7662 15.21981948331148
STARLINK-1586
1 31469U 98065A   24100.00000000 -.00022620  00000-0  13156-2 0  1008
2 31469  50.0000 131.8310 0000000   0.0000 245.9091 15.21981948610471
STARLINK-1587
1 95327U 98065A   24100.00000000 -.00022620  00000-0  13156-2 0  1001
2 95327  50.0000 131.8310 0000000   0.0000 263.0519 15.21981948834271
STARLINK-1588
1 81835U 98065A   24100.00000000 -.00022620  00000-0  13156-2 0  1008
2 81835  50.0000 131.8310 0000000   0.0000 280.1948 15.21981948858314
STARLINK-1589
1 84673U 98065A   24100.00000000 -.00022620  00000-0  13156-2 0  1005
2 84673  50.0000 131.8310 0000000   0.0000 297.3377 15.21981948617690
STARLINK-1590
1 76048U 98065A   24100.00000000 -.00022620  00000-0  13156-2 0  1007
2 76048  50.0000 131.8310 0000000   0.0000 314.4805 15.21981948710285
STARLINK-1591
1 65506U 98065A   24100.00000000 -.00022620  00000-0  13156-2 0  1001
2 65506  50.0000 131.8310 0000000   0.0000 331.6234 15.21981948582785
STARLINK-1592
1 20772U 98065A   24100.00000000 -.00022620  00000-0  13156-2 0  1003
2 20772  50.0000 131.8310 0000000   0.0000 348.7662 15.21981948669520
STARLINK-1593
1 64944U 98065A   24100.00000000 -.00022620  00000-0  13156-2 0  1002
2 64944  50.0000 131.8310 0000000   0.0000   5.9091 15.21981948165325
STARLINK-1594
1 61684U 98065A   24100.00000000 -.00022620  00000-0  13156-2 0  1005
2 61684  50.0000 136.9014 0000000   0.0000   6.1364 15.21981948329701
STARLINK-1595
1 72618U 98065A   24100.00000000 -.00022620  00000-0  13156-2 0  1002
2 72618  50.0000 136.9014 0000000   0.0000  23.2792 15.21981948973210
STARLINK-1596
1 74372U 98065A   24100.00000000 -.00022620  00000-0  13156-2 0  1004
2 74372  50.0000 136.9014 0000000   0.0000  40.4221 15.21981948387923
STARLINK-1597
1 31672U 98065A   24100.00000000 -.00022620  00000-0  13156-2 0  1002
2 31672  50.0000 136.9014 0000000   0.0000  57.5649 15.21981948116093
STARLINK-1598
1 75557U 98065A   24100.00000000 -.00022620  00000-0  13156-2 0  1005
2 75557  50.0000 136.9014 0000000   0.0000  74.7078 15.21981948488686
STARLINK-1599
1 50166U 98065A   24100.00000000 -.00022620  00000-0  13156-2 0  1006
2 50166  50.0000 136.9014 0000000   0.0000  91.8506 15.21981948547386
STARLINK-1600
1 50759U 98065A   24100.00000000 -.00022620  00000-0  13156-2 0  1005
2 50759  50.0000 136.9014 0000000   0.0000 108.9935 15.21981948658652
STARLINK-1601
1 14181U 98065A   24100.00000000 -.00022620  00000-0  13156-2 0  1004
2 14181  50.0000 136.9014 0000000   0.0000 126.1364 15.21981948244616
STARLINK-1602
1 23382U 98065A   24100.00000000 -.00022620  00000-0  13156-2 0  1004
2 23382  50.0000 136.9014 0000000   0.0000 143.2792 15.21981948436724
STARLINK-1603
1 53321U 98065A   24100.00000000 -.00022620  00000-0  13156-2 0  1006
2 53321  50.0000 136.9014 0000000   0.0000 160.4221 15.21981948887081
STARLINK-1604
1 32571U 98065A   24100.00000000 -.00022620  00000-0  13156-2 0  1008
2 32571  50.0000 136.9014 0000000   0.0000 177.5649 15.21981948498768
STARLINK-1605
1 77538U 98065A   24100.00000000 -.00022620  00000-0  13156-2 0  1008
2 77538  50.0000 136.9014 0000000   0.0000 194.7078 15.21981948567738
STARLINK-1606
1 73046U 98065A   24100.00000000 -.00022620  00000-0  13156-2 0  1003
2 73046  50.0000 136.9014 0000000   0.0000 211.8506 15.21981948532954
STARLINK-1607
1 89870U 98065A   24100.00000000 -.00022620  00000-0  13156-2 0  1002
2 89870  50.0000 136.9014 0000000   0.0000 228.9935 15.21981948752407
STARLINK-1608
1 28818U 98065A   24100.00000000 -.00022620  00000-0  13156-2 0  1002
2 28818  50.0000 136.9014 0000000   0.0000 246.1364 15.21981948509946
STARLINK-1609
1 30262U 98065A   24100.00000000 -.00022620  00000-0  13156-2 0  1005
2 30262  50.0000 136.9014 0000000   0.0000 263.2792 15.21981948355631
STARLINK-1610
1 67912U 98065A   24100.00000000 -.00022620  00000-0  13156-2 0  1006
2 67912  50.0000 136.9014 0000000   0.0000 280.4221 15.21981948900167
STARLINK-1611
1 24840U 98065A   24100.00000000 -.00022620  00000-0  13156-2 0  1003
2 24840  50.0000 136.9014 0000000   0.0000 297.5649 15.21981948636934
STARLINK-1612
1 91110U 98065A   24100.00000000 -.00022620  00000-0  13156-2 0  1006
2 91110  50.0000 136.9014 0000000   0.0000 314.7078 15.21981948635303
STARLINK-1613
1 95862U 98065A   24100.00000000 -.00022620  00000-0  13156-2 0  1006
2 95862  50.0000 136.9014 0000000   0.0000 331.8506 15.21981948263276
STARLINK-1614
1 69920U 98065A   24100.00000000 -.00022620  00000-0  13156-2 0  1004
2 69920  50.0000 136.9014 0000000   0.0000 348.9935 15.21981948639408
STARLINK-1615
1 44826U 98065A   24100.00000000 -.00022620  00000-0  13156-2 0  1001
2 44826  50.0000 136.9014 0000000   0.0000   6.1364 15.21981948631307
STARLINK-1616
1 97722U 98065A   24100.00000000 -.00022620  00000-0  13156-2 0  1006
2 97722  50.0000 141.9718 0000000   0.0000   6.3636 15.21981948984322
STARLINK-1617
1 90239U 98065A   24100.00000000 -.00022620  00000-0  13156-2 0  1000
2 90239  50.0000 141.9718 0000000   0.0000  23.5065 15.21981948851041
STARLINK-1618
1 90166U 98065A   24100.00000000 -.00022620  00000-0  13156-2 0  1008
2 90166  50.0000 141.9718 0000000   0.0000  40.6494 15.21981948540334
STARLINK-1619
1 18405U 98065A   24100.00000000 -.00022620  00000-0  13156-2 0  1007
2 18405  50.0000 141.9718 0000000   0.0000  57.7922 15.21981948272328
STARLINK-1620
1 87349U 98065A   24100.00000000 -.00022620  00000-0  13156-2 0  1008
2 87349  50.0000 141.9718 0000000   0.0000  74.9351 15.21981948210287
STARLINK-1621
1 94043U 98065A   24100.00000000 -.00022620  00000-0  13156-2 0  1005
2 94043  50.0000 141.9718 0000000   0.0000  92.0779 15.21981948211627
STARLINK-1622
1 84303U 98065A   24100.00000000 -.00022620  00000-0  13156-2 0  1005
2 84303  50.0000 141.9718 0000000   0.0000 109.2208 15.21981948985486
STARLINK-1623
1 53968U 98065A   24100.00000000 -.00022620  00000-0  13156-2 0  1006
2 53968  50.0000 141.9718 0000000   0.0000 126.3636 15.21981948476084
STARLINK-1624
1 27846U 98065A   24100.00000000 -.00022620  00000-0  13156-2 0  1002
2 27846  50.0000 141.9718 0000000   0.0000 143.5065 15.21981948949732
STARLINK-1625
1 28957U 98065A   24100.00000000 -.00022620  00000-0  13156-2 0  1005
2 28957  50.0000 141.9718 0000000   0.0000 160.6494 15.21981948511167
STARLINK-1626
1 88792U 98065A   24100.00000000 -.00022620  00000-0  13156-2 0  1000
2 88792  50.0000 141.9718 0000000   0.0000 177.7922 15.21981948825888
STARLINK-1627
1 25721U 98065A   24100.00000000 -.00022620  00000-0  13156-2 0  1002
2 25721  50.0000 141.9718 0000000   0.0000 194.9351 15.21981948661538
STARLINK-1628
1 39009U 98065A   24100.00000000 -.00022620  00000-0  13156-2 0  1002
2 39009  50.0000 141.9718 0000000   0.0000 212.0779 15.21981948700512
STARLINK-1629
1 85249U 98065A   24100.00000000 -.00022620  00000-0  13156-2 0  1004
2 85249  50.0000 141.9718 0000000   0.0000 229.2208 15.21981948693344
STARLINK-1630
1 37763U 98065A   24100.00000000 -.00022620  00000-0  13156-2 0  1001
2 37763  50.0000 141.9718 0000000   0.0000 246.3636 15.21981948674713
STARLINK-1631
1 11195U 98065A   24100.00000000 -.00022620  00000-0  13156-2 0  1001
2 11195  50.0000 141.9718 0000000   0.0000 263.5065 15.21981948562902
STARLINK-1632
1 52160U 98065A   24100.00000000 -.00022620  00000-0  13156-2 0  1004
2 52160  50.0000 141.9718 0000000   0.0000 280.6494 15.21981948491790
STARLINK-1633
1 73909U 98065A   24100.00000000 -.00022620  00000-0  13156-2 0  1007
2 73909  50.0000 141.9718 0000000   0.0000 297.7922 15.21981948726764
STARLINK-1634
1 49295U 98065A   24100.00000000 -.00022620  00000-0  13156-2 0  1007
2 49295  50.0000 141.9718 0000000   0.0000 314.9351 15.21981948359644
STARLINK-1635
1 74044U 98065A   24100.00000000 -.00022620  00000-0  13156-2 0  1007
2 74044  50.0000 141.9718 0000000   0.0000 332.0779 15.21981948827820
STARLINK-1636
1 96026U 98065A   24100.00000000 -.00022620  00000-0  13156-2 0  1000
2 96026  50.0000 141.9718 0000000   0.0000 349.2208 15.21981948286683
STARLINK-1637
1 72028U 98065A   24100.00000000 -.00022620  00000-0  13156-2 0  1007
2 72028  50.0000 141.9718 0000000   0.0000   6.3636 15.21981948705771
STARLINK-1638
1 38585U 98065A   24100.00000000 -.00022620  00000-0  13156-2 0  1005
2 38585  50.0000 147.0423 0000000   0.0000   6.5909 15.21981948662917
STARLINK-1639
1 36579U 98065A   24100.00000000 -.00022620  00000-0  13156-2 0  1000
2 36579  50.0000 147.0423 0000000   0.0000  23.7338 15.21981948301754
STARLINK-1640
1 39596U 98065A   24100.00000000 -.00022620  00000-0  13156-2 0  1000
2 39596  50.0000 147.0423 0000000   0.0000  40.8766 15.21981948393982
STARLINK-1641
1 39537U 98065A   24100.00000000 -.00022620  00000-0  13156-2 0  1001
2 39537  50.0000 147.0423 0000000   0.0000  58.0195 15.21981948912983
STARLINK-1642
1 50776U 98065A   24100.00000000 -.00022620  00000-0  13156-2 0  1004
2 50776  50.0000 147.0423 0000000   0.0000  75.1623 15.21981948906416
STARLINK-1643
1 39721U 98065A   24100.00000000 -.00022620  00000-0  13156-2 0  1001
2 39721  50.0000 147.0423 0000000   0.0000  92.3052 15.21981948549162
STARLINK-1644
1 69498U 98065A   24100.00000000 -.00022620  00000-0  13156-2 0  1003
2 69498  50.0000 147.0423 0000000   0.0000 109.4481 15.21981948414456
STARLINK-1645
1 62279U 98065A   24100.00000000 -.00022620  00000-0  13156-2 0  1000
2 62279  50.0000 147.0423 0000000   0.0000 126.5909 15.21981948106737
STARLINK-1646
1 26989U 98065A   24100.00000000 -.00022620  00000-0  13156-2 0  1004
2 26989  50.0000 147.0423 0000000   0.0000 143.7338 15.21981948939631
STARLINK-1647
1 59799U 98065A   24100.00000000 -.00022620  00000-0  13156-2 0  1003
2 59799  50.0000 147.0423 0000000   0.0000 160.8766 15.21981948739695
STARLINK-1648
1 65252U 98065A   24100.00000000 -.00022620  00000-0  13156-2 0  1004
2 65252  50.0000 147.0423 0000000   0.0000 178.0195 15.21981948477725
STARLINK-1649
1 41461U 98065A   24100.00000000 -.00022620  00000-0  13156-2 0  1005
2 41461  50.0000 147.0423 0000000   0.0000 195.1623 15.21981948693134
STARLINK-1650
1 38470U 98065A   24100.00000000 -.00022620  00000-0  13156-2 0  1007
2 38470  50.0000 147.0423 0000000   0.0000 212.3052 15.21981948240783
STARLINK-1651
1 73661U 98065A   24100.00000000 -.00022620  00000-0  13156-2 0  1008
2 73661  50.0000 147.0423 0000000   0.0000 229.4481 15.21981948129963
STARLINK-1652
1 10161U 98065A   24100.00000000 -.00022620  00000-0  13156-2 0  1006
2 10161  50.0000 147.0423 0000000   0.0000 246.5909 15.21981948149167
STARLINK-1653
1 17128U 98065A   24100.00000000 -.00022620  00000-0  13156-2 0  1002
2 17128  50.0000 147.0423 0000000   0.0000 263.7338 15.21981948392447
STARLINK-1654
1 94129U 98065A   24100.00000000 -.00022620  00000-0  13156-2 0  1004
2 94129  50.0000 147.0423 0000000   0.0000 280.8766 15.21981948909520
STARLINK-1655
1 19976U 98065A   24100.00000000 -.00022620  00000-0  13156-2 0  1005
2 19976  50.0000 147.0423 0000000   0.0000 298.0195 15.21981948360490
STARLINK-1656
1 32726U 98065A   24100.00000000 -.00022620  00000-0  13156-2 0  1005
2 32726  50.0000 147.0423 0000000   0.0000 315.1623 15.21981948629980
STARLINK-1657
1 75777U 98065A   24100.00000000 -.00022620  00000-0  13156-2 0  1000
2 75777  50.0000 147.0423 0000000   0.0000 332.3052 15.21981948771874
STARLINK-1658
1 20194U 98065A   24100.00000000 -.00022620  00000-0  13156-2 0  1000
2 20194  50.0000 147.0423 0000000   0.0000 349.4481 15.21981948971084
STARLINK-1659
1 75100U 98065A   24100.00000000 -.00022620  00000-0  13156-2 0  1007
2 75100  50.0000 147.0423 0000000   0.0000   6.5909 15.21981948968040
STARLINK-1660
1 87047U 98065A   24100.00000000 -.00022620  00000-0  13156-2 0  1000
2 87047  50.0000 152.1127 0000000   0.0000   6.8182 15.21981948279981
STARLINK-1661
1 23304U 98065A   24100.00000000 -.00022620  00000-0  13156-2 0  1006
2 23304  50.0000 152.1127 0000000   0.0000  23.9610 15.21981948863613
STARLINK-1662
1 60526U 98065A   24100.00000000 -.00022620  00000-0  13156-2 0  1007
2 60526  50.0000 152.1127 0000000   0.0000  41.1039 15.21981948718123
STARLINK-1663
1 81688U 98065A   24100.00000000 -.00022620  00000-0  13156-2 0  1001
2 81688  50.0000 152.1127 0000000   0.0000  58.2468 15.21981948757821
STARLINK-1664
1 94140U 98065A   24100.00000000 -.00022620  00000-0  13156-2 0  1004
2 94140  50.0000 152.1127 0000000   0.0000  75.3896 15.21981948870674
STARLINK-1665
1 45328U 98065A   24100.00000000 -.00022620  00000-0  13156-2 0  1003
2 45328  50.0000 152.1127 0000000   0.0000  92.5325 15.21981948876428
STARLINK-1666
1 30536U 98065A   24100.00000000 -.00022620  00000-0  13156-2 0  1004
2 30536  50.0000 152.1127 0000000   0.0000 109.6753 15.21981948572573
STARLINK-1667
1 96259U 98065A   24100.00000000 -.00022620  00000-0  13156-2 0  1007
2 96259  50.0000 152.1127 0000000   0.0000 126.8182 15.21981948999901
STARLINK-1668
1 54006U 98065A   24100.00000000 -.00022620  00000-0  13156-2 0  1003
2 54006  50.0000 152.1127 0000000   0.0000 143.9610 15.21981948988366
STARLINK-1669
1 81548U 98065A   24100.00000000 -.00022620  00000-0  13156-2 0  1008
2 81548  50.0000 152.1127 0000000   0.0000 161.1039 15.21981948939557
STARLINK-1670
1 73943U 98065A   24100.00000000 -.00022620  00000-0  13156-2 0  1002
2 73943  50.0000 152.1127 0000000   0.0000 178.2468 15.21981948797868
STARLINK-1671
1 48765U 98065A   24100.00000000 -.00022620  00000-0  13156-2 0  1001
2 48765  50.0000 152.1127 0000000   0.0000 195.3896 15.21981948201703
STARLINK-1672
1 29363U 98065A   24100.00000000 -.00022620  00000-0  13156-2 0  1006
2 29363  50.0000 152.1127 0000000   0.0000 212.5325 15.21981948600352
STARLINK-1673
1 64857U 98065A   24100.00000000 -.00022620  00000-0  13156-2 0  1000
2 64857  50.0000 152.1127 0000000   0.0000 229.6753 15.21981948548705
STARLINK-1674
1 73743U 98065A   24100.00000000 -.00022620  00000-0  13156-2 0  1007
2 73743  50.0000 152.1127 0000000   0.0000 246.8182 15.21981948681944
STARLINK-1675
1 31982U 98065A   24100.00000000 -.00022620  00000-0  13156-2 0  1008
2 31982  50.0000 152.1127 0000000   0.0000 263.9610 15.21981948566858
STARLINK-1676
1 54195U 98065A   24100.00000000 -.00022620  00000-0  13156-2 0  1007
2 54195  50.0000 152.1127 0000000   0.0000 281.1039 15.21981948428126
STARLINK-1677
1 85910U 98065A   24100.00000000 -.00022620  00000-0  13156-2 0  1005
2 85910  50.0000 152.1127 0000000   0.0000 298.2468 15.21981948686818
STARLINK-1678
1 66987U 98065A   24100.00000000 -.00022620  00000-0  13156-2 0  1008
2 66987  50.0000 152.1127 0000000   0.0000 315.3896 15.21981948255668
STARLINK-1679
1 71995U 98065A   24100.00000000 -.00022620  00000-0  13156-2 0  1008
2 71995  50.0000 152.1127 0000000   0.0000 332.5325 15.21981948119264
STARLINK-1680
1 32805U 98065A   24100.00000000 -.00022620  00000-0  13156-2 0  1004
2 32805  50.0000 152.1127 0000000   0.0000 349.6753 15.21981948812928
STARLINK-1681
1 89364U 98065A   24100.00000000 -.00022620  00000-0  13156-2 0  1000
2 89364  50.0000 152.1127 0000000   0.0000   6.8182 15.21981948815511
STARLINK-1682
1 31023U 98065A   24100.00000000 -.00022620  00000-0  13156-2 0  1001
2 31023  50.0000 157.1831 0000000   0.0000   7.0455 15.21981948972117
STARLINK-1683
1 49482U 98065A   24100.00000000 -.00022620  00000-0  13156-2 0  1007
2 49482  50.0000 157.1831 0000000   0.0000  24.1883 15.21981948461886
STARLINK-1684
1 59975U 98065A   24100.00000000 -.00022620  00000-0  13156-2 0  1004
2 59975  50.0000 157.1831 0000000   0.0000  41.3312 15.21981948633160
STARLINK-1685
1 85770U 98065A   24100.00000000 -.00022620  00000-0  13156-2 0  1005
2 85770  50.0000 157.1831 0000000   0.0000  58.4740 15.21981948678917
STARLINK-1686
1 29088U 98065A   24100.00000000 -.00022620  00000-0  13156-2 0  1007
2 29088  50.0000 157.1831 0000000   0.0000  75.6169 15.21981948901247
STARLINK-1687
1 65157U 98065A   24100.00000000 -.00022620  00000-0  13156-2 0  1008
2 65157  50.0000 157.1831 0000000   0.0000  92.7597 15.21981948875788
STARLINK-1688
1 16500U 98065A   24100.00000000 -.00022620  00000-0  13156-2 0  1003
2 16500  50.0000 157.1831 0000000   0.0000 109.9026 15.21981948110991
STARLINK-1689
1 25526U 98065A   24100.00000000 -.00022620  00000-0  13156-2 0  1002
2 25526  50.0000 157.1831 0000000   0.0000 127.0455 15.21981948547265
STARLINK-1690
1 79446U 98065A   24100.00000000 -.00022620  00000-0  13156-2 0  1001
2 79446  50.0000 157.1831 0000000   0.0000 144.1883 15.21981948370353
STARLINK-1691
1 23933U 98065A   24100.00000000 -.00022620  00000-0  13156-2 0  1004
2 23933  50.0000 157.1831 0000000   0.0000 161.3312 15.21981948433750
STARLINK-1692
1 57165U 98065A   24100.00000000 -.00022620  00000-0  13156-2 0  1001
2 57165  50.0000 157.1831 0000000   0.0000 178.4740 15.21981948892783
STARLINK-1693
1 16442U 98065A   24100.00000000 -.00022620  00000-0  13156-2 0  1002
2 16442  50.0000 157.1831 0000000   0.0000 195.6169 15.21981948147724
STARLINK-1694
1 35011U 98065A   24100.00000000 -.00022620  00000-0  13156-2 0  1003
2 35011  50.0000 157.1831 0000000   0.0000 212.7597 15.21981948959897
STARLINK-1695
1 86764U 98065A   24100.00000000 -.00022620  00000-0  13156-2 0  1003
2 86764  50.0000 157.1831 0000000   0.0000 229.9026 15.21981948575063
STARLINK-1696
1 97421U 98065A   24100.00000000 -.00022620  00000-0  13156-2 0  1004
2 97421  50.0000 157.1831 0000000   0.0000 247.0455 15.21981948769968
STARLINK-1697
1 46055U 98065A   24100.00000000 -.00022620  00000-0  13156-2 0  1001
2 46055  50.0000 157.1831 0000000   0.0000 264.1883 15.21981948344886
STARLINK-1698
1 53936U 98065A   24100.00000000 -.00022620  00000-0  13156-2 0  1007
2 53936  50.0000 157.1831 0000000   0.0000 281.3312 15.21981948906713
STARLINK-1699
1 13760U 98065A   24100.00000000 -.00022620  00000-0  13156-2 0  1006
2 13760  50.0000 157.1831 0000000   0.0000 298.4740 15.21981948985861
STARLINK-1700
1 76857U 98065A   24100.00000000 -.00022620  00000-0  13156-2 0  1003
2 76857  50.0000 157.1831 0000000   0.0000 315.6169 15.21981948335831
STARLINK-1701
1 23221U 98065A   24100.00000000 -.00022620  00000-0  13156-2 0  1002
2 23221  50.0000 157.1831 0000000   0.0000 332.7597 15.21981948421515
STARLINK-1702
1 23912U 98065A   24100.00000000 -.00022620  00000-0  13156-2 0  1001
2 23912  50.0000 157.1831 0000000   0.0000 349.9026 15.21981948286453
STARLINK-1703
1 53101U 98065A   24100.00000000 -.00022620  00000-0  13156-2 0  1006
2 53101  50.0000 157.1831 0000000   0.0000   7.0455 15.21981948353212
STARLINK-1704
1 65531U 98065A   24100.00000000 -.00022620  00000-0  13156-2 0  1008
2 65531  50.0000 162.2535 0000000   0.0000   7.2727 15.21981948759374
STARLINK-1705
1 83169U 98065A   24100.00000000 -.00022620  00000-0  13156-2 0  1002
2 83169  50.0000 162.2535 0000000   0.0000  24.4156 15.21981948531948
STARLINK-1706
1 42429U 98065A   24100.00000000 -.00022620  00000-0  13156-2 0  1004
2 42429  50.0000 162.2535 0000000   0.0000  41.5584 15.21981948744090
STARLINK-1707
1 80291U 98065A   24100.00000000 -.00022620  00000-0  13156-2 0  1003
2 80291  50.0000 162.2535 0000000   0.0000  58.7013 15.21981948681846
STARLINK-1708
1 94529U 98065A   24100.00000000 -.00022620  00000-0  13156-2 0  1008
2 94529  50.0000 162.2535 0000000   0.0000  75.8442 15.21981948975067
STARLINK-1709
1 54663U 98065A   24100.00000000 -.00022620  00000-0  13156-2 0  1003
2 54663  50.0000 162.2535 0000000   0.0000  92.9870 15.21981948989136
STARLINK-1710
1 67747U 98065A   24100.00000000 -.00022620  00000-0  13156-2 0  1005
2 67747  50.0000 162.2535 0000000   0.0000 110.1299 15.21981948876688
STARLINK-1711
1 19355U 98065A   24100.00000000 -.00022620  00000-0  13156-2 0  1000
2 19355  50.0000 162.2535 0000000   0.0000 127.2727 15.21981948106620
STARLINK-1712
1 57501U 98065A   24100.00000000 -.00022620  00000-0  13156-2 0  1006
2 57501  50.0000 162.2535 0000000   0.0000 144.4156 15.21981948682375
STARLINK-1713
1 98172U 98065A   24100.00000000 -.00022620  00000-0  13156-2 0  1001
2 98172  50.0000 162.2535 0000000   0.0000 161.5584 15.21981948503900
STARLINK-1714
1 15624U 98065A   24100.00000000 -.00022620  00000-0  13156-2 0  1000
2 15624  50.0000 162.2535 0000000   0.0000 178.7013 15.21981948179707
STARLINK-1715
1 29758U 98065A   24100.00000000 -.00022620  00000-0  13156-2 0  1004
2 29758  50.0000 162.2535 0000000   0.0000 195.8442 15.21981948374204
STARLINK-1716
1 10125U 98065A   24100.00000000 -.00022620  00000-0  13156-2 0  1008
2 10125  50.0000 162.2535 0000000   0.0000 212.9870 15.21981948774334
STARLINK-1717
1 55761U 98065A   24100.00000000 -.00022620  00000-0  13156-2 0  1002
2 55761  50.0000 162.2535 0000000   0.0000 230.1299 15.21981948147260
STARLINK-1718
1 36603U 98065A   24100.00000000 -.00022620  00000-0  13156-2 0  1000
2 36603  50.0000 162.2535 0000000   0.0000 247.2727 15.21981948211105
STARLINK-1719
1 20129U 98065A   24100.00000000 -.00022620  00000-0  13156-2 0  1003
2 20129  50.0000 162.2535 0000000   0.0000 264.4156 15.21981948462805
STARLINK-1720
1 96941U 98065A   24100.00000000 -.00022620  00000-0  13156-2 0  1004
2 96941  50.0000 162.2535 0000000   0.0000 281.5584 15.21981948627352
STARLINK-1721
1 52819U 98065A   24100.00000000 -.00022620  00000-0  13156-2 0  1002
2 52819  50.0000 162.2535 0000000   0.0000 298.7013 15.21981948861834
STARLINK-1722
1 66073U 98065A   24100.00000000 -.00022620  00000-0  13156-2 0  1004
2 66073  50.0000 162.2535 0000000   0.0000 315.8442 15.21981948969150
STARLINK-1723
1 22986U 98065A   24100.00000000 -.00022620  00000-0  13156-2 0  1003
2 22986  50.0000 162.2535 0000000   0.0000 332.9870 15.21981948484588
STARLINK-1724
1 76213U 98065A   24100.00000000 -.00022620  00000-0  13156-2 0  1004
2 76213  50.0000 162.2535 0000000   0.0000 350.1299 15.21981948784187
STARLINK-1725
1 62811U 98065A   24100.00000000 -.00022620  00000-0  13156-2 0  1002
2 62811  50.0000 162.2535 0000000   0.0000   7.2727 15.21981948469907
STARLINK-1726
1 98847U 98065A   24100.00000000 -.00022620  00000-0  13156-2 0  1002
2 98847  50.0000 167.3239 0000000   0.0000   7.5000 15.21981948265698
STARLINK-1727
1 59416U 98065A   24100.00000000 -.00022620  00000-0  13156-2 0  1002
2 59416  50.0000 167.3239 0000000   0.0000  24.6429 15.21981948224041
STARLINK-1728
1 91572U 98065A   24100.00000000 -.00022620  00000-0  13156-2 0  1000
2 91572  50.0000 167.3239 0000000   0.0000  41.7857 15.21981948810297
STARLINK-1729
1 68430U 98065A   24100.00000000 -.00022620  00000-0  13156-2 0  1008
2 68430  50.0000 167.3239 0000000   0.0000  58.9286 15.21981948777573
STARLINK-1730
1 79212U 98065A   24100.00000000 -.00022620  00000-0  13156-2 0  1006
2 79212  50.0000 167.3239 0000000   0.0000  76.0714 15.21981948242101
STARLINK-1731
1 47699U 98065A   24100.00000000 -.00022620  00000-0  13156-2 0  1004
2 47699  50.0000 167.3239 0000000   0.0000  93.2143 15.21981948617448
STARLINK-1732
1 65696U 98065A   24100.00000000 -.00022620  00000-0  13156-2 0  1004
2 65696  50.0000 167.3239 0000000   0.0000 110.3571 15.21981948740588
STARLINK-1733
1 18713U 98065A   24100.00000000 -.00022620  00000-0  13156-2 0  1005
2 18713  50.0000 167.3239 0000000   0.0000 127.5000 15.21981948978938
STARLINK-1734
1 78509U 98065A   24100.00000000 -.00022620  00000-0  13156-2 0  1000
2 78509  50.0000 167.3239 0000000   0.0000 144.6429 15.21981948949415
STARLINK-1735
1 18952U 98065A   24100.00000000 -.00022620  00000-0  13156-2 0  1006
2 18952  50.0000 167.3239 0000000   0.0000 161.7857 15.21981948543998
STARLINK-1736
1 88418U 98065A   24100.00000000 -.00022620  00000-0  13156-2 0  1005
2 88418  50.0000 167.3239 0000000   0.0000 178.9286 15.21981948454882
STARLINK-1737
1 58182U 98065A   24100.00000000 -.00022620  00000-0  13156-2 0  1005
2 58182  50.0000 167.3239 0000000   0.0000 196.0714 15.21981948774718
STARLINK-1738
1 33258U 98065A   24100.00000000 -.00022620  00000-0  13156-2 0  1003
2 33258  50.0000 167.3239 0000000   0.0000 213.2143 15.21981948608054
STARLINK-1739
1 38301U 98065A   24100.00000000 -.00022620  00000-0  13156-2 0  1003
2 38301  50.0000 167.3239 0000000   0.0000 230.3571 15.21981948795526
STARLINK-1740
1 70437U 98065A   24100.00000000 -.00022620  00000-0  13156-2 0  1006
2 70437  50.0000 167.3239 0000000   0.0000 247.5000 15.21981948743812
STARLINK-1741
1 81902U 98065A   24100.00000000 -.00022620  00000-0  13156-2 0  1004
2 81902  50.0000 167.3239 0000000   0.0000 264.6429 15.21981948101562
STARLINK-1742
1 59032U 98065A   24100.00000000 -.00022620  00000-0  13156-2 0  1002
2 59032  50.0000 167.3239 0000000   0.0000 281.7857 15.21981948408486
STARLINK-1743
1 76248U 98065A   24100.00000000 -.00022620  00000-0  13156-2 0  1008
2 76248  50.0000 167.3239 0000000   0.0000 298.9286 15.21981948462901
STARLINK-1744
1 71213U 98065A   24100.00000000 -.00022620  00000-0  13156-2 0  1001
2 71213  50.0000 167.3239 0000000   0.0000 316.0714 15.21981948935115
STARLINK-1745
1 94452U 98065A   24100.00000000 -.00022620  00000-0  13156-2 0  1008
2 94452  50.0000 167.3239 0000000   0.0000 333.2143 15.21981948784834
STARLINK-1746
1 60798U 98065A   24100.00000000 -.00022620  00000-0  13156-2 0  1003
2 60798  50.0000 167.3239 0000000   0.0000 350.3571 15.21981948136454
STARLINK-1747
1 90950U 98065A   24100.00000000 -.00022620  00000-0  13156-2 0  1007
2 90950  50.0000 167.3239 0000000   0.0000   7.5000 15.21981948118237
STARLINK-1748
1 44615U 98065A   24100.00000000 -.00022620  00000-0  13156-2 0  1008
2 44615  50.0000 172.3944 0000000   0.0000   7.7273 15.21981948302007
STARLINK-1749
1 83639U 98065A   24100.00000000 -.00022620  00000-0  13156-2 0  1002
2 83639  50.0000 172.3944 0000000   0.0000  24.8701 15.21981948438235
STARLINK-1750
1 39088U 98065A   24100.00000000 -.00022620  00000-0  13156-2 0  1008
2 39088  50.0000 172.3944 0000000   0.0000  42.0130 15.21981948574903
STARLINK-1751
1 97744U 98065A   24100.00000000 -.00022620  00000-0  13156-2 0  1003
2 97744  50.0000 172.3944 0000000   0.0000  59.1558 15.21981948677776
STARLINK-1752
1 54448U 98065A   24100.00000000 -.00022620  00000-0  13156-2 0  1006
2 54448  50.0000 172.3944 0000000   0.0000  76.2987 15.21981948875898
STARLINK-1753
1 14770U 98065A   24100.00000000 -.00022620  00000-0  13156-2 0  1004
2 14770  50.0000 172.3944 0000000   0.0000  93.4416 15.21981948272962
STARLINK-1754
1 84434U 98065A   24100.00000000 -.00022620  00000-0  13156-2 0  1004
2 84434  50.0000 172.3944 0000000   0.0000 110.5844 15.21981948945442
STARLINK-1755
1 47067U 98065A   24100.00000000 -.00022620  00000-0  13156-2 0  1008
2 47067  50.0000 172.3944 0000000   0.0000 127.7273 15.21981948378808
STARLINK-1756
1 70894U 98065A   24100.00000000 -.00022620  00000-0  13156-2 0  1004
2 70894  50.0000 172.3944 0000000   0.0000 144.8701 15.21981948755413
STARLINK-1757
1 27276U 98065A   24100.00000000 -.00022620  00000-0  13156-2 0  1007
2 27276  50.0000 172.3944 0000000   0.0000 162.0130 15.21981948525226
STARLINK-1758
1 89862U 98065A   24100.00000000 -.00022620  00000-0  13156-2 0  1006
2 89862  50.0000 172.3944 0000000   0.0000 179.1558 15.21981948721464
STARLINK-1759
1 84009U 98065A   24100.00000000 -.00022620  00000-0  13156-2 0  1000
2 84009  50.0000 172.3944 0000000   0.0000 196.2987 15.21981948322196
STARLINK-1760
1 40353U 98065A   24100.00000000 -.00022620  00000-0  13156-2 0  1002
2 40353  50.0000 172.3944 0000000   0.0000 213.4416 15.21981948816187
STARLINK-1761
1 38859U 98065A   24100.00000000 -.00022620  00000-0  13156-2 0  1001
2 38859  50.0000 172.3944 0000000   0.0000 230.5844 15.21981948170715
STARLINK-1762
1 28539U 98065A   24100.00000000 -.00022620  00000-0  13156-2 0  1005
2 28539  50.0000 172.3944 0000000   0.0000 247.7273 15.21981948152838
STARLINK-1763
1 23972U 98065A   24100.00000000 -.00022620  00000-0  13156-2 0  1003
2 23972  50.0000 172.3944 0000000   0.0000 264.8701 15.21981948968094
STARLINK-1764
1 38227U 98065A   24100.00000000 -.00022620  00000-0  13156-2 0  1003
2 38227  50.0000 172.3944 0000000   0.0000 282.0130 15.21981948408201
STARLINK-1765
1 52067U 98065A   24100.00000000 -.00022620  00000-0  13156-2 0  1004
2 52067  50.0000 172.3944 0000000   0.0000 299.1558 15.21981948361293
STARLINK-1766
1 23407U 98065A   24100.00000000 -.00022620  00000-0  13156-2 0  1002
2 23407  50.0000 172.3944 0000000   0.0000 316.2987 15.21981948854050
STARLINK-1767
1 12744U 98065A   24100.00000000 -.00022620  00000-0  13156-2 0  1006
2 12744  50.0000 172.3944 0000000   0.0000 333.4416 15.21981948160438
STARLINK-1768
1 51635U 98065A   24100.00000000 -.00022620  00000-0  13156-2 0  1003
2 51635  50.0000 172.3944 0000000   0.0000 350.5844 15.21981948312681
STARLINK-1769
1 13791U 98065A   24100.00000000 -.00022620  00000-0  13156-2 0  1001
2 13791  50.0000 172.3944 0000000   0.0000   7.7273 15.21981948898975
STARLINK-1770
1 91913U 98065A   24100.00000000 -.00022620  00000-0  13156-2 0  1004
2 91913  50.0000 177.4648 0000000   0.0000   7.9545 15.21981948851327
STARLINK-1771
1 53440U 98065A   24100.00000000 -.00022620  00000-0  13156-2 0  1007
2 53440  50.0000 177.4648 0000000   0.0000  25.0974 15.21981948811243
STARLINK-1772
1 15848U 98065A   24100.00000000 -.00022620  00000-0  13156-2 0  1006
2 15848  50.0000 177.4648 0000000   0.0000  42.2403 15.21981948480114
STARLINK-1773
1 43492U 98065A   24100.00000000 -.00022620  00000-0  13156-2 0  1000
2 43492  50.0000 177.4648 0000000   0.0000  59.3831 15.21981948353746
STARLINK-1774
1 74577U 98065A   24100.00000000 -.00022620  00000-0  13156-2 0  1003
2 74577  50.0000 177.4648 0000000   0.0000  76.5260 15.21981948122400
STARLINK-1775
1 62752U 98065A   24100.00000000 -.00022620  00000-0  13156-2 0  1006
2 62752  50.0000 177.4648 0000000   0.0000  93.6688 15.21981948920718
STARLINK-1776
1 88314U 98065A   24100.00000000 -.00022620  00000-0  13156-2 0  1001
2 88314  50.0000 177.4648 0000000   0.0000 110.8117 15.21981948948815
STARLINK-1777
1 95112U 98065A   24100.00000000 -.00022620  00000-0  13156-2 0  1006
2 95112  50.0000 177.4648 0000000   0.0000 127.9545 15.21981948105676
STARLINK-1778
1 15947U 98065A   24100.00000000 -.00022620  00000-0  13156-2 0  1004
2 15947  50.0000 177.4648 0000000   0.0000 145.0974 15.21981948451311
STARLINK-1779
1 70049U 98065A   24100.00000000 -.00022620  00000-0  13156-2 0  1001
2 70049  50.0000 177.4648 0000000   0.0000 162.2403 15.21981948667975
STARLINK-1780
1 38187U 98065A   24100.00000000 -.00022620  00000-0  13156-2 0  1002
2 38187  50.0000 177.4648 0000000   0.0000 179.3831 15.21981948748254
STARLINK-1781
1 81828U 98065A   24100.00000000 -.00022620  00000-0  13156-2 0  1002
2 81828  50.0000 177.4648 0000000   0.0000 196.5260 15.21981948416373
STARLINK-1782
1 14788U 98065A   24100.00000000 -.00022620  00000-0  13156-2 0  1003
2 14788  50.0000 177.4648 0000000   0.0000 213.6688 15.21981948352502
STARLINK-1783
1 15613U 98065A   24100.00000000 -.00022620  00000-0  13156-2 0  1001
2 15613  50.0000 177.4648 0000000   0.0000 230.8117 15.21981948988468
STARLINK-1784
1 33936U 98065A   24100.00000000 -.00022620  00000-0  13156-2 0  1007
2 33936  50.0000 177.4648 0000000   0.0000 247.9545 15.21981948116926
STARLINK-1785
1 48578U 98065A   24100.00000000 -.00022620  00000-0  13156-2 0  1005
2 48578  50.0000 177.4648 0000000   0.0000 265.0974 15.21981948602353
STARLINK-1786
1 66784U 98065A   24100.00000000 -.00022620  00000-0  13156-2 0  1001
2 66784  50.0000 177.4648 0000000   0.0000 282.2403 15.21981948796460
STARLINK-1787
1 58098U 98065A   24100.00000000 -.00022620  00000-0  13156-2 0  1000
2 58098  50.0000 177.4648 0000000   0.0000 299.3831 15.21981948278285
STARLINK-1788
1 68854U 98065A   24100.00000000 -.00022620  00000-0  13156-2 0  1008
2 68854  50.0000 177.4648 0000000   0.0000 316.5260 15.21981948789253
STARLINK-1789
1 40757U 98065A   24100.00000000 -.00022620  00000-0  13156-2 0  1001
2 40757  50.0000 177.4648 0000000   0.0000 333.6688 15.21981948142862
STARLINK-1790
1 70331U 98065A   24100.00000000 -.00022620  00000-0  13156-2 0  1000
2 70331  50.0000 177.4648 0000000   0.0000 350.8117 15.21981948295586
STARLINK-1791
1 18617U 98065A   24100.00000000 -.00022620  00000-0  13156-2 0  1007
2 18617  50.0000 177.4648 0000000   0.0000   7.9545 15.21981948959511
STARLINK-1792
1 13364U 98065A   24100.00000000 -.00022620  00000-0  13156-2 0  1005
2 13364  50.0000 182.5352 0000000   0.0000   8.1818 15.21981948594363
STARLINK-1793
1 51473U 98065A   24100.00000000 -.00022620  00000-0  13156-2 0  1000
2 51473  50.0000 182.5352 0000000   0.0000  25.3247 15.21981948259991
STARLINK-1794
1 50106U 98065A   24100.00000000 -.00022620  00000-0  13156-2 0  1005
2 50106  50.0000 182.5352 0000000   0.0000  42.4675 15.21981948240924
STARLINK-1795
1 50642U 98065A   24100.00000000 -.00022620  00000-0  13156-2 0  1006
2 50642  50.0000 182.5352 0000000   0.0000  59.6104 15.21981948518036
STARLINK-1796
1 83503U 98065A   24100.00000000 -.00022620  00000-0  13156-2 0  1003
2 83503  50.0000 182.5352 0000000   0.0000  76.7532 15.21981948164943
STARLINK-1797
1 58775U 98065A   24100.00000000 -.00022620  00000-0  13156-2 0  1004
2 58775  50.0000 182.5352 0000000   0.0000  93.8961 15.21981948357843
STARLINK-1798
1 78081U 98065A   24100.00000000 -.00022620  00000-0  13156-2 0  1004
2 78081  50.0000 182.5352 0000000   0.0000 111.0390 15.21981948407273
STARLINK-1799
1 76193U 98065A   24100.00000000 -.00022620  00000-0  13156-2 0  1007
2 76193  50.0000 182.5352 0000000   0.0000 128.1818 15.21981948793804
STARLINK-1800
1 74238U 98065A   24100.00000000 -.00022620  00000-0  13156-2 0  1008
2 74238  50.0000 182.5352 0000000   0.0000 145.3247 15.21981948264354
STARLINK-1801
1 17077U 98065A   24100.00000000 -.00022620  00000-0  13156-2 0  1007
2 17077  50.0000 182.5352 0000000   0.0000 162.4675 15.21981948207205
STARLINK-1802
1 64768U 98065A   24100.00000000 -.00022620  00000-0  13156-2 0  1007
2 64768  50.0000 182.5352 0000000   0.0000 179.6104 15.21981948536008
STARLINK-1803
1 68669U 98065A   24100.00000000 -.00022620  00000-0  13156-2 0  1001
2 68669  50.0000 182.5352 0000000   0.0000 196.7532 15.21981948615962
STARLINK-1804
1 51609U 98065A   24100.00000000 -.00022620  00000-0  13156-2 0  1000
2 51609  50.0000 182.5352 0000000   0.0000 213.8961 15.21981948765361
STARLINK-1805
1 85563U 98065A   24100.00000000 -.00022620  00000-0  13156-2 0  1004
2 85563  50.0000 182.5352 0000000   0.0000 231.0390 15.21981948220631
STARLINK-1806
1 87444U 98065A   24100.00000000 -.00022620  00000-0  13156-2 0  1002
2 87444  50.0000 182.5352 0000000   0.0000 248.1818 15.21981948247013
STARLINK-1807
1 50559U 98065A   24100.00000000 -.00022620  00000-0  13156-2 0  1005
2 50559  50.0000 182.5352 0000000   0.0000 265.3247 15.21981948238960
STARLINK-1808
1 53358U 98065A   24100.00000000 -.00022620  00000-0  13156-2 0  1002
2 53358  50.0000 182.5352 0000000   0.0000 282.4675 15.21981948853642
STARLINK-1809
1 41125U 98065A   24100.00000000 -.00022620  00000-0  13156-2 0  1004
2 41125  50.0000 182.5352 0000000   0.0000 299.6104 15.21981948163218
STARLINK-1810
1 89267U 98065A   24100.00000000 -.00022620  00000-0  13156-2 0  1001
2 89267  50.0000 182.5352 0000000   0.0000 316.7532 15.21981948870127
STARLINK-1811
1 88719U 98065A   24100.00000000 -.00022620  00000-0  13156-2 0  1005
2 88719  50.0000 182.5352 0000000   0.0000 333.8961 15.21981948479495
STARLINK-1812
1 63999U 98065A   24100.00000000 -.00022620  00000-0  13156-2 0  1002
2 63999  50.0000 182.5352 0000000   0.0000 351.0390 15.21981948496742
STARLINK-1813
1 72447U 98065A   24100.00000000 -.00022620  00000-0  13156-2 0  1007
2 72447  50.0000 182.5352 0000000   0.0000   8.1818 15.21981948662640
STARLINK-1814
1 52994U 98065A   24100.00000000 -.00022620  00000-0  13156-2 0  1007
2 52994  50.0000 187.6056 0000000   0.0000   8.4091 15.21981948532923
STARLINK-1815
1 21549U 98065A   24100.00000000 -.00022620  00000-0  13156-2 0  1000
2 21549  50.0000 187.6056 0000000   0.0000  25.5519 15.21981948122950
STARLINK-1816
1 75759U 98065A   24100.00000000 -.00022620  00000-0  13156-2 0  1008
2 75759  50.0000 187.6056 0000000   0.0000  42.6948 15.21981948620425
STARLINK-1817
1 72856U 98065A   24100.00000000 -.00022620  00000-0  13156-2 0  1006
2 72856  50.0000 187.6056 0000000   0.0000  59.8377 15.21981948355771
STARLINK-1818
1 48781U 98065A   24100.00000000 -.00022620  00000-0  13156-2 0  1001
2 48781  50.0000 187.6056 0000000   0.0000  76.9805 15.21981948362011
STARLINK-1819
1 23775U 98065A   24100.00000000 -.00022620  00000-0  13156-2 0  1000
2 23775  50.0000 187.6056 0000000   0.0000  94.1234 15.21981948693994
STARLINK-1820
1 69463U 98065A   24100.00000000 -.00022620  00000-0  13156-2 0  1000
2 69463  50.0000 187.6056 0000000   0.0000 111.2662 15.21981948288517
STARLINK-1821
1 82799U 98065A   24100.00000000 -.00022620  00000-0  13156-2 0  1007
2 82799  50.0000 187.6056 0000000   0.0000 128.4091 15.21981948419586
STARLINK-1822
1 19268U 98065A   24100.00000000 -.00022620  00000-0  13156-2 0  1001
2 19268  50.0000 187.6056 0000000   0.0000 145.5519 15.21981948472373
STARLINK-1823
1 69177U 98065A   24100.00000000 -.00022620  00000-0  13156-2 0  1001
2 69177  50.0000 187.6056 0000000   0.0000 162.6948 15.21981948610050
STARLINK-1824
1 29737U 98065A   24100.00000000 -.00022620  00000-0  13156-2 0  1004
2 29737  50.0000 187.6056 0000000   0.0000 179.8377 15.21981948935746
STARLINK-1825
1 73058U 98065A   24100.00000000 -.00022620  00000-0  13156-2 0  1008
2 73058  50.0000 187.6056 0000000   0.0000 196.9805 15.21981948847132
STARLINK-1826
1 80207U 98065A   24100.00000000 -.00022620  00000-0  13156-2 0  1007
2 80207  50.0000 187.6056 0000000   0.0000 214.1234 15.21981948601300
STARLINK-1827
1 83935U 98065A   24100.00000000 -.00022620  00000-0  13156-2 0  1007
2 83935  50.0000 187.6056 0000000   0.0000 231.2662 15.21981948502532
STARLINK-1828
1 81643U 98065A   24100.00000000 -.00022620  00000-0  13156-2 0  1005
2 81643  50.0000 187.6056 0000000   0.0000 248.4091 15.21981948186517
STARLINK-1829
1 27322U 98065A   24100.00000000 -.00022620  00000-0  13156-2 0  1005
2 27322  50.0000 187.6056 0000000   0.0000 265.5519 15.21981948308731
STARLINK-1830
1 58163U 98065A   24100.00000000 -.00022620  00000-0  13156-2 0  1004
2 58163  50.0000 187.6056 0000000   0.0000 282.6948 15.21981948808724
STARLINK-1831
1 71267U 98065A   24100.00000000 -.00022620  00000-0  13156-2 0  1006
2 71267  50.0000 187.6056 0000000   0.0000 299.8377 15.21981948431958
STARLINK-1832
1 23013U 98065A   24100.00000000 -.00022620  00000-0  13156-2 0  1003
2 23013  50.0000 187.6056 0000000   0.0000 316.9805 15.21981948690516
STARLINK-1833
1 21830U 98065A   24100.00000000 -.00022620  00000-0  13156-2 0  1008
2 21830  50.0000 187.6056 0000000   0.0000 334.1234 15.21981948536337
STARLINK-1834
1 24740U 98065A   24100.00000000 -.00022620  00000-0  13156-2 0  1005
2 24740  50.0000 187.6056 0000000   0.0000 351.2662 15.21981948599747
STARLINK-1835
1 40159U 98065A   24100.00000000 -.00022620  00000-0  13156-2 0  1002
2 40159  50.0000 187.6056 0000000   0.0000   8.4091 15.21981948288021
STARLINK-1836
1 14684U 98065A   24100.00000000 -.00022620  00000-0  13156-2 0  1007
2 14684  50.0000 192.6761 0000000   0.0000   8.6364 15.21981948123510
STARLINK-1837
1 86296U 98065A   24100.00000000 -.00022620  00000-0  13156-2 0  1003
2 86296  50.0000 192.6761 0000000   0.0000  25.7792 15.21981948582638
STARLINK-1838
1 60203U 98065A   24100.00000000 -.00022620  00000-0  13156-2 0  1004
2 60203  50.0000 192.6761 0000000   0.0000  42.9221 15.21981948914640
STARLINK-1839
1 32967U 98065A   24100.00000000 -.00022620  00000-0  13156-2 0  1001
2 32967  50.0000 192.6761 0000000   0.0000  60.0649 15.21981948630468
STARLINK-1840
1 66205U 98065A   24100.00000000 -.00022620  00000-0  13156-2 0  1005
2 66205  50.0000 192.6761 0000000   0.0000  77.2078 15.21981948878357
STARLINK-1841
1 44739U 98065A   24100.00000000 -.00022620  00000-0  13156-2 0  1002
2 44739  50.0000 192.6761 0000000   0.0000  94.3506 15.21981948653002
STARLINK-1842
1 24974U 98065A   24100.00000000 -.00022620  00000-0  13156-2 0  1001
2 24974  50.0000 192.6761 0000000   0.0000 111.4935 15.21981948758954
STARLINK-1843
1 71658U 98065A   24100.00000000 -.00022620  00000-0  13156-2 0  1004
2 71658  50.0000 192.6761 0000000   0.0000 128.6364 15.21981948552338
STARLINK-1844
1 14915U 98065A   24100.00000000 -.00022620  00000-0  13156-2 0  1005
2 14915  50.0000 192.6761 0000000   0.0000 145.7792 15.21981948890955
STARLINK-1845
1 28079U 98065A   24100.00000000 -.00022620  00000-0  13156-2 0  1001
2 28079  50.0000 192.6761 0000000   0.0000 162.9221 15.21981948487686
STARLINK-1846
1 93291U 98065A   24100.00000000 -.00022620  00000-0  13156-2 0  1003
2 93291  50.0000 192.6761 0000000   0.0000 180.0649 15.21981948933347
STARLINK-1847
1 46234U 98065A   24100.00000000 -.00022620  00000-0  13156-2 0  1000
2 46234  50.0000 192.6761 0000000   0.0000 197.2078 15.21981948887713
STARLINK-1848
1 49117U 98065A   24100.00000000 -.00022620  00000-0  13156-2 0  1004
2 49117  50.0000 192.6761 0000000   0.0000 214.3506 15.21981948685387
STARLINK-1849
1 83868U 98065A   24100.00000000 -.00022620  00000-0  13156-2 0  1004
2 83868  50.0000 192.6761 0000000   0.0000 231.4935 15.21981948750564
STARLINK-1850
1 39422U 98065A   24100.00000000 -.00022620  00000-0  13156-2 0  1008
2 39422  50.0000 192.6761 0000000   0.0000 248.6364 15.21981948758003
STARLINK-1851
1 41881U 98065A   24100.00000000 -.00022620  00000-0  13156-2 0  1008
2 41881  50.0000 192.6761 0000000   0.0000 265.7792 15.21981948218366
STARLINK-1852
1 46618U 98065A   24100.00000000 -.00022620  00000-0  13156-2 0  1004
2 46618  50.0000 192.6761 0000000   0.0000 282.9221 15.21981948790918
STARLINK-1853
1 11107U 98065A   24100.00000000 -.00022620  00000-0  13156-2 0  1002
2 11107  50.0000 192.6761 0000000   0.0000 300.0649 15.21981948704813
STARLINK-1854
1 95256U 98065A   24100.00000000 -.00022620  00000-0  13156-2 0  1007
2 95256  50.0000 192.6761 0000000   0.0000 317.2078 15.21981948939617
STARLINK-1855
1 95186U 98065A   24100.00000000 -.00022620  00000-0  13156-2 0  1007
2 95186  50.0000 192.6761 0000000   0.0000 334.3506 15.21981948811808
STARLINK-1856
1 32336U 98065A   24100.00000000 -.00022620  00000-0  13156-2 0  1000
2 32336  50.0000 192.6761 0000000   0.0000 351.4935 15.21981948391846
STARLINK-1857
1 38035U 98065A   24100.00000000 -.00022620  00000-0  13156-2 0  1007
2 38035  50.0000 192.6761 0000000   0.0000   8.6364 15.21981948781081
STARLINK-1858
1 66863U 98065A   24100.00000000 -.00022620  00000-0  13156-2 0  1003
2 66863  50.0000 197.7465 0000000   0.0000   8.8636 15.21981948297307
STARLINK-1859
1 47942U 98065A   24100.00000000 -.00022620  00000-0  13156-2 0  1003
2 47942  50.0000 197.7465 0000000   0.0000  26.0065 15.21981948838752
STARLINK-1860
1 95839U 98065A   24100.00000000 -.00022620  00000-0  13156-2 0  1006
2 95839  50.0000 197.7465 0000000   0.0000  43.1494 15.21981948645396
STARLINK-1861
1 20000U 98065A   24100.00000000 -.00022620  00000-0  13156-2 0  1000
2 20000  50.0000 197.7465 0000000   0.0000  60.2922 15.21981948144964
STARLINK-1862
1 73732U 98065A   24100.00000000 -.00022620  00000-0  13156-2 0  1004
2 73732  50.0000 197.7465 0000000   0.0000  77.4351 15.21981948559926
STARLINK-1863
1 43732U 98065A   24100.00000000 -.00022620  00000-0  13156-2 0  1003
2 43732  50.0000 197.7465 0000000   0.0000  94.5779 15.21981948517665
STARLINK-1864
1 25982U 98065A   24100.00000000 -.00022620  00000-0  13156-2 0  1008
2 25982  50.0000 197.7465 0000000   0.0000 111.7208 15.21981948396961
STARLINK-1865
1 59109U 98065A   24100.00000000 -.00022620  00000-0  13156-2 0  1001
2 59109  50.0000 197.7465 0000000   0.0000 128.8636 15.21981948391517
STARLINK-1866
1 75045U 98065A   24100.00000000 -.00022620  00000-0  13156-2 0  1006
2 75045  50.0000 197.7465 0000000   0.0000 146.0065 15.21981948195923
STARLINK-1867
1 29972U 98065A   24100.00000000 -.00022620  00000-0  13156-2 0  1007
2 29972  50.0000 197.7465 0000000   0.0000 163.1494 15.21981948631657
STARLINK-1868
1 95186U 98065A   24100.00000000 -.00022620  00000-0  13156-2 0  1004
2 95186  50.0000 197.7465 0000000   0.0000 180.2922 15.21981948717565
STARLINK-1869
1 57220U 98065A   24100.00000000 -.00022620  00000-0  13156-2 0  1007
2 57220  50.0000 197.7465 0000000   0.0000 197.4351 15.21981948498594
STARLINK-1870
1 35439U 98065A   24100.00000000 -.00022620  00000-0  13156-2 0  1006
2 35439  50.0000 197.7465 0000000   0.0000 214.5779 15.21981948473082
STARLINK-1871
1 18277U 98065A   24100.00000000 -.00022620  00000-0  13156-2 0  1005
2 18277  50.0000 197.7465 0000000   0.0000 231.7208 15.21981948577657
STARLINK-1872
1 96261U 98065A   24100.00000000 -.00022620  00000-0  13156-2 0  1007
2 96261  50.0000 197.7465 0000000   0.0000 248.8636 15.21981948174706
STARLINK-1873
1 44452U 98065A   24100.00000000 -.00022620  00000-0  13156-2 0  1005
2 44452  50.0000 197.7465 0000000   0.0000 266.0065 15.21981948116325
STARLINK-1874
1 51035U 98065A   24100.00000000 -.00022620  00000-0  13156-2 0  1000
2 51035  50.0000 197.7465 0000000   0.0000 283.1494 15.21981948784678
STARLINK-1875
1 81291U 98065A   24100.00000000 -.00022620  00000-0  13156-2 0  1000
2 81291  50.0000 197.7465 0000000   0.0000 300.2922 15.21981948591944
STARLINK-1876
1 69675U 98065A   24100.00000000 -.00022620  00000-0  13156-2 0  1008
2 69675  50.0000 197.7465 0000000   0.0000 317.4351 15.21981948720273
STARLINK-1877
1 93109U 98065A   24100.00000000 -.00022620  00000-0  13156-2 0  1004
2 93109  50.0000 197.7465 0000000   0.0000 334.5779 15.21981948679750
STARLINK-1878
1 50393U 98065A   24100.00000000 -.00022620  00000-0  13156-2 0  1003
2 50393  50.0000 197.7465 0000000   0.0000 351.7208 15.21981948451791
STARLINK-1879
1 13902U 98065A   24100.00000000 -.00022620  00000-0  13156-2 0  1006
2 13902  50.0000 197.7465 0000000   0.0000   8.8636 15.21981948312841
STARLINK-1880
1 39595U 98065A   24100.00000000 -.00022620  00000-0  13156-2 0  1001
2 39595  50.0000 202.8169 0000000   0.0000   9.0909 15.21981948745953
STARLINK-1881
1 71066U 98065A   24100.00000000 -.00022620  00000-0  13156-2 0  1006
2 71066  50.0000 202.8169 0000000   0.0000  26.2338 15.21981948872394
STARLINK-1882
1 72674U 98065A   24100.00000000 -.00022620  00000-0  13156-2 0  1008
2 72674  50.0000 202.8169 0000000   0.0000  43.3766 15.21981948697832
STARLINK-1883
1 41862U 98065A   24100.00000000 -.00022620  00000-0  13156-2 0  1000
2 41862  50.0000 202.8169 0000000   0.0000  60.5195 15.21981948119123
STARLINK-1884
1 41249U 98065A   24100.00000000 -.00022620  00000-0  13156-2 0  1004
2 41249  50.0000 202.8169 0000000   0.0000  77.6623 15.21981948766096
STARLINK-1885
1 32590U 98065A   24100.00000000 -.00022620  00000-0  13156-2 0  1007
2 32590  50.0000 202.8169 0000000   0.0000  94.8052 15.21981948936064
STARLINK-1886
1 90150U 98065A   24100.00000000 -.00022620  00000-0  13156-2 0  1006
2 90150  50.0000 202.8169 0000000   0.0000 111.9481 15.21981948589000
STARLINK-1887
1 50733U 98065A   24100.00000000 -.00022620  00000-0  13156-2 0  1004
2 50733  50.0000 202.8169 0000000   0.0000 129.0909 15.21981948462832
STARLINK-1888
1 13934U 98065A   24100.00000000 -.00022620  00000-0  13156-2 0  1000
2 13934  50.0000 202.8169 0000000   0.0000 146.2338 15.21981948311278
STARLINK-1889
1 44747U 98065A   24100.00000000 -.00022620  00000-0  13156-2 0  1002
2 44747  50.0000 202.8169 0000000   0.0000 163.3766 15.21981948964096
STARLINK-1890
1 57246U 98065A   24100.00000000 -.00022620  00000-0  13156-2 0  1008
2 57246  50.0000 202.8169 0000000   0.0000 180.5195 15.21981948519058
STARLINK-1891
1 36012U 98065A   24100.00000000 -.00022620  00000-0  13156-2 0  1003
2 36012  50.0000 202.8169 0000000   0.0000 197.6623 15.21981948152982
STARLINK-1892
1 23062U 98065A   24100.00000000 -.00022620  00000-0  13156-2 0  1007
2 23062  50.0000 202.8169 0000000   0.0000 214.8052 15.21981948987910
STARLINK-1893
1 97315U 98065A   24100.00000000 -.00022620  00000-0  13156-2 0  1005
2 97315  50.0000 202.8169 0000000   0.0000 231.9481 15.21981948159743
STARLINK-1894
1 14281U 98065A   24100.00000000 -.00022620  00000-0  13156-2 0  1002
2 14281  50.0000 202.8169 0000000   0.0000 249.0909 15.21981948397367
STARLINK-1895
1 57937U 98065A   24100.00000000 -.00022620  00000-0  13156-2 0  1007
2 57937  50.0000 202.8169 0000000   0.0000 266.2338 15.21981948861397
STARLINK-1896
1 67191U 98065A   24100.00000000 -.00022620  00000-0  13156-2 0  1006
2 67191  50.0000 202.8169 0000000   0.0000 283.3766 15.21981948429152
STARLINK-1897
1 99754U 98065A   24100.00000000 -.00022620  00000-0  13156-2 0  1007
2 99754  50.0000 202.8169 0000000   0.0000 300.5195 15.21981948819960
STARLINK-1898
1 89113U 98065A   24100.00000000 -.00022620  00000-0  13156-2 0  1004
2 89113  50.0000 202.8169 0000000   0.0000 317.6623 15.21981948932935
STARLINK-1899
1 12819U 98065A   24100.00000000 -.00022620  00000-0  13156-2 0  1005
2 12819  50.0000 202.8169 0000000   0.0000 334.8052 15.21981948365744
STARLINK-1900
1 34834U 98065A   24100.00000000 -.00022620  00000-0  13156-2 0  1003
2 34834  50.0000 202.8169 0000000   0.0000 351.9481 15.21981948907264
STARLINK-1901
1 34467U 98065A   24100.00000000 -.00022620  00000-0  13156-2 0  1007
2 34467  50.0000 202.8169 0000000   0.0000   9.0909 15.21981948854235
STARLINK-1902
1 35412U 98065A   24100.00000000 -.00022620  00000-0  13156-2 0  1002
2 35412  50.0000 207.8873 0000000   0.0000   9.3182 15.21981948922598
STARLINK-1903
1 16408U 98065A   24100.00000000 -.00022620  00000-0  13156-2 0  1002
2 16408  50.0000 207.8873 0000000   0.0000  26.4610 15.21981948588451
STARLINK-1904
1 33345U 98065A   24100.00000000 -.00022620  00000-0  13156-2 0  1004
2 33345  50.0000 207.8873 0000000   0.0000  43.6039 15.21981948416930
STARLINK-1905
1 10081U 98065A   24100.00000000 -.00022620  00000-0  13156-2 0  1008
2 10081  50.0000 207.8873 0000000   0.0000  60.7468 15.21981948517011
STARLINK-1906
1 37397U 98065A   24100.00000000 -.00022620  00000-0  13156-2 0  1008
2 37397  50.0000 207.8873 0000000   0.0000  77.8896 15.21981948562307
STARLINK-1907
1 52038U 98065A   24100.00000000 -.00022620  00000-0  13156-2 0  1000
2 52038  50.0000 207.8873 0000000   0.0000  95.0325 15.21981948949548
STARLINK-1908
1 26499U 98065A   24100.00000000 -.00022620  00000-0  13156-2 0  1002
2 26499  50.0000 207.8873 0000000   0.0000 112.1753 15.21981948110491
STARLINK-1909
1 94535U 98065A   24100.00000000 -.00022620  00000-0  13156-2 0  1001
2 94535  50.0000 207.8873 0000000   0.0000 129.3182 15.21981948882932
STARLINK-1910
1 15533U 98065A   24100.00000000 -.00022620  00000-0  13156-2 0  1008
2 15533  50.0000 207.8873 0000000   0.0000 146.4610 15.21981948395655
STARLINK-1911
1 25385U 98065A   24100.00000000 -.00022620  00000-0  13156-2 0  1000
2 25385  50.0000 207.8873 0000000   0.0000 163.6039 15.21981948716593
STARLINK-1912
1 39229U 98065A   24100.00000000 -.00022620  00000-0  13156-2 0  1003
2 39229  50.0000 207.8873 0000000   0.0000 180.7468 15.21981948972711
STARLINK-1913
1 22637U 98065A   24100.00000000 -.00022620  00000-0  13156-2 0  1005
2 22637  50.0000 207.8873 0000000   0.0000 197.8896 15.21981948427015
STARLINK-1914
1 91108U 98065A   24100.00000000 -.00022620  00000-0  13156-2 0  1007
2 91108  50.0000 207.8873 0000000   0.0000 215.0325 15.21981948979858
STARLINK-1915
1 22588U 98065A   24100.00000000 -.00022620  00000-0  13156-2 0  1006
2 22588  50.0000 207.8873 0000000   0.0000 232.1753 15.21981948723417
STARLINK-1916
1 46881U 98065A   24100.00000000 -.00022620  00000-0  13156-2 0  1008
2 46881  50.0000 207.8873 0000000   0.0000 249.3182 15.21981948872086
STARLINK-1917
1 16467U 98065A   24100.00000000 -.00022620  00000-0  13156-2 0  1007
2 16467  50.0000 207.8873 0000000   0.0000 266.4610 15.21981948160157
STARLINK-1918
1 29840U 98065A   24100.00000000 -.00022620  00000-0  13156-2 0  1003
2 29840  50.0000 207.8873 0000000   0.0000 283.6039 15.21981948907496
STARLINK-1919
1 35566U 98065A   24100.00000000 -.00022620  00000-0  13156-2 0  1005
2 35566  50.0000 207.8873 0000000   0.0000 300.7468 15.21981948321771
STARLINK-1920
1 24217U 98065A   24100.00000000 -.00022620  00000-0  13156-2 0  1007
2 24217  50.0000 207.8873 0000000   0.0000 317.8896 15.21981948777443
STARLINK-1921
1 29014U 98065A   24100.00000000 -.00022620  00000-0  13156-2 0  1000
2 29014  50.0000 207.8873 0000000   0.0000 335.0325 15.21981948216286
STARLINK-1922
1 34770U 98065A   24100.00000000 -.00022620  00000-0  13156-2 0  1000
2 34770  50.0000 207.8873 0000000   0.0000 352.1753 15.21981948575318
STARLINK-1923
1 37146U 98065A   24100.00000000 -.00022620  00000-0  13156-2 0  1002
2 37146  50.0000 207.8873 0000000   0.0000   9.3182 15.21981948684721
STARLINK-1924
1 10599U 98065A   24100.00000000 -.00022620  00000-0  13156-2 0  1006
2 10599  50.0000 212.9577 0000000   0.0000   9.5455 15.21981948278572
STARLINK-1925
1 44136U 98065A   24100.00000000 -.00022620  00000-0  13156-2 0  1008
2 44136  50.0000 212.9577 0000000   0.0000  26.6883 15.21981948663562
STARLINK-1926
1 10303U 98065A   24100.00000000 -.00022620  00000-0  13156-2 0  1000
2 10303  50.0000 212.9577 0000000   0.0000  43.8312 15.21981948586065
STARLINK-1927
1 26933U 98065A   24100.00000000 -.00022620  00000-0  13156-2 0  1001
2 26933  50.0000 212.9577 0000000   0.0000  60.9740 15.21981948316027
STARLINK-1928
1 79361U 98065A   24100.00000000 -.00022620  00000-0  13156-2 0  1004
2 79361  50.0000 212.9577 0000000   0.0000  78.1169 15.21981948539494
STARLINK-1929
1 23323U 98065A   24100.00000000 -.00022620  00000-0  13156-2 0  1003
2 23323  50.0000 212.9577 0000000   0.0000  95.2597 15.21981948817950
STARLINK-1930
1 96703U 98065A   24100.00000000 -.00022620  00000-0  13156-2 0  1004
2 96703  50.0000 212.9577 0000000   0.0000 112.4026 15.21981948838053
STARLINK-1931
1 71017U 98065A   24100.00000000 -.00022620  00000-0  13156-2 0  1005
2 71017  50.0000 212.9577 0000000   0.0000 129.5455 15.21981948354656
STARLINK-1932
1 90881U 98065A   24100.00000000 -.00022620  00000-0  13156-2 0  1004
2 90881  50.0000 212.9577 0000000   0.0000 146.6883 15.21981948973282
STARLINK-1933
1 81510U 98065A   24100.00000000 -.00022620  00000-0  13156-2 0  1000
2 81510  50.0000 212.9577 0000000   0.0000 163.8312 15.21981948632107
STARLINK-1934
1 15759U 98065A   24100.00000000 -.00022620  00000-0  13156-2 0  1000
2 15759  50.0000 212.9577 0000000   0.0000 180.9740 15.21981948488192
STARLINK-1935
1 20702U 98065A   24100.00000000 -.00022620  00000-0  13156-2 0  1001
2 20702  50.0000 212.9577 0000000   0.0000 198.1169 15.21981948289458
STARLINK-1936
1 80672U 98065A   24100.00000000 -.00022620  00000-0  13156-2 0  1008
2 80672  50.0000 212.9577 0000000   0.0000 215.2597 15.21981948362174
STARLINK-1937
1 30067U 98065A   24100.00000000 -.00022620  00000-0  13156-2 0  1006
2 30067  50.0000 212.9577 0000000   0.0000 232.4026 15.21981948841408
STARLINK-1938
1 26482U 98065A   24100.00000000 -.00022620  00000-0  13156-2 0  1004
2 26482  50.0000 212.9577 0000000   0.0000 249.5455 15.21981948936508
STARLINK-1939
1 50671U 98065A   24100.00000000 -.00022620  00000-0  13156-2 0  1007
2 50671  50.0000 212.9577 0000000   0.0000 266.6883 15.21981948235332
STARLINK-1940
1 64406U 98065A   24100.00000000 -.00022620  00000-0  13156-2 0  1003
2 64406  50.0000 212.9577 0000000   0.0000 283.8312 15.21981948477467
STARLINK-1941
1 96272U 98065A   24100.00000000 -.00022620  00000-0  13156-2 0  1003
2 96272  50.0000 212.9577 0000000   0.0000 300.9740 15.21981948346967
STARLINK-1942
1 24575U 98065A   24100.00000000 -.00022620  00000-0  13156-2 0  1005
2 24575  50.0000 212.9577 0000000   0.0000 318.1169 15.21981948628511
STARLINK-1943
1 82963U 98065A   24100.00000000 -.00022620  00000-0  13156-2 0  1007
2 82963  50.0000 212.9577 0000000   0.0000 335.2597 15.21981948296521
STARLINK-1944
1 68323U 98065A   24100.00000000 -.00022620  00000-0  13156-2 0  1001
2 68323  50.0000 212.9577 0000000   0.0000 352.4026 15.21981948938392
STARLINK-1945
1 10246U 98065A   24100.00000000 -.00022620  00000-0  13156-2 0  1005
2 10246  50.0000 212.9577 0000000   0.0000   9.5455 15.21981948106357
STARLINK-1946
1 25169U 98065A   24100.00000000 -.00022620  00000-0  13156-2 0  1006
2 25169  50.0000 218.0282 0000000   0.0000   9.7727 15.21981948183618
STARLINK-1947
1 24456U 98065A   24100.00000000 -.00022620  00000-0  13156-2 0  1005
2 24456  50.0000 218.0282 0000000   0.0000  26.9156 15.21981948193552
STARLINK-1948
1 96950U 98065A   24100.00000000 -.00022620  00000-0  13156-2 0  1006
2 96950  50.0000 218.0282 0000000   0.0000  44.0584 15.21981948887148
STARLINK-1949
1 14032U 98065A   24100.00000000 -.00022620  00000-0  13156-2 0  1000
2 14032  50.0000 218.0282 0000000   0.0000  61.2013 15.21981948294901
STARLINK-1950
1 74168U 98065A   24100.00000000 -.00022620  00000-0  13156-2 0  1005
2 74168  50.0000 218.0282 0000000   0.0000  78.3442 15.21981948174750
STARLINK-1951
1 44011U 98065A   24100.00000000 -.00022620  00000-0  13156-2 0  1004
2 44011  50.0000 218.0282 0000000   0.0000  95.4870 15.21981948868388
STARLINK-1952
1 31875U 98065A   24100.00000000 -.00022620  00000-0  13156-2 0  1005
2 31875  50.0000 218.0282 0000000   0.0000 112.6299 15.21981948848493
STARLINK-1953
1 46692U 98065A   24100.00000000 -.00022620  00000-0  13156-2 0  1004
2 46692  50.0000 218.0282 0000000   0.0000 129.7727 15.21981948404393
STARLINK-1954
1 67656U 98065A   24100.00000000 -.00022620  00000-0  13156-2 0  1008
2 67656  50.0000 218.0282 0000000   0.0000 146.9156 15.21981948642433
STARLINK-1955
1 25661U 98065A   24100.00000000 -.00022620  00000-0  13156-2 0  1005
2 25661  50.0000 218.0282 0000000   0.0000 164.0584 15.21981948367175
STARLINK-1956
1 11502U 98065A   24100.00000000 -.00022620  00000-0  13156-2 0  1005
2 11502  50.0000 218.0282 0000000   0.0000 181.2013 15.21981948803865
STARLINK-1957
1 54297U 98065A   24100.00000000 -.00022620  00000-0  13156-2 0  1006
2 54297  50.0000 218.0282 0000000   0.0000 198.3442 15.21981948717872
STARLINK-1958
1 50644U 98065A   24100.00000000 -.00022620  00000-0  13156-2 0  1003
2 50644  50.0000 218.0282 0000000   0.0000 215.4870 15.21981948381895
STARLINK-1959
1 16016U 98065A   24100.00000000 -.00022620  00000-0  13156-2 0  1000
2 16016  50.0000 218.0282 0000000   0.0000 232.6299 15.21981948430417
STARLINK-1960
1 17386U 98065A   24100.00000000 -.00022620  00000-0  13156-2 0  1006
2 17386  50.0000 218.0282 0000000   0.0000 249.7727 15.21981948105825
STARLINK-1961
1 52330U 98065A   24100.00000000 -.00022620  00000-0  13156-2 0  1001
2 52330  50.0000 218.0282 0000000   0.0000 266.9156 15.21981948985671
STARLINK-1962
1 31809U 98065A   24100.00000000 -.00022620  00000-0  13156-2 0  1003
2 31809  50.0000 218.0282 0000000   0.0000 284.0584 15.21981948599872
STARLINK-1963
1 36510U 98065A   24100.00000000 -.00022620  00000-0  13156-2 0  1002
2 36510  50.0000 218.0282 0000000   0.0000 301.2013 15.21981948858937
STARLINK-1964
1 61213U 98065A   24100.00000000 -.00022620  00000-0  13156-2 0  1005
2 61213  50.0000 218.0282 0000000   0.0000 318.3442 15.21981948387306
STARLINK-1965
1 77140U 98065A   24100.00000000 -.00022620  00000-0  13156-2 0  1003
2 77140  50.0000 218.0282 0000000   0.0000 335.4870 15.21981948665152
STARLINK-1966
1 80790U 98065A   24100.00000000 -.00022620  00000-0  13156-2 0  1001
2 80790  50.0000 218.0282 0000000   0.0000 352.6299 15.21981948951362
STARLINK-1967
1 41519U 98065A   24100.00000000 -.00022620  00000-0  13156-2 0  1006
2 41519  50.0000 218.0282 0000000   0.0000   9.7727 15.21981948529490
STARLINK-1968
1 77809U 98065A   24100.00000000 -.00022620  00000-0  13156-2 0  1006
2 77809  50.0000 223.0986 0000000   0.0000  10.0000 15.21981948607998
STARLINK-1969
1 32727U 98065A   24100.00000000 -.00022620  00000-0  13156-2 0  1004
2 32727  50.0000 223.0986 0000000   0.0000  27.1429 15.21981948414926
STARLINK-1970
1 99990U 98065A   24100.00000000 -.00022620  00000-0  13156-2 0  1006
2 99990  50.0000 223.0986 0000000   0.0000  44.2857 15.21981948851023
STARLINK-1971
1 14787U 98065A   24100.00000000 -.00022620  00000-0  13156-2 0  1002
2 14787  50.0000 223.0986 0000000   0.0000  61.4286 15.21981948134372
STARLINK-1972
1 18754U 98065A   24100.00000000 -.00022620  00000-0  13156-2 0  1006
2 18754  50.0000 223.0986 0000000   0.0000  78.5714 15.21981948582470
STARLINK-1973
1 67146U 98065A   24100.00000000 -.00022620  00000-0  13156-2 0  1000
2 67146  50.0000 223.0986 0000000   0.0000  95.7143 15.21981948831658
STARLINK-1974
1 23730U 98065A   24100.00000000 -.00022620  00000-0  13156-2 0  1006
2 23730  50.0000 223.0986 0000000   0.0000 112.8571 15.21981948447361
STARLINK-1975
1 60161U 98065A   24100.00000000 -.00022620  00000-0  13156-2 0  1005
2 60161  50.0000 223.0986 0000000   0.0000 130.0000 15.21981948499732
STARLINK-1976
1 18766U 98065A   24100.00000000 -.00022620  00000-0  13156-2 0  1001
2 18766  50.0000 223.0986 0000000   0.0000 147.1429 15.21981948327374
STARLINK-1977
1 98400U 98065A   24100.00000000 -.00022620  00000-0  13156-2 0  1008
2 98400  50.0000 223.0986 0000000   0.0000 164.2857 15.21981948319048
STARLINK-1978
1 78201U 98065A   24100.00000000 -.00022620  00000-0  13156-2 0  1005
2 78201  50.0000 223.0986 0000000   0.0000 181.4286 15.21981948981073
STARLINK-1979
1 73136U 98065A   24100.00000000 -.00022620  00000-0  13156-2 0  1001
2 73136  50.0000 223.0986 0000000   0.0000 198.5714 15.21981948604996
STARLINK-1980
1 70157U 98065A   24100.00000000 -.00022620  00000-0  13156-2 0  1002
2 70157  50.0000 223.0986 0000000   0.0000 215.7143 15.21981948101468
STARLINK-1981
1 52705U 98065A   24100.00000000 -.00022620  00000-0  13156-2 0  1008
2 52705  50.0000 223.0986 0000000   0.0000 232.8571 15.21981948622463
STARLINK-1982
1 50782U 98065A   24100.00000000 -.00022620  00000-0  13156-2 0  1007
2 50782  50.0000 223.0986 0000000   0.0000 250.0000 15.21981948797833
STARLINK-1983
1 75859U 98065A   24100.00000000 -.00022620  00000-0  13156-2 0  1006
2 75859  50.0000 223.0986 0000000   0.0000 267.1429 15.21981948727546
STARLINK-1984
1 81844U 98065A   24100.00000000 -.00022620  00000-0  13156-2 0  1005
2 81844  50.0000 223.0986 0000000   0.0000 284.2857 15.21981948568837
STARLINK-1985
1 59315U 98065A   24100.00000000 -.00022620  00000-0  13156-2 0  1008
2 59315  50.0000 223.0986 0000000   0.0000 301.4286 15.21981948862823
STARLINK-1986
1 79535U 98065A   24100.00000000 -.00022620  00000-0  13156-2 0  1002
2 79535  50.0000 223.0986 0000000   0.0000 318.5714 15.21981948276476
STARLINK-1987
1 90398U 98065A   24100.00000000 -.00022620  00000-0  13156-2 0  1005
2 90398  50.0000 223.0986 0000000   0.0000 335.7143 15.21981948426796
STARLINK-1988
1 74637U 98065A   24100.00000000 -.00022620  00000-0  13156-2 0  1001
2 74637  50.0000 223.0986 0000000   0.0000 352.8571 15.21981948555024
STARLINK-1989
1 33577U 98065A   24100.00000000 -.00022620  00000-0  13156-2 0  1007
2 33577  50.0000 223.0986 0000000   0.0000  10.0000 15.21981948652326
STARLINK-1990
1 13266U 98065A   24100.00000000 -.00022620  00000-0  13156-2 0  1000
2 13266  50.0000 228.1690 0000000   0.0000  10.2273 15.21981948921314
STARLINK-1991
1 17478U 98065A   24100.00000000 -.00022620  00000-0  13156-2 0  1001
2 17478  50.0000 228.1690 0000000   0.0000  27.3701 15.21981948821000
STARLINK-1992
1 24430U 98065A   24100.00000000 -.00022620  00000-0  13156-2 0  1006
2 24430  50.0000 228.1690 0000000   0.0000  44.5130 15.21981948703027
STARLINK-1993
1 65846U 98065A   24100.00000000 -.00022620  00000-0  13156-2 0  1006
2 65846  50.0000 228.1690 0000000   0.0000  61.6558 15.21981948335713
STARLINK-1994
1 92930U 98065A   24100.00000000 -.00022620  00000-0  13156-2 0  1003
2 92930  50.0000 228.1690 0000000   0.0000  78.7987 15.21981948904906
STARLINK-1995
1 48171U 98065A   24100.00000000 -.00022620  00000-0  13156-2 0  1005
2 48171  50.0000 228.1690 0000000   0.0000  95.9416 15.21981948632500
STARLINK-1996
1 91533U 98065A   24100.00000000 -.00022620  00000-0  13156-2 0  1002
2 91533  50.0000 228.1690 0000000   0.0000 113.0844 15.21981948758145
STARLINK-1997
1 79930U 98065A   24100.00000000 -.00022620  00000-0  13156-2 0  1000
2 79930  50.0000 228.1690 0000000   0.0000 130.2273 15.21981948597498
STARLINK-1998
1 60736U 98065A   24100.00000000 -.00022620  00000-0  13156-2 0  1004
2 60736  50.0000 228.1690 0000000   0.0000 147.3701 15.21981948789895
STARLINK-1999
1 11710U 98065A   24100.00000000 -.00022620  00000-0  13156-2 0  1004
2 11710  50.0000 228.1690 0000000   0.0000 164.5130 15.21981948717036
STARLINK-2000
1 39626U 98065A   24100.00000000 -.00022620  00000-0  13156-2 0  1002
2 39626  50.0000 228.1690 0000000   0.0000 181.6558 15.21981948610598
STARLINK-2001
1 58207U 98065A   24100.00000000 -.00022620  00000-0  13156-2 0  1005
2 58207  50.0000 228.1690 0000000   0.0000 198.7987 15.21981948141588
STARLINK-2002
1 42946U 98065A   24100.00000000 -.00022620  00000-0  13156-2 0  1000
2 42946  50.0000 228.1690 0000000   0.0000 215.9416 15.21981948475603
STARLINK-2003
1 92349U 98065A   24100.00000000 -.00022620  00000-0  13156-2 0  1006
2 92349  50.0000 228.1690 0000000   0.0000 233.0844 15.21981948128325
STARLINK-2004
1 58532U 98065A   24100.00000000 -.00022620  00000-0  13156-2 0  1002
2 58532  50.0000 228.1690 0000000   0.0000 250.2273 15.21981948811606
STARLINK-2005
1 32179U 98065A   24100.00000000 -.00022620  00000-0  13156-2 0  1008
2 32179  50.0000 228.1690 0000000   0.0000 267.3701 15.21981948412777
STARLINK-2006
1 31488U 98065A   24100.00000000 -.00022620  00000-0  13156-2 0  1006
2 31488  50.0000 228.1690 0000000   0.0000 284.5130 15.21981948630591
STARLINK-2007
1 44711U 98065A   24100.00000000 -.00022620  00000-0  13156-2 0  1001
2 44711  50.0000 228.1690 0000000   0.0000 301.6558 15.21981948872363
STARLINK-2008
1 75228U 98065A   24100.00000000 -.00022620  00000-0  13156-2 0  1007
2 75228  50.0000 228.1690 0000000   0.0000 318.7987 15.21981948323631
STARLINK-2009
1 29763U 98065A   24100.00000000 -.00022620  00000-0  13156-2 0  1004
2 29763  50.0000 228.1690 0000000   0.0000 335.9416 15.21981948944007
STARLINK-2010
1 12012U 98065A   24100.00000000 -.00022620  00000-0  13156-2 0  1007
2 12012  50.0000 228.1690 0000000   0.0000 353.0844 15.21981948734450
STARLINK-2011
1 99769U 98065A   24100.00000000 -.00022620  00000-0  13156-2 0  1006
2 99769  50.0000 228.1690 0000000   0.0000  10.2273 15.21981948922594
STARLINK-2012
1 56617U 98065A   24100.00000000 -.00022620  00000-0  13156-2 0  1006
2 56617  50.0000 233.2394 0000000   0.0000  10.4545 15.21981948580718
STARLINK-2013
1 50162U 98065A   24100.00000000 -.00022620  00000-0  13156-2 0  1001
2 50162  50.0000 233.2394 0000000   0.0000  27.5974 15.21981948377606
STARLINK-2014
1 47602U 98065A   24100.00000000 -.00022620  00000-0  13156-2 0  1003
2 47602  50.0000 233.2394 0000000   0.0000  44.7403 15.21981948671432
STARLINK-2015
1 15535U 98065A   24100.00000000 -.00022620  00000-0  13156-2 0  1008
2 15535  50.0000 233.2394 0000000   0.0000  61.8831 15.21981948296057
STARLINK-2016
1 80502U 98065A   24100.00000000 -.00022620  00000-0  13156-2 0  1000
2 80502  50.0000 233.2394 0000000   0.0000  79.0260 15.21981948819188
STARLINK-2017
1 38127U 98065A   24100.00000000 -.00022620  00000-0  13156-2 0  1006
2 38127  50.0000 233.2394 0000000   0.0000  96.1688 15.21981948465374
STARLINK-2018
1 88520U 98065A   24100.00000000 -.00022620  00000-0  13156-2 0  1003
2 88520  50.0000 233.2394 0000000   0.0000 113.3117 15.21981948821648
STARLINK-2019
1 43030U 98065A   24100.00000000 -.00022620  00000-0  13156-2 0  1003
2 43030  50.0000 233.2394 0000000   0.0000 130.4545 15.21981948128814
STARLINK-2020
1 50528U 98065A   24100.00000000 -.00022620  00000-0  13156-2 0  1001
2 50528  50.0000 233.2394 0000000   0.0000 147.5974 15.21981948882001
STARLINK-2021
1 27899U 98065A   24100.00000000 -.00022620  00000-0  13156-2 0  1008
2 27899  50.0000 233.2394 0000000   0.0000 164.7403 15.21981948822547
STARLINK-2022
1 56161U 98065A   24100.00000000 -.00022620  00000-0  13156-2 0  1007
2 56161  50.0000 233.2394 0000000   0.0000 181.8831 15.21981948951615
STARLINK-2023
1 44537U 98065A   24100.00000000 -.00022620  00000-0  13156-2 0  1007
2 44537  50.0000 233.2394 0000000   0.0000 199.0260 15.21981948619480
STARLINK-2024
1 52403U 98065A   24100.00000000 -.00022620  00000-0  13156-2 0  1007
2 52403  50.0000 233.2394 0000000   0.0000 216.1688 15.21981948275845
STARLINK-2025
1 90098U 98065A   24100.00000000 -.00022620  00000-0  13156-2 0  1006
2 90098  50.0000 233.2394 0000000   0.0000 233.3117 15.21981948223544
STARLINK-2026
1 94567U 98065A   24100.00000000 -.00022620  00000-0  13156-2 0  1000
2 94567  50.0000 233.2394 0000000   0.0000 250.4545 15.21981948572850
STARLINK-2027
1 64775U 98065A   24100.00000000 -.00022620  00000-0  13156-2 0  1003
2 64775  50.0000 233.2394 0000000   0.0000 267.5974 15.21981948740113
STARLINK-2028
1 71595U 98065A   24100.00000000 -.00022620  00000-0  13156-2 0  1002
2 71595  50.0000 233.2394 0000000   0.0000 284.7403 15.21981948266028
STARLINK-2029
1 10638U 98065A   24100.00000000 -.00022620  00000-0  13156-2 0  1001
2 10638  50.0000 233.2394 0000000   0.0000 301.8831 15.21981948267910
STARLINK-2030
1 74331U 98065A   24100.00000000 -.00022620  00000-0  13156-2 0  1003
2 74331  50.0000 233.2394 0000000   0.0000 319.0260 15.21981948898618
STARLINK-2031
1 30971U 98065A   24100.00000000 -.00022620  00000-0  13156-2 0  1008
2 30971  50.0000 233.2394 0000000   0.0000 336.1688 15.21981948194031
STARLINK-2032
1 44706U 98065A   24100.00000000 -.00022620  00000-0  13156-2 0  1001
2 44706  50.0000 233.2394 0000000   0.0000 353.3117 15.21981948988514
STARLINK-2033
1 37251U 98065A   24100.00000000 -.00022620  00000-0  13156-2 0  1001
2 37251  50.0000 233.2394 0000000   0.0000  10.4545 15.21981948138875
STARLINK-2034
1 64118U 98065A   24100.00000000 -.00022620  00000-0  13156-2 0  1005
2 64118  50.0000 238.3099 0000000   0.0000  10.6818 15.21981948457266
STARLINK-2035
1 84297U 98065A   24100.00000000 -.00022620  00000-0  13156-2 0  1006
2 84297  50.0000 238.3099 0000000   0.0000  27.8247 15.21981948880525
STARLINK-2036
1 98342U 98065A   24100.00000000 -.00022620  00000-0  13156-2 0  1002
2 98342  50.0000 238.3099 0000000   0.0000  44.9675 15.21981948183404
STARLINK-2037
1 78147U 98065A   24100.00000000 -.00022620  00000-0  13156-2 0  1008
2 78147  50.0000 238.3099 0000000   0.0000  62.1104 15.21981948555090
STARLINK-2038
1 38638U 98065A   24100.00000000 -.00022620  00000-0  13156-2 0  1002
2 38638  50.0000 238.3099 0000000   0.0000  79.2532 15.21981948828850
STARLINK-2039
1 89109U 98065A   24100.00000000 -.00022620  00000-0  13156-2 0  1007
2 89109  50.0000 238.3099 0000000   0.0000  96.3961 15.21981948151326
STARLINK-2040
1 73030U 98065A   24100.00000000 -.00022620  00000-0  13156-2 0  1006
2 73030  50.0000 238.3099 0000000   0.0000 113.5390 15.21981948576440
STARLINK-2041
1 14666U 98065A   24100.00000000 -.00022620  00000-0  13156-2 0  1002
2 14666  50.0000 238.3099 0000000   0.0000 130.6818 15.21981948391894
STARLINK-2042
1 80006U 98065A   24100.00000000 -.00022620  00000-0  13156-2 0  1005
2 80006  50.0000 238.3099 0000000   0.0000 147.8247 15.21981948385434
STARLINK-2043
1 39047U 98065A   24100.00000000 -.00022620  00000-0  13156-2 0  1005
2 39047  50.0000 238.3099 0000000   0.0000 164.9675 15.21981948839123
STARLINK-2044
1 17109U 98065A   24100.00000000 -.00022620  00000-0  13156-2 0  1001
2 17109  50.0000 238.3099 0000000   0.0000 182.1104 15.21981948438825
STARLINK-2045
1 24957U 98065A   24100.00000000 -.00022620  00000-0  13156-2 0  1000
2 24957  50.0000 238.3099 0000000   0.0000 199.2532 15.21981948732330
STARLINK-2046
1 21728U 98065A   24100.00000000 -.00022620  00000-0  13156-2 0  1008
2 21728  50.0000 238.3099 0000000   0.0000 216.3961 15.21981948608334
STARLINK-2047
1 45615U 98065A   24100.00000000 -.00022620  00000-0  13156-2 0  1007
2 45615  50.0000 238.3099 0000000   0.0000 233.5390 15.21981948226061
STARLINK-2048
1 67354U 98065A   24100.00000000 -.00022620  00000-0  13156-2 0  1008
2 67354  50.0000 238.3099 0000000   0.0000 250.6818 15.21981948413208
STARLINK-2049
1 40777U 98065A   24100.00000000 -.00022620  00000-0  13156-2 0  1004
2 40777  50.0000 238.3099 0000000   0.0000 267.8247 15.21981948713387
STARLINK-2050
1 38959U 98065A   24100.00000000 -.00022620  00000-0  13156-2 0  1008
2 38959  50.0000 238.3099 0000000   0.0000 284.9675 15.21981948769461
STARLINK-2051
1 60924U 98065A   24100.00000000 -.00022620  00000-0  13156-2 0  1005
2 60924  50.0000 238.3099 0000000   0.0000 302.1104 15.21981948823860
STARLINK-2052
1 20011U 98065A   24100.00000000 -.00022620  00000-0  13156-2 0  1002
2 20011  50.0000 238.3099 0000000   0.0000 319.2532 15.21981948512455
STARLINK-2053
1 25253U 98065A   24100.00000000 -.00022620  00000-0  13156-2 0  1004
2 25253  50.0000 238.3099 0000000   0.0000 336.3961 15.21981948654620
STARLINK-2054
1 56390U 98065A   24100.00000000 -.00022620  00000-0  13156-2 0  1006
2 56390  50.0000 238.3099 0000000   0.0000 353.5390 15.21981948384127
STARLINK-2055
1 78340U 98065A   24100.00000000 -.00022620  00000-0  13156-2 0  1002
2 78340  50.0000 238.3099 0000000   0.0000  10.6818 15.21981948878421
STARLINK-2056
1 16154U 98065A   24100.00000000 -.00022620  00000-0  13156-2 0  1002
2 16154  50.0000 243.3803 0000000   0.0000  10.9091 15.21981948639930
STARLINK-2057
1 73849U 98065A   24100.00000000 -.00022620  00000-0  13156-2 0  1001
2 73849  50.0000 243.3803 0000000   0.0000  28.0519 15.21981948343946
STARLINK-2058
1 93233U 98065A   24100.00000000 -.00022620  00000-0  13156-2 0  1000
2 93233  50.0000 243.3803 0000000   0.0000  45.1948 15.21981948635488
STARLINK-2059
1 78233U 98065A   24100.00000000 -.00022620  00000-0  13156-2 0  1004
2 78233  50.0000 243.3803 0000000   0.0000  62.3377 15.21981948718170
STARLINK-2060
1 10421U 98065A   24100.00000000 -.00022620  00000-0  13156-2 0  1006
2 10421  50.0000 243.3803 0000000   0.0000  79.4805 15.21981948127933
STARLINK-2061
1 24415U 98065A   24100.00000000 -.00022620  00000-0  13156-2 0  1000
2 24415  50.0000 243.3803 0000000   0.0000  96.6234 15.21981948464317
STARLINK-2062
1 69012U 98065A   24100.00000000 -.00022620  00000-0  13156-2 0  1006
2 69012  50.0000 243.3803 0000000   0.0000 113.7662 15.21981948130786
STARLINK-2063
1 42606U 98065A   24100.00000000 -.00022620  00000-0  13156-2 0  1006
2 42606  50.0000 243.3803 0000000   0.0000 130.9091 15.21981948952117
STARLINK-2064
1 75534U 98065A   24100.00000000 -.00022620  00000-0  13156-2 0  1005
2 75534  50.0000 243.3803 0000000   0.0000 148.0519 15.21981948173424
STARLINK-2065
1 76221U 98065A   24100.00000000 -.00022620  00000-0  13156-2 0  1008
2 76221  50.0000 243.3803 0000000   0.0000 165.1948 15.21981948392872
STARLINK-2066
1 59212U 98065A   24100.00000000 -.00022620  00000-0  13156-2 0  1005
2 59212  50.0000 243.3803 0000000   0.0000 182.3377 15.21981948739002
STARLINK-2067
1 98570U 98065A   24100.00000000 -.00022620  00000-0  13156-2 0  1002
2 98570  50.0000 243.3803 0000000   0.0000 199.4805 15.21981948410222
STARLINK-2068
1 50852U 98065A   24100.00000000 -.00022620  00000-0  13156-2 0  1001
2 50852  50.0000 243.3803 0000000   0.0000 216.6234 15.21981948666551
STARLINK-2069
1 96310U 98065A   24100.00000000 -.00022620  00000-0  13156-2 0  1008
2 96310  50.0000 243.3803 0000000   0.0000 233.7662 15.21981948612401
STARLINK-2070
1 23325U 98065A   24100.00000000 -.00022620  00000-0  13156-2 0  1007
2 23325  50.0000 243.3803 0000000   0.0000 250.9091 15.21981948461612
STARLINK-2071
1 27070U 98065A   24100.00000000 -.00022620  00000-0  13156-2 0  1001
2 27070  50.0000 243.3803 0000000   0.0000 268.0519 15.21981948222936
STARLINK-2072
1 69529U 98065A   24100.00000000 -.00022620  00000-0  13156-2 0  1005
2 69529  50.0000 243.3803 0000000   0.0000 285.1948 15.21981948211243
STARLINK-2073
1 20916U 98065A   24100.00000000 -.00022620  00000-0  13156-2 0  1008
2 20916  50.0000 243.3803 0000000   0.0000 302.3377 15.21981948780931
STARLINK-2074
1 66218U 98065A   24100.00000000 -.00022620  00000-0  13156-2 0  1008
2 66218  50.0000 243.3803 0000000   0.0000 319.4805 15.21981948892487
STARLINK-2075
1 13693U 98065A   24100.00000000 -.00022620  00000-0  13156-2 0  1006
2 13693  50.0000 243.3803 0000000   0.0000 336.6234 15.21981948150684
STARLINK-2076
1 45155U 98065A   24100.00000000 -.00022620  00000-0  13156-2 0  1001
2 45155  50.0000 243.3803 0000000   0.0000 353.7662 15.21981948949737
STARLINK-2077
1 59593U 98065A   24100.00000000 -.00022620  00000-0  13156-2 0  1006
2 59593  50.0000 243.3803 0000000   0.0000  10.9091 15.21981948265200
STARLINK-2078
1 64081U 98065A   24100.00000000 -.00022620  00000-0  13156-2 0  1006
2 64081  50.0000 248.4507 0000000   0.0000  11.1364 15.21981948912758
STARLINK-2079
1 67660U 98065A   24100.00000000 -.00022620  00000-0  13156-2 0  1000
2 67660  50.0000 248.4507 0000000   0.0000  28.2792 15.21981948599362
STARLINK-2080
1 63206U 98065A   24100.00000000 -.00022620  00000-0  13156-2 0  1000
2 63206  50.0000 248.4507 0000000   0.0000  45.4221 15.21981948278701
STARLINK-2081
1 69714U 98065A   24100.00000000 -.00022620  00000-0  13156-2 0  1008
2 69714  50.0000 248.4507 0000000   0.0000  62.5649 15.21981948142718
STARLINK-2082
1 37517U 98065A   24100.00000000 -.00022620  00000-0  13156-2 0  1006
2 37517  50.0000 248.4507 0000000   0.0000  79.7078 15.21981948880647
STARLINK-2083
1 83310U 98065A   24100.00000000 -.00022620  00000-0  13156-2 0  1008
2 83310  50.0000 248.4507 0000000   0.0000  96.8506 15.21981948956326
STARLINK-2084
1 21690U 98065A   24100.00000000 -.00022620  00000-0  13156-2 0  1003
2 21690  50.0000 248.4507 0000000   0.0000 113.9935 15.21981948460690
STARLINK-2085
1 66146U 98065A   24100.00000000 -.00022620  00000-0  13156-2 0  1003
2 66146  50.0000 248.4507 0000000   0.0000 131.1364 15.21981948631470
STARLINK-2086
1 60312U 98065A   24100.00000000 -.00022620  00000-0  13156-2 0  1001
2 60312  50.0000 248.4507 0000000   0.0000 148.2792 15.21981948335753
STARLINK-2087
1 98733U 98065A   24100.00000000 -.00022620  00000-0  13156-2 0  1005
2 98733  50.0000 248.4507 0000000   0.0000 165.4221 15.21981948606724
STARLINK-2088
1 37563U 98065A   24100.00000000 -.00022620  00000-0  13156-2 0  1001
2 37563  50.0000 248.4507 0000000   0.0000 182.5649 15.21981948354078
STARLINK-2089
1 69257U 98065A   24100.00000000 -.00022620  00000-0  13156-2 0  1004
2 69257  50.0000 248.4507 0000000   0.0000 199.7078 15.21981948692894
STARLINK-2090
1 90546U 98065A   24100.00000000 -.00022620  00000-0  13156-2 0  1001
2 90546  50.0000 248.4507 0000000   0.0000 216.8506 15.21981948823320
STARLINK-2091
1 37909U 98065A   24100.00000000 -.00022620  00000-0  13156-2 0  1006
2 37909  50.0000 248.4507 0000000   0.0000 233.9935 15.21981948255634
STARLINK-2092
1 69254U 98065A   24100.00000000 -.00022620  00000-0  13156-2 0  1004
2 69254  50.0000 248.4507 0000000   0.0000 251.1364 15.21981948368845
STARLINK-2093
1 64753U 98065A   24100.00000000 -.00022620  00000-0  13156-2 0  1006
2 64753  50.0000 248.4507 0000000   0.0000 268.2792 15.21981948927710
STARLINK-2094
1 79824U 98065A   24100.00000000 -.00022620  00000-0  13156-2 0  1002
2 79824  50.0000 248.4507 0000000   0.0000 285.4221 15.21981948898184
STARLINK-2095
1 16974U 98065A   24100.00000000 -.00022620  00000-0  13156-2 0  1003
2 16974  50.0000 248.4507 0000000   0.0000 302.5649 15.21981948540555
STARLINK-2096
1 49279U 98065A   24100.00000000 -.00022620  00000-0  13156-2 0  1003
2 49279  50.0000 248.4507 0000000   0.0000 319.7078 15.21981948820017
STARLINK-2097
1 98037U 98065A   24100.00000000 -.00022620  00000-0  13156-2 0  1006
2 98037  50.0000 248.4507 0000000   0.0000 336.8506 15.21981948369705
STARLINK-2098
1 69190U 98065A   24100.00000000 -.00022620  00000-0  13156-2 0  1005
2 69190  50.0000 248.4507 0000000   0.0000 353.9935 15.21981948702000
STARLINK-2099
1 49464U 98065A   24100.00000000 -.00022620  00000-0  13156-2 0  1003
2 49464  50.0000 248.4507 0000000   0.0000  11.1364 15.21981948705192
STARLINK-2100
1 36108U 98065A   24100.00000000 -.00022620  00000-0  13156-2 0  1004
2 36108  50.0000 253.5211 0000000   0.0000  11.3636 15.21981948131763
STARLINK-2101
1 25726U 98065A   24100.00000000 -.00022620  00000-0  13156-2 0  1008
2 25726  50.0000 253.5211 0000000   0.0000  28.5065 15.21981948924825
STARLINK-2102
1 40089U 98065A   24100.00000000 -.00022620  00000-0  13156-2 0  1000
2 40089  50.0000 253.5211 0000000   0.0000  45.6494 15.21981948914048
STARLINK-2103
1 29156U 98065A   24100.00000000 -.00022620  00000-0  13156-2 0  1003
2 29156  50.0000 253.5211 0000000   0.0000  62.7922 15.21981948945727
STARLINK-2104
1 98360U 98065A   24100.00000000 -.00022620  00000-0  13156-2 0  1007
2 98360  50.0000 253.5211 0000000   0.0000  79.9351 15.21981948433062
STARLINK-2105
1 80908U 98065A   24100.00000000 -.00022620  00000-0  13156-2 0  1004
2 80908  50.0000 253.5211 0000000   0.0000  97.0779 15.21981948438727
STARLINK-2106
1 75887U 98065A   24100.00000000 -.00022620  00000-0  13156-2 0  1004
2 75887  50.0000 253.5211 0000000   0.0000 114.2208 15.21981948800618
STARLINK-2107
1 83869U 98065A   24100.00000000 -.00022620  00000-0  13156-2 0  1007
2 83869  50.0000 253.5211 0000000   0.0000 131.3636 15.21981948148996
STARLINK-2108
1 19743U 98065A   24100.00000000 -.00022620  00000-0  13156-2 0  1002
2 19743  50.0000 253.5211 0000000   0.0000 148.5065 15.21981948418660
STARLINK-2109
1 99854U 98065A   24100.00000000 -.00022620  00000-0  13156-2 0  1008
2 99854  50.0000 253.5211 0000000   0.0000 165.6494 15.21981948808206
STARLINK-2110
1 86625U 98065A   24100.00000000 -.00022620  00000-0  13156-2 0  1002
2 86625  50.0000 253.5211 0000000   0.0000 182.7922 15.21981948825044
STARLINK-2111
1 92578U 98065A   24100.00000000 -.00022620  00000-0  13156-2 0  1008
2 92578  50.0000 253.5211 0000000   0.0000 199.9351 15.21981948538972
STARLINK-2112
1 92564U 98065A   24100.00000000 -.00022620  00000-0  13156-2 0  1000
2 92564  50.0000 253.5211 0000000   0.0000 217.0779 15.21981948344334
STARLINK-2113
1 33250U 98065A   24100.00000000 -.00022620  00000-0  13156-2 0  1007
2 33250  50.0000 253.5211 0000000   0.0000 234.2208 15.21981948408983
STARLINK-2114
1 19888U 98065A   24100.00000000 -.00022620  00000-0  13156-2 0  1003
2 19888  50.0000 253.5211 0000000   0.0000 251.3636 15.21981948113926
STARLINK-2115
1 43352U 98065A   24100.00000000 -.00022620  00000-0  13156-2 0  1002
2 43352  50.0000 253.5211 0000000   0.0000 268.5065 15.21981948181165
STARLINK-2116
1 23796U 98065A   24100.00000000 -.00022620  00000-0  13156-2 0  1003
2 23796  50.0000 253.5211 0000000   0.0000 285.6494 15.21981948741193
STARLINK-2117
1 59318U 98065A   24100.00000000 -.00022620  00000-0  13156-2 0  1008
2 59318  50.0000 253.5211 0000000   0.0000 302.7922 15.21981948706823
STARLINK-2118
1 46689U 98065A   24100.00000000 -.00022620  00000-0  13156-2 0  1002
2 46689  50.0000 253.5211 0000000   0.0000 319.9351 15.21981948414822
STARLINK-2119
1 51226U 98065A   24100.00000000 -.00022620  00000-0  13156-2 0  1000
2 51226  50.0000 253.5211 0000000   0.0000 337.0779 15.21981948641781
STARLINK-2120
1 86719U 98065A   24100.00000000 -.00022620  00000-0  13156-2 0  1002
2 86719  50.0000 253.5211 0000000   0.0000 354.2208 15.21981948259480
STARLINK-2121
1 95960U 98065A   24100.00000000 -.00022620  00000-0  13156-2 0  1007
2 95960  50.0000 253.5211 0000000   0.0000  11.3636 15.21981948943796
STARLINK-2122
1 40923U 98065A   24100.00000000 -.00022620  00000-0  13156-2 0  1003
2 40923  50.0000 258.5915 0000000   0.0000  11.5909 15.21981948919476
STARLINK-2123
1 54634U 98065A   24100.00000000 -.00022620  00000-0  13156-2 0  1002
2 54634  50.0000 258.5915 0000000   0.0000  28.7338 15.21981948539892
STARLINK-2124
1 61169U 98065A   24100.00000000 -.00022620  00000-0  13156-2 0  1004
2 61169  50.0000 258.5915 0000000   0.0000  45.8766 15.21981948381667
STARLINK-2125
1 38240U 98065A   24100.00000000 -.00022620  00000-0  13156-2 0  1007
2 38240  50.0000 258.5915 0000000   0.0000  63.0195 15.21981948771182
STARLINK-2126
1 72492U 98065A   24100.00000000 -.00022620  00000-0  13156-2 0  1002
2 72492  50.0000 258.5915 0000000   0.0000  80.1623 15.21981948456437
STARLINK-2127
1 31143U 98065A   24100.00000000 -.00022620  00000-0  13156-2 0  1003
2 31143  50.0000 258.5915 0000000   0.0000  97.3052 15.21981948855452
STARLINK-2128
1 12188U 98065A   24100.00000000 -.00022620  00000-0  13156-2 0  1003
2 12188  50.0000 258.5915 0000000   0.0000 114.4481 15.21981948733958
STARLINK-2129
1 70057U 98065A   24100.00000000 -.00022620  00000-0  13156-2 0  1003
2 70057  50.0000 258.5915 0000000   0.0000 131.5909 15.21981948663081
STARLINK-2130
1 19591U 98065A   24100.00000000 -.00022620  00000-0  13156-2 0  1001
2 19591  50.0000 258.5915 0000000   0.0000 148.7338 15.21981948934237
STARLINK-2131
1 56699U 98065A   24100.00000000 -.00022620  00000-0  13156-2 0  1007
2 56699  50.0000 258.5915 0000000   0.0000 165.8766 15.21981948263533
STARLINK-2132
1 15407U 98065A   24100.00000000 -.00022620  00000-0  13156-2 0  1008
2 15407  50.0000 258.5915 0000000   0.0000 183.0195 15.21981948431161
STARLINK-2133
1 58944U 98065A   24100.00000000 -.00022620  00000-0  13156-2 0  1003
2 58944  50.0000 258.5915 0000000   0.0000 200.1623 15.21981948488288
STARLINK-2134
1 34740U 98065A   24100.00000000 -.00022620  00000-0  13156-2 0  1006
2 34740  50.0000 258.5915 0000000   0.0000 217.3052 15.21981948238385
STARLINK-2135
1 76067U 98065A   24100.00000000 -.00022620  00000-0  13156-2 0  1003
2 76067  50.0000 258.5915 0000000   0.0000 234.4481 15.21981948282737
STARLINK-2136
1 61631U 98065A   24100.00000000 -.00022620  00000-0  13156-2 0  1003
2 61631  50.0000 258.5915 0000000   0.0000 251.5909 15.21981948939647
STARLINK-2137
1 29226U 98065A   24100.00000000 -.00022620  00000-0  13156-2 0  1008
2 29226  50.0000 258.5915 0000000   0.0000 268.7338 15.21981948827835
STARLINK-2138
1 29815U 98065A   24100.00000000 -.00022620  00000-0  13156-2 0  1001
2 29815  50.0000 258.5915 0000000   0.0000 285.8766 15.21981948534937
STARLINK-2139
1 15027U 98065A   24100.00000000 -.00022620  00000-0  13156-2 0  1008
2 15027  50.0000 258.5915 0000000   0.0000 303.0195 15.21981948903362
STARLINK-2140
1 59227U 98065A   24100.00000000 -.00022620  00000-0  13156-2 0  1000
2 59227  50.0000 258.5915 0000000   0.0000 320.1623 15.21981948872987
STARLINK-2141
1 64939U 98065A   24100.00000000 -.00022620  00000-0  13156-2 0  1005
2 64939  50.0000 258.5915 0000000   0.0000 337.3052 15.21981948737766
STARLINK-2142
1 17414U 98065A   24100.00000000 -.00022620  00000-0  13156-2 0  1005
2 17414  50.0000 258.5915 0000000   0.0000 354.4481 15.21981948602326
STARLINK-2143
1 57294U 98065A   24100.00000000 -.00022620  00000-0  13156-2 0  1007
2 57294  50.0000 258.5915 0000000   0.0000  11.5909 15.21981948708938
STARLINK-2144
1 77548U 98065A   24100.00000000 -.00022620  00000-0  13156-2 0  1001
2 77548  50.0000 263.6620 0000000   0.0000  11.8182 15.21981948294648
STARLINK-2145
1 31925U 98065A   24100.00000000 -.00022620  00000-0  13156-2 0  1004
2 31925  50.0000 263.6620 0000000   0.0000  28.9610 15.21981948750492
STARLINK-2146
1 20526U 98065A   24100.00000000 -.00022620  00000-0  13156-2 0  1006
2 20526  50.0000 263.6620 0000000   0.0000  46.1039 15.21981948751360
STARLINK-2147
1 32452U 98065A   24100.00000000 -.00022620  00000-0  13156-2 0  1004
2 32452  50.0000 263.6620 0000000   0.0000  63.2468 15.21981948153005
STARLINK-2148
1 38672U 98065A   24100.00000000 -.00022620  00000-0  13156-2 0  1007
2 38672  50.0000 263.6620 0000000   0.0000  80.3896 15.21981948740588
STARLINK-2149
1 46349U 98065A   24100.00000000 -.00022620  00000-0  13156-2 0  1003
2 46349  50.0000 263.6620 0000000   0.0000  97.5325 15.21981948907513
STARLINK-2150
1 92958U 98065A   24100.00000000 -.00022620  00000-0  13156-2 0  1006
2 92958  50.0000 263.6620 0000000   0.0000 114.6753 15.21981948222755
STARLINK-2151
1 22610U 98065A   24100.00000000 -.00022620  00000-0  13156-2 0  1004
2 22610  50.0000 263.6620 0000000   0.0000 131.8182 15.21981948680543
STARLINK-2152
1 76216U 98065A   24100.00000000 -.00022620  00000-0  13156-2 0  1007
2 76216  50.0000 263.6620 0000000   0.0000 148.9610 15.21981948308557
STARLINK-2153
1 77567U 98065A   24100.00000000 -.00022620  00000-0  13156-2 0  1004
2 77567  50.0000 263.6620 0000000   0.0000 166.1039 15.21981948245562
STARLINK-2154
1 79237U 98065A   24100.00000000 -.00022620  00000-0  13156-2 0  1008
2 79237  50.0000 263.6620 0000000   0.0000 183.2468 15.21981948873247
STARLINK-2155
1 51922U 98065A   24100.00000000 -.00022620  00000-0  13156-2 0  1007
2 51922  50.0000 263.6620 0000000   0.0000 200.3896 15.21981948976582
STARLINK-2156
1 25994U 98065A   24100.00000000 -.00022620  00000-0  13156-2 0  1003
2 25994  50.0000 263.6620 0000000   0.0000 217.5325 15.21981948849232
STARLINK-2157
1 86193U 98065A   24100.00000000 -.00022620  00000-0  13156-2 0  1004
2 86193  50.0000 263.6620 0000000   0.0000 234.6753 15.21981948536636
STARLINK-2158
1 46373U 98065A   24100.00000000 -.00022620  00000-0  13156-2 0  1007
2 46373  50.0000 263.6620 0000000   0.0000 251.8182 15.21981948646536
STARLINK-2159
1 71481U 98065A   24100.00000000 -.00022620  00000-0  13156-2 0  1002
2 71481  50.0000 263.6620 0000000   0.0000 268.9610 15.21981948243890
STARLINK-2160
1 64238U 98065A   24100.00000000 -.00022620  00000-0  13156-2 0  1008
2 64238  50.0000 263.6620 0000000   0.0000 286.1039 15.21981948271267
STARLINK-2161
1 95318U 98065A   24100.00000000 -.00022620  00000-0  13156-2 0  1008
2 95318  50.0000 263.6620 0000000   0.0000 303.2468 15.21981948236482
STARLINK-2162
1 45327U 98065A   24100.00000000 -.00022620  00000-0  13156-2 0  1006
2 45327  50.0000 263.6620 0000000   0.0000 320.3896 15.21981948705073
STARLINK-2163
1 51065U 98065A   24100.00000000 -.00022620  00000-0  13156-2 0  1006
2 51065  50.0000 263.6620 0000000   0.0000 337.5325 15.21981948634048
STARLINK-2164
1 20048U 98065A   24100.00000000 -.00022620  00000-0  13156-2 0  1006
2 20048  50.0000 263.6620 0000000   0.0000 354.6753 15.21981948121946
STARLINK-2165
1 10432U 98065A   24100.00000000 -.00022620  00000-0  13156-2 0  1004
2 10432  50.0000 263.6620 0000000   0.0000  11.8182 15.21981948320453
STARLINK-2166
1 16616U 98065A   24100.00000000 -.00022620  00000-0  13156-2 0  1006
2 16616  50.0000 268.7324 0000000   0.0000  12.0455 15.21981948482514
STARLINK-2167
1 55888U 98065A   24100.00000000 -.00022620  00000-0  13156-2 0  1001
2 55888  50.0000 268.7324 0000000   0.0000  29.1883 15.21981948801295
STARLINK-2168
1 73222U 98065A   24100.00000000 -.00022620  00000-0  13156-2 0  1006
2 73222  50.0000 268.7324 0000000   0.0000  46.3312 15.21981948282650
STARLINK-2169
1 14796U 98065A   24100.00000000 -.00022620  00000-0  13156-2 0  1001
2 14796  50.0000 268.7324 0000000   0.0000  63.4740 15.21981948495453
STARLINK-2170
1 41020U 98065A   24100.00000000 -.00022620  00000-0  13156-2 0  1000
2 41020  50.0000 268.7324 0000000   0.0000  80.6169 15.21981948614876
STARLINK-2171
1 19022U 98065A   24100.00000000 -.00022620  00000-0  13156-2 0  1003
2 19022  50.0000 268.7324 0000000   0.0000  97.7597 15.21981948601671
STARLINK-2172
1 56299U 98065A   24100.00000000 -.00022620  00000-0  13156-2 0  1000
2 56299  50.0000 268.7324 0000000   0.0000 114.9026 15.21981948109605
STARLINK-2173
1 83118U 98065A   24100.00000000 -.00022620  00000-0  13156-2 0  1005
2 83118  50.0000 268.7324 0000000   0.0000 132.0455 15.21981948681681
STARLINK-2174
1 47051U 98065A   24100.00000000 -.00022620  00000-0  13156-2 0  1005
2 47051  50.0000 268.7324 0000000   0.0000 149.1883 15.21981948747643
STARLINK-2175
1 55013U 98065A   24100.00000000 -.00022620  00000-0  13156-2 0  1001
2 55013  50.0000 268.7324 0000000   0.0000 166.3312 15.21981948753491
STARLINK-2176
1 84648U 98065A   24100.00000000 -.00022620  00000-0  13156-2 0  1005
2 84648  50.0000 268.7324 0000000   0.0000 183.4740 15.21981948431948
STARLINK-2177
1 21637U 98065A   24100.00000000 -.00022620  00000-0  13156-2 0  1008
2 21637  50.0000 268.7324 0000000   0.0000 200.6169 15.21981948136705
STARLINK-2178
1 98791U 98065A   24100.00000000 -.00022620  00000-0  13156-2 0  1002
2 98791  50.0000 268.7324 0000000   0.0000 217.7597 15.21981948941348
STARLINK-2179
1 35481U 98065A   24100.00000000 -.00022620  00000-0  13156-2 0  1003
2 35481  50.0000 268.7324 0000000   0.0000 234.9026 15.21981948914687
STARLINK-2180
1 22947U 98065A   24100.00000000 -.00022620  00000-0  13156-2 0  1002
2 22947  50.0000 268.7324 0000000   0.0000 252.0455 15.21981948678201
STARLINK-2181
1 85910U 98065A   24100.00000000 -.00022620  00000-0  13156-2 0  1007
2 85910  50.0000 268.7324 0000000   0.0000 269.1883 15.21981948138114
STARLINK-2182
1 77948U 98065A   24100.00000000 -.00022620  00000-0  13156-2 0  1008
2 77948  50.0000 268.7324 0000000   0.0000 286.3312 15.21981948543742
STARLINK-2183
1 17259U 98065A   24100.00000000 -.00022620  00000-0  13156-2 0  1003
2 17259  50.0000 268.7324 0000000   0.0000 303.4740 15.21981948189637
STARLINK-2184
1 27083U 98065A   24100.00000000 -.00022620  00000-0  13156-2 0  1007
2 27083  50.0000 268.7324 0000000   0.0000 320.6169 15.21981948612825
STARLINK-2185
1 73415U 98065A   24100.00000000 -.00022620  00000-0  13156-2 0  1000
2 73415  50.0000 268.7324 0000000   0.0000 337.7597 15.21981948272203
STARLINK-2186
1 26476U 98065A   24100.00000000 -.00022620  00000-0  13156-2 0  1004
2 26476  50.0000 268.7324 0000000   0.0000 354.9026 15.21981948237767
STARLINK-2187
1 36921U 98065A   24100.00000000 -.00022620  00000-0  13156-2 0  1005
2 36921  50.0000 268.7324 0000000   0.0000  12.0455 15.21981948568511
STARLINK-2188
1 94563U 98065A   24100.00000000 -.00022620  00000-0  13156-2 0  1007
2 94563  50.0000 273.8028 0000000   0.0000  12.2727 15.21981948414250
STARLINK-2189
1 63233U 98065A   24100.00000000 -.00022620  00000-0  13156-2 0  1007
2 63233  50.0000 273.8028 0000000   0.0000  29.4156 15.21981948188622
STARLINK-2190
1 15176U 98065A   24100.00000000 -.00022620  00000-0  13156-2 0  1003
2 15176  50.0000 273.8028 0000000   0.0000  46.5584 15.21981948549435
STARLINK-2191
1 10961U 98065A   24100.00000000 -.00022620  00000-0  13156-2 0  1004
2 10961  50.0000 273.8028 0000000   0.0000  63.7013 15.21981948704142
STARLINK-2192
1 84809U 98065A   24100.00000000 -.00022620  00000-0  13156-2 0  1002
2 84809  50.0000 273.8028 0000000   0.0000  80.8442 15.21981948941181
STARLINK-2193
1 43614U 98065A   24100.00000000 -.00022620  00000-0  13156-2 0  1008
2 43614  50.0000 273.8028 0000000   0.0000  97.9870 15.21981948645541
STARLINK-2194
1 81968U 98065A   24100.00000000 -.00022620  00000-0  13156-2 0  1005
2 81968  50.0000 273.8028 0000000   0.0000 115.1299 15.21981948176014
STARLINK-2195
1 76169U 98065A   24100.00000000 -.00022620  00000-0  13156-2 0  1008
2 76169  50.0000 273.8028 0000000   0.0000 132.2727 15.21981948444552
STARLINK-2196
1 99847U 98065A   24100.00000000 -.00022620  00000-0  13156-2 0  1004
2 99847  50.0000 273.8028 0000000   0.0000 149.4156 15.21981948379164
STARLINK-2197
1 96874U 98065A   24100.00000000 -.00022620  00000-0  13156-2 0  1003
2 96874  50.0000 273.8028 0000000   0.0000 166.5584 15.21981948352954
STARLINK-2198
1 41297U 98065A   24100.00000000 -.00022620  00000-0  13156-2 0  1001
2 41297  50.0000 273.8028 0000000   0.0000 183.7013 15.21981948254383
STARLINK-2199
1 40668U 98065A   24100.00000000 -.00022620  00000-0  13156-2 0  1005
2 40668  50.0000 273.8028 0000000   0.0000 200.8442 15.21981948356580
STARLINK-2200
1 50550U 98065A   24100.00000000 -.00022620  00000-0  13156-2 0  1008
2 50550  50.0000 273.8028 0000000   0.0000 217.9870 15.21981948357961
STARLINK-2201
1 80612U 98065A   24100.00000000 -.00022620  00000-0  13156-2 0  1008
2 80612  50.0000 273.8028 0000000   0.0000 235.1299 15.21981948501954
STARLINK-2202
1 10186U 98065A   24100.00000000 -.00022620  00000-0  13156-2 0  1000
2 10186  50.0000 273.8028 0000000   0.0000 252.2727 15.21981948478980
STARLINK-2203
1 64326U 98065A   24100.00000000 -.00022620  00000-0  13156-2 0  1004
2 64326  50.0000 273.8028 0000000   0.0000 269.4156 15.21981948295057
STARLINK-2204
1 55287U 98065A   24100.00000000 -.00022620  00000-0  13156-2 0  1002
2 55287  50.0000 273.8028 0000000   0.0000 286.5584 15.21981948473791
STARLINK-2205
1 60614U 98065A   24100.00000000 -.00022620  00000-0  13156-2 0  1005
2 60614  50.0000 273.8028 0000000   0.0000 303.7013 15.21981948673165
STARLINK-2206
1 37307U 98065A   24100.00000000 -.00022620  00000-0  13156-2 0  1008
2 37307  50.0000 273.8028 0000000   0.0000 320.8442 15.21981948372720
STARLINK-2207
1 30369U 98065A   24100.00000000 -.00022620  00000-0  13156-2 0  1008
2 30369  50.0000 273.8028 0000000   0.0000 337.9870 15.21981948862077
STARLINK-2208
1 61378U 98065A   24100.00000000 -.00022620  00000-0  13156-2 0  1003
2 61378  50.0000 273.8028 0000000   0.0000 355.1299 15.21981948962584
STARLINK-2209
1 13014U 98065A   24100.00000000 -.00022620  00000-0  13156-2 0  1006
2 13014  50.0000 273.8028 0000000   0.0000  12.2727 15.21981948477230
STARLINK-2210
1 43998U 98065A   24100.00000000 -.00022620  00000-0  13156-2 0  1003
2 43998  50.0000 278.8732 0000000   0.0000  12.5000 15.21981948281785
STARLINK-2211
1 93175U 98065A   24100.00000000 -.00022620  00000-0  13156-2 0  1002
2 93175  50.0000 278.8732 0000000   0.0000  29.6429 15.21981948699583
STARLINK-2212
1 60468U 98065A   24100.00000000 -.00022620  00000-0  13156-2 0  1005
2 60468  50.0000 278.8732 0000000   0.0000  46.7857 15.21981948257921
STARLINK-2213
1 30741U 98065A   24100.00000000 -.00022620  00000-0  13156-2 0  1002
2 30741  50.0000 278.8732 0000000   0.0000  63.9286 15.21981948341513
STARLINK-2214
1 25479U 98065A   24100.00000000 -.00022620  00000-0  13156-2 0  1007
2 25479  50.0000 278.8732 0000000   0.0000  81.0714 15.21981948811212
STARLINK-2215
1 19983U 98065A   24100.00000000 -.00022620  00000-0  13156-2 0  1008
2 19983  50.0000 278.8732 0000000   0.0000  98.2143 15.21981948995634
STARLINK-2216
1 30606U 98065A   24100.00000000 -.00022620  00000-0  13156-2 0  1003
2 30606  50.0000 278.8732 0000000   0.0000 115.3571 15.21981948626611
STARLINK-2217
1 96398U 98065A   24100.00000000 -.00022620  00000-0  13156-2 0  1007
2 96398  50.0000 278.8732 0000000   0.0000 132.5000 15.21981948379137
STARLINK-2218
1 52725U 98065A   24100.00000000 -.00022620  00000-0  13156-2 0  1000
2 52725  50.0000 278.8732 0000000   0.0000 149.6429 15.21981948798515
STARLINK-2219
1 69340U 98065A   24100.00000000 -.00022620  00000-0  13156-2 0  1007
2 69340  50.0000 278.8732 0000000   0.0000 166.7857 15.21981948145907
STARLINK-2220
1 25963U 98065A   24100.00000000 -.00022620  00000-0  13156-2 0  1006
2 25963  50.0000 278.8732 0000000   0.0000 183.9286 15.21981948912023
STARLINK-2221
1 29064U 98065A   24100.00000000 -.00022620  00000-0  13156-2 0  1003
2 29064  50.0000 278.8732 0000000   0.0000 201.0714 15.21981948436306
STARLINK-2222
1 20601U 98065A   24100.00000000 -.00022620  00000-0  13156-2 0  1002
2 20601  50.0000 278.8732 0000000   0.0000 218.2143 15.21981948326764
STARLINK-2223
1 61288U 98065A   24100.00000000 -.00022620  00000-0  13156-2 0  1002
2 61288  50.0000 278.8732 0000000   0.0000 235.3571 15.21981948903308
STARLINK-2224
1 22764U 98065A   24100.00000000 -.00022620  00000-0  13156-2 0  1004
2 22764  50.0000 278.8732 0000000   0.0000 252.5000 15.21981948456540
STARLINK-2225
1 77931U 98065A   24100.00000000 -.00022620  00000-0  13156-2 0  1001
2 77931  50.0000 278.8732 0000000   0.0000 269.6429 15.21981948460402
STARLINK-2226
1 16050U 98065A   24100.00000000 -.00022620  00000-0  13156-2 0  1000
2 16050  50.0000 278.8732 0000000   0.0000 286.7857 15.21981948547010
STARLINK-2227
1 41218U 98065A   24100.00000000 -.00022620  00000-0  13156-2 0  1007
2 41218  50.0000 278.8732 0000000   0.0000 303.9286 15.21981948592887
STARLINK-2228
1 30739U 98065A   24100.00000000 -.00022620  00000-0  13156-2 0  1004
2 30739  50.0000 278.8732 0000000   0.0000 321.0714 15.21981948807633
STARLINK-2229
1 31663U 98065A   24100.00000000 -.00022620  00000-0  13156-2 0  1002
2 31663  50.0000 278.8732 0000000   0.0000 338.2143 15.21981948634713
STARLINK-2230
1 91208U 98065A   24100.00000000 -.00022620  00000-0  13156-2 0  1006
2 91208  50.0000 278.8732 0000000   0.0000 355.3571 15.21981948643186
STARLINK-2231
1 11954U 98065A   24100.00000000 -.00022620  00000-0  13156-2 0  1004
2 11954  50.0000 278.8732 0000000   0.0000  12.5000 15.21981948620195
STARLINK-2232
1 70168U 98065A   24100.00000000 -.00022620  00000-0  13156-2 0  1005
2 70168  50.0000 283.9437 0000000   0.0000  12.7273 15.21981948552864
STARLINK-2233
1 54024U 98065A   24100.00000000 -.00022620  00000-0  13156-2 0  1000
2 54024  50.0000 283.9437 0000000   0.0000  29.8701 15.21981948143214
STARLINK-2234
1 59235U 98065A   24100.00000000 -.00022620  00000-0  13156-2 0  1001
2 59235  50.0000 283.9437 0000000   0.0000  47.0130 15.21981948328843
STARLINK-2235
1 98661U 98065A   24100.00000000 -.00022620  00000-0  13156-2 0  1001
2 98661  50.0000 283.9437 0000000   0.0000  64.1558 15.21981948661044
STARLINK-2236
1 20593U 98065A   24100.00000000 -.00022620  00000-0  13156-2 0  1000
2 20593  50.0000 283.9437 0000000   0.0000  81.2987 15.21981948765757
STARLINK-2237
1 87037U 98065A   24100.00000000 -.00022620  00000-0  13156-2 0  1008
2 87037  50.0000 283.9437 0000000   0.0000  98.4416 15.21981948244494
STARLINK-2238
1 70039U 98065A   24100.00000000 -.00022620  00000-0  13156-2 0  1001
2 70039  50.0000 283.9437 0000000   0.0000 115.5844 15.21981948983655
STARLINK-2239
1 58044U 98065A   24100.00000000 -.00022620  00000-0  13156-2 0  1004
2 58044  50.0000 283.9437 0000000   0.0000 132.7273 15.21981948979452
STARLINK-2240
1 86350U 98065A   24100.00000000 -.00022620  00000-0  13156-2 0  1007
2 86350  50.0000 283.9437 0000000   0.0000 149.8701 15.21981948207766
STARLINK-2241
1 18001U 98065A   24100.00000000 -.00022620  00000-0  13156-2 0  1006
2 18001  50.0000 283.9437 0000000   0.0000 167.0130 15.21981948674404
STARLINK-2242
1 28335U 98065A   24100.00000000 -.00022620  00000-0  13156-2 0  1000
2 28335  50.0000 283.9437 0000000   0.0000 184.1558 15.21981948590156
STARLINK-2243
1 94674U 98065A   24100.00000000 -.00022620  00000-0  13156-2 0  1007
2 94674  50.0000 283.9437 0000000   0.0000 201.2987 15.21981948850596
STARLINK-2244
1 87371U 98065A   24100.00000000 -.00022620  00000-0  13156-2 0  1002
2 87371  50.0000 283.9437 0000000   0.0000 218.4416 15.21981948183916
STARLINK-2245
1 46883U 98065A   24100.00000000 -.00022620  00000-0  13156-2 0  1006
2 46883  50.0000 283.9437 0000000   0.0000 235.5844 15.21981948726505
STARLINK-2246
1 62037U 98065A   24100.00000000 -.00022620  00000-0  13156-2 0  1005
2 62037  50.0000 283.9437 0000000   0.0000 252.7273 15.21981948933924
STARLINK-2247
1 45263U 98065A   24100.00000000 -.00022620  00000-0  13156-2 0  1002
2 45263  50.0000 283.9437 0000000   0.0000 269.8701 15.21981948448213
STARLINK-2248
1 87064U 98065A   24100.00000000 -.00022620  00000-0  13156-2 0  1002
2 87064  50.0000 283.9437 0000000   0.0000 287.0130 15.21981948328594
STARLINK-2249
1 47940U 98065A   24100.00000000 -.00022620  00000-0  13156-2 0  1006
2 47940  50.0000 283.9437 0000000   0.0000 304.1558 15.21981948419458
STARLINK-2250
1 36291U 98065A   24100.00000000 -.00022620  00000-0  13156-2 0  1000
2 36291  50.0000 283.9437 0000000   0.0000 321.2987 15.21981948514570
STARLINK-2251
1 83547U 98065A   24100.00000000 -.00022620  00000-0  13156-2 0  1005
2 83547  50.0000 283.9437 0000000   0.0000 338.4416 15.21981948339473
STARLINK-2252
1 56131U 98065A   24100.00000000 -.00022620  00000-0  13156-2 0  1000
2 56131  50.0000 283.9437 0000000   0.0000 355.5844 15.21981948106933
STARLINK-2253
1 36122U 98065A   24100.00000000 -.00022620  00000-0  13156-2 0  1004
2 36122  50.0000 283.9437 0000000   0.0000  12.7273 15.21981948144763
STARLINK-2254
1 42655U 98065A   24100.00000000 -.00022620  00000-0  13156-2 0  1008
2 42655  50.0000 289.0141 0000000   0.0000  12.9545 15.21981948403250
STARLINK-2255
1 64451U 98065A   24100.00000000 -.00022620  00000-0  13156-2 0  1003
2 64451  50.0000 289.0141 0000000   0.0000  30.0974 15.21981948959390
STARLINK-2256
1 51093U 98065A   24100.00000000 -.00022620  00000-0  13156-2 0  1008
2 51093  50.0000 289.0141 0000000   0.0000  47.2403 15.21981948364412
STARLINK-2257
1 45677U 98065A   24100.00000000 -.00022620  00000-0  13156-2 0  1006
2 45677  50.0000 289.0141 0000000   0.0000  64.3831 15.21981948386625
STARLINK-2258
1 70626U 98065A   24100.00000000 -.00022620  00000-0  13156-2 0  1006
2 70626  50.0000 289.0141 0000000   0.0000  81.5260 15.21981948205172
STARLINK-2259
1 54494U 98065A   24100.00000000 -.00022620  00000-0  13156-2 0  1004
2 54494  50.0000 289.0141 0000000   0.0000  98.6688 15.21981948553972
STARLINK-2260
1 41407U 98065A   24100.00000000 -.00022620  00000-0  13156-2 0  1005
2 41407  50.0000 289.0141 0000000   0.0000 115.8117 15.21981948797252
STARLINK-2261
1 69796U 98065A   24100.00000000 -.00022620  00000-0  13156-2 0  1000
2 69796  50.0000 289.0141 0000000   0.0000 132.9545 15.21981948162242
STARLINK-2262
1 25946U 98065A   24100.00000000 -.00022620  00000-0  13156-2 0  1006
2 25946  50.0000 289.0141 0000000   0.0000 150.0974 15.21981948756110
STARLINK-2263
1 39126U 98065A   24100.00000000 -.00022620  00000-0  13156-2 0  1002
2 39126  50.0000 289.0141 0000000   0.0000 167.2403 15.21981948120727
STARLINK-2264
1 73513U 98065A   24100.00000000 -.00022620  00000-0  13156-2 0  1004
2 73513  50.0000 289.0141 0000000   0.0000 184.3831 15.21981948547972
STARLINK-2265
1 96635U 98065A   24100.00000000 -.00022620  00000-0  13156-2 0  1002
2 96635  50.0000 289.0141 0000000   0.0000 201.5260 15.21981948327324
STARLINK-2266
1 38394U 98065A   24100.00000000 -.00022620  00000-0  13156-2 0  1000
2 38394  50.0000 289.0141 0000000   0.0000 218.6688 15.21981948215682
STARLINK-2267
1 56597U 98065A   24100.00000000 -.00022620  00000-0  13156-2 0  1004
2 56597  50.0000 289.0141 0000000   0.0000 235.8117 15.21981948189242
STARLINK-2268
1 66176U 98065A   24100.00000000 -.00022620  00000-0  13156-2 0  1008
2 66176  50.0000 289.0141 0000000   0.0000 252.9545 15.21981948872607
STARLINK-2269
1 90312U 98065A   24100.00000000 -.00022620  00000-0  13156-2 0  1001
2 90312  50.0000 289.0141 0000000   0.0000 270.0974 15.21981948758678
STARLINK-2270
1 96458U 98065A   24100.00000000 -.00022620  00000-0  13156-2 0  1005
2 96458  50.0000 289.0141 0000000   0.0000 287.2403 15.21981948767630
STARLINK-2271
1 92735U 98065A   24100.00000000 -.00022620  00000-0  13156-2 0  1008
2 92735  50.0000 289.0141 0000000   0.0000 304.3831 15.21981948728163
STARLINK-2272
1 37545U 98065A   24100.00000000 -.00022620  00000-0  13156-2 0  1006
2 37545  50.0000 289.0141 0000000   0.0000 321.5260 15.21981948319682
STARLINK-2273
1 86386U 98065A   24100.00000000 -.00022620  00000-0  13156-2 0  1000
2 86386  50.0000 289.0141 0000000   0.0000 338.6688 15.21981948688267
STARLINK-2274
1 81597U 98065A   24100.00000000 -.00022620  00000-0  13156-2 0  1002
2 81597  50.0000 289.0141 0000000   0.0000 355.8117 15.21981948800150
STARLINK-2275
1 65637U 98065A   24100.00000000 -.00022620  00000-0  13156-2 0  1002
2 65637  50.0000 289.0141 0000000   0.0000  12.9545 15.21981948812100
STARLINK-2276
1 33482U 98065A   24100.00000000 -.00022620  00000-0  13156-2 0  1007
2 33482  50.0000 294.0845 0000000   0.0000  13.1818 15.21981948297611
STARLINK-2277
1 42652U 98065A   24100.00000000 -.00022620  00000-0  13156-2 0  1008
2 42652  50.0000 294.0845 0000000   0.0000  30.3247 15.21981948309255
STARLINK-2278
1 23552U 98065A   24100.00000000 -.00022620  00000-0  13156-2 0  1001
2 23552  50.0000 294.0845 0000000   0.0000  47.4675 15.21981948553563
STARLINK-2279
1 19365U 98065A   24100.00000000 -.00022620  00000-0  13156-2 0  1004
2 19365  50.0000 294.0845 0000000   0.0000  64.6104 15.21981948142023
STARLINK-2280
1 93630U 98065A   24100.00000000 -.00022620  00000-0  13156-2 0  1002
2 93630  50.0000 294.0845 0000000   0.0000  81.7532 15.21981948471158
STARLINK-2281
1 43649U 98065A   24100.00000000 -.00022620  00000-0  13156-2 0  1002
2 43649  50.0000 294.0845 0000000   0.0000  98.8961 15.21981948630590
STARLINK-2282
1 22503U 98065A   24100.00000000 -.00022620  00000-0  13156-2 0  1008
2 22503  50.0000 294.0845 0000000   0.0000 116.0390 15.21981948681572
STARLINK-2283
1 11302U 98065A   24100.00000000 -.00022620  00000-0  13156-2 0  1003
2 11302  50.0000 294.0845 0000000   0.0000 133.1818 15.21981948971250
STARLINK-2284
1 57397U 98065A   24100.00000000 -.00022620  00000-0  13156-2 0  1007
2 57397  50.0000 294.0845 0000000   0.0000 150.3247 15.21981948341118
STARLINK-2285
1 97363U 98065A   24100.00000000 -.00022620  00000-0  13156-2 0  1002
2 97363  50.0000 294.0845 0000000   0.0000 167.4675 15.21981948243942
STARLINK-2286
1 89651U 98065A   24100.00000000 -.00022620  00000-0  13156-2 0  1004
2 89651  50.0000 294.0845 0000000   0.0000 184.6104 15.21981948219325
STARLINK-2287
1 54350U 98065A   24100.00000000 -.00022620  00000-0  13156-2 0  1005
2 54350  50.0000 294.0845 0000000   0.0000 201.7532 15.21981948565493
STARLINK-2288
1 42761U 98065A   24100.00000000 -.00022620  00000-0  13156-2 0  1005
2 42761  50.0000 294.0845 0000000   0.0000 218.8961 15.21981948542287
STARLINK-2289
1 32406U 98065A   24100.00000000 -.00022620  00000-0  13156-2 0  1000
2 32406  50.0000 294.0845 0000000   0.0000 236.0390 15.21981948806116
STARLINK-2290
1 92706U 98065A   24100.00000000 -.00022620  00000-0  13156-2 0  1007
2 92706  50.0000 294.0845 0000000   0.0000 253.1818 15.21981948112493
STARLINK-2291
1 32910U 98065A   24100.00000000 -.00022620  00000-0  13156-2 0  1008
2 32910  50.0000 294.0845 0000000   0.0000 270.3247 15.21981948823550
STARLINK-2292
1 74842U 98065A   24100.00000000 -.00022620  00000-0  13156-2 0  1001
2 74842  50.0000 294.0845 0000000   0.0000 287.4675 15.21981948329035
STARLINK-2293
1 80964U 98065A   24100.00000000 -.00022620  00000-0  13156-2 0  1006
2 80964  50.0000 294.0845 0000000   0.0000 304.6104 15.21981948919918
STARLINK-2294
1 66874U 98065A   24100.00000000 -.00022620  00000-0  13156-2 0  1001
2 66874  50.0000 294.0845 0000000   0.0000 321.7532 15.21981948604528
STARLINK-2295
1 78721U 98065A   24100.00000000 -.00022620  00000-0  13156-2 0  1000
2 78721  50.0000 294.0845 0000000   0.0000 338.8961 15.21981948516512
STARLINK-2296
1 92337U 98065A   24100.00000000 -.00022620  00000-0  13156-2 0  1006
2 92337  50.0000 294.0845 0000000   0.0000 356.0390 15.21981948710097
STARLINK-2297
1 47120U 98065A   24100.00000000 -.00022620  00000-0  13156-2 0  1001
2 47120  50.0000 294.0845 0000000   0.0000  13.1818 15.21981948889397
STARLINK-2298
1 24060U 98065A   24100.00000000 -.00022620  00000-0  13156-2 0  1008
2 24060  50.0000 299.1549 0000000   0.0000  13.4091 15.21981948973987
STARLINK-2299
1 15556U 98065A   24100.00000000 -.00022620  00000-0  13156-2 0  1002
2 15556  50.0000 299.1549 0000000   0.0000  30.5519 15.21981948587832
STARLINK-2300
1 92381U 98065A   24100.00000000 -.00022620  00000-0  13156-2 0  1008
2 92381  50.0000 299.1549 0000000   0.0000  47.6948 15.21981948902771
STARLINK-2301
1 75715U 98065A   24100.00000000 -.00022620  00000-0  13156-2 0  1006
2 75715  50.0000 299.1549 0000000   0.0000  64.8377 15.21981948612723
STARLINK-2302
1 62766U 98065A   24100.00000000 -.00022620  00000-0  13156-2 0  1005
2 62766  50.0000 299.1549 0000000   0.0000  81.9805 15.21981948603184
STARLINK-2303
1 12069U 98065A   24100.00000000 -.00022620  00000-0  13156-2 0  1005
2 12069  50.0000 299.1549 0000000   0.0000  99.1234 15.21981948507928
STARLINK-2304
1 61256U 98065A   24100.00000000 -.00022620  00000-0  13156-2 0  1006
2 61256  50.0000 299.1549 0000000   0.0000 116.2662 15.21981948399220
STARLINK-2305
1 71409U 98065A   24100.00000000 -.00022620  00000-0  13156-2 0  1007
2 71409  50.0000 299.1549 0000000   0.0000 133.4091 15.21981948138538
STARLINK-2306
1 81098U 98065A   24100.00000000 -.00022620  00000-0  13156-2 0  1006
2 81098  50.0000 299.1549 0000000   0.0000 150.5519 15.21981948542004
STARLINK-2307
1 40435U 98065A   24100.00000000 -.00022620  00000-0  13156-2 0  1008
2 40435  50.0000 299.1549 0000000   0.0000 167.6948 15.21981948193402
STARLINK-2308
1 44810U 98065A   24100.00000000 -.00022620  00000-0  13156-2 0  1003
2 44810  50.0000 299.1549 0000000   0.0000 184.8377 15.21981948699036
STARLINK-2309
1 94750U 98065A   24100.00000000 -.00022620  00000-0  13156-2 0  1002
2 94750  50.0000 299.1549 0000000   0.0000 201.9805 15.21981948876514
STARLINK-2310
1 89662U 98065A   24100.00000000 -.00022620  00000-0  13156-2 0  1000
2 89662  50.0000 299.1549 0000000   0.0000 219.1234 15.21981948978856
STARLINK-2311
1 56453U 98065A   24100.00000000 -.00022620  00000-0  13156-2 0  1006
2 56453  50.0000 299.1549 0000000   0.0000 236.2662 15.21981948155595
STARLINK-2312
1 16814U 98065A   24100.00000000 -.00022620  00000-0  13156-2 0  1002
2 16814  50.0000 299.1549 0000000   0.0000 253.4091 15.21981948581488
STARLINK-2313
1 70295U 98065A   24100.00000000 -.00022620  00000-0  13156-2 0  1004
2 70295  50.0000 299.1549 0000000   0.0000 270.5519 15.21981948204977
STARLINK-2314
1 57577U 98065A   24100.00000000 -.00022620  00000-0  13156-2 0  1006
2 57577  50.0000 299.1549 0000000   0.0000 287.6948 15.21981948936426
STARLINK-2315
1 12532U 98065A   24100.00000000 -.00022620  00000-0  13156-2 0  1003
2 12532  50.0000 299.1549 0000000   0.0000 304.8377 15.21981948285906
STARLINK-2316
1 57551U 98065A   24100.00000000 -.00022620  00000-0  13156-2 0  1007
2 57551  50.0000 299.1549 0000000   0.0000 321.9805 15.21981948894856
STARLINK-2317
1 36602U 98065A   24100.00000000 -.00022620  00000-0  13156-2 0  1004
2 36602  50.0000 299.1549 0000000   0.0000 339.1234 15.21981948160550
STARLINK-2318
1 55728U 98065A   24100.00000000 -.00022620  00000-0  13156-2 0  1008
2 55728  50.0000 299.1549 0000000   0.0000 356.2662 15.21981948179928
STARLINK-2319
1 64184U 98065A   24100.00000000 -.00022620  00000-0  13156-2 0  1005
2 64184  50.0000 299.1549 0000000   0.0000  13.4091 15.21981948675662
STARLINK-2320
1 97569U 98065A   24100.00000000 -.00022620  00000-0  13156-2 0  1008
2 97569  50.0000 304.2254 0000000   0.0000  13.6364 15.21981948353932
STARLINK-2321
1 13515U 98065A   24100.00000000 -.00022620  00000-0  13156-2 0  1002
2 13515  50.0000 304.2254 0000000   0.0000  30.7792 15.21981948887984
STARLINK-2322
1 32212U 98065A   24100.00000000 -.00022620  00000-0  13156-2 0  1001
2 32212  50.0000 304.2254 0000000   0.0000  47.9221 15.21981948775167
STARLINK-2323
1 47028U 98065A   24100.00000000 -.00022620  00000-0  13156-2 0  1006
2 47028  50.0000 304.2254 0000000   0.0000  65.0649 15.21981948197207
STARLINK-2324
1 70816U 98065A   24100.00000000 -.00022620  00000-0  13156-2 0  1002
2 70816  50.0000 304.2254 0000000   0.0000  82.2078 15.21981948546953
STARLINK-2325
1 18212U 98065A   24100.00000000 -.00022620  00000-0  13156-2 0  1002
2 18212  50.0000 304.2254 0000000   0.0000  99.3506 15.21981948472767
STARLINK-2326
1 31860U 98065A   24100.00000000 -.00022620  00000-0  13156-2 0  1003
2 31860  50.0000 304.2254 0000000   0.0000 116.4935 15.21981948313375
STARLINK-2327
1 69602U 98065A   24100.00000000 -.00022620  00000-0  13156-2 0  1002
2 69602  50.0000 304.2254 0000000   0.0000 133.6364 15.21981948996440
STARLINK-2328
1 86615U 98065A   24100.00000000 -.00022620  00000-0  13156-2 0  1003
2 86615  50.0000 304.2254 0000000   0.0000 150.7792 15.21981948921661
STARLINK-2329
1 44391U 98065A   24100.00000000 -.00022620  00000-0  13156-2 0  1008
2 44391  50.0000 304.2254 0000000   0.0000 167.9221 15.21981948456565
STARLINK-2330
1 72829U 98065A   24100.00000000 -.00022620  00000-0  13156-2 0  1006
2 72829  50.0000 304.2254 0000000   0.0000 185.0649 15.21981948191436
STARLINK-2331
1 93939U 98065A   24100.00000000 -.00022620  00000-0  13156-2 0  1003
2 93939  50.0000 304.2254 0000000   0.0000 202.2078 15.21981948815638
STARLINK-2332
1 26053U 98065A   24100.00000000 -.00022620  00000-0  13156-2 0  1003
2 26053  50.0000 304.2254 0000000   0.0000 219.3506 15.21981948961721
STARLINK-2333
1 78034U 98065A   24100.00000000 -.00022620  00000-0  13156-2 0  1007
2 78034  50.0000 304.2254 0000000   0.0000 236.4935 15.21981948214272
STARLINK-2334
1 23487U 98065A   24100.00000000 -.00022620  00000-0  13156-2 0  1006
2 23487  50.0000 304.2254 0000000   0.0000 253.6364 15.21981948772180
STARLINK-2335
1 66397U 98065A   24100.00000000 -.00022620  00000-0  13156-2 0  1001
2 66397  50.0000 304.2254 0000000   0.0000 270.7792 15.21981948790034
STARLINK-2336
1 87306U 98065A   24100.00000000 -.00022620  00000-0  13156-2 0  1006
2 87306  50.0000 304.2254 0000000   0.0000 287.9221 15.21981948277942
STARLINK-2337
1 40994U 98065A   24100.00000000 -.00022620  00000-0  13156-2 0  1008
2 40994  50.0000 304.2254 0000000   0.0000 305.0649 15.21981948520220
STARLINK-2338
1 72218U 98065A   24100.00000000 -.00022620  00000-0  13156-2 0  1007
2 72218  50.0000 304.2254 0000000   0.0000 322.2078 15.21981948700340
STARLINK-2339
1 83111U 98065A   24100.00000000 -.00022620  00000-0  13156-2 0  1005
2 83111  50.0000 304.2254 0000000   0.0000 339.3506 15.21981948101450
STARLINK-2340
1 44199U 98065A   24100.00000000 -.00022620  00000-0  13156-2 0  1001
2 44199  50.0000 304.2254 0000000   0.0000 356.4935 15.21981948204495
STARLINK-2341
1 94334U 98065A   24100.00000000 -.00022620  00000-0  13156-2 0  1002
2 94334  50.0000 304.2254 0000000   0.0000  13.6364 15.21981948299453
STARLINK-2342
1 63883U 98065A   24100.00000000 -.00022620  00000-0  13156-2 0  1000
2 63883  50.0000 309.2958 0000000   0.0000  13.8636 15.21981948202011
STARLINK-2343
1 21134U 98065A   24100.00000000 -.00022620  00000-0  13156-2 0  1008
2 21134  50.0000 309.2958 0000000   0.0000  31.0065 15.21981948714333
STARLINK-2344
1 85955U 98065A   24100.00000000 -.00022620  00000-0  13156-2 0  1006
2 85955  50.0000 309.2958 0000000   0.0000  48.1494 15.21981948806097
STARLINK-2345
1 48567U 98065A   24100.00000000 -.00022620  00000-0  13156-2 0  1003
2 48567  50.0000 309.2958 0000000   0.0000  65.2922 15.21981948807391
STARLINK-2346
1 99906U 98065A   24100.00000000 -.00022620  00000-0  13156-2 0  1006
2 99906  50.0000 309.2958 0000000   0.0000  82.4351 15.21981948470183
STARLINK-2347
1 37825U 98065A   24100.00000000 -.00022620  00000-0  13156-2 0  1000
2 37825  50.0000 309.2958 0000000   0.0000  99.5779 15.21981948380747
STARLINK-2348
1 95198U 98065A   24100.00000000 -.00022620  00000-0  13156-2 0  1002
2 95198  50.0000 309.2958 0000000   0.0000 116.7208 15.21981948512703
STARLINK-2349
1 45538U 98065A   24100.00000000 -.00022620  00000-0  13156-2 0  1000
2 45538  50.0000 309.2958 0000000   0.0000 133.8636 15.21981948178730
STARLINK-2350
1 35941U 98065A   24100.00000000 -.00022620  00000-0  13156-2 0  1002
2 35941  50.0000 309.2958 0000000   0.0000 151.0065 15.21981948691073
STARLINK-2351
1 28475U 98065A   24100.00000000 -.00022620  00000-0  13156-2 0  1003
2 28475  50.0000 309.2958 0000000   0.0000 168.1494 15.21981948677501
STARLINK-2352
1 52383U 98065A   24100.00000000 -.00022620  00000-0  13156-2 0  1008
2 52383  50.0000 309.2958 0000000   0.0000 185.2922 15.21981948692917
STARLINK-2353
1 67004U 98065A   24100.00000000 -.00022620  00000-0  13156-2 0  1000
2 67004  50.0000 309.2958 0000000   0.0000 202.4351 15.21981948462306
STARLINK-2354
1 95332U 98065A   24100.00000000 -.00022620  00000-0  13156-2 0  1003
2 95332  50.0000 309.2958 0000000   0.0000 219.5779 15.21981948939488
STARLINK-2355
1 37591U 98065A   24100.00000000 -.00022620  00000-0  13156-2 0  1007
2 37591  50.0000 309.2958 0000000   0.0000 236.7208 15.21981948176196
STARLINK-2356
1 40180U 98065A   24100.00000000 -.00022620  00000-0  13156-2 0  1006
2 40180  50.0000 309.2958 0000000   0.0000 253.8636 15.21981948383052
STARLINK-2357
1 31918U 98065A   24100.00000000 -.00022620  00000-0  13156-2 0  1001
2 31918  50.0000 309.2958 0000000   0.0000 271.0065 15.21981948383693
STARLINK-2358
1 72655U 98065A   24100.00000000 -.00022620  00000-0  13156-2 0  1000
2 72655  50.0000 309.2958 0000000   0.0000 288.1494 15.21981948158790
STARLINK-2359
1 60066U 98065A   24100.00000000 -.00022620  00000-0  13156-2 0  1004
2 60066  50.0000 309.2958 0000000   0.0000 305.2922 15.21981948853355
STARLINK-2360
1 50957U 98065A   24100.00000000 -.00022620  00000-0  13156-2 0  1006
2 50957  50.0000 309.2958 0000000   0.0000 322.4351 15.21981948730263
STARLINK-2361
1 26987U 98065A   24100.00000000 -.00022620  00000-0  13156-2 0  1006
2 26987  50.0000 309.2958 0000000   0.0000 339.5779 15.21981948509121
STARLINK-2362
1 54102U 98065A   24100.00000000 -.00022620  00000-0  13156-2 0  1003
2 54102  50.0000 309.2958 0000000   0.0000 356.7208 15.21981948945792
STARLINK-2363
1 61793U 98065A   24100.00000000 -.00022620  00000-0  13156-2 0  1008
2 61793  50.0000 309.2958 0000000   0.0000  13.8636 15.21981948725615
STARLINK-2364
1 41349U 98065A   24100.00000000 -.00022620  00000-0  13156-2 0  1005
2 41349  50.0000 314.3662 0000000   0.0000  14.0909 15.21981948691854
STARLINK-2365
1 61695U 98065A   24100.00000000 -.00022620  00000-0  13156-2 0  1005
2 61695  50.0000 314.3662 0000000   0.0000  31.2338 15.21981948141106
STARLINK-2366
1 61141U 98065A   24100.00000000 -.00022620  00000-0  13156-2 0  1006
2 61141  50.0000 314.3662 0000000   0.0000  48.3766 15.21981948285926
STARLINK-2367
1 35667U 98065A   24100.00000000 -.00022620  00000-0  13156-2 0  1002
2 35667  50.0000 314.3662 0000000   0.0000  65.5195 15.21981948220865
STARLINK-2368
1 24164U 98065A   24100.00000000 -.00022620  00000-0  13156-2 0  1002
2 24164  50.0000 314.3662 0000000   0.0000  82.6623 15.21981948582956
STARLINK-2369
1 95296U 98065A   24100.00000000 -.00022620  00000-0  13156-2 0  1005
2 95296  50.0000 314.3662 0000000   0.0000  99.8052 15.21981948291772
STARLINK-2370
1 97975U 98065A   24100.00000000 -.00022620  00000-0  13156-2 0  1008
2 97975  50.0000 314.3662 0000000   0.0000 116.9481 15.21981948866875
STARLINK-2371
1 18148U 98065A   24100.00000000 -.00022620  00000-0  13156-2 0  1007
2 18148  50.0000 314.3662 0000000   0.0000 134.0909 15.21981948676706
STARLINK-2372
1 82614U 98065A   24100.00000000 -.00022620  00000-0  13156-2 0  1005
2 82614  50.0000 314.3662 0000000   0.0000 151.2338 15.21981948562235
STARLINK-2373
1 66019U 98065A   24100.00000000 -.00022620  00000-0  13156-2 0  1005
2 66019  50.0000 314.3662 0000000   0.0000 168.3766 15.21981948580291
STARLINK-2374
1 11879U 98065A   24100.00000000 -.00022620  00000-0  13156-2 0  1005
2 11879  50.0000 314.3662 0000000   0.0000 185.5195 15.21981948636375
STARLINK-2375
1 54305U 98065A   24100.00000000 -.00022620  00000-0  13156-2 0  1003
2 54305  50.0000 314.3662 0000000   0.0000 202.6623 15.21981948123432
STARLINK-2376
1 72597U 98065A   24100.00000000 -.00022620  00000-0  13156-2 0  1006
2 72597  50.0000 314.3662 0000000   0.0000 219.8052 15.21981948630825
STARLINK-2377
1 68902U 98065A   24100.00000000 -.00022620  00000-0  13156-2 0  1000
2 68902  50.0000 314.3662 0000000   0.0000 236.9481 15.21981948307267
STARLINK-2378
1 88115U 98065A   24100.00000000 -.00022620  00000-0  13156-2 0  1006
2 88115  50.0000 314.3662 0000000   0.0000 254.0909 15.21981948167945
STARLINK-2379
1 70662U 98065A   24100.00000000 -.00022620  00000-0  13156-2 0  1000
2 70662  50.0000 314.3662 0000000   0.0000 271.2338 15.21981948899746
STARLINK-2380
1 20841U 98065A   24100.00000000 -.00022620  00000-0  13156-2 0  1003
2 20841  50.0000 314.3662 0000000   0.0000 288.3766 15.21981948868931
STARLINK-2381
1 47328U 98065A   24100.00000000 -.00022620  00000-0  13156-2 0  1001
2 47328  50.0000 314.3662 0000000   0.0000 305.5195 15.21981948971334
STARLINK-2382
1 45764U 98065A   24100.00000000 -.00022620  00000-0  13156-2 0  1006
2 45764  50.0000 314.3662 0000000   0.0000 322.6623 15.21981948435307
STARLINK-2383
1 44517U 98065A   24100.00000000 -.00022620  00000-0  13156-2 0  1004
2 44517  50.0000 314.3662 0000000   0.0000 339.8052 15.21981948830746
STARLINK-2384
1 27231U 98065A   24100.00000000 -.00022620  00000-0  13156-2 0  1004
2 27231  50.0000 314.3662 0000000   0.0000 356.9481 15.21981948835747
STARLINK-2385
1 34537U 98065A   24100.00000000 -.00022620  00000-0  13156-2 0  1000
2 34537  50.0000 314.3662 0000000   0.0000  14.0909 15.21981948250516
STARLINK-2386
1 62639U 98065A   24100.00000000 -.00022620  00000-0  13156-2 0  1007
2 62639  50.0000 319.4366 0000000   0.0000  14.3182 15.21981948922265
STARLINK-2387
1 81031U 98065A   24100.00000000 -.00022620  00000-0  13156-2 0  1001
2 81031  50.0000 319.4366 0000000   0.0000  31.4610 15.21981948204404
STARLINK-2388
1 37004U 98065A   24100.00000000 -.00022620  00000-0  13156-2 0  1003
2 37004  50.0000 319.4366 0000000   0.0000  48.6039 15.21981948134167
STARLINK-2389
1 59294U 98065A   24100.00000000 -.00022620  00000-0  13156-2 0  1001
2 59294  50.0000 319.4366 0000000   0.0000  65.7468 15.21981948906021
STARLINK-2390
1 67781U 98065A   24100.00000000 -.00022620  00000-0  13156-2 0  1004
2 67781  50.0000 319.4366 0000000   0.0000  82.8896 15.21981948754321
STARLINK-2391
1 79701U 98065A   24100.00000000 -.00022620  00000-0  13156-2 0  1004
2 79701  50.0000 319.4366 0000000   0.0000 100.0325 15.21981948159030
STARLINK-2392
1 20254U 98065A   24100.00000000 -.00022620  00000-0  13156-2 0  1001
2 20254  50.0000 319.4366 0000000   0.0000 117.1753 15.21981948387671
STARLINK-2393
1 35712U 98065A   24100.00000000 -.00022620  00000-0  13156-2 0  1008
2 35712  50.0000 319.4366 0000000   0.0000 134.3182 15.21981948101872
STARLINK-2394
1 73809U 98065A   24100.00000000 -.00022620  00000-0  13156-2 0  1002
2 73809  50.0000 319.4366 0000000   0.0000 151.4610 15.21981948325823
STARLINK-2395
1 94235U 98065A   24100.00000000 -.00022620  00000-0  13156-2 0  1002
2 94235  50.0000 319.4366 0000000   0.0000 168.6039 15.21981948564131
STARLINK-2396
1 43506U 98065A   24100.00000000 -.00022620  00000-0  13156-2 0  1006
2 43506  50.0000 319.4366 0000000   0.0000 185.7468 15.21981948409041
STARLINK-2397
1 91439U 98065A   24100.00000000 -.00022620  00000-0  13156-2 0  1005
2 91439  50.0000 319.4366 0000000   0.0000 202.8896 15.21981948720251
STARLINK-2398
1 38530U 98065A   24100.00000000 -.00022620  00000-0  13156-2 0  1002
2 38530  50.0000 319.4366 0000000   0.0000 220.0325 15.21981948304733
STARLINK-2399
1 91783U 98065A   24100.00000000 -.00022620  00000-0  13156-2 0  1004
2 91783  50.0000 319.4366 0000000   0.0000 237.1753 15.21981948234425
STARLINK-2400
1 48874U 98065A   24100.00000000 -.00022620  00000-0  13156-2 0  1006
2 48874  50.0000 319.4366 0000000   0.0000 254.3182 15.21981948922021
STARLINK-2401
1 54739U 98065A   24100.00000000 -.00022620  00000-0  13156-2 0  1002
2 54739  50.0000 319.4366 0000000   0.0000 271.4610 15.21981948531853
STARLINK-2402
1 31396U 98065A   24100.00000000 -.00022620  00000-0  13156-2 0  1002
2 31396  50.0000 319.4366 0000000   0.0000 288.6039 15.21981948471436
STARLINK-2403
1 14512U 98065A   24100.00000000 -.00022620  00000-0  13156-2 0  1003
2 14512  50.0000 319.4366 0000000   0.0000 305.7468 15.21981948646256
STARLINK-2404
1 72197U 98065A   24100.00000000 -.00022620  00000-0  13156-2 0  1006
2 72197  50.0000 319.4366 0000000   0.0000 322.8896 15.21981948862401
STARLINK-2405
1 61207U 98065A   24100.00000000 -.00022620  00000-0  13156-2 0  1005
2 61207  50.0000 319.4366 0000000   0.0000 340.0325 15.21981948609725
STARLINK-2406
1 71934U 98065A   24100.00000000 -.00022620  00000-0  13156-2 0  1005
2 71934  50.0000 319.4366 0000000   0.0000 357.1753 15.21981948334526
STARLINK-2407
1 17777U 98065A   24100.00000000 -.00022620  00000-0  13156-2 0  1006
2 17777  50.0000 319.4366 0000000   0.0000  14.3182 15.21981948963211
STARLINK-2408
1 14581U 98065A   24100.00000000 -.00022620  00000-0  13156-2 0  1002
2 14581  50.0000 324.5070 0000000   0.0000  14.5455 15.21981948201135
STARLINK-2409
1 71918U 98065A   24100.00000000 -.00022620  00000-0  13156-2 0  1007
2 71918  50.0000 324.5070 0000000   0.0000  31.6883 15.21981948991104
STARLINK-2410
1 94040U 98065A   24100.00000000 -.00022620  00000-0  13156-2 0  1006
2 94040  50.0000 324.5070 0000000   0.0000  48.8312 15.21981948814603
STARLINK-2411
1 31454U 98065A   24100.00000000 -.00022620  00000-0  13156-2 0  1001
2 31454  50.0000 324.5070 0000000   0.0000  65.9740 15.21981948367243
STARLINK-2412
1 88092U 98065A   24100.00000000 -.00022620  00000-0  13156-2 0  1003
2 88092  50.0000 324.5070 0000000   0.0000  83.1169 15.21981948222221
STARLINK-2413
1 83619U 98065A   24100.00000000 -.00022620  00000-0  13156-2 0  1003
2 83619  50.0000 324.5070 0000000   0.0000 100.2597 15.21981948114771
STARLINK-2414
1 95878U 98065A   24100.00000000 -.00022620  00000-0  13156-2 0  1006
2 95878  50.0000 324.5070 0000000   0.0000 117.4026 15.21981948174887
STARLINK-2415
1 43588U 98065A   24100.00000000 -.00022620  00000-0  13156-2 0  1001
2 43588  50.0000 324.5070 0000000   0.0000 134.5455 15.21981948436263
STARLINK-2416
1 50623U 98065A   24100.00000000 -.00022620  00000-0  13156-2 0  1007
2 50623  50.0000 324.5070 0000000   0.0000 151.6883 15.21981948578258
STARLINK-2417
1 63109U 98065A   24100.00000000 -.00022620  00000-0  13156-2 0  1002
2 63109  50.0000 324.5070 0000000   0.0000 168.8312 15.21981948168703
STARLINK-2418
1 27631U 98065A   24100.00000000 -.00022620  00000-0  13156-2 0  1006
2 27631  50.0000 324.5070 0000000   0.0000 185.9740 15.21981948382750
STARLINK-2419
1 33902U 98065A   24100.00000000 -.00022620  00000-0  13156-2 0  1001
2 33902  50.0000 324.5070 0000000   0.0000 203.1169 15.21981948719667
STARLINK-2420
1 68849U 98065A   24100.00000000 -.00022620  00000-0  13156-2 0  1001
2 68849  50.0000 324.5070 0000000   0.0000 220.2597 15.21981948460545
STARLINK-2421
1 19204U 98065A   24100.00000000 -.00022620  00000-0  13156-2 0  1004
2 19204  50.0000 324.5070 0000000   0.0000 237.4026 15.21981948301608
STARLINK-2422
1 88838U 98065A   24100.00000000 -.00022620  00000-0  13156-2 0  1002
2 88838  50.0000 324.5070 0000000   0.0000 254.5455 15.21981948186664
STARLINK-2423
1 24345U 98065A   24100.00000000 -.00022620  00000-0  13156-2 0  1004
2 24345  50.0000 324.5070 0000000   0.0000 271.6883 15.21981948147050
STARLINK-2424
1 57694U 98065A   24100.00000000 -.00022620  00000-0  13156-2 0  1005
2 57694  50.0000 324.5070 0000000   0.0000 288.8312 15.21981948154916
STARLINK-2425
1 78230U 98065A   24100.00000000 -.00022620  00000-0  13156-2 0  1003
2 78230  50.0000 324.5070 0000000   0.0000 305.9740 15.21981948360944
STARLINK-2426
1 23266U 98065A   24100.00000000 -.00022620  00000-0  13156-2 0  1001
2 23266  50.0000 324.5070 0000000   0.0000 323.1169 15.21981948981648
STARLINK-2427
1 12260U 98065A   24100.00000000 -.00022620  00000-0  13156-2 0  1003
2 12260  50.0000 324.5070 0000000   0.0000 340.2597 15.21981948262563
STARLINK-2428
1 92061U 98065A   24100.00000000 -.00022620  00000-0  13156-2 0  1006
2 92061  50.0000 324.5070 0000000   0.0000 357.4026 15.21981948726042
STARLINK-2429
1 76720U 98065A   24100.00000000 -.00022620  00000-0  13156-2 0  1008
2 76720  50.0000 324.5070 0000000   0.0000  14.5455 15.21981948489230
STARLINK-2430
1 26640U 98065A   24100.00000000 -.00022620  00000-0  13156-2 0  1006
2 26640  50.0000 329.5775 0000000   0.0000  14.7727 15.21981948858791
STARLINK-2431
1 30686U 98065A   24100.00000000 -.00022620  00000-0  13156-2 0  1005
2 30686  50.0000 329.5775 0000000   0.0000  31.9156 15.21981948734468
STARLINK-2432
1 49950U 98065A   24100.00000000 -.00022620  00000-0  13156-2 0  1004
2 49950  50.0000 329.5775 0000000   0.0000  49.0584 15.21981948664320
STARLINK-2433
1 95542U 98065A   24100.00000000 -.00022620  00000-0  13156-2 0  1005
2 95542  50.0000 329.5775 0000000   0.0000  66.2013 15.21981948521810
STARLINK-2434
1 82199U 98065A   24100.00000000 -.00022620  00000-0  13156-2 0  1007
2 82199  50.0000 329.5775 0000000   0.0000  83.3442 15.21981948748175
STARLINK-2435
1 54999U 98065A   24100.00000000 -.00022620  00000-0  13156-2 0  1002
2 54999  50.0000 329.5775 0000000   0.0000 100.4870 15.21981948786985
STARLINK-2436
1 45419U 98065A   24100.00000000 -.00022620  00000-0  13156-2 0  1002
2 45419  50.0000 329.5775 0000000   0.0000 117.6299 15.21981948501846
STARLINK-2437
1 74264U 98065A   24100.00000000 -.00022620  00000-0  13156-2 0  1005
2 74264  50.0000 329.5775 0000000   0.0000 134.7727 15.21981948123327
STARLINK-2438
1 28375U 98065A   24100.00000000 -.00022620  00000-0  13156-2 0  1005
2 28375  50.0000 329.5775 0000000   0.0000 151.9156 15.21981948398757
STARLINK-2439
1 37778U 98065A   24100.00000000 -.00022620  00000-0  13156-2 0  1005
2 37778  50.0000 329.5775 0000000   0.0000 169.0584 15.21981948750677
STARLINK-2440
1 85322U 98065A   24100.00000000 -.00022620  00000-0  13156-2 0  1004
2 85322  50.0000 329.5775 0000000   0.0000 186.2013 15.21981948290144
STARLINK-2441
1 99475U 98065A   24100.00000000 -.00022620  00000-0  13156-2 0  1001
2 99475  50.0000 329.5775 0000000   0.0000 203.3442 15.21981948339884
STARLINK-2442
1 82409U 98065A   24100.00000000 -.00022620  00000-0  13156-2 0  1004
2 82409  50.0000 329.5775 0000000   0.0000 220.4870 15.21981948137185
STARLINK-2443
1 22804U 98065A   24100.00000000 -.00022620  00000-0  13156-2 0  1004
2 22804  50.0000 329.5775 0000000   0.0000 237.6299 15.21981948961230
STARLINK-2444
1 75378U 98065A   24100.00000000 -.00022620  00000-0  13156-2 0  1001
2 75378  50.0000 329.5775 0000000   0.0000 254.7727 15.21981948451540
STARLINK-2445
1 31701U 98065A   24100.00000000 -.00022620  00000-0  13156-2 0  1002
2 31701  50.0000 329.5775 0000000   0.0000 271.9156 15.21981948575401
STARLINK-2446
1 87525U 98065A   24100.00000000 -.00022620  00000-0  13156-2 0  1000
2 87525  50.0000 329.5775 0000000   0.0000 289.0584 15.21981948651620
STARLINK-2447
1 28546U 98065A   24100.00000000 -.00022620  00000-0  13156-2 0  1007
2 28546  50.0000 329.5775 0000000   0.0000 306.2013 15.21981948403015
STARLINK-2448
1 89504U 98065A   24100.00000000 -.00022620  00000-0  13156-2 0  1006
2 89504  50.0000 329.5775 0000000   0.0000 323.3442 15.21981948673477
STARLINK-2449
1 88682U 98065A   24100.00000000 -.00022620  00000-0  13156-2 0  1005
2 88682  50.0000 329.5775 0000000   0.0000 340.4870 15.21981948233774
STARLINK-2450
1 97696U 98065A   24100.00000000 -.00022620  00000-0  13156-2 0  1006
2 97696  50.0000 329.5775 0000000   0.0000 357.6299 15.21981948425172
STARLINK-2451
1 62924U 98065A   24100.00000000 -.00022620  00000-0  13156-2 0  1003
2 62924  50.0000 329.5775 0000000   0.0000  14.7727 15.21981948499831
STARLINK-2452
1 99493U 98065A   24100.00000000 -.00022620  00000-0  13156-2 0  1007
2 99493  50.0000 334.6479 0000000   0.0000  15.0000 15.21981948782976
STARLINK-2453
1 98088U 98065A   24100.00000000 -.00022620  00000-0  13156-2 0  1002
2 98088  50.0000 334.6479 0000000   0.0000  32.1429 15.21981948106100
STARLINK-2454
1 94177U 98065A   24100.00000000 -.00022620  00000-0  13156-2 0  1008
2 94177  50.0000 334.6479 0000000   0.0000  49.2857 15.21981948918630
STARLINK-2455
1 51476U 98065A   24100.00000000 -.00022620  00000-0  13156-2 0  1001
2 51476  50.0000 334.6479 0000000   0.0000  66.4286 15.21981948728577
STARLINK-2456
1 16744U 98065A   24100.00000000 -.00022620  00000-0  13156-2 0  1004
2 16744  50.0000 334.6479 0000000   0.0000  83.5714 15.21981948508588
STARLINK-2457
1 75589U 98065A   24100.00000000 -.00022620  00000-0  13156-2 0  1003
2 75589  50.0000 334.6479 0000000   0.0000 100.7143 15.21981948557462
STARLINK-2458
1 76892U 98065A   24100.00000000 -.00022620  00000-0  13156-2 0  1006
2 76892  50.0000 334.6479 0000000   0.0000 117.8571 15.21981948156347
STARLINK-2459
1 41891U 98065A   24100.00000000 -.00022620  00000-0  13156-2 0  1006
2 41891  50.0000 334.6479 0000000   0.0000 135.0000 15.21981948778625
STARLINK-2460
1 50424U 98065A   24100.00000000 -.00022620  00000-0  13156-2 0  1006
2 50424  50.0000 334.6479 0000000   0.0000 152.1429 15.21981948369101
STARLINK-2461
1 33786U 98065A   24100.00000000 -.00022620  00000-0  13156-2 0  1006
2 33786  50.0000 334.6479 0000000   0.0000 169.2857 15.21981948160753
STARLINK-2462
1 66224U 98065A   24100.00000000 -.00022620  00000-0  13156-2 0  1003
2 66224  50.0000 334.6479 0000000   0.0000 186.4286 15.21981948766471
STARLINK-2463
1 55082U 98065A   24100.00000000 -.00022620  00000-0  13156-2 0  1001
2 55082  50.0000 334.6479 0000000   0.0000 203.5714 15.21981948397103
STARLINK-2464
1 63276U 98065A   24100.00000000 -.00022620  00000-0  13156-2 0  1006
2 63276  50.0000 334.6479 0000000   0.0000 220.7143 15.21981948469820
STARLINK-2465
1 34072U 98065A   24100.00000000 -.00022620  00000-0  13156-2 0  1004
2 34072  50.0000 334.6479 0000000   0.0000 237.8571 15.21981948774352
STARLINK-2466
1 17977U 98065A   24100.00000000 -.00022620  00000-0  13156-2 0  1008
2 17977  50.0000 334.6479 0000000   0.0000 255.0000 15.21981948616593
STARLINK-2467
1 77963U 98065A   24100.00000000 -.00022620  00000-0  13156-2 0  1005
2 77963  50.0000 334.6479 0000000   0.0000 272.1429 15.21981948297353
STARLINK-2468
1 74551U 98065A   24100.00000000 -.00022620  00000-0  13156-2 0  1000
2 74551  50.0000 334.6479 0000000   0.0000 289.2857 15.21981948363196
STARLINK-2469
1 51003U 98065A   24100.00000000 -.00022620  00000-0  13156-2 0  1003
2 51003  50.0000 334.6479 0000000   0.0000 306.4286 15.21981948333926
STARLINK-2470
1 91305U 98065A   24100.00000000 -.00022620  00000-0  13156-2 0  1003
2 91305  50.0000 334.6479 0000000   0.0000 323.5714 15.21981948184042
STARLINK-2471
1 70046U 98065A   24100.00000000 -.00022620  00000-0  13156-2 0  1007
2 70046  50.0000 334.6479 0000000   0.0000 340.7143 15.21981948154668
STARLINK-2472
1 63595U 98065A   24100.00000000 -.00022620  00000-0  13156-2 0  1003
2 63595  50.0000 334.6479 0000000   0.0000 357.8571 15.21981948759591
STARLINK-2473
1 97457U 98065A   24100.00000000 -.00022620  00000-0  13156-2 0  1002
2 97457  50.0000 334.6479 0000000   0.0000  15.0000 15.21981948482328
STARLINK-2474
1 17989U 98065A   24100.00000000 -.00022620  00000-0  13156-2 0  1000
2 17989  50.0000 339.7183 0000000   0.0000  15.2273 15.21981948785672
STARLINK-2475
1 20493U 98065A   24100.00000000 -.00022620  00000-0  13156-2 0  1005
2 20493  50.0000 339.7183 0000000   0.0000  32.3701 15.21981948687638
STARLINK-2476
1 89487U 98065A   24100.00000000 -.00022620  00000-0  13156-2 0  1003
2 89487  50.0000 339.7183 0000000   0.0000  49.5130 15.21981948438102
STARLINK-2477
1 83345U 98065A   24100.00000000 -.00022620  00000-0  13156-2 0  1008
2 83345  50.0000 339.7183 0000000   0.0000  66.6558 15.21981948748416
STARLINK-2478
1 79421U 98065A   24100.00000000 -.00022620  00000-0  13156-2 0  1007
2 79421  50.0000 339.7183 0000000   0.0000  83.7987 15.21981948328452
STARLINK-2479
1 10846U 98065A   24100.00000000 -.00022620  00000-0  13156-2 0  1002
2 10846  50.0000 339.7183 0000000   0.0000 100.9416 15.21981948664464
STARLINK-2480
1 54051U 98065A   24100.00000000 -.00022620  00000-0  13156-2 0  1004
2 54051  50.0000 339.7183 0000000   0.0000 118.0844 15.21981948692617
STARLINK-2481
1 35231U 98065A   24100.00000000 -.00022620  00000-0  13156-2 0  1007
2 35231  50.0000 339.7183 0000000   0.0000 135.2273 15.21981948734600
STARLINK-2482
1 12207U 98065A   24100.00000000 -.00022620  00000-0  13156-2 0  1005
2 12207  50.0000 339.7183 0000000   0.0000 152.3701 15.21981948606810
STARLINK-2483
1 28329U 98065A   24100.00000000 -.00022620  00000-0  13156-2 0  1000
2 28329  50.0000 339.7183 0000000   0.0000 169.5130 15.21981948570813
STARLINK-2484
1 99233U 98065A   24100.00000000 -.00022620  00000-0  13156-2 0  1004
2 99233  50.0000 339.7183 0000000   0.0000 186.6558 15.21981948133284
STARLINK-2485
1 68357U 98065A   24100.00000000 -.00022620  00000-0  13156-2 0  1002
2 68357  50.0000 339.7183 0000000   0.0000 203.7987 15.21981948153897
STARLINK-2486
1 79587U 98065A   24100.00000000 -.00022620  00000-0  13156-2 0  1004
2 79587  50.0000 339.7183 0000000   0.0000 220.9416 15.21981948137425
STARLINK-2487
1 39666U 98065A   24100.00000000 -.00022620  00000-0  13156-2 0  1004
2 39666  50.0000 339.7183 0000000   0.0000 238.0844 15.21981948764001
STARLINK-2488
1 44046U 98065A   24100.00000000 -.00022620  00000-0  13156-2 0  1005
2 44046  50.0000 339.7183 0000000   0.0000 255.2273 15.21981948177948
STARLINK-2489
1 69068U 98065A   24100.00000000 -.00022620  00000-0  13156-2 0  1006
2 69068  50.0000 339.7183 0000000   0.0000 272.3701 15.21981948275532
STARLINK-2490
1 49898U 98065A   24100.00000000 -.00022620  00000-0  13156-2 0  1002
2 49898  50.0000 339.7183 0000000   0.0000 289.5130 15.21981948120085
STARLINK-2491
1 40693U 98065A   24100.00000000 -.00022620  00000-0  13156-2 0  1006
2 40693  50.0000 339.7183 0000000   0.0000 306.6558 15.21981948613353
STARLINK-2492
1 53996U 98065A   24100.00000000 -.00022620  00000-0  13156-2 0  1000
2 53996  50.0000 339.7183 0000000   0.0000 323.7987 15.21981948815652
STARLINK-2493
1 18584U 98065A   24100.00000000 -.00022620  00000-0  13156-2 0  1005
2 18584  50.0000 339.7183 0000000   0.0000 340.9416 15.21981948447836
STARLINK-2494
1 90411U 98065A   24100.00000000 -.00022620  00000-0  13156-2 0  1008
2 90411  50.0000 339.7183 0000000   0.0000 358.0844 15.21981948872077
STARLINK-2495
1 71181U 98065A   24100.00000000 -.00022620  00000-0  13156-2 0  1003
2 71181  50.0000 339.7183 0000000   0.0000  15.2273 15.21981948440752
STARLINK-2496
1 80768U 98065A   24100.00000000 -.00022620  00000-0  13156-2 0  1001
2 80768  50.0000 344.7887 0000000   0.0000  15.4545 15.21981948264086
STARLINK-2497
1 26111U 98065A   24100.00000000 -.00022620  00000-0  13156-2 0  1004
2 26111  50.0000 344.7887 0000000   0.0000  32.5974 15.21981948392475
STARLINK-2498
1 78068U 98065A   24100.00000000 -.00022620  00000-0  13156-2 0  1008
2 78068  50.0000 344.7887 0000000   0.0000  49.7403 15.21981948730816
STARLINK-2499
1 12597U 98065A   24100.00000000 -.00022620  00000-0  13156-2 0  1007
2 12597  50.0000 344.7887 0000000   0.0000  66.8831 15.21981948981073
STARLINK-2500
1 92812U 98065A   24100.00000000 -.00022620  00000-0  13156-2 0  1002
2 92812  50.0000 344.7887 0000000   0.0000  84.0260 15.21981948307182
STARLINK-2501
1 71458U 98065A   24100.00000000 -.00022620  00000-0  13156-2 0  1001
2 71458  50.0000 344.7887 0000000   0.0000 101.1688 15.21981948653827
STARLINK-2502
1 89025U 98065A   24100.00000000 -.00022620  00000-0  13156-2 0  1002
2 89025  50.0000 344.7887 0000000   0.0000 118.3117 15.21981948656868
STARLINK-2503
1 64238U 98065A   24100.00000000 -.00022620  00000-0  13156-2 0  1008
2 64238  50.0000 344.7887 0000000   0.0000 135.4545 15.21981948925856
STARLINK-2504
1 96166U 98065A   24100.00000000 -.00022620  00000-0  13156-2 0  1005
2 96166  50.0000 344.7887 0000000   0.0000 152.5974 15.21981948282176
STARLINK-2505
1 92365U 98065A   24100.00000000 -.00022620  00000-0  13156-2 0  1006
2 92365  50.0000 344.7887 0000000   0.0000 169.7403 15.21981948448721
STARLINK-2506
1 29985U 98065A   24100.00000000 -.00022620  00000-0  13156-2 0  1003
2 29985  50.0000 344.7887 0000000   0.0000 186.8831 15.21981948935931
STARLINK-2507
1 19609U 98065A   24100.00000000 -.00022620  00000-0  13156-2 0  1003
2 19609  50.0000 344.7887 0000000   0.0000 204.0260 15.21981948497182
STARLINK-2508
1 76816U 98065A   24100.00000000 -.00022620  00000-0  13156-2 0  1005
2 76816  50.0000 344.7887 0000000   0.0000 221.1688 15.21981948841842
STARLINK-2509
1 86767U 98065A   24100.00000000 -.00022620  00000-0  13156-2 0  1007
2 86767  50.0000 344.7887 0000000   0.0000 238.3117 15.21981948353323
STARLINK-2510
1 30961U 98065A   24100.00000000 -.00022620  00000-0  13156-2 0  1005
2 30961  50.0000 344.7887 0000000   0.0000 255.4545 15.21981948252004
STARLINK-2511
1 80997U 98065A   24100.00000000 -.00022620  00000-0  13156-2 0  1007
2 80997  50.0000 344.7887 0000000   0.0000 272.5974 15.21981948741928
STARLINK-2512
1 77675U 98065A   24100.00000000 -.00022620  00000-0  13156-2 0  1005
2 77675  50.0000 344.7887 0000000   0.0000 289.7403 15.21981948664550
STARLINK-2513
1 91428U 98065A   24100.00000000 -.00022620  00000-0  13156-2 0  1001
2 91428  50.0000 344.7887 0000000   0.0000 306.8831 15.21981948122366
STARLINK-2514
1 53342U 98065A   24100.00000000 -.00022620  00000-0  13156-2 0  1002
2 53342  50.0000 344.7887 0000000   0.0000 324.0260 15.21981948551233
STARLINK-2515
1 29852U 98065A   24100.00000000 -.00022620  00000-0  13156-2 0  1000
2 29852  50.0000 344.7887 0000000   0.0000 341.1688 15.21981948737010
STARLINK-2516
1 41508U 98065A   24100.00000000 -.00022620  00000-0  13156-2 0  1003
2 41508  50.0000 344.7887 0000000   0.0000 358.3117 15.21981948904821
STARLINK-2517
1 42975U 98065A   24100.00000000 -.00022620  00000-0  13156-2 0  1007
2 42975  50.0000 344.7887 0000000   0.0000  15.4545 15.21981948178071
STARLINK-2518
1 49698U 98065A   24100.00000000 -.00022620  00000-0  13156-2 0  1007
2 49698  50.0000 349.8592 0000000   0.0000  15.6818 15.21981948195423
STARLINK-2519
1 38730U 98065A   24100.00000000 -.00022620  00000-0  13156-2 0  1003
2 38730  50.0000 349.8592 0000000   0.0000  32.8247 15.21981948843001
STARLINK-2520
1 17433U 98065A   24100.00000000 -.00022620  00000-0  13156-2 0  1008
2 17433  50.0000 349.8592 0000000   0.0000  49.9675 15.21981948380291
STARLINK-2521
1 38068U 98065A   24100.00000000 -.00022620  00000-0  13156-2 0  1005
2 38068  50.0000 349.8592 0000000   0.0000  67.1104 15.21981948472252
STARLINK-2522
1 41033U 98065A   24100.00000000 -.00022620  00000-0  13156-2 0  1008
2 41033  50.0000 349.8592 0000000   0.0000  84.2532 15.21981948634344
STARLINK-2523
1 41190U 98065A   24100.00000000 -.00022620  00000-0  13156-2 0  1002
2 41190  50.0000 349.8592 0000000   0.0000 101.3961 15.21981948356627
STARLINK-2524
1 31309U 98065A   24100.00000000 -.00022620  00000-0  13156-2 0  1006
2 31309  50.0000 349.8592 0000000   0.0000 118.5390 15.21981948356096
STARLINK-2525
1 34844U 98065A   24100.00000000 -.00022620  00000-0  13156-2 0  1001
2 34844  50.0000 349.8592 0000000   0.0000 135.6818 15.21981948680342
STARLINK-2526
1 90197U 98065A   24100.00000000 -.00022620  00000-0  13156-2 0  1003
2 90197  50.0000 349.8592 0000000   0.0000 152.8247 15.21981948282548
STARLINK-2527
1 82764U 98065A   24100.00000000 -.00022620  00000-0  13156-2 0  1002
2 82764  50.0000 349.8592 0000000   0.0000 169.9675 15.21981948785480
STARLINK-2528
1 37596U 98065A   24100.00000000 -.00022620  00000-0  13156-2 0  1002
2 37596  50.0000 349.8592 0000000   0.0000 187.1104 15.21981948940964
STARLINK-2529
1 12311U 98065A   24100.00000000 -.00022620  00000-0  13156-2 0  1004
2 12311  50.0000 349.8592 0000000   0.0000 204.2532 15.21981948795452
STARLINK-2530
1 42463U 98065A   24100.00000000 -.00022620  00000-0  13156-2 0  1000
2 42463  50.0000 349.8592 0000000   0.0000 221.3961 15.21981948584248
STARLINK-2531
1 31297U 98065A   24100.00000000 -.00022620  00000-0  13156-2 0  1000
2 31297  50.0000 349.8592 0000000   0.0000 238.5390 15.21981948882763
STARLINK-2532
1 90094U 98065A   24100.00000000 -.00022620  00000-0  13156-2 0  1003
2 90094  50.0000 349.8592 0000000   0.0000 255.6818 15.21981948429863
STARLINK-2533
1 76851U 98065A   24100.00000000 -.00022620  00000-0  13156-2 0  1004
2 76851  50.0000 349.8592 0000000   0.0000 272.8247 15.21981948975266
STARLINK-2534
1 86634U 98065A   24100.00000000 -.00022620  00000-0  13156-2 0  1008
2 86634  50.0000 349.8592 0000000   0.0000 289.9675 15.21981948549003
STARLINK-2535
1 95210U 98065A   24100.00000000 -.00022620  00000-0  13156-2 0  1005
2 95210  50.0000 349.8592 0000000   0.0000 307.1104 15.21981948899988
STARLINK-2536
1 75007U 98065A   24100.00000000 -.00022620  00000-0  13156-2 0  1003
2 75007  50.0000 349.8592 0000000   0.0000 324.2532 15.21981948539430
STARLINK-2537
1 80613U 98065A   24100.00000000 -.00022620  00000-0  13156-2 0  1008
2 80613  50.0000 349.8592 0000000   0.0000 341.3961 15.21981948155850
STARLINK-2538
1 35374U 98065A   24100.00000000 -.00022620  00000-0  13156-2 0  1005
2 35374  50.0000 349.8592 0000000   0.0000 358.5390 15.21981948975882
STARLINK-2539
1 53097U 98065A   24100.00000000 -.00022620  00000-0  13156-2 0  1007
2 53097  50.0000 349.8592 0000000   0.0000  15.6818 15.21981948981221
STARLINK-2540
1 79310U 98065A   24100.00000000 -.00022620  00000-0  13156-2 0  1004
2 79310  50.0000 354.9296 0000000   0.0000  15.9091 15.21981948495218
STARLINK-2541
1 40318U 98065A   24100.00000000 -.00022620  00000-0  13156-2 0  1003
2 40318  50.0000 354.9296 0000000   0.0000  33.0519 15.21981948870856
STARLINK-2542
1 94639U 98065A   24100.00000000 -.00022620  00000-0  13156-2 0  1008
2 94639  50.0000 354.9296 0000000   0.0000  50.1948 15.21981948314625
STARLINK-2543
1 79131U 98065A   24100.00000000 -.00022620  00000-0  13156-2 0  1000
2 79131  50.0000 354.9296 0000000   0.0000  67.3377 15.21981948294325
STARLINK-2544
1 56489U 98065A   24100.00000000 -.00022620  00000-0  13156-2 0  1000
2 56489  50.0000 354.9296 0000000   0.0000  84.4805 15.21981948552476
STARLINK-2545
1 15385U 98065A   24100.00000000 -.00022620  00000-0  13156-2 0  1001
2 15385  50.0000 354.9296 0000000   0.0000 101.6234 15.21981948698338
STARLINK-2546
1 13968U 98065A   24100.00000000 -.00022620  00000-0  13156-2 0  1005
2 13968  50.0000 354.9296 0000000   0.0000 118.7662 15.21981948844654
STARLINK-2547
1 47341U 98065A   24100.00000000 -.00022620  00000-0  13156-2 0  1005
2 47341  50.0000 354.9296 0000000   0.0000 135.9091 15.21981948759857
STARLINK-2548
1 85136U 98065A   24100.00000000 -.00022620  00000-0  13156-2 0  1003
2 85136  50.0000 354.9296 0000000   0.0000 153.0519 15.21981948827751
STARLINK-2549
1 71643U 98065A   24100.00000000 -.00022620  00000-0  13156-2 0  1008
2 71643  50.0000 354.9296 0000000   0.0000 170.1948 15.21981948268205
STARLINK-2550
1 62300U 98065A   24100.00000000 -.00022620  00000-0  13156-2 0  1006
2 62300  50.0000 354.9296 0000000   0.0000 187.3377 15.21981948147796
STARLINK-2551
1 14107U 98065A   24100.00000000 -.00022620  00000-0  13156-2 0  1005
2 14107  50.0000 354.9296 0000000   0.0000 204.4805 15.21981948539540
STARLINK-2552
1 25739U 98065A   24100.00000000 -.00022620  00000-0  13156-2 0  1001
2 25739  50.0000 354.9296 0000000   0.0000 221.6234 15.21981948747673
STARLINK-2553
1 37892U 98065A   24100.00000000 -.00022620  00000-0  13156-2 0  1004
2 37892  50.0000 354.9296 0000000   0.0000 238.7662 15.21981948106214
STARLINK-2554
1 99608U 98065A   24100.00000000 -.00022620  00000-0  13156-2 0  1003
2 99608  50.0000 354.9296 0000000   0.0000 255.9091 15.21981948643561
STARLINK-2555
1 59929U 98065A   24100.00000000 -.00022620  00000-0  13156-2 0  1002
2 59929  50.0000 354.9296 0000000   0.0000 273.0519 15.21981948916260
STARLINK-2556
1 71435U 98065A   24100.00000000 -.00022620  00000-0  13156-2 0  1006
2 71435  50.0000 354.9296 0000000   0.0000 290.1948 15.21981948468045
STARLINK-2557
1 53878U 98065A   24100.00000000 -.00022620  00000-0  13156-2 0  1001
2 53878  50.0000 354.9296 0000000   0.0000 307.3377 15.21981948815931
STARLINK-2558
1 46876U 98065A   24100.00000000 -.00022620  00000-0  13156-2 0  1006
2 46876  50.0000 354.9296 0000000   0.0000 324.4805 15.21981948710804
STARLINK-2559
1 24238U 98065A   24100.00000000 -.00022620  00000-0  13156-2 0  1003
2 24238  50.0000 354.9296 0000000   0.0000 341.6234 15.21981948620470
STARLINK-2560
1 35381U 98065A   24100.00000000 -.00022620  00000-0  13156-2 0  1000
2 35381  50.0000 354.9296 0000000   0.0000 358.7662 15.21981948408912
STARLINK-2561
1 39557U 98065A   24100.00000000 -.00022620  00000-0  13156-2 0  1000
2 39557  50.0000 354.9296 0000000   0.0000  15.9091 15.21981948749787
STARLINK-2562
1 32041U 98065A   24100.00000000 -.00022620  00000-0  13156-2 0  1007
2 32041  50.0000 360.0000 0000000   0.0000  16.1364 15.21981948872446
STARLINK-2563
1 88212U 98065A   24100.00000000 -.00022620  00000-0  13156-2 0  1000
2 88212  50.0000 360.0000 0000000   0.0000  33.2792 15.21981948377226
STARLINK-2564
1 35264U 98065A   24100.00000000 -.00022620  00000-0  13156-2 0  1004
2 35264  50.0000 360.0000 0000000   0.0000  50.4221 15.21981948674891
STARLINK-2565
1 98396U 98065A   24100.00000000 -.00022620  00000-0  13156-2 0  1003
2 98396  50.0000 360.0000 0000000   0.0000  67.5649 15.21981948244643
STARLINK-2566
1 99926U 98065A   24100.00000000 -.00022620  00000-0  13156-2 0  1002
2 99926  50.0000 360.0000 0000000   0.0000  84.7078 15.21981948875131
STARLINK-2567
1 28143U 98065A   24100.00000000 -.00022620  00000-0  13156-2 0  1004
2 28143  50.0000 360.0000 0000000   0.0000 101.8506 15.21981948784250
STARLINK-2568
1 13248U 98065A   24100.00000000 -.00022620  00000-0  13156-2 0  1003
2 13248  50.0000 360.0000 0000000   0.0000 118.9935 15.21981948399355
STARLINK-2569
1 39139U 98065A   24100.00000000 -.00022620  00000-0  13156-2 0  1005
2 39139  50.0000 360.0000 0000000   0.0000 136.1364 15.21981948586447
STARLINK-2570
1 52579U 98065A   24100.00000000 -.00022620  00000-0  13156-2 0  1004
2 52579  50.0000 360.0000 0000000   0.0000 153.2792 15.21981948839983
STARLINK-2571
1 79901U 98065A   24100.00000000 -.00022620  00000-0  13156-2 0  1004
2 79901  50.0000 360.0000 0000000   0.0000 170.4221 15.21981948438238
STARLINK-2572
1 28756U 98065A   24100.00000000 -.00022620  00000-0  13156-2 0  1006
2 28756  50.0000 360.0000 0000000   0.0000 187.5649 15.21981948905993
STARLINK-2573
1 73649U 98065A   24100.00000000 -.00022620  00000-0  13156-2 0  1008
2 73649  50.0000 360.0000 0000000   0.0000 204.7078 15.21981948708885
STARLINK-2574
1 66713U 98065A   24100.00000000 -.00022620  00000-0  13156-2 0  1008
2 66713  50.0000 360.0000 0000000   0.0000 221.8506 15.21981948296002
STARLINK-2575
1 60134U 98065A   24100.00000000 -.00022620  00000-0  13156-2 0  1000
2 60134  50.0000 360.0000 0000000   0.0000 238.9935 15.21981948526587
STARLINK-2576
1 71371U 98065A   24100.00000000 -.00022620  00000-0  13156-2 0  1000
2 71371  50.0000 360.0000 0000000   0.0000 256.1364 15.21981948180055
STARLINK-2577
1 34125U 98065A   24100.00000000 -.00022620  00000-0  13156-2 0  1000
2 34125  50.0000 360.0000 0000000   0.0000 273.2792 15.21981948475792
STARLINK-2578
1 32450U 98065A   24100.00000000 -.00022620  00000-0  13156-2 0  1003
2 32450  50.0000 360.0000 0000000   0.0000 290.4221 15.21981948580691
STARLINK-2579
1 26385U 98065A   24100.00000000 -.00022620  00000-0  13156-2 0  1001
2 26385  50.0000 360.0000 0000000   0.0000 307.5649 15.21981948885230
STARLINK-2580
1 96910U 98065A   24100.00000000 -.00022620  00000-0  13156-2 0  1003
2 96910  50.0000 360.0000 0000000   0.0000 324.7078 15.21981948917715
STARLINK-2581
1 44162U 98065A   24100.00000000 -.00022620  00000-0  13156-2 0  1000
2 44162  50.0000 360.0000 0000000   0.0000 341.8506 15.21981948587474
STARLINK-2582
1 36219U 98065A   24100.00000000 -.00022620  00000-0  13156-2 0  1000
2 36219  50.0000 360.0000 0000000   0.0000 358.9935 15.21981948455330
STARLINK-2583
1 44443U 98065A   24100.00000000 -.00022620  00000-0  13156-2 0  1005
2 44443  50.0000 360.0000 0000000   0.0000  16.1364 15.21981948826140
STARLINK-1000
1 58638U 98065A   24198.94572917 -.00022620  00000-0  13156-2 0  1008
2 58638  53.0000   0.0000 0000000   0.0000   0.0000 15.12078246740607
STARLINK-1001
1 55867U 98065A   24198.94572917 -.00022620  00000-0  13156-2 0  1003
2 55867  53.0000   0.0000 0000000   0.0000  16.3636 15.12078246348394
STARLINK-1002
1 40797U 98065A   24198.94572917 -.00022620  00000-0  13156-2 0  1004
2 40797  53.0000   0.0000 0000000   0.0000  32.7273 15.12078246579086
STARLINK-1003
1 27377U 98065A   24198.94572917 -.00022620  00000-0  13156-2 0  1001
2 27377  53.0000   0.0000 0000000   0.0000  49.0909 15.12078246513627
STARLINK-1004
1 54064U 98065A   24198.94572917 -.00022620  00000-0  13156-2 0  1003
2 54064  53.0000   0.0000 0000000   0.0000  65.4545 15.12078246633468
STARLINK-1005
1 36404U 98065A   24198.94572917 -.00022620  00000-0  13156-2 0  1005
2 36404  53.0000   0.0000 0000000   0.0000  81.8182 15.12078246435161
STARLINK-1006
1 80492U 98065A   24198.94572917 -.00022620  00000-0  13156-2 0  1003
2 80492  53.0000   0.0000 0000000   0.0000  98.1818 15.12078246447290
STARLINK-1007
1 37769U 98065A   24198.94572917 -.00022620  00000-0  13156-2 0  1005
2 37769  53.0000   0.0000 0000000   0.0000 114.5455 15.12078246990192
STARLINK-1008
1 18408U 98065A   24198.94572917 -.00022620  00000-0  13156-2 0  1008
2 18408  53.0000   0.0000 0000000   0.0000 130.9091 15.12078246350097
STARLINK-1009
1 67256U 98065A   24198.94572917 -.00022620  00000-0  13156-2 0  1008
2 67256  53.0000   0.0000 0000000   0.0000 147.2727 15.12078246262104
STARLINK-1010
1 82020U 98065A   24198.94572917 -.00022620  00000-0  13156-2 0  1001
2 82020  53.0000   0.0000 0000000   0.0000 163.6364 15.12078246907755
STARLINK-1011
1 38384U 98065A   24198.94572917 -.00022620  00000-0  13156-2 0  1005
2 38384  53.0000   0.0000 0000000   0.0000 180.0000 15.12078246487002
STARLINK-1012
1 34998U 98065A   24198.94572917 -.00022620  00000-0  13156-2 0  1000
2 34998  53.0000   0.0000 0000000   0.0000 196.3636 15.12078246577547
STARLINK-1013
1 20346U 98065A   24198.94572917 -.00022620  00000-0  13156-2 0  1001
2 20346  53.0000   0.0000 0000000   0.0000 212.7273 15.12078246382328
STARLINK-1014
1 19594U 98065A   24198.94572917 -.00022620  00000-0  13156-2 0  1006
2 19594  53.0000   0.0000 0000000   0.0000 229.0909 15.12078246264354
STARLINK-1015
1 20487U 98065A   24198.94572917 -.00022620  00000-0  13156-2 0  1004
2 20487  53.0000   0.0000 0000000   0.0000 245.4545 15.12078246352491
STARLINK-1016
1 21951U 98065A   24198.94572917 -.00022620  00000-0  13156-2 0  1000
2 21951  53.0000   0.0000 0000000   0.0000 261.8182 15.12078246483015
STARLINK-1017
1 21763U 98065A   24198.94572917 -.00022620  00000-0  13156-2 0  1003
2 21763  53.0000   0.0000 0000000   0.0000 278.1818 15.12078246210955
STARLINK-1018
1 94691U 98065A   24198.94572917 -.00022620  00000-0  13156-2 0  1004
2 94691  53.0000   0.0000 0000000   0.0000 294.5455 15.12078246986523
STARLINK-1019
1 23005U 98065A   24198.94572917 -.00022620  00000-0  13156-2 0  1002
2 23005  53.0000   0.0000 0000000   0.0000 310.9091 15.12078246287977
STARLINK-1020
1 40139U 98065A   24198.94572917 -.00022620  00000-0  13156-2 0  1008
2 40139  53.0000   0.0000 0000000   0.0000 327.2727 15.12078246447501
STARLINK-1021
1 83748U 98065A   24198.94572917 -.00022620  00000-0  13156-2 0  1000
2 83748  53.0000   0.0000 0000000   0.0000 343.6364 15.12078246489770
STARLINK-1022
1 23537U 98065A   24198.94572917 -.00022620  00000-0  13156-2 0  1004
2 23537  53.0000   5.0000 0000000   0.0000   0.2273 15.12078246731886
STARLINK-1023
1 71397U 98065A   24198.94572917 -.00022620  00000-0  13156-2 0  1002
2 71397  53.0000   5.0000 0000000   0.0000  16.5909 15.12078246944966
STARLINK-1024
1 49061U 98065A   24198.94572917 -.00022620  00000-0  13156-2 0  1002
2 49061  53.0000   5.0000 0000000   0.0000  32.9545 15.12078246434538
STARLINK-1025
1 87663U 98065A   24198.94572917 -.00022620  00000-0  13156-2 0  1004
2 87663  53.0000   5.0000 0000000   0.0000  49.3182 15.12078246588503
STARLINK-1026
1 22455U 98065A   24198.94572917 -.00022620  00000-0  13156-2 0  1003
2 22455  53.0000   5.0000 0000000   0.0000  65.6818 15.12078246187037
STARLINK-1027
1 94765U 98065A   24198.94572917 -.00022620  00000-0  13156-2 0  1000
2 94765  53.0000   5.0000 0000000   0.0000  82.0455 15.12078246628517
STARLINK-1028
1 91393U 98065A   24198.94572917 -.00022620  00000-0  13156-2 0  1004
2 91393  53.0000   5.0000 0000000   0.0000  98.4091 15.12078246599912
STARLINK-1029
1 75561U 98065A   24198.94572917 -.00022620  00000-0  13156-2 0  1003
2 75561  53.0000   5.0000 0000000   0.0000 114.7727 15.12078246422737
STARLINK-1030
1 88289U 98065A   24198.94572917 -.00022620  00000-0  13156-2 0  1003
2 88289  53.0000   5.0000 0000000   0.0000 131.1364 15.12078246616482
STARLINK-1031
1 58117U 98065A   24198.94572917 -.00022620  00000-0  13156-2 0  1007
2 58117  53.0000   5.0000 0000000   0.0000 147.5000 15.12078246717833
STARLINK-1032
1 80569U 98065A   24198.94572917 -.00022620  00000-0  13156-2 0  1000
2 80569  53.0000   5.0000 0000000   0.0000 163.8636 15.12078246372757
STARLINK-1033
1 59332U 98065A   24198.94572917 -.00022620  00000-0  13156-2 0  1006
2 59332  53.0000   5.0000 0000000   0.0000 180.2273 15.12078246636094
STARLINK-1034
1 51238U 98065A   24198.94572917 -.00022620  00000-0  13156-2 0  1008
2 51238  53.0000   5.0000 0000000   0.0000 196.5909 15.12078246100708
STARLINK-1035
1 57943U 98065A   24198.94572917 -.00022620  00000-0  13156-2 0  1003
2 57943  53.0000   5.0000 0000000   0.0000 212.9545 15.12078246842320
STARLINK-1036
1 59932U 98065A   24198.94572917 -.00022620  00000-0  13156-2 0  1006
2 59932  53.0000   5.0000 0000000   0.0000 229.3182 15.12078246342954
STARLINK-1037
1 85338U 98065A   24198.94572917 -.00022620  00000-0  13156-2 0  1002
2 85338  53.0000   5.0000 0000000   0.0000 245.6818 15.12078246545197
STARLINK-1038
1 14691U 98065A   24198.94572917 -.00022620  00000-0  13156-2 0  1007
2 14691  53.0000   5.0000 0000000   0.0000 262.0455 15.12078246274370
STARLINK-1039
1 34640U 98065A   24198.94572917 -.00022620  00000-0  13156-2 0  1007
2 34640  53.0000   5.0000 0000000   0.0000 278.4091 15.12078246748693
STARLINK-1040
1 89956U 98065A   24198.94572917 -.00022620  00000-0  13156-2 0  1002
2 89956  53.0000   5.0000 0000000   0.0000 294.7727 15.12078246626767
STARLINK-1041
1 33502U 98065A   24198.94572917 -.00022620  00000-0  13156-2 0  1008
2 33502  53.0000   5.0000 0000000   0.0000 311.1364 15.12078246692784
STARLINK-1042
1 93322U 98065A   24198.94572917 -.00022620  00000-0  13156-2 0  1001
2 93322  53.0000   5.0000 0000000   0.0000 327.5000 15.12078246561582
STARLINK-1043
1 24913U 98065A   24198.94572917 -.00022620  00000-0  13156-2 0  1000
2 24913  53.0000   5.0000 0000000   0.0000 343.8636 15.12078246844321
STARLINK-1044
1 20271U 98065A   24198.94572917 -.00022620  00000-0  13156-2 0  1004
2 20271  53.0000  10.0000 0000000   0.0000   0.4545 15.12078246167698
STARLINK-1045
1 47624U 98065A   24198.94572917 -.00022620  00000-0  13156-2 0  1004
2 47624  53.0000  10.0000 0000000   0.0000  16.8182 15.12078246736756
STARLINK-1046
1 82302U 98065A   24198.94572917 -.00022620  00000-0  13156-2 0  1000
2 82302  53.0000  10.0000 0000000   0.0000  33.1818 15.12078246167942
STARLINK-1047
1 67134U 98065A   24198.94572917 -.00022620  00000-0  13156-2 0  1006
2 67134  53.0000  10.0000 0000000   0.0000  49.5455 15.12078246530301
STARLINK-1048
1 36354U 98065A   24198.94572917 -.00022620  00000-0  13156-2 0  1006
2 36354  53.0000  10.0000 0000000   0.0000  65.9091 15.12078246937618
STARLINK-1049
1 31462U 98065A   24198.94572917 -.00022620  00000-0  13156-2 0  1007
2 31462  53.0000  10.0000 0000000   0.0000  82.2727 15.12078246185671
STARLINK-1050
1 54459U 98065A   24198.94572917 -.00022620  00000-0  13156-2 0  1001
2 54459  53.0000  10.0000 0000000   0.0000  98.6364 15.12078246554777
STARLINK-1051
1 53528U 98065A   24198.94572917 -.00022620  00000-0  13156-2 0  1004
2 53528  53.0000  10.0000 0000000   0.0000 115.0000 15.12078246966895
STARLINK-1052
1 75607U 98065A   24198.94572917 -.00022620  00000-0  13156-2 0  1000
2 75607  53.0000  10.0000 0000000   0.0000 131.3636 15.12078246473482
STARLINK-1053
1 81996U 98065A   24198.94572917 -.00022620  00000-0  13156-2 0  1005
2 81996  53.0000  10.0000 0000000   0.0000 147.7273 15.12078246560926
STARLINK-1054
1 17890U 98065A   24198.94572917 -.00022620  00000-0  13156-2 0  1006
2 17890  53.0000  10.0000 0000000   0.0000 164.0909 15.12078246454361
STARLINK-1055
1 75464U 98065A   24198.94572917 -.00022620  00000-0  13156-2 0  1001
2 75464  53.0000  10.0000 0000000   0.0000 180.4545 15.12078246989994
STARLINK-1056
1 91857U 98065A   24198.94572917 -.00022620  00000-0  13156-2 0  1000
2 91857  53.0000  10.0000 0000000   0.0000 196.8182 15.12078246365441
STARLINK-1057
1 76093U 98065A   24198.94572917 -.00022620  00000-0  13156-2 0  1006
2 76093  53.0000  10.0000 0000000   0.0000 213.1818 15.12078246287604
STARLINK-1058
1 41912U 98065A   24198.94572917 -.00022620  00000-0  13156-2 0  1001
2 41912  53.0000  10.0000 0000000   0.0000 229.5455 15.12078246561946
STARLINK-1059
1 11233U 98065A   24198.94572917 -.00022620  00000-0  13156-2 0  1007
2 11233  53.0000  10.0000 0000000   0.0000 245.9091 15.12078246432163
STARLINK-1060
1 74273U 98065A   24198.94572917 -.00022620  00000-0  13156-2 0  1004
2 74273  53.0000  10.0000 0000000   0.0000 262.2727 15.12078246677048
STARLINK-1061
1 58443U 98065A   24198.94572917 -.00022620  00000-0  13156-2 0  1001
2 58443  53.0000  10.0000 0000000   0.0000 278.6364 15.12078246364530
STARLINK-1062
1 61357U 98065A   24198.94572917 -.00022620  00000-0  13156-2 0  1001
2 61357  53.0000  10.0000 0000000   0.0000 295.0000 15.12078246602583
STARLINK-1063
1 28669U 98065A   24198.94572917 -.00022620  00000-0  13156-2 0  1001
2 28669  53.0000  10.0000 0000000   0.0000 311.3636 15.12078246497728
STARLINK-1064
1 31724U 98065A   24198.94572917 -.00022620  00000-0  13156-2 0  1003
2 31724  53.0000  10.0000 0000000   0.0000 327.7273 15.12078246122686
STARLINK-1065
1 50505U 98065A   24198.94572917 -.00022620  00000-0  13156-2 0  1003
2 50505  53.0000  10.0000 0000000   0.0000 344.0909 15.12078246910306
STARLINK-1066
1 74567U 98065A   24198.94572917 -.00022620  00000-0  13156-2 0  1004
2 74567  53.0000  15.0000 0000000   0.0000   0.6818 15.12078246487273
STARLINK-1067
1 32860U 98065A   24198.94572917 -.00022620  00000-0  13156-2 0  1006
2 32860  53.0000  15.0000 0000000   0.0000  17.0455 15.12078246548623
STARLINK-1068
1 15937U 98065A   24198.94572917 -.00022620  00000-0  13156-2 0  1008
2 15937  53.0000  15.0000 0000000   0.0000  33.4091 15.12078246700740
STARLINK-1069
1 26442U 98065A   24198.94572917 -.00022620  00000-0  13156-2 0  1007
2 26442  53.0000  15.0000 0000000   0.0000  49.7727 15.12078246697782
STARLINK-1070
1 21881U 98065A   24198.94572917 -.00022620  00000-0  13156-2 0  1000
2 21881  53.0000  15.0000 0000000   0.0000  66.1364 15.12078246678960
STARLINK-1071
1 20367U 98065A   24198.94572917 -.00022620  00000-0  13156-2 0  1003
2 20367  53.0000  15.0000 0000000   0.0000  82.5000 15.12078246449113
STARLINK-1072
1 25286U 98065A   24198.94572917 -.00022620  00000-0  13156-2 0  1006
2 25286  53.0000  15.0000 0000000   0.0000  98.8636 15.12078246693236
STARLINK-1073
1 43159U 98065A   24198.94572917 -.00022620  00000-0  13156-2 0  1005
2 43159  53.0000  15.0000 0000000   0.0000 115.2273 15.12078246255661
STARLINK-1074
1 66804U 98065A   24198.94572917 -.00022620  00000-0  13156-2 0  1004
2 66804  53.0000  15.0000 0000000   0.0000 131.5909 15.12078246671832
STARLINK-1075
1 35776U 98065A   24198.94572917 -.00022620  00000-0  13156-2 0  1003
2 35776  53.0000  15.0000 0000000   0.0000 147.9545 15.12078246458804
STARLINK-1076
1 49920U 98065A   24198.94572917 -.00022620  00000-0  13156-2 0  1002
2 49920  53.0000  15.0000 0000000   0.0000 164.3182 15.12078246803374
STARLINK-1077
1 20207U 98065A   24198.94572917 -.00022620  00000-0  13156-2 0  1002
2 20207  53.0000  15.0000 0000000   0.0000 180.6818 15.12078246637000
STARLINK-1078
1 90389U 98065A   24198.94572917 -.00022620  00000-0  13156-2 0  1001
2 90389  53.0000  15.0000 0000000   0.0000 197.0455 15.12078246108345
STARLINK-1079
1 25233U 98065A   24198.94572917 -.00022620  00000-0  13156-2 0  1002
2 25233  53.0000  15.0000 0000000   0.0000 213.4091 15.12078246555478
STARLINK-1080
1 42133U 98065A   24198.94572917 -.00022620  00000-0  13156-2 0  1007
2 42133  53.0000  15.0000 0000000   0.0000 229.7727 15.12078246593521
STARLINK-1081
1 58062U 98065A   24198.94572917 -.00022620  00000-0  13156-2 0  1002
2 58062  53.0000  15.0000 0000000   0.0000 246.1364 15.12078246142522
STARLINK-1082
1 67393U 98065A   24198.94572917 -.00022620  00000-0  13156-2 0  1005
2 67393  53.0000  15.0000 0000000   0.0000 262.5000 15.12078246214650
STARLINK-1083
1 67286U 98065A   24198.94572917 -.00022620  00000-0  13156-2 0  1005
2 67286  53.0000  15.0000 0000000   0.0000 278.8636 15.12078246328831
STARLINK-1084
1 78067U 98065A   24198.94572917 -.00022620  00000-0  13156-2 0  1004
2 78067  53.0000  15.0000 0000000   0.0000 295.2273 15.12078246599944
STARLINK-1085
1 42666U 98065A   24198.94572917 -.00022620  00000-0  13156-2 0  1004
2 42666  53.0000  15.0000 0000000   0.0000 311.5909 15.12078246131660
STARLINK-1086
1 71696U 98065A   24198.94572917 -.00022620  00000-0  13156-2 0  1006
2 71696  53.0000  15.0000 0000000   0.0000 327.9545 15.12078246882461
STARLINK-1087
1 43438U 98065A   24198.94572917 -.00022620  00000-0  13156-2 0  1002
2 43438  53.0000  15.0000 0000000   0.0000 344.3182 15.12078246563907
STARLINK-1088
1 29852U 98065A   24198.94572917 -.00022620  00000-0  13156-2 0  1003
2 29852  53.0000  20.0000 0000000   0.0000   0.9091 15.12078246446366
STARLINK-1089
1 49736U 98065A   24198.94572917 -.00022620  00000-0  13156-2 0  1003
2 49736  53.0000  20.0000 0000000   0.0000  17.2727 15.12078246518111
STARLINK-1090
1 85322U 98065A   24198.94572917 -.00022620  00000-0  13156-2 0  1002
2 85322  53.0000  20.0000 0000000   0.0000  33.6364 15.12078246138238
STARLINK-1091
1 69263U 98065A   24198.94572917 -.00022620  00000-0  13156-2 0  1004
2 69263  53.0000  20.0000 0000000   0.0000  50.0000 15.12078246710001
STARLINK-1092
1 76328U 98065A   24198.94572917 -.00022620  00000-0  13156-2 0  1006
2 76328  53.0000  20.0000 0000000   0.0000  66.3636 15.12078246559501
STARLINK-1093
1 53520U 98065A   24198.94572917 -.00022620  00000-0  13156-2 0  1003
2 53520  53.0000  20.0000 0000000   0.0000  82.7273 15.12078246714373
STARLINK-1094
1 11951U 98065A   24198.94572917 -.00022620  00000-0  13156-2 0  1007
2 11951  53.0000  20.0000 0000000   0.0000  99.0909 15.12078246590055
STARLINK-1095
1 64321U 98065A   24198.94572917 -.00022620  00000-0  13156-2 0  1006
2 64321  53.0000  20.0000 0000000   0.0000 115.4545 15.12078246588080
STARLINK-1096
1 27038U 98065A   24198.94572917 -.00022620  00000-0  13156-2 0  1006
2 27038  53.0000  20.0000 0000000   0.0000 131.8182 15.12078246295978
STARLINK-1097
1 73379U 98065A   24198.94572917 -.00022620  00000-0  13156-2 0  1000
2 73379  53.0000  20.0000 0000000   0.0000 148.1818 15.12078246552193
STARLINK-1098
1 59544U 98065A   24198.94572917 -.00022620  00000-0  13156-2 0  1002
2 59544  53.0000  20.0000 0000000   0.0000 164.5455 15.12078246104048
STARLINK-1099
1 50912U 98065A   24198.94572917 -.00022620  00000-0  13156-2 0  1000
2 50912  53.0000  20.0000 0000000   0.0000 180.9091 15.12078246780892
STARLINK-1100
1 87737U 98065A   24198.94572917 -.00022620  00000-0  13156-2 0  1001
2 87737  53.0000  20.0000 0000000   0.0000 197.2727 15.12078246846533
STARLINK-1101
1 30451U 98065A   24198.94572917 -.00022620  00000-0  13156-2 0  1003
2 30451  53.0000  20.0000 0000000   0.0000 213.6364 15.12078246988052
STARLINK-1102
1 66330U 98065A   24198.94572917 -.00022620  00000-0  13156-2 0  1006
2 66330  53.0000  20.0000 0000000   0.0000 230.0000 15.12078246185798
STARLINK-1103
1 78682U 98065A   24198.94572917 -.00022620  00000-0  13156-2 0  1000
2 78682  53.0000  20.0000 0000000   0.0000 246.3636 15.12078246736233
STARLINK-1104
1 55119U 98065A   24198.94572917 -.00022620  00000-0  13156-2 0  1005
2 55119  53.0000  20.0000 0000000   0.0000 262.7273 15.12078246352673
STARLINK-1105
1 67420U 98065A   24198.94572917 -.00022620  00000-0  13156-2 0  1002
2 67420  53.0000  20.0000 0000000   0.0000 279.0909 15.12078246788133
STARLINK-1106
1 98198U 98065A   24198.94572917 -.00022620  00000-0  13156-2 0  1001
2 98198  53.0000  20.0000 0000000   0.0000 295.4545 15.12078246667982
STARLINK-1107
1 99928U 98065A   24198.94572917 -.00022620  00000-0  13156-2 0  1001
2 99928  53.0000  20.0000 0000000   0.0000 311.8182 15.12078246530593
STARLINK-1108
1 32128U 98065A   24198.94572917 -.00022620  00000-0  13156-2 0  1008
2 32128  53.0000  20.0000 0000000   0.0000 328.1818 15.12078246363582
STARLINK-1109
1 86092U 98065A   24198.94572917 -.00022620  00000-0  13156-2 0  1003
2 86092  53.0000  20.0000 0000000   0.0000 344.5455 15.12078246475307
STARLINK-1110
1 93083U 98065A   24198.94572917 -.00022620  00000-0  13156-2 0  1000
2 93083  53.0000  25.0000 0000000   0.0000   1.1364 15.12078246605406
STARLINK-1111
1 78266U 98065A   24198.94572917 -.00022620  00000-0  13156-2 0  1007
2 78266  53.0000  25.0000 0000000   0.0000  17.5000 15.12078246930618
STARLINK-1112
1 50459U 98065A   24198.94572917 -.00022620  00000-0  13156-2 0  1005
2 50459  53.0000  25.0000 0000000   0.0000  33.8636 15.12078246710776
STARLINK-1113
1 62402U 98065A   24198.94572917 -.00022620  00000-0  13156-2 0  1006
2 62402  53.0000  25.0000 0000000   0.0000  50.2273 15.12078246196121
STARLINK-1114
1 87261U 98065A   24198.94572917 -.00022620  00000-0  13156-2 0  1003
2 87261  53.0000  25.0000 0000000   0.0000  66.5909 15.12078246619022
STARLINK-1115
1 35016U 98065A   24198.94572917 -.00022620  00000-0  13156-2 0  1000
2 35016  53.0000  25.0000 0000000   0.0000  82.9545 15.12078246609212
STARLINK-1116
1 35049U 98065A   24198.94572917 -.00022620  00000-0  13156-2 0  1008
2 35049  53.0000  25.0000 0000000   0.0000  99.3182 15.12078246559818
STARLINK-1117
1 96955U 98065A   24198.94572917 -.00022620  00000-0  13156-2 0  1000
2 96955  53.0000  25.0000 0000000   0.0000 115.6818 15.12078246743013
STARLINK-1118
1 90797U 98065A   24198.94572917 -.00022620  00000-0  13156-2 0  1008
2 90797  53.0000  25.0000 0000000   0.0000 132.0455 15.12078246219695
STARLINK-1119
1 16554U 98065A   24198.94572917 -.00022620  00000-0  13156-2 0  1006
2 16554  53.0000  25.0000 0000000   0.0000 148.4091 15.12078246598940
STARLINK-1120
1 59611U 98065A   24198.94572917 -.00022620  00000-0  13156-2 0  1005
2 59611  53.0000  25.0000 0000000   0.0000 164.7727 15.12078246601305
STARLINK-1121
1 52275U 98065A   24198.94572917 -.00022620  00000-0  13156-2 0  1006
2 52275  53.0000  25.0000 0000000   0.0000 181.1364 15.12078246786464
STARLINK-1122
1 26910U 98065A   24198.94572917 -.00022620  00000-0  13156-2 0  1004
2 26910  53.0000  25.0000 0000000   0.0000 197.5000 15.12078246895913
STARLINK-1123
1 97093U 98065A   24198.94572917 -.00022620  00000-0  13156-2 0  1000
2 97093  53.0000  25.0000 0000000   0.0000 213.8636 15.12078246808283
STARLINK-1124
1 42570U 98065A   24198.94572917 -.00022620  00000-0  13156-2 0  1002
2 42570  53.0000  25.0000 0000000   0.0000 230.2273 15.12078246477236
STARLINK-1125
1 84286U 98065A   24198.94572917 -.00022620  00000-0  13156-2 0  1005
2 84286  53.0000  25.0000 0000000   0.0000 246.5909 15.12078246642792
STARLINK-1126
1 26568U 98065A   24198.94572917 -.00022620  00000-0  13156-2 0  1007
2 26568  53.0000  25.0000 0000000   0.0000 262.9545 15.12078246227464
STARLINK-1127
1 67159U 98065A   24198.94572917 -.00022620  00000-0  13156-2 0  1005
2 67159  53.0000  25.0000 0000000   0.0000 279.3182 15.12078246264228
STARLINK-1128
1 29350U 98065A   24198.94572917 -.00022620  00000-0  13156-2 0  1006
2 29350  53.0000  25.0000 0000000   0.0000 295.6818 15.12078246438572
STARLINK-1129
1 71707U 98065A   24198.94572917 -.00022620  00000-0  13156-2 0  1005
2 71707  53.0000  25.0000 0000000   0.0000 312.0455 15.12078246614634
STARLINK-1130
1 56235U 98065A   24198.94572917 -.00022620  00000-0  13156-2 0  1002
2 56235  53.0000  25.0000 0000000   0.0000 328.4091 15.12078246730618
STARLINK-1131
1 60313U 98065A   24198.94572917 -.00022620  00000-0  13156-2 0  1003
2 60313  53.0000  25.0000 0000000   0.0000 344.7727 15.12078246159291
STARLINK-1132
1 73656U 98065A   24198.94572917 -.00022620  00000-0  13156-2 0  1005
2 73656  53.0000  30.0000 0000000   0.0000   1.3636 15.12078246874245
STARLINK-1133
1 46275U 98065A   24198.94572917 -.00022620  00000-0  13156-2 0  1004
2 46275  53.0000  30.0000 0000000   0.0000  17.7273 15.12078246138717
STARLINK-1134
1 26495U 98065A   24198.94572917 -.00022620  00000-0  13156-2 0  1001
2 26495  53.0000  30.0000 0000000   0.0000  34.0909 15.12078246472647
STARLINK-1135
1 48545U 98065A   24198.94572917 -.00022620  00000-0  13156-2 0  1004
2 48545  53.0000  30.0000 0000000   0.0000  50.4545 15.12078246634936
STARLINK-1136
1 84223U 98065A   24198.94572917 -.00022620  00000-0  13156-2 0  1007
2 84223  53.0000  30.0000 0000000   0.0000  66.8182 15.12078246118194
STARLINK-1137
1 70069U 98065A   24198.94572917 -.00022620  00000-0  13156-2 0  1006
2 70069  53.0000  30.0000 0000000   0.0000  83.1818 15.12078246603445
STARLINK-1138
1 25202U 98065A   24198.94572917 -.00022620  00000-0  13156-2 0  1006
2 25202  53.0000  30.0000 0000000   0.0000  99.5455 15.12078246221742
STARLINK-1139
1 64308U 98065A   24198.94572917 -.00022620  00000-0  13156-2 0  1001
2 64308  53.0000  30.0000 0000000   0.0000 115.9091 15.12078246538077
STARLINK-1140
1 80308U 98065A   24198.94572917 -.00022620  00000-0  13156-2 0  1003
2 80308  53.0000  30.0000 0000000   0.0000 132.2727 15.12078246888993
STARLINK-1141
1 64288U 98065A   24198.94572917 -.00022620  00000-0  13156-2 0  1007
2 64288  53.0000  30.0000 0000000   0.0000 148.6364 15.12078246155867
STARLINK-1142
1 44929U 98065A   24198.94572917 -.00022620  00000-0  13156-2 0  1002
2 44929  53.0000  30.0000 0000000   0.0000 165.0000 15.12078246202394
STARLINK-1143
1 22576U 98065A   24198.94572917 -.00022620  00000-0  13156-2 0  1001
2 22576  53.0000  30.0000 0000000   0.0000 181.3636 15.12078246923723
STARLINK-1144
1 20804U 98065A   24198.94572917 -.00022620  00000-0  13156-2 0  1000
2 20804  53.0000  30.0000 0000000   0.0000 197.7273 15.12078246329426
STARLINK-1145
1 76712U 98065A   24198.94572917 -.00022620  00000-0  13156-2 0  1003
2 76712  53.0000  30.0000 0000000   0.0000 214.0909 15.12078246134315
STARLINK-1146
1 35915U 98065A   24198.94572917 -.00022620  00000-0  13156-2 0  1008
2 35915  53.0000  30.0000 0000000   0.0000 230.4545 15.12078246487007
STARLINK-1147
1 21032U 98065A   24198.94572917 -.00022620  00000-0  13156-2 0  1004
2 21032  53.0000  30.0000 0000000   0.0000 246.8182 15.12078246331444
STARLINK-1148
1 96251U 98065A   24198.94572917 -.00022620  00000-0  13156-2 0  1002
2 96251  53.0000  30.0000 0000000   0.0000 263.1818 15.12078246864757
STARLINK-1149
1 18214U 98065A   24198.94572917 -.00022620  00000-0  13156-2 0  1005
2 18214  53.0000  30.0000 0000000   0.0000 279.5455 15.12078246655340
STARLINK-1150
1 96377U 98065A   24198.94572917 -.00022620  00000-0  13156-2 0  1004
2 96377  53.0000  30.0000 0000000   0.0000 295.9091 15.12078246369751
STARLINK-1151
1 35623U 98065A   24198.94572917 -.00022620  00000-0  13156-2 0  1003
2 35623  53.0000  30.0000 0000000   0.0000 312.2727 15.12078246881570
STARLINK-1152
1 53761U 98065A   24198.94572917 -.00022620  00000-0  13156-2 0  1005
2 53761  53.0000  30.0000 0000000   0.0000 328.6364 15.12078246876262
STARLINK-1153
1 24152U 98065A   24198.94572917 -.00022620  00000-0  13156-2 0  1003
2 24152  53.0000  30.0000 0000000   0.0000 345.0000 15.12078246702217
STARLINK-1154
1 94495U 98065A   24198.94572917 -.00022620  00000-0  13156-2 0  1000
2 94495  53.0000  35.0000 0000000   0.0000   1.5909 15.12078246467408
STARLINK-1155
1 46171U 98065A   24198.94572917 -.00022620  00000-0  13156-2 0  1001
2 46171  53.0000  35.0000 0000000   0.0000  17.9545 15.12078246333224
STARLINK-1156
1 64336U 98065A   24198.94572917 -.00022620  00000-0  13156-2 0  1001
2 64336  53.0000  35.0000 0000000   0.0000  34.3182 15.12078246472935
STARLINK-1157
1 47500U 98065A   24198.94572917 -.00022620  00000-0  13156-2 0  1005
2 47500  53.0000  35.0000 0000000   0.0000  50.6818 15.12078246509445
STARLINK-1158
1 72044U 98065A   24198.94572917 -.00022620  00000-0  13156-2 0  1000
2 72044  53.0000  35.0000 0000000   0.0000  67.0455 15.12078246573910
STARLINK-1159
1 39265U 98065A   24198.94572917 -.00022620  00000-0  13156-2 0  1006
2 39265  53.0000  35.0000 0000000   0.0000  83.4091 15.12078246312486
STARLINK-1160
1 18651U 98065A   24198.94572917 -.00022620  00000-0  13156-2 0  1004
2 18651  53.0000  35.0000 0000000   0.0000  99.7727 15.12078246962510
STARLINK-1161
1 72088U 98065A   24198.94572917 -.00022620  00000-0  13156-2 0  1004
2 72088  53.0000  35.0000 0000000   0.0000 116.1364 15.12078246603762
STARLINK-1162
1 51705U 98065A   24198.94572917 -.00022620  00000-0  13156-2 0  1001
2 51705  53.0000  35.0000 0000000   0.0000 132.5000 15.12078246413443
STARLINK-1163
1 62638U 98065A   24198.94572917 -.00022620  00000-0  13156-2 0  1008
2 62638  53.0000  35.0000 0000000   0.0000 148.8636 15.12078246927617
STARLINK-1164
1 81975U 98065A   24198.94572917 -.00022620  00000-0  13156-2 0  1006
2 81975  53.0000  35.0000 0000000   0.0000 165.2273 15.12078246836013
STARLINK-1165
1 55850U 98065A   24198.94572917 -.00022620  00000-0  13156-2 0  1007
2 55850  53.0000  35.0000 0000000   0.0000 181.5909 15.12078246606344
STARLINK-1166
1 21570U 98065A   24198.94572917 -.00022620  00000-0  13156-2 0  1003
2 21570  53.0000  35.0000 0000000   0.0000 197.9545 15.12078246332537
STARLINK-1167
1 44854U 98065A   24198.94572917 -.00022620  00000-0  13156-2 0  1005
2 44854  53.0000  35.0000 0000000   0.0000 214.3182 15.12078246470426
STARLINK-1168
1 64117U 98065A   24198.94572917 -.00022620  00000-0  13156-2 0  1007
2 64117  53.0000  35.0000 0000000   0.0000 230.6818 15.12078246595292
STARLINK-1169
1 44057U 98065A   24198.94572917 -.00022620  00000-0  13156-2 0  1004
2 44057  53.0000  35.0000 0000000   0.0000 247.0455 15.12078246790053
STARLINK-1170
1 81953U 98065A   24198.94572917 -.00022620  00000-0  13156-2 0  1006
2 81953  53.0000  35.0000 0000000   0.0000 263.4091 15.12078246463788
STARLINK-1171
1 45133U 98065A   24198.94572917 -.00022620  00000-0  13156-2 0  1007
2 45133  53.0000  35.0000 0000000   0.0000 279.7727 15.12078246908877
STARLINK-1172
1 20579U 98065A   24198.94572917 -.00022620  00000-0  13156-2 0  1003
2 20579  53.0000  35.0000 0000000   0.0000 296.1364 15.12078246992124
STARLINK-1173
1 99025U 98065A   24198.94572917 -.00022620  00000-0  13156-2 0  1008
2 99025  53.0000  35.0000 0000000   0.0000 312.5000 15.12078246806510
STARLINK-1174
1 51458U 98065A   24198.94572917 -.00022620  00000-0  13156-2 0  1000
2 51458  53.0000  35.0000 0000000   0.0000 328.8636 15.12078246490120
STARLINK-1175
1 32156U 98065A   24198.94572917 -.00022620  00000-0  13156-2 0  1000
2 32156  53.0000  35.0000 0000000   0.0000 345.2273 15.12078246574730
STARLINK-1176
1 83418U 98065A   24198.94572917 -.00022620  00000-0  13156-2 0  1003
2 83418  53.0000  40.0000 0000000   0.0000   1.8182 15.12078246578445
STARLINK-1177
1 66921U 98065A   24198.94572917 -.00022620  00000-0  13156-2 0  1006
2 66921  53.0000  40.0000 0000000   0.0000  18.1818 15.12078246847974
STARLINK-1178
1 51665U 98065A   24198.94572917 -.00022620  00000-0  13156-2 0  1006
2 51665  53.0000  40.0000 0000000   0.0000  34.5455 15.12078246408582
STARLINK-1179
1 71011U 98065A   24198.94572917 -.00022620  00000-0  13156-2 0  1003
2 71011  53.0000  40.0000 0000000   0.0000  50.9091 15.12078246542813
STARLINK-1180
1 89966U 98065A   24198.94572917 -.00022620  00000-0  13156-2 0  1005
2 89966  53.0000  40.0000 0000000   0.0000  67.2727 15.12078246152733
STARLINK-1181
1 72731U 98065A   24198.94572917 -.00022620  00000-0  13156-2 0  1000
2 72731  53.0000  40.0000 0000000   0.0000  83.6364 15.12078246705692
STARLINK-1182
1 86604U 98065A   24198.94572917 -.00022620  00000-0  13156-2 0  1002
2 86604  53.0000  40.0000 0000000   0.0000 100.0000 15.12078246715980
STARLINK-1183
1 50106U 98065A   24198.94572917 -.00022620  00000-0  13156-2 0  1001
2 50106  53.0000  40.0000 0000000   0.0000 116.3636 15.12078246298882
STARLINK-1184
1 72601U 98065A   24198.94572917 -.00022620  00000-0  13156-2 0  1002
2 72601  53.0000  40.0000 0000000   0.0000 132.7273 15.12078246635760
STARLINK-1185
1 91051U 98065A   24198.94572917 -.00022620  00000-0  13156-2 0  1004
2 91051  53.0000  40.0000 0000000   0.0000 149.0909 15.12078246116532
STARLINK-1186
1 29066U 98065A   24198.94572917 -.00022620  00000-0  13156-2 0  1005
2 29066  53.0000  40.0000 0000000   0.0000 165.4545 15.12078246347966
STARLINK-1187
1 94501U 98065A   24198.94572917 -.00022620  00000-0  13156-2 0  1005
2 94501  53.0000  40.0000 0000000   0.0000 181.8182 15.12078246466324
STARLINK-1188
1 91747U 98065A   24198.94572917 -.00022620  00000-0  13156-2 0  1000
2 91747  53.0000  40.0000 0000000   0.0000 198.1818 15.12078246133461
STARLINK-1189
1 93410U 98065A   24198.94572917 -.00022620  00000-0  13156-2 0  1000
2 93410  53.0000  40.0000 0000000   0.0000 214.5455 15.12078246625895
STARLINK-1190
1 83479U 98065A   24198.94572917 -.00022620  00000-0  13156-2 0  1005
2 83479  53.0000  40.0000 0000000   0.0000 230.9091 15.12078246362882
STARLINK-1191
1 45898U 98065A   24198.94572917 -.00022620  00000-0  13156-2 0  1005
2 45898  53.0000  40.0000 0000000   0.0000 247.2727 15.12078246183722
STARLINK-1192
1 80735U 98065A   24198.94572917 -.00022620  00000-0  13156-2 0  1003
2 80735  53.0000  40.0000 0000000   0.0000 263.6364 15.12078246455685
STARLINK-1193
1 81099U 98065A   24198.94572917 -.00022620  00000-0  13156-2 0  1007
2 81099  53.0000  40.0000 0000000   0.0000 280.0000 15.12078246334272
STARLINK-1194
1 14442U 98065A   24198.94572917 -.00022620  00000-0  13156-2 0  1005
2 14442  53.0000  40.0000 0000000   0.0000 296.3636 15.12078246472611
STARLINK-1195
1 18682U 98065A   24198.94572917 -.00022620  00000-0  13156-2 0  1001
2 18682  53.0000  40.0000 0000000   0.0000 312.7273 15.12078246680440
STARLINK-1196
1 33389U 98065A   24198.94572917 -.00022620  00000-0  13156-2 0  1005
2 33389  53.0000  40.0000 0000000   0.0000 329.0909 15.12078246830820
STARLINK-1197
1 39844U 98065A   24198.94572917 -.00022620  00000-0  13156-2 0  1001
2 39844  53.0000  40.0000 0000000   0.0000 345.4545 15.12078246680208
STARLINK-1198
1 38744U 98065A   24198.94572917 -.00022620  00000-0  13156-2 0  1002
2 38744  53.0000  45.0000 0000000   0.0000   2.0455 15.12078246315734
STARLINK-1199
1 79347U 98065A   24198.94572917 -.00022620  00000-0  13156-2 0  1000
2 79347  53.0000  45.0000 0000000   0.0000  18.4091 15.12078246403402
STARLINK-1200
1 78802U 98065A   24198.94572917 -.00022620  00000-0  13156-2 0  1005
2 78802  53.0000  45.0000 0000000   0.0000  34.7727 15.12078246203476
STARLINK-1201
1 99729U 98065A   24198.94572917 -.00022620  00000-0  13156-2 0  1008
2 99729  53.0000  45.0000 0000000   0.0000  51.1364 15.12078246416916
STARLINK-1202
1 47490U 98065A   24198.94572917 -.00022620  00000-0  13156-2 0  1003
2 47490  53.0000  45.0000 0000000   0.0000  67.5000 15.12078246257825
STARLINK-1203
1 50254U 98065A   24198.94572917 -.00022620  00000-0  13156-2 0  1004
2 50254  53.0000  45.0000 0000000   0.0000  83.8636 15.12078246237842
STARLINK-1204
1 57111U 98065A   24198.94572917 -.00022620  00000-0  13156-2 0  1001
2 57111  53.0000  45.0000 0000000   0.0000 100.2273 15.12078246274551
STARLINK-1205
1 84551U 98065A   24198.94572917 -.00022620  00000-0  13156-2 0  1003
2 84551  53.0000  45.0000 0000000   0.0000 116.5909 15.12078246712820
STARLINK-1206
1 32663U 98065A   24198.94572917 -.00022620  00000-0  13156-2 0  1001
2 32663  53.0000  45.0000 0000000   0.0000 132.9545 15.12078246229306
STARLINK-1207
1 77567U 98065A   24198.94572917 -.00022620  00000-0  13156-2 0  1005
2 77567  53.0000  45.0000 0000000   0.0000 149.3182 15.12078246442955
STARLINK-1208
1 14751U 98065A   24198.94572917 -.00022620  00000-0  13156-2 0  1007
2 14751  53.0000  45.0000 0000000   0.0000 165.6818 15.12078246402435
STARLINK-1209
1 17654U 98065A   24198.94572917 -.00022620  00000-0  13156-2 0  1002
2 17654  53.0000  45.0000 0000000   0.0000 182.0455 15.12078246697288
STARLINK-1210
1 75709U 98065A   24198.94572917 -.00022620  00000-0  13156-2 0  1008
2 75709  53.0000  45.0000 0000000   0.0000 198.4091 15.12078246899892
STARLINK-1211
1 86206U 98065A   24198.94572917 -.00022620  00000-0  13156-2 0  1005
2 86206  53.0000  45.0000 0000000   0.0000 214.7727 15.12078246552167
STARLINK-1212
1 83528U 98065A   24198.94572917 -.00022620  00000-0  13156-2 0  1008
2 83528  53.0000  45.0000 0000000   0.0000 231.1364 15.12078246198341
STARLINK-1213
1 64950U 98065A   24198.94572917 -.00022620  00000-0  13156-2 0  1003
2 64950  53.0000  45.0000 0000000   0.0000 247.5000 15.12078246649954
STARLINK-1214
1 84233U 98065A   24198.94572917 -.00022620  00000-0  13156-2 0  1000
2 84233  53.0000  45.0000 0000000   0.0000 263.8636 15.12078246973733
STARLINK-1215
1 65923U 98065A   24198.94572917 -.00022620  00000-0  13156-2 0  1000
2 65923  53.0000  45.0000 0000000   0.0000 280.2273 15.12078246420670
STARLINK-1216
1 12150U 98065A   24198.94572917 -.00022620  00000-0  13156-2 0  1006
2 12150  53.0000  45.0000 0000000   0.0000 296.5909 15.12078246138930
STARLINK-1217
1 84147U 98065A   24198.94572917 -.00022620  00000-0  13156-2 0  1007
2 84147  53.0000  45.0000 0000000   0.0000 312.9545 15.12078246157917
STARLINK-1218
1 30808U 98065A   24198.94572917 -.00022620  00000-0  13156-2 0  1002
2 30808  53.0000  45.0000 0000000   0.0000 329.3182 15.12078246136546
STARLINK-1219
1 77927U 98065A   24198.94572917 -.00022620  00000-0  13156-2 0  1005
2 77927  53.0000  45.0000 0000000   0.0000 345.6818 15.12078246867556
STARLINK-1220
1 44892U 98065A   24198.94572917 -.00022620  00000-0  13156-2 0  1000
2 44892  53.0000  50.0000 0000000   0.0000   2.2727 15.12078246489374
STARLINK-1221
1 50338U 98065A   24198.94572917 -.00022620  00000-0  13156-2 0  1005
2 50338  53.0000  50.0000 0000000   0.0000  18.6364 15.12078246525421
STARLINK-1222
1 29654U 98065A   24198.94572917 -.00022620  00000-0  13156-2 0  1008
2 29654  53.0000  50.0000 0000000   0.0000  35.0000 15.12078246610726
STARLINK-1223
1 48208U 98065A   24198.94572917 -.00022620  00000-0  13156-2 0  1007
2 48208  53.0000  50.0000 0000000   0.0000  51.3636 15.12078246438560
STARLINK-1224
1 78284U 98065A   24198.94572917 -.00022620  00000-0  13156-2 0  1008
2 78284  53.0000  50.0000 0000000   0.0000  67.7273 15.12078246968958
STARLINK-1225
1 36965U 98065A   24198.94572917 -.00022620  00000-0  13156-2 0  1008
2 36965  53.0000  50.0000 0000000   0.0000  84.0909 15.12078246439915
STARLINK-1226
1 49019U 98065A   24198.94572917 -.00022620  00000-0  13156-2 0  1006
2 49019  53.0000  50.0000 0000000   0.0000 100.4545 15.12078246503256
STARLINK-1227
1 53614U 98065A   24198.94572917 -.00022620  00000-0  13156-2 0  1002
2 53614  53.0000  50.0000 0000000   0.0000 116.8182 15.12078246584901
STARLINK-1228
1 51616U 98065A   24198.94572917 -.00022620  00000-0  13156-2 0  1001
2 51616  53.0000  50.0000 0000000   0.0000 133.1818 15.12078246255550
STARLINK-1229
1 98683U 98065A   24198.94572917 -.00022620  00000-0  13156-2 0  1007
2 98683  53.0000  50.0000 0000000   0.0000 149.5455 15.12078246357241
STARLINK-1230
1 10843U 98065A   24198.94572917 -.00022620  00000-0  13156-2 0  1007
2 10843  53.0000  50.0000 0000000   0.0000 165.9091 15.12078246962252
STARLINK-1231
1 39707U 98065A   24198.94572917 -.00022620  00000-0  13156-2 0  1002
2 39707  53.0000  50.0000 0000000   0.0000 182.2727 15.12078246698463
STARLINK-1232
1 61883U 98065A   24198.94572917 -.00022620  00000-0  13156-2 0  1004
2 61883  53.0000  50.0000 0000000   0.0000 198.6364 15.12078246694632
STARLINK-1233
1 13816U 98065A   24198.94572917 -.00022620  00000-0  13156-2 0  1000
2 13816  53.0000  50.0000 0000000   0.0000 215.0000 15.12078246434903
STARLINK-1234
1 50012U 98065A   24198.94572917 -.00022620  00000-0  13156-2 0  1004
2 50012  53.0000  50.0000 0000000   0.0000 231.3636 15.12078246928873
STARLINK-1235
1 86961U 98065A   24198.94572917 -.00022620  00000-0  13156-2 0  1008
2 86961  53.0000  50.0000 0000000   0.0000 247.7273 15.12078246785074
STARLINK-1236
1 77897U 98065A   24198.94572917 -.00022620  00000-0  13156-2 0  1000
2 77897  53.0000  50.0000 0000000   0.0000 264.0909 15.12078246328840
STARLINK-1237
1 18076U 98065A   24198.94572917 -.00022620  00000-0  13156-2 0  1007
2 18076  53.0000  50.0000 0000000   0.0000 280.4545 15.12078246603454
STARLINK-1238
1 59631U 98065A   24198.94572917 -.00022620  00000-0  13156-2 0  1006
2 59631  53.0000  50.0000 0000000   0.0000 296.8182 15.12078246883457
STARLINK-1239
1 14560U 98065A   24198.94572917 -.00022620  00000-0  13156-2 0  1001
2 14560  53.0000  50.0000 0000000   0.0000 313.1818 15.12078246496670
STARLINK-1240
1 32525U 98065A   24198.94572917 -.00022620  00000-0  13156-2 0  1004
2 32525  53.0000  50.0000 0000000   0.0000 329.5455 15.12078246261783
STARLINK-1241
1 58766U 98065A   24198.94572917 -.00022620  00000-0  13156-2 0  1006
2 58766  53.0000  50.0000 0000000   0.0000 345.9091 15.12078246870874
STARLINK-1242
1 64250U 98065A   24198.94572917 -.00022620  00000-0  13156-2 0  1004
2 64250  53.0000  55.0000 0000000   0.0000   2.5000 15.12078246474077
STARLINK-1243
1 51882U 98065A   24198.94572917 -.00022620  00000-0  13156-2 0  1005
2 51882  53.0000  55.0000 0000000   0.0000  18.8636 15.12078246673930
STARLINK-1244
1 65912U 98065A   24198.94572917 -.00022620  00000-0  13156-2 0  1007
2 65912  53.0000  55.0000 0000000   0.0000  35.2273 15.12078246156261
STARLINK-1245
1 75257U 98065A   24198.94572917 -.00022620  00000-0  13156-2 0  1005
2 75257  53.0000  55.0000 0000000   0.0000  51.5909 15.12078246919240
STARLINK-1246
1 32068U 98065A   24198.94572917 -.00022620  00000-0  13156-2 0  1001
2 32068  53.0000  55.0000 0000000   0.0000  67.9545 15.12078246235602
STARLINK-1247
1 47167U 98065A   24198.94572917 -.00022620  00000-0  13156-2 0  1000
2 47167  53.0000  55.0000 0000000   0.0000  84.3182 15.12078246680183
STARLINK-1248
1 82845U 98065A   24198.94572917 -.00022620  00000-0  13156-2 0  1000
2 82845  53.0000  55.0000 0000000   0.0000 100.6818 15.12078246278272
STARLINK-1249
1 38919U 98065A   24198.94572917 -.00022620  00000-0  13156-2 0  1000
2 38919  53.0000  55.0000 0000000   0.0000 117.0455 15.12078246182744
STARLINK-1250
1 33915U 98065A   24198.94572917 -.00022620  00000-0  13156-2 0  1006
2 33915  53.0000  55.0000 0000000   0.0000 133.4091 15.12078246267435
STARLINK-1251
1 11532U 98065A   24198.94572917 -.00022620  00000-0  13156-2 0  1007
2 11532  53.0000  55.0000 0000000   0.0000 149.7727 15.12078246312782
STARLINK-1252
1 82250U 98065A   24198.94572917 -.00022620  00000-0  13156-2 0  1005
2 82250  53.0000  55.0000 0000000   0.0000 166.1364 15.12078246636587
STARLINK-1253
1 55293U 98065A   24198.94572917 -.00022620  00000-0  13156-2 0  1005
2 55293  53.0000  55.0000 0000000   0.0000 182.5000 15.12078246564064
STARLINK-1254
1 27816U 98065A   24198.94572917 -.00022620  00000-0  13156-2 0  1002
2 27816  53.0000  55.0000 0000000   0.0000 198.8636 15.12078246539133
STARLINK-1255
1 96005U 98065A   24198.94572917 -.00022620  00000-0  13156-2 0  1003
2 96005  53.0000  55.0000 0000000   0.0000 215.2273 15.12078246509637
STARLINK-1256
1 60815U 98065A   24198.94572917 -.00022620  00000-0  13156-2 0  1000
2 60815  53.0000  55.0000 0000000   0.0000 231.5909 15.12078246578398
STARLINK-1257
1 82177U 98065A   24198.94572917 -.00022620  00000-0  13156-2 0  1004
2 82177  53.0000  55.0000 0000000   0.0000 247.9545 15.12078246454984
STARLINK-1258
1 37943U 98065A   24198.94572917 -.00022620  00000-0  13156-2 0  1007
2 37943  53.0000  55.0000 0000000   0.0000 264.3182 15.12078246864286
STARLINK-1259
1 27689U 98065A   24198.94572917 -.00022620  00000-0  13156-2 0  1004
2 27689  53.0000  55.0000 0000000   0.0000 280.6818 15.12078246389204
STARLINK-1260
1 85433U 98065A   24198.94572917 -.00022620  00000-0  13156-2 0  1008
2 85433  53.0000  55.0000 0000000   0.0000 297.0455 15.12078246374375
STARLINK-1261
1 83742U 98065A   24198.94572917 -.00022620  00000-0  13156-2 0  1008
2 83742  53.0000  55.0000 0000000   0.0000 313.4091 15.12078246994402
STARLINK-1262
1 90803U 98065A   24198.94572917 -.00022620  00000-0  13156-2 0  1006
2 90803  53.0000  55.0000 0000000   0.0000 329.7727 15.12078246282458
STARLINK-1263
1 94536U 98065A   24198.94572917 -.00022620  00000-0  13156-2 0  1002
2 94536  53.0000  55.0000 0000000   0.0000 346.1364 15.12078246857326
STARLINK-1264
1 10258U 98065A   24198.94572917 -.00022620  00000-0  13156-2 0  1005
2 10258  53.0000  60.0000 0000000   0.0000   2.7273 15.12078246999617
STARLINK-1265
1 74762U 98065A   24198.94572917 -.00022620  00000-0  13156-2 0  1000
2 74762  53.0000  60.0000 0000000   0.0000  19.0909 15.12078246286694
STARLINK-1266
1 31924U 98065A   24198.94572917 -.00022620  00000-0  13156-2 0  1007
2 31924  53.0000  60.0000 0000000   0.0000  35.4545 15.12078246245200
STARLINK-1267
1 13536U 98065A   24198.94572917 -.00022620  00000-0  13156-2 0  1004
2 13536  53.0000  60.0000 0000000   0.0000  51.8182 15.12078246353943
STARLINK-1268
1 75031U 98065A   24198.94572917 -.00022620  00000-0  13156-2 0  1000
2 75031  53.0000  60.0000 0000000   0.0000  68.1818 15.12078246560194
STARLINK-1269
1 73698U 98065A   24198.94572917 -.00022620  00000-0  13156-2 0  1006
2 73698  53.0000  60.0000 0000000   0.0000  84.5455 15.12078246192826
STARLINK-1270
1 94480U 98065A   24198.94572917 -.00022620  00000-0  13156-2 0  1008
2 94480  53.0000  60.0000 0000000   0.0000 100.9091 15.12078246268784
STARLINK-1271
1 22482U 98065A   24198.94572917 -.00022620  00000-0  13156-2 0  1006
2 22482  53.0000  60.0000 0000000   0.0000 117.2727 15.12078246228321
STARLINK-1272
1 11083U 98065A   24198.94572917 -.00022620  00000-0  13156-2 0  1002
2 11083  53.0000  60.0000 0000000   0.0000 133.6364 15.12078246620790
STARLINK-1273
1 69381U 98065A   24198.94572917 -.00022620  00000-0  13156-2 0  1000
2 69381  53.0000  60.0000 0000000   0.0000 150.0000 15.12078246221688
STARLINK-1274
1 16828U 98065A   24198.94572917 -.00022620  00000-0  13156-2 0  1007
2 16828  53.0000  60.0000 0000000   0.0000 166.3636 15.12078246240903
STARLINK-1275
1 79323U 98065A   24198.94572917 -.00022620  00000-0  13156-2 0  1008
2 79323  53.0000  60.0000 0000000   0.0000 182.7273 15.12078246915078
STARLINK-1276
1 20695U 98065A   24198.94572917 -.00022620  00000-0  13156-2 0  1008
2 20695  53.0000  60.0000 0000000   0.0000 199.0909 15.12078246689296
STARLINK-1277
1 46704U 98065A   24198.94572917 -.00022620  00000-0  13156-2 0  1006
2 46704  53.0000  60.0000 0000000   0.0000 215.4545 15.12078246568108
STARLINK-1278
1 90516U 98065A   24198.94572917 -.00022620  00000-0  13156-2 0  1007
2 90516  53.0000  60.0000 0000000   0.0000 231.8182 15.12078246154984
STARLINK-1279
1 98223U 98065A   24198.94572917 -.00022620  00000-0  13156-2 0  1004
2 98223  53.0000  60.0000 0000000   0.0000 248.1818 15.12078246838156
STARLINK-1280
1 77089U 98065A   24198.94572917 -.00022620  00000-0  13156-2 0  1001
2 77089  53.0000  60.0000 0000000   0.0000 264.5455 15.12078246141831
STARLINK-1281
1 96602U 98065A   24198.94572917 -.00022620  00000-0  13156-2 0  1001
2 96602  53.0000  60.0000 0000000   0.0000 280.9091 15.12078246546521
STARLINK-1282
1 55258U 98065A   24198.94572917 -.00022620  00000-0  13156-2 0  1005
2 55258  53.0000  60.0000 0000000   0.0000 297.2727 15.12078246354577
STARLINK-1283
1 99806U 98065A   24198.94572917 -.00022620  00000-0  13156-2 0  1002
2 99806  53.0000  60.0000 0000000   0.0000 313.6364 15.12078246774903
STARLINK-1284
1 26223U 98065A   24198.94572917 -.00022620  00000-0  13156-2 0  1005
2 26223  53.0000  60.0000 0000000   0.0000 330.0000 15.12078246393415
STARLINK-1285
1 26549U 98065A   24198.94572917 -.00022620  00000-0  13156-2 0  1004
2 26549  53.0000  60.0000 0000000   0.0000 346.3636 15.12078246280028
STARLINK-1286
1 76837U 98065A   24198.94572917 -.00022620  00000-0  13156-2 0  1003
2 76837  53.0000  65.0000 0000000   0.0000   2.9545 15.12078246746548
STARLINK-1287
1 52748U 98065A   24198.94572917 -.00022620  00000-0  13156-2 0  1002
2 52748  53.0000  65.0000 0000000   0.0000  19.3182 15.12078246820432
STARLINK-1288
1 41686U 98065A   24198.94572917 -.00022620  00000-0  13156-2 0  1002
2 41686  53.0000  65.0000 0000000   0.0000  35.6818 15.12078246532226
STARLINK-1289
1 72278U 98065A   24198.94572917 -.00022620  00000-0  13156-2 0  1008
2 72278  53.0000  65.0000 0000000   0.0000  52.0455 15.12078246961214
STARLINK-1290
1 60230U 98065A   24198.94572917 -.00022620  00000-0  13156-2 0  1005
2 60230  53.0000  65.0000 0000000   0.0000  68.4091 15.12078246344105
STARLINK-1291
1 62194U 98065A   24198.94572917 -.00022620  00000-0  13156-2 0  1006
2 62194  53.0000  65.0000 0000000   0.0000  84.7727 15.12078246744897
STARLINK-1292
1 38257U 98065A   24198.94572917 -.00022620  00000-0  13156-2 0  1004
2 38257  53.0000  65.0000 0000000   0.0000 101.1364 15.12078246131292
STARLINK-1293
1 79070U 98065A   24198.94572917 -.00022620  00000-0  13156-2 0  1000
2 79070  53.0000  65.0000 0000000   0.0000 117.5000 15.12078246167847
STARLINK-1294
1 64065U 98065A   24198.94572917 -.00022620  00000-0  13156-2 0  1008
2 64065  53.0000  65.0000 0000000   0.0000 133.8636 15.12078246681371
STARLINK-1295
1 90479U 98065A   24198.94572917 -.00022620  00000-0  13156-2 0  1004
2 90479  53.0000  65.0000 0000000   0.0000 150.2273 15.12078246884794
STARLINK-1296
1 21385U 98065A   24198.94572917 -.00022620  00000-0  13156-2 0  1003
2 21385  53.0000  65.0000 0000000   0.0000 166.5909 15.12078246250446
STARLINK-1297
1 16960U 98065A   24198.94572917 -.00022620  00000-0  13156-2 0  1007
2 16960  53.0000  65.0000 0000000   0.0000 182.9545 15.12078246993896
STARLINK-1298
1 61749U 98065A   24198.94572917 -.00022620  00000-0  13156-2 0  1001
2 61749  53.0000  65.0000 0000000   0.0000 199.3182 15.12078246361527
STARLINK-1299
1 41714U 98065A   24198.94572917 -.00022620  00000-0  13156-2 0  1007
2 41714  53.0000  65.0000 0000000   0.0000 215.6818 15.12078246146844
STARLINK-1300
1 97303U 98065A   24198.94572917 -.00022620  00000-0  13156-2 0  1006
2 97303  53.0000  65.0000 0000000   0.0000 232.0455 15.12078246156777
STARLINK-1301
1 79582U 98065A   24198.94572917 -.00022620  00000-0  13156-2 0  1003
2 79582  53.0000  65.0000 0000000   0.0000 248.4091 15.12078246941067
STARLINK-1302
1 66951U 98065A   24198.94572917 -.00022620  00000-0  13156-2 0  1000
2 66951  53.0000  65.0000 0000000   0.0000 264.7727 15.12078246350392
STARLINK-1303
1 55218U 98065A   24198.94572917 -.00022620  00000-0  13156-2 0  1008
2 55218  53.0000  65.0000 0000000   0.0000 281.1364 15.12078246413544
STARLINK-1304
1 14242U 98065A   24198.94572917 -.00022620  00000-0  13156-2 0  1002
2 14242  53.0000  65.0000 0000000   0.0000 297.5000 15.12078246668313
STARLINK-1305
1 58892U 98065A   24198.94572917 -.00022620  00000-0  13156-2 0  1002
2 58892  53.0000  65.0000 0000000   0.0000 313.8636 15.12078246457193
STARLINK-1306
1 11548U 98065A   24198.94572917 -.00022620  00000-0  13156-2 0  1005
2 11548  53.0000  65.0000 0000000   0.0000 330.2273 15.12078246686364
STARLINK-1307
1 82690U 98065A   24198.94572917 -.00022620  00000-0  13156-2 0  1004
2 82690  53.0000  65.0000 0000000   0.0000 346.5909 15.12078246860582
STARLINK-1308
1 58313U 98065A   24198.94572917 -.00022620  00000-0  13156-2 0  1001
2 58313  53.0000  70.0000 0000000   0.0000   3.1818 15.12078246799682
STARLINK-1309
1 67433U 98065A   24198.94572917 -.00022620  00000-0  13156-2 0  1000
2 67433  53.0000  70.0000 0000000   0.0000  19.5455 15.12078246766944
STARLINK-1310
1 11403U 98065A   24198.94572917 -.00022620  00000-0  13156-2 0  1008
2 11403  53.0000  70.0000 0000000   0.0000  35.9091 15.12078246530781
STARLINK-1311
1 59983U 98065A   24198.94572917 -.00022620  00000-0  13156-2 0  1006
2 59983  53.0000  70.0000 0000000   0.0000  52.2727 15.12078246196563
STARLINK-1312
1 42279U 98065A   24198.94572917 -.00022620  00000-0  13156-2 0  1002
2 42279  53.0000  70.0000 0000000   0.0000  68.6364 15.12078246730583
STARLINK-1313
1 86881U 98065A   24198.94572917 -.00022620  00000-0  13156-2 0  1002
2 86881  53.0000  70.0000 0000000   0.0000  85.0000 15.12078246172976
STARLINK-1314
1 44978U 98065A   24198.94572917 -.00022620  00000-0  13156-2 0  1000
2 44978  53.0000  70.0000 0000000   0.0000 101.3636 15.12078246203501
STARLINK-1315
1 78185U 98065A   24198.94572917 -.00022620  00000-0  13156-2 0  1001
2 78185  53.0000  70.0000 0000000   0.0000 117.7273 15.12078246441855
STARLINK-1316
1 52642U 98065A   24198.94572917 -.00022620  00000-0  13156-2 0  1000
2 52642  53.0000  70.0000 0000000   0.0000 134.0909 15.12078246443285
STARLINK-1317
1 25330U 98065A   24198.94572917 -.00022620  00000-0  13156-2 0  1003
2 25330  53.0000  70.0000 0000000   0.0000 150.4545 15.12078246992200
STARLINK-1318
1 99045U 98065A   24198.94572917 -.00022620  00000-0  13156-2 0  1008
2 99045  53.0000  70.0000 0000000   0.0000 166.8182 15.12078246835117
STARLINK-1319
1 72679U 98065A   24198.94572917 -.00022620  00000-0  13156-2 0  1003
2 72679  53.0000  70.0000 0000000   0.0000 183.1818 15.12078246635777
STARLINK-1320
1 37503U 98065A   24198.94572917 -.00022620  00000-0  13156-2 0  1005
2 37503  53.0000  70.0000 0000000   0.0000 199.5455 15.12078246484171
STARLINK-1321
1 59183U 98065A   24198.94572917 -.00022620  00000-0  13156-2 0  1000
2 59183  53.0000  70.0000 0000000   0.0000 215.9091 15.12078246423500
STARLINK-1322
1 70401U 98065A   24198.94572917 -.00022620  00000-0  13156-2 0  1005
2 70401  53.0000  70.0000 0000000   0.0000 232.2727 15.12078246466632
STARLINK-1323
1 44087U 98065A   24198.94572917 -.00022620  00000-0  13156-2 0  1005
2 44087  53.0000  70.0000 0000000   0.0000 248.6364 15.12078246462878
STARLINK-1324
1 45899U 98065A   24198.94572917 -.00022620  00000-0  13156-2 0  1005
2 45899  53.0000  70.0000 0000000   0.0000 265.0000 15.12078246880217
STARLINK-1325
1 26214U 98065A   24198.94572917 -.00022620  00000-0  13156-2 0  1006
2 26214  53.0000  70.0000 0000000   0.0000 281.3636 15.12078246548691
STARLINK-1326
1 83498U 98065A   24198.94572917 -.00022620  00000-0  13156-2 0  1006
2 83498  53.0000  70.0000 0000000   0.0000 297.7273 15.12078246399546
STARLINK-1327
1 15321U 98065A   24198.94572917 -.00022620  00000-0  13156-2 0  1007
2 15321  53.0000  70.0000 0000000   0.0000 314.0909 15.12078246886154
STARLINK-1328
1 91721U 98065A   24198.94572917 -.00022620  00000-0  13156-2 0  1001
2 91721  53.0000  70.0000 0000000   0.0000 330.4545 15.12078246442044
STARLINK-1329
1 80833U 98065A   24198.94572917 -.00022620  00000-0  13156-2 0  1002
2 80833  53.0000  70.0000 0000000   0.0000 346.8182 15.12078246802876
STARLINK-1330
1 88668U 98065A   24198.94572917 -.00022620  00000-0  13156-2 0  1004
2 88668  53.0000  75.0000 0000000   0.0000   3.4091 15.12078246247663
STARLINK-1331
1 88232U 98065A   24198.94572917 -.00022620  00000-0  13156-2 0  1008
2 88232  53.0000  75.0000 0000000   0.0000  19.7727 15.12078246534220
STARLINK-1332
1 80145U 98065A   24198.94572917 -.00022620  00000-0  13156-2 0  1000
2 80145  53.0000  75.0000 0000000   0.0000  36.1364 15.12078246487873
STARLINK-1333
1 69666U 98065A   24198.94572917 -.00022620  00000-0  13156-2 0  1001
2 69666  53.0000  75.0000 0000000   0.0000  52.5000 15.12078246237328
STARLINK-1334
1 19104U 98065A   24198.94572917 -.00022620  00000-0  13156-2 0  1000
2 19104  53.0000  75.0000 0000000   0.0000  68.8636 15.12078246928855
STARLINK-1335
1 23104U 98065A   24198.94572917 -.00022620  00000-0  13156-2 0  1007
2 23104  53.0000  75.0000 0000000   0.0000  85.2273 15.12078246827748
STARLINK-1336
1 23981U 98065A   24198.94572917 -.00022620  00000-0  13156-2 0  1008
2 23981  53.0000  75.0000 0000000   0.0000 101.5909 15.12078246391356
STARLINK-1337
1 20977U 98065A   24198.94572917 -.00022620  00000-0  13156-2 0  1003
2 20977  53.0000  75.0000 0000000   0.0000 117.9545 15.12078246384560
STARLINK-1338
1 56765U 98065A   24198.94572917 -.00022620  00000-0  13156-2 0  1003
2 56765  53.0000  75.0000 0000000   0.0000 134.3182 15.12078246390507
STARLINK-1339
1 54055U 98065A   24198.94572917 -.00022620  00000-0  13156-2 0  1003
2 54055  53.0000  75.0000 0000000   0.0000 150.6818 15.12078246409505
STARLINK-1340
1 82898U 98065A   24198.94572917 -.00022620  00000-0  13156-2 0  1003
2 82898  53.0000  75.0000 0000000   0.0000 167.0455 15.12078246178426
STARLINK-1341
1 55947U 98065A   24198.94572917 -.00022620  00000-0  13156-2 0  1006
2 55947  53.0000  75.0000 0000000   0.0000 183.4091 15.12078246878033
STARLINK-1342
1 49807U 98065A   24198.94572917 -.00022620  00000-0  13156-2 0  1002
2 49807  53.0000  75.0000 0000000   0.0000 199.7727 15.12078246841666
STARLINK-1343
1 11875U 98065A   24198.94572917 -.00022620  00000-0  13156-2 0  1006
2 11875  53.0000  75.0000 0000000   0.0000 216.1364 15.12078246398368
STARLINK-1344
1 61699U 98065A   24198.94572917 -.00022620  00000-0  13156-2 0  1006
2 61699  53.0000  75.0000 0000000   0.0000 232.5000 15.12078246608064
STARLINK-1345
1 39706U 98065A   24198.94572917 -.00022620  00000-0  13156-2 0  1005
2 39706  53.0000  75.0000 0000000   0.0000 248.8636 15.12078246207981
STARLINK-1346
1 47473U 98065A   24198.94572917 -.00022620  00000-0  13156-2 0  1008
2 47473  53.0000  75.0000 0000000   0.0000 265.2273 15.12078246267303
STARLINK-1347
1 26251U 98065A   24198.94572917 -.00022620  00000-0  13156-2 0  1001
2 26251  53.0000  75.0000 0000000   0.0000 281.5909 15.12078246915041
STARLINK-1348
1 95355U 98065A   24198.94572917 -.00022620  00000-0  13156-2 0  1007
2 95355  53.0000  75.0000 0000000   0.0000 297.9545 15.12078246193408
STARLINK-1349
1 82784U 98065A   24198.94572917 -.00022620  00000-0  13156-2 0  1001
2 82784  53.0000  75.0000 0000000   0.0000 314.3182 15.12078246291884
STARLINK-1350
1 29023U 98065A   24198.94572917 -.00022620  00000-0  13156-2 0  1006
2 29023  53.0000  75.0000 0000000   0.0000 330.6818 15.12078246889915
STARLINK-1351
1 52202U 98065A   24198.94572917 -.00022620  00000-0  13156-2 0  1007
2 52202  53.0000  75.0000 0000000   0.0000 347.0455 15.12078246810145
STARLINK-1352
1 59338U 98065A   24198.94572917 -.00022620  00000-0  13156-2 0  1008
2 59338  53.0000  80.0000 0000000   0.0000   3.6364 15.12078246431214
STARLINK-1353
1 11978U 98065A   24198.94572917 -.00022620  00000-0  13156-2 0  1006
2 11978  53.0000  80.0000 0000000   0.0000  20.0000 15.12078246798307
STARLINK-1354
1 83565U 98065A   24198.94572917 -.00022620  00000-0  13156-2 0  1006
2 83565  53.0000  80.0000 0000000   0.0000  36.3636 15.12078246711047
STARLINK-1355
1 11473U 98065A   24198.94572917 -.00022620  00000-0  13156-2 0  1008
2 11473  53.0000  80.0000 0000000   0.0000  52.7273 15.12078246998114
STARLINK-1356
1 43233U 98065A   24198.94572917 -.00022620  00000-0  13156-2 0  1001
2 43233  53.0000  80.0000 0000000   0.0000  69.0909 15.12078246171583
STARLINK-1357
1 78113U 98065A   24198.94572917 -.00022620  00000-0  13156-2 0  1008
2 78113  53.0000  80.0000 0000000   0.0000  85.4545 15.12078246955096
STARLINK-1358
1 88667U 98065A   24198.94572917 -.00022620  00000-0  13156-2 0  1005
2 88667  53.0000  80.0000 0000000   0.0000 101.8182 15.12078246157338
STARLINK-1359
1 69806U 98065A   24198.94572917 -.00022620  00000-0  13156-2 0  1005
2 69806  53.0000  80.0000 0000000   0.0000 118.1818 15.12078246225071
STARLINK-1360
1 47441U 98065A   24198.94572917 -.00022620  00000-0  13156-2 0  1000
2 47441  53.0000  80.0000 0000000   0.0000 134.5455 15.12078246932311
STARLINK-1361
1 70664U 98065A   24198.94572917 -.00022620  00000-0  13156-2 0  1001
2 70664  53.0000  80.0000 0000000   0.0000 150.9091 15.12078246651721
STARLINK-1362
1 58463U 98065A   24198.94572917 -.00022620  00000-0  13156-2 0  1000
2 58463  53.0000  80.0000 0000000   0.0000 167.2727 15.12078246473784
STARLINK-1363
1 31713U 98065A   24198.94572917 -.00022620  00000-0  13156-2 0  1003
2 31713  53.0000  80.0000 0000000   0.0000 183.6364 15.12078246283994
STARLINK-1364
1 74512U 98065A   24198.94572917 -.00022620  00000-0  13156-2 0  1004
2 74512  53.0000  80.0000 0000000   0.0000 200.0000 15.12078246560011
STARLINK-1365
1 22738U 98065A   24198.94572917 -.00022620  00000-0  13156-2 0  1006
2 22738  53.0000  80.0000 0000000   0.0000 216.3636 15.12078246280782
STARLINK-1366
1 30615U 98065A   24198.94572917 -.00022620  00000-0  13156-2 0  1004
2 30615  53.0000  80.0000 0000000   0.0000 232.7273 15.12078246662818
STARLINK-1367
1 62488U 98065A   24198.94572917 -.00022620  00000-0  13156-2 0  1001
2 62488  53.0000  80.0000 0000000   0.0000 249.0909 15.12078246168433
STARLINK-1368
1 88600U 98065A   24198.94572917 -.00022620  00000-0  13156-2 0  1006
2 88600  53.0000  80.0000 0000000   0.0000 265.4545 15.12078246243113
STARLINK-1369
1 58199U 98065A   24198.94572917 -.00022620  00000-0  13156-2 0  1007
2 58199  53.0000  80.0000 0000000   0.0000 281.8182 15.12078246332098
STARLINK-1370
1 95644U 98065A   24198.94572917 -.00022620  00000-0  13156-2 0  1008
2 95644  53.0000  80.0000 0000000   0.0000 298.1818 15.12078246421837
STARLINK-1371
1 26594U 98065A   24198.94572917 -.00022620  00000-0  13156-2 0  1004
2 26594  53.0000  80.0000 0000000   0.0000 314.5455 15.12078246529451
STARLINK-1372
1 60946U 98065A   24198.94572917 -.00022620  00000-0  13156-2 0  1003
2 60946  53.0000  80.0000 0000000   0.0000 330.9091 15.12078246117520
STARLINK-1373
1 33285U 98065A   24198.94572917 -.00022620  00000-0  13156-2 0  1001
2 33285  53.0000  80.0000 0000000   0.0000 347.2727 15.12078246681318
STARLINK-1374
1 52765U 98065A   24198.94572917 -.00022620  00000-0  13156-2 0  1000
2 52765  53.0000  85.0000 0000000   0.0000   3.8636 15.12078246170547
STARLINK-1375
1 99624U 98065A   24198.94572917 -.00022620  00000-0  13156-2 0  1003
2 99624  53.0000  85.0000 0000000   0.0000  20.2273 15.12078246761034
STARLINK-1376
1 17108U 98065A   24198.94572917 -.00022620  00000-0  13156-2 0  1000
2 17108  53.0000  85.0000 0000000   0.0000  36.5909 15.12078246423003
STARLINK-1377
1 16022U 98065A   24198.94572917 -.00022620  00000-0  13156-2 0  1007
2 16022  53.0000  85.0000 0000000   0.0000  52.9545 15.12078246278457
STARLINK-1378
1 41074U 98065A   24198.94572917 -.00022620  00000-0  13156-2 0  1001
2 41074  53.0000  85.0000 0000000   0.0000  69.3182 15.12078246643826
STARLINK-1379
1 68766U 98065A   24198.94572917 -.00022620  00000-0  13156-2 0  1001
2 68766  53.0000  85.0000 0000000   0.0000  85.6818 15.12078246197234
STARLINK-1380
1 86510U 98065A   24198.94572917 -.00022620  00000-0  13156-2 0  1005
2 86510  53.0000  85.0000 0000000   0.0000 102.0455 15.12078246197592
STARLINK-1381
1 25039U 98065A   24198.94572917 -.00022620  00000-0  13156-2 0  1003
2 25039  53.0000  85.0000 0000000   0.0000 118.4091 15.12078246901820
STARLINK-1382
1 49713U 98065A   24198.94572917 -.00022620  00000-0  13156-2 0  1006
2 49713  53.0000  85.0000 0000000   0.0000 134.7727 15.12078246689748
STARLINK-1383
1 58091U 98065A   24198.94572917 -.00022620  00000-0  13156-2 0  1006
2 58091  53.0000  85.0000 0000000   0.0000 151.1364 15.12078246792706
STARLINK-1384
1 32836U 98065A   24198.94572917 -.00022620  00000-0  13156-2 0  1005
2 32836  53.0000  85.0000 0000000   0.0000 167.5000 15.12078246267515
STARLINK-1385
1 37897U 98065A   24198.94572917 -.00022620  00000-0  13156-2 0  1004
2 37897  53.0000  85.0000 0000000   0.0000 183.8636 15.12078246636360
STARLINK-1386
1 38199U 98065A   24198.94572917 -.00022620  00000-0  13156-2 0  1001
2 38199  53.0000  85.0000 0000000   0.0000 200.2273 15.12078246351203
STARLINK-1387
1 14723U 98065A   24198.94572917 -.00022620  00000-0  13156-2 0  1006
2 14723  53.0000  85.0000 0000000   0.0000 216.5909 15.12078246545736
STARLINK-1388
1 85410U 98065A   24198.94572917 -.00022620  00000-0  13156-2 0  1003
2 85410  53.0000  85.0000 0000000   0.0000 232.9545 15.12078246256387
STARLINK-1389
1 85993U 98065A   24198.94572917 -.00022620  00000-0  13156-2 0  1008
2 85993  53.0000  85.0000 0000000   0.0000 249.3182 15.12078246334192
STARLINK-1390
1 98635U 98065A   24198.94572917 -.00022620  00000-0  13156-2 0  1005
2 98635  53.0000  85.0000 0000000   0.0000 265.6818 15.12078246713215
STARLINK-1391
1 36191U 98065A   24198.94572917 -.00022620  00000-0  13156-2 0  1000
2 36191  53.0000  85.0000 0000000   0.0000 282.0455 15.12078246414611
STARLINK-1392
1 43744U 98065A   24198.94572917 -.00022620  00000-0  13156-2 0  1008
2 43744  53.0000  85.0000 0000000   0.0000 298.4091 15.12078246422918
STARLINK-1393
1 41656U 98065A   24198.94572917 -.00022620  00000-0  13156-2 0  1007
2 41656  53.0000  85.0000 0000000   0.0000 314.7727 15.12078246622255
STARLINK-1394
1 15473U 98065A   24198.94572917 -.00022620  00000-0  13156-2 0  1004
2 15473  53.0000  85.0000 0000000   0.0000 331.1364 15.12078246212465
STARLINK-1395
1 64856U 98065A   24198.94572917 -.00022620  00000-0  13156-2 0  1002
2 64856  53.0000  85.0000 0000000   0.0000 347.5000 15.12078246289946
STARLINK-1396
1 79798U 98065A   24198.94572917 -.00022620  00000-0  13156-2 0  1001
2 79798  53.0000  90.0000 0000000   0.0000   4.0909 15.12078246217360
STARLINK-1397
1 35514U 98065A   24198.94572917 -.00022620  00000-0  13156-2 0  1004
2 35514  53.0000  90.0000 0000000   0.0000  20.4545 15.12078246650833
STARLINK-1398
1 85018U 98065A   24198.94572917 -.00022620  00000-0  13156-2 0  1003
2 85018  53.0000  90.0000 0000000   0.0000  36.8182 15.12078246493900
STARLINK-1399
1 65596U 98065A   24198.94572917 -.00022620  00000-0  13156-2 0  1007
2 65596  53.0000  90.0000 0000000   0.0000  53.1818 15.12078246968180
STARLINK-1400
1 60135U 98065A   24198.94572917 -.00022620  00000-0  13156-2 0  1000
2 60135  53.0000  90.0000 0000000   0.0000  69.5455 15.12078246583571
STARLINK-1401
1 31620U 98065A   24198.94572917 -.00022620  00000-0  13156-2 0  1003
2 31620  53.0000  90.0000 0000000   0.0000  85.9091 15.12078246308043
STARLINK-1402
1 39791U 98065A   24198.94572917 -.00022620  00000-0  13156-2 0  1003
2 39791  53.0000  90.0000 0000000   0.0000 102.2727 15.12078246289328
STARLINK-1403
1 38373U 98065A   24198.94572917 -.00022620  00000-0  13156-2 0  1000
2 38373  53.0000  90.0000 0000000   0.0000 118.6364 15.12078246103187
STARLINK-1404
1 58474U 98065A   24198.94572917 -.00022620  00000-0  13156-2 0  1008
2 58474  53.0000  90.0000 0000000   0.0000 135.0000 15.12078246362172
STARLINK-1405
1 30901U 98065A   24198.94572917 -.00022620  00000-0  13156-2 0  1005
2 30901  53.0000  90.0000 0000000   0.0000 151.3636 15.12078246754945
STARLINK-1406
1 39332U 98065A   24198.94572917 -.00022620  00000-0  13156-2 0  1000
2 39332  53.0000  90.0000 0000000   0.0000 167.7273 15.12078246394354
STARLINK-1407
1 33790U 98065A   24198.94572917 -.00022620  00000-0  13156-2 0  1008
2 33790  53.0000  90.0000 0000000   0.0000 184.0909 15.12078246207823
STARLINK-1408
1 71584U 98065A   24198.94572917 -.00022620  00000-0  13156-2 0  1004
2 71584  53.0000  90.0000 0000000   0.0000 200.4545 15.12078246579414
STARLINK-1409
1 92251U 98065A   24198.94572917 -.00022620  00000-0  13156-2 0  1007
2 92251  53.0000  90.0000 0000000   0.0000 216.8182 15.12078246764080
STARLINK-1410
1 59144U 98065A   24198.94572917 -.00022620  00000-0  13156-2 0  1000
2 59144  53.0000  90.0000 0000000   0.0000 233.1818 15.12078246367284
STARLINK-1411
1 53497U 98065A   24198.94572917 -.00022620  00000-0  13156-2 0  1002
2 53497  53.0000  90.0000 0000000   0.0000 249.5455 15.12078246468781
STARLINK-1412
1 36109U 98065A   24198.94572917 -.00022620  00000-0  13156-2 0  1003
2 36109  53.0000  90.0000 0000000   0.0000 265.9091 15.12078246955154
STARLINK-1413
1 26499U 98065A   24198.94572917 -.00022620  00000-0  13156-2 0  1008
2 26499  53.0000  90.0000 0000000   0.0000 282.2727 15.12078246841270
STARLINK-1414
1 35657U 98065A   24198.94572917 -.00022620  00000-0  13156-2 0  1005
2 35657  53.0000  90.0000 0000000   0.0000 298.6364 15.12078246738125
STARLINK-1415
1 97262U 98065A   24198.94572917 -.00022620  00000-0  13156-2 0  1001
2 97262  53.0000  90.0000 0000000   0.0000 315.0000 15.12078246213416
STARLINK-1416
1 70408U 98065A   24198.94572917 -.00022620  00000-0  13156-2 0  1003
2 70408  53.0000  90.0000 0000000   0.0000 331.3636 15.12078246937267
STARLINK-1417
1 64000U 98065A   24198.94572917 -.00022620  00000-0  13156-2 0  1001
2 64000  53.0000  90.0000 0000000   0.0000 347.7273 15.12078246310478
STARLINK-1418
1 16529U 98065A   24198.94572917 -.00022620  00000-0  13156-2 0  1000
2 16529  53.0000  95.0000 0000000   0.0000   4.3182 15.12078246187153
STARLINK-1419
1 47528U 98065A   24198.94572917 -.00022620  00000-0  13156-2 0  1001
2 47528  53.0000  95.0000 0000000   0.0000  20.6818 15.12078246832516
STARLINK-1420
1 18516U 98065A   24198.94572917 -.00022620  00000-0  13156-2 0  1004
2 18516  53.0000  95.0000 0000000   0.0000  37.0455 15.12078246493481
STARLINK-1421
1 96663U 98065A   24198.94572917 -.00022620  00000-0  13156-2 0  1000
2 96663  53.0000  95.0000 0000000   0.0000  53.4091 15.12078246576907
STARLINK-1422
1 19831U 98065A   24198.94572917 -.00022620  00000-0  13156-2 0  1002
2 19831  53.0000  95.0000 0000000   0.0000  69.7727 15.12078246441873
STARLINK-1423
1 72036U 98065A   24198.94572917 -.00022620  00000-0  13156-2 0  1003
2 72036  53.0000  95.0000 0000000   0.0000  86.1364 15.12078246663310
STARLINK-1424
1 68996U 98065A   24198.94572917 -.00022620  00000-0  13156-2 0  1000
2 68996  53.0000  95.0000 0000000   0.0000 102.5000 15.12078246665078
STARLINK-1425
1 93568U 98065A   24198.94572917 -.00022620  00000-0  13156-2 0  1007
2 93568  53.0000  95.0000 0000000   0.0000 118.8636 15.12078246943405
STARLINK-1426
1 21737U 98065A   24198.94572917 -.00022620  00000-0  13156-2 0  1001
2 21737  53.0000  95.0000 0000000   0.0000 135.2273 15.12078246955736
STARLINK-1427
1 41380U 98065A   24198.94572917 -.00022620  00000-0  13156-2 0  1004
2 41380  53.0000  95.0000 0000000   0.0000 151.5909 15.12078246406030
STARLINK-1428
1 77925U 98065A   24198.94572917 -.00022620  00000-0  13156-2 0  1004
2 77925  53.0000  95.0000 0000000   0.0000 167.9545 15.12078246899718
STARLINK-1429
1 96747U 98065A   24198.94572917 -.00022620  00000-0  13156-2 0  1003
2 96747  53.0000  95.0000 0000000   0.0000 184.3182 15.12078246944972
STARLINK-1430
1 76167U 98065A   24198.94572917 -.00022620  00000-0  13156-2 0  1003
2 76167  53.0000  95.0000 0000000   0.0000 200.6818 15.12078246501451
STARLINK-1431
1 86289U 98065A   24198.94572917 -.00022620  00000-0  13156-2 0  1000
2 86289  53.0000  95.0000 0000000   0.0000 217.0455 15.12078246411733
STARLINK-1432
1 29284U 98065A   24198.94572917 -.00022620  00000-0  13156-2 0  1002
2 29284  53.0000  95.0000 0000000   0.0000 233.4091 15.12078246471177
STARLINK-1433
1 23481U 98065A   24198.94572917 -.00022620  00000-0  13156-2 0  1006
2 23481  53.0000  95.0000 0000000   0.0000 249.7727 15.12078246839114
STARLINK-1434
1 95277U 98065A   24198.94572917 -.00022620  00000-0  13156-2 0  1000
2 95277  53.0000  95.0000 0000000   0.0000 266.1364 15.12078246317348
STARLINK-1435
1 64190U 98065A   24198.94572917 -.00022620  00000-0  13156-2 0  1006
2 64190  53.0000  95.0000 0000000   0.0000 282.5000 15.12078246472720
STARLINK-1436
1 57333U 98065A   24198.94572917 -.00022620  00000-0  13156-2 0  1008
2 57333  53.0000  95.0000 0000000   0.0000 298.8636 15.12078246707188
STARLINK-1437
1 71170U 98065A   24198.94572917 -.00022620  00000-0  13156-2 0  1002
2 71170  53.0000  95.0000 0000000   0.0000 315.2273 15.12078246670722
STARLINK-1438
1 73738U 98065A   24198.94572917 -.00022620  00000-0  13156-2 0  1002
2 73738  53.0000  95.0000 0000000   0.0000 331.5909 15.12078246300274
STARLINK-1439
1 67284U 98065A   24198.94572917 -.00022620  00000-0  13156-2 0  1001
2 67284  53.0000  95.0000 0000000   0.0000 347.9545 15.12078246818381
STARLINK-1440
1 52861U 98065A   24198.94572917 -.00022620  00000-0  13156-2 0  1006
2 52861  53.0000 100.0000 0000000   0.0000   4.5455 15.12078246303306
STARLINK-1441
1 15302U 98065A   24198.94572917 -.00022620  00000-0  13156-2 0  1003
2 15302  53.0000 100.0000 0000000   0.0000  20.9091 15.12078246758352
STARLINK-1442
1 55343U 98065A   24198.94572917 -.00022620  00000-0  13156-2 0  1001
2 55343  53.0000 100.0000 0000000   0.0000  37.2727 15.12078246182782
STARLINK-1443
1 41611U 98065A   24198.94572917 -.00022620  00000-0  13156-2 0  1002
2 41611  53.0000 100.0000 0000000   0.0000  53.6364 15.12078246182028
STARLINK-1444
1 48040U 98065A   24198.94572917 -.00022620  00000-0  13156-2 0  1004
2 48040  53.0000 100.0000 0000000   0.0000  70.0000 15.12078246228632
STARLINK-1445
1 85942U 98065A   24198.94572917 -.00022620  00000-0  13156-2 0  1004
2 85942  53.0000 100.0000 0000000   0.0000  86.3636 15.12078246512434
STARLINK-1446
1 71984U 98065A   24198.94572917 -.00022620  00000-0  13156-2 0  1008
2 71984  53.0000 100.0000 0000000   0.0000 102.7273 15.12078246261245
STARLINK-1447
1 34042U 98065A   24198.94572917 -.00022620  00000-0  13156-2 0  1008
2 34042  53.0000 100.0000 0000000   0.0000 119.0909 15.12078246374353
STARLINK-1448
1 16493U 98065A   24198.94572917 -.00022620  00000-0  13156-2 0  1000
2 16493  53.0000 100.0000 0000000   0.0000 135.4545 15.12078246673633
STARLINK-1449
1 90818U 98065A   24198.94572917 -.00022620  00000-0  13156-2 0  1001
2 90818  53.0000 100.0000 0000000   0.0000 151.8182 15.12078246615332
STARLINK-1450
1 92557U 98065A   24198.94572917 -.00022620  00000-0  13156-2 0  1000
2 92557  53.0000 100.0000 0000000   0.0000 168.1818 15.12078246204720
STARLINK-1451
1 63564U 98065A   24198.94572917 -.00022620  00000-0  13156-2 0  1002
2 63564  53.0000 100.0000 0000000   0.0000 184.5455 15.12078246996433
STARLINK-1452
1 75940U 98065A   24198.94572917 -.00022620  00000-0  13156-2 0  1005
2 75940  53.0000 100.0000 0000000   0.0000 200.9091 15.12078246976501
STARLINK-1453
1 54141U 98065A   24198.94572917 -.00022620  00000-0  13156-2 0  1004
2 54141  53.0000 100.0000 0000000   0.0000 217.2727 15.12078246486064
STARLINK-1454
1 56931U 98065A   24198.94572917 -.00022620  00000-0  13156-2 0  1002
2 56931  53.0000 100.0000 0000000   0.0000 233.6364 15.12078246219128
STARLINK-1455
1 51567U 98065A   24198.94572917 -.00022620  00000-0  13156-2 0  1006
2 51567  53.0000 100.0000 0000000   0.0000 250.0000 15.12078246551372
STARLINK-1456
1 21918U 98065A   24198.94572917 -.00022620  00000-0  13156-2 0  1007
2 21918  53.0000 100.0000 0000000   0.0000 266.3636 15.12078246731933
STARLINK-1457
1 44348U 98065A   24198.94572917 -.00022620  00000-0  13156-2 0  1002
2 44348  53.0000 100.0000 0000000   0.0000 282.7273 15.12078246529275
STARLINK-1458
1 10342U 98065A   24198.94572917 -.00022620  00000-0  13156-2 0  1001
2 10342  53.0000 100.0000 0000000   0.0000 299.0909 15.12078246692013
STARLINK-1459
1 74544U 98065A   24198.94572917 -.00022620  00000-0  13156-2 0  1003
2 74544  53.0000 100.0000 0000000   0.0000 315.4545 15.12078246603184
STARLINK-1460
1 91266U 98065A   24198.94572917 -.00022620  00000-0  13156-2 0  1002
2 91266  53.0000 100.0000 0000000   0.0000 331.8182 15.12078246796784
STARLINK-1461
1 34520U 98065A   24198.94572917 -.00022620  00000-0  13156-2 0  1005
2 34520  53.0000 100.0000 0000000   0.0000 348.1818 15.12078246680992
STARLINK-1462
1 45824U 98065A   24198.94572917 -.00022620  00000-0  13156-2 0  1006
2 45824  53.0000 105.0000 0000000   0.0000   4.7727 15.12078246922190
STARLINK-1463
1 65499U 98065A   24198.94572917 -.00022620  00000-0  13156-2 0  1004
2 65499  53.0000 105.0000 0000000   0.0000  21.1364 15.12078246392876
STARLINK-1464
1 51085U 98065A   24198.94572917 -.00022620  00000-0  13156-2 0  1001
2 51085  53.0000 105.0000 0000000   0.0000  37.5000 15.12078246491892
STARLINK-1465
1 90249U 98065A   24198.94572917 -.00022620  00000-0  13156-2 0  1003
2 90249  53.0000 105.0000 0000000   0.0000  53.8636 15.12078246689380
STARLINK-1466
1 98914U 98065A   24198.94572917 -.00022620  00000-0  13156-2 0  1003
2 98914  53.0000 105.0000 0000000   0.0000  70.2273 15.12078246632598
STARLINK-1467
1 61461U 98065A   24198.94572917 -.00022620  00000-0  13156-2 0  1004
2 61461  53.0000 105.0000 0000000   0.0000  86.5909 15.12078246796193
STARLINK-1468
1 72615U 98065A   24198.94572917 -.00022620  00000-0  13156-2 0  1000
2 72615  53.0000 105.0000 0000000   0.0000 102.9545 15.12078246318606
STARLINK-1469
1 33716U 98065A   24198.94572917 -.00022620  00000-0  13156-2 0  1001
2 33716  53.0000 105.0000 0000000   0.0000 119.3182 15.12078246770516
STARLINK-1470
1 26703U 98065A   24198.94572917 -.00022620  00000-0  13156-2 0  1002
2 26703  53.0000 105.0000 0000000   0.0000 135.6818 15.12078246966295
STARLINK-1471
1 40391U 98065A   24198.94572917 -.00022620  00000-0  13156-2 0  1006
2 40391  53.0000 105.0000 0000000   0.0000 152.0455 15.12078246930678
STARLINK-1472
1 49915U 98065A   24198.94572917 -.00022620  00000-0  13156-2 0  1002
2 49915  53.0000 105.0000 0000000   0.0000 168.4091 15.12078246638800
STARLINK-1473
1 23639U 98065A   24198.94572917 -.00022620  00000-0  13156-2 0  1004
2 23639  53.0000 105.0000 0000000   0.0000 184.7727 15.12078246255281
STARLINK-1474
1 58812U 98065A   24198.94572917 -.00022620  00000-0  13156-2 0  1004
2 58812  53.0000 105.0000 0000000   0.0000 201.1364 15.12078246791323
STARLINK-1475
1 99716U 98065A   24198.94572917 -.00022620  00000-0  13156-2 0  1003
2 99716  53.0000 105.0000 0000000   0.0000 217.5000 15.12078246675350
STARLINK-1476
1 98605U 98065A   24198.94572917 -.00022620  00000-0  13156-2 0  1001
2 98605  53.0000 105.0000 0000000   0.0000 233.8636 15.12078246400204
STARLINK-1477
1 41335U 98065A   24198.94572917 -.00022620  00000-0  13156-2 0  1007
2 41335  53.0000 105.0000 0000000   0.0000 250.2273 15.12078246160992
STARLINK-1478
1 31170U 98065A   24198.94572917 -.00022620  00000-0  13156-2 0  1000
2 31170  53.0000 105.0000 0000000   0.0000 266.5909 15.12078246683515
STARLINK-1479
1 93088U 98065A   24198.94572917 -.00022620  00000-0  13156-2 0  1001
2 93088  53.0000 105.0000 0000000   0.0000 282.9545 15.12078246699254
STARLINK-1480
1 87517U 98065A   24198.94572917 -.00022620  00000-0  13156-2 0  1001
2 87517  53.0000 105.0000 0000000   0.0000 299.3182 15.12078246188203
STARLINK-1481
1 52269U 98065A   24198.94572917 -.00022620  00000-0  13156-2 0  1004
2 52269  53.0000 105.0000 0000000   0.0000 315.6818 15.12078246761298
STARLINK-1482
1 29603U 98065A   24198.94572917 -.00022620  00000-0  13156-2 0  1003
2 29603  53.0000 105.0000 0000000   0.0000 332.0455 15.12078246656230
STARLINK-1483
1 95935U 98065A   24198.94572917 -.00022620  00000-0  13156-2 0  1001
2 95935  53.0000 105.0000 0000000   0.0000 348.4091 15.12078246668393
STARLINK-1484
1 42165U 98065A   24198.94572917 -.00022620  00000-0  13156-2 0  1001
2 42165  53.0000 110.0000 0000000   0.0000   5.0000 15.12078246995304
STARLINK-1485
1 34826U 98065A   24198.94572917 -.00022620  00000-0  13156-2 0  1000
2 34826  53.0000 110.0000 0000000   0.0000  21.3636 15.12078246870332
STARLINK-1486
1 44567U 98065A   24198.94572917 -.00022620  00000-0  13156-2 0  1002
2 44567  53.0000 110.0000 0000000   0.0000  37.7273 15.12078246420347
STARLINK-1487
1 88763U 98065A   24198.94572917 -.00022620  00000-0  13156-2 0  1005
2 88763  53.0000 110.0000 0000000   0.0000  54.0909 15.12078246404046
STARLINK-1488
1 16258U 98065A   24198.94572917 -.00022620  00000-0  13156-2 0  1004
2 16258  53.0000 110.0000 0000000   0.0000  70.4545 15.12078246948738
STARLINK-1489
1 27922U 98065A   24198.94572917 -.00022620  00000-0  13156-2 0  1008
2 27922  53.0000 110.0000 0000000   0.0000  86.8182 15.12078246582677
STARLINK-1490
1 50200U 98065A   24198.94572917 -.00022620  00000-0  13156-2 0  1008
2 50200  53.0000 110.0000 0000000   0.0000 103.1818 15.12078246377091
STARLINK-1491
1 76938U 98065A   24198.94572917 -.00022620  00000-0  13156-2 0  1002
2 76938  53.0000 110.0000 0000000   0.0000 119.5455 15.12078246681873
STARLINK-1492
1 75949U 98065A   24198.94572917 -.00022620  00000-0  13156-2 0  1000
2 75949  53.0000 110.0000 0000000   0.0000 135.9091 15.12078246178783
STARLINK-1493
1 12794U 98065A   24198.94572917 -.00022620  00000-0  13156-2 0  1007
2 12794  53.0000 110.0000 0000000   0.0000 152.2727 15.12078246697977
STARLINK-1494
1 52532U 98065A   24198.94572917 -.00022620  00000-0  13156-2 0  1006
2 52532  53.0000 110.0000 0000000   0.0000 168.6364 15.12078246643208
STARLINK-1495
1 77348U 98065A   24198.94572917 -.00022620  00000-0  13156-2 0  1000
2 77348  53.0000 110.0000 0000000   0.0000 185.0000 15.12078246326675
STARLINK-1496
1 57728U 98065A   24198.94572917 -.00022620  00000-0  13156-2 0  1000
2 57728  53.0000 110.0000 0000000   0.0000 201.3636 15.12078246927102
STARLINK-1497
1 51983U 98065A   24198.94572917 -.00022620  00000-0  13156-2 0  1000
2 51983  53.0000 110.0000 0000000   0.0000 217.7273 15.12078246864812
STARLINK-1498
1 71962U 98065A   24198.94572917 -.00022620  00000-0  13156-2 0  1004
2 71962  53.0000 110.0000 0000000   0.0000 234.0909 15.12078246648937
STARLINK-1499
1 47736U 98065A   24198.94572917 -.00022620  00000-0  13156-2 0  1005
2 47736  53.0000 110.0000 0000000   0.0000 250.4545 15.12078246356203
STARLINK-1500
1 44526U 98065A   24198.94572917 -.00022620  00000-0  13156-2 0  1005
2 44526  53.0000 110.0000 0000000   0.0000 266.8182 15.12078246377560
STARLINK-1501
1 77591U 98065A   24198.94572917 -.00022620  00000-0  13156-2 0  1004
2 77591  53.0000 110.0000 0000000   0.0000 283.1818 15.12078246926015
STARLINK-1502
1 71648U 98065A   24198.94572917 -.00022620  00000-0  13156-2 0  1001
2 71648  53.0000 110.0000 0000000   0.0000 299.5455 15.12078246677095
STARLINK-1503
1 51695U 98065A   24198.94572917 -.00022620  00000-0  13156-2 0  1001
2 51695  53.0000 110.0000 0000000   0.0000 315.9091 15.12078246350813
STARLINK-1504
1 55381U 98065A   24198.94572917 -.00022620  00000-0  13156-2 0  1007
2 55381  53.0000 110.0000 0000000   0.0000 332.2727 15.12078246718014
STARLINK-1505
1 68896U 98065A   24198.94572917 -.00022620  00000-0  13156-2 0  1005
2 68896  53.0000 110.0000 0000000   0.0000 348.6364 15.12078246847026
STARLINK-1506
1 43709U 98065A   24198.94572917 -.00022620  00000-0  13156-2 0  1005
2 43709  53.0000 115.0000 0000000   0.0000   5.2273 15.12078246118277
STARLINK-1507
1 75962U 98065A   24198.94572917 -.00022620  00000-0  13156-2 0  1004
2 75962  53.0000 115.0000 0000000   0.0000  21.5909 15.12078246144197
STARLINK-1508
1 95154U 98065A   24198.94572917 -.00022620  00000-0  13156-2 0  1004
2 95154  53.0000 115.0000 0000000   0.0000  37.9545 15.12078246720690
STARLINK-1509
1 48839U 98065A   24198.94572917 -.00022620  00000-0  13156-2 0  1006
2 48839  53.0000 115.0000 0000000   0.0000  54.3182 15.12078246254421
STARLINK-1510
1 27916U 98065A   24198.94572917 -.00022620  00000-0  13156-2 0  1003
2 27916  53.0000 115.0000 0000000   0.0000  70.6818 15.12078246265847
STARLINK-1511
1 47700U 98065A   24198.94572917 -.00022620  00000-0  13156-2 0  1008
2 47700  53.0000 115.0000 0000000   0.0000  87.0455 15.12078246353084
STARLINK-1512
1 54884U 98065A   24198.94572917 -.00022620  00000-0  13156-2 0  1005
2 54884  53.0000 115.0000 0000000   0.0000 103.4091 15.12078246544664
STARLINK-1513
1 57263U 98065A   24198.94572917 -.00022620  00000-0  13156-2 0  1003
2 57263  53.0000 115.0000 0000000   0.0000 119.7727 15.12078246215111
STARLINK-1514
1 18102U 98065A   24198.94572917 -.00022620  00000-0  13156-2 0  1006
2 18102  53.0000 115.0000 0000000   0.0000 136.1364 15.12078246914393
STARLINK-1515
1 48925U 98065A   24198.94572917 -.00022620  00000-0  13156-2 0  1000
2 48925  53.0000 115.0000 0000000   0.0000 152.5000 15.12078246767017
STARLINK-1516
1 83517U 98065A   24198.94572917 -.00022620  00000-0  13156-2 0  1000
2 83517  53.0000 115.0000 0000000   0.0000 168.8636 15.12078246112640
STARLINK-1517
1 30387U 98065A   24198.94572917 -.00022620  00000-0  13156-2 0  1002
2 30387  53.0000 115.0000 0000000   0.0000 185.2273 15.12078246136157
STARLINK-1518
1 90802U 98065A   24198.94572917 -.00022620  00000-0  13156-2 0  1007
2 90802  53.0000 115.0000 0000000   0.0000 201.5909 15.12078246425345
STARLINK-1519
1 15153U 98065A   24198.94572917 -.00022620  00000-0  13156-2 0  1008
2 15153  53.0000 115.0000 0000000   0.0000 217.9545 15.12078246990474
STARLINK-1520
1 73038U 98065A   24198.94572917 -.00022620  00000-0  13156-2 0  1004
2 73038  53.0000 115.0000 0000000   0.0000 234.3182 15.12078246550125
STARLINK-1521
1 23102U 98065A   24198.94572917 -.00022620  00000-0  13156-2 0  1000
2 23102  53.0000 115.0000 0000000   0.0000 250.6818 15.12078246627290
STARLINK-1522
1 95005U 98065A   24198.94572917 -.00022620  00000-0  13156-2 0  1006
2 95005  53.0000 115.0000 0000000   0.0000 267.0455 15.12078246586053
STARLINK-1523
1 14376U 98065A   24198.94572917 -.00022620  00000-0  13156-2 0  1005
2 14376  53.0000 115.0000 0000000   0.0000 283.4091 15.12078246331753
STARLINK-1524
1 61599U 98065A   24198.94572917 -.00022620  00000-0  13156-2 0  1006
2 61599  53.0000 115.0000 0000000   0.0000 299.7727 15.12078246878424
STARLINK-1525
1 65609U 98065A   24198.94572917 -.00022620  00000-0  13156-2 0  1000
2 65609  53.0000 115.0000 0000000   0.0000 316.1364 15.12078246437952
STARLINK-1526
1 29568U 98065A   24198.94572917 -.00022620  00000-0  13156-2 0  1004
2 29568  53.0000 115.0000 0000000   0.0000 332.5000 15.12078246298514
STARLINK-1527
1 31407U 98065A   24198.94572917 -.00022620  00000-0  13156-2 0  1003
2 31407  53.0000 115.0000 0000000   0.0000 348.8636 15.12078246796813
STARLINK-1528
1 23249U 98065A   24198.94572917 -.00022620  00000-0  13156-2 0  1004
2 23249  53.0000 120.0000 0000000   0.0000   5.4545 15.12078246618680
STARLINK-1529
1 34761U 98065A   24198.94572917 -.00022620  00000-0  13156-2 0  1004
2 34761  53.0000 120.0000 0000000   0.0000  21.8182 15.12078246663756
STARLINK-1530
1 51205U 98065A   24198.94572917 -.00022620  00000-0  13156-2 0  1005
2 51205  53.0000 120.0000 0000000   0.0000  38.1818 15.12078246435945
STARLINK-1531
1 38644U 98065A   24198.94572917 -.00022620  00000-0  13156-2 0  1005
2 38644  53.0000 120.0000 0000000   0.0000  54.5455 15.12078246804734
STARLINK-1532
1 84526U 98065A   24198.94572917 -.00022620  00000-0  13156-2 0  1007
2 84526  53.0000 120.0000 0000000   0.0000  70.9091 15.12078246801613
STARLINK-1533
1 21363U 98065A   24198.94572917 -.00022620  00000-0  13156-2 0  1001
2 21363  53.0000 120.0000 0000000   0.0000  87.2727 15.12078246212185
STARLINK-1534
1 64229U 98065A   24198.94572917 -.00022620  00000-0  13156-2 0  1005
2 64229  53.0000 120.0000 0000000   0.0000 103.6364 15.12078246301006
STARLINK-1535
1 39872U 98065A   24198.94572917 -.00022620  00000-0  13156-2 0  1006
2 39872  53.0000 120.0000 0000000   0.0000 120.0000 15.12078246873307
STARLINK-1536
1 31465U 98065A   24198.94572917 -.00022620  00000-0  13156-2 0  1002
2 31465  53.0000 120.0000 0000000   0.0000 136.3636 15.12078246535234
STARLINK-1537
1 72554U 98065A   24198.94572917 -.00022620  00000-0  13156-2 0  1000
2 72554  53.0000 120.0000 0000000   0.0000 152.7273 15.12078246161447
STARLINK-1538
1 30963U 98065A   24198.94572917 -.00022620  00000-0  13156-2 0  1001
2 30963  53.0000 120.0000 0000000   0.0000 169.0909 15.12078246275795
STARLINK-1539
1 12881U 98065A   24198.94572917 -.00022620  00000-0  13156-2 0  1007
2 12881  53.0000 120.0000 0000000   0.0000 185.4545 15.12078246237486
STARLINK-1540
1 65303U 98065A   24198.94572917 -.00022620  00000-0  13156-2 0  1007
2 65303  53.0000 120.0000 0000000   0.0000 201.8182 15.12078246547278
STARLINK-1541
1 53610U 98065A   24198.94572917 -.00022620  00000-0  13156-2 0  1000
2 53610  53.0000 120.0000 0000000   0.0000 218.1818 15.12078246339808
STARLINK-1542
1 74745U 98065A   24198.94572917 -.00022620  00000-0  13156-2 0  1007
2 74745  53.0000 120.0000 0000000   0.0000 234.5455 15.12078246846514
STARLINK-1543
1 71100U 98065A   24198.94572917 -.00022620  00000-0  13156-2 0  1004
2 71100  53.0000 120.0000 0000000   0.0000 250.9091 15.12078246119384
STARLINK-1544
1 20863U 98065A   24198.94572917 -.00022620  00000-0  13156-2 0  1008
2 20863  53.0000 120.0000 0000000   0.0000 267.2727 15.12078246468203
STARLINK-1545
1 51516U 98065A   24198.94572917 -.00022620  00000-0  13156-2 0  1008
2 51516  53.0000 120.0000 0000000   0.0000 283.6364 15.12078246701476
STARLINK-1546
1 66758U 98065A   24198.94572917 -.00022620  00000-0  13156-2 0  1008
2 66758  53.0000 120.0000 0000000   0.0000 300.0000 15.12078246485443
STARLINK-1547
1 72295U 98065A   24198.94572917 -.00022620  00000-0  13156-2 0  1007
2 72295  53.0000 120.0000 0000000   0.0000 316.3636 15.12078246233591
STARLINK-1548
1 97658U 98065A   24198.94572917 -.00022620  00000-0  13156-2 0  1008
2 97658  53.0000 120.0000 0000000   0.0000 332.7273 15.12078246462147
STARLINK-1549
1 34959U 98065A   24198.94572917 -.00022620  00000-0  13156-2 0  1001
2 34959  53.0000 120.0000 0000000   0.0000 349.0909 15.12078246865644
STARLINK-1550
1 77893U 98065A   24198.94572917 -.00022620  00000-0  13156-2 0  1001
2 77893  53.0000 125.0000 0000000   0.0000   5.6818 15.12078246542780
STARLINK-1551
1 38496U 98065A   24198.94572917 -.00022620  00000-0  13156-2 0  1006
2 38496  53.0000 125.0000 0000000   0.0000  22.0455 15.12078246388481
STARLINK-1552
1 67062U 98065A   24198.94572917 -.00022620  00000-0  13156-2 0  1004
2 67062  53.0000 125.0000 0000000   0.0000  38.4091 15.12078246951861
STARLINK-1553
1 65270U 98065A   24198.94572917 -.00022620  00000-0  13156-2 0  1008
2 65270  53.0000 125.0000 0000000   0.0000  54.7727 15.12078246301102
STARLINK-1554
1 37259U 98065A   24198.94572917 -.00022620  00000-0  13156-2 0  1007
2 37259  53.0000 125.0000 0000000   0.0000  71.1364 15.12078246212625
STARLINK-1555
1 53773U 98065A   24198.94572917 -.00022620  00000-0  13156-2 0  1007
2 53773  53.0000 125.0000 0000000   0.0000  87.5000 15.12078246366253
STARLINK-1556
1 93050U 98065A   24198.94572917 -.00022620  00000-0  13156-2 0  1008
2 93050  53.0000 125.0000 0000000   0.0000 103.8636 15.12078246456017
STARLINK-1557
1 89829U 98065A   24198.94572917 -.00022620  00000-0  13156-2 0  1004
2 89829  53.0000 125.0000 0000000   0.0000 120.2273 15.12078246927843
STARLINK-1558
1 47217U 98065A   24198.94572917 -.00022620  00000-0  13156-2 0  1003
2 47217  53.0000 125.0000 0000000   0.0000 136.5909 15.12078246130245
STARLINK-1559
1 44641U 98065A   24198.94572917 -.00022620  00000-0  13156-2 0  1007
2 44641  53.0000 125.0000 0000000   0.0000 152.9545 15.12078246950134
STARLINK-1560
1 86916U 98065A   24198.94572917 -.00022620  00000-0  13156-2 0  1003
2 86916  53.0000 125.0000 0000000   0.0000 169.3182 15.12078246839371
STARLINK-1561
1 89107U 98065A   24198.94572917 -.00022620  00000-0  13156-2 0  1006
2 89107  53.0000 125.0000 0000000   0.0000 185.6818 15.12078246407747
STARLINK-1562
1 60250U 98065A   24198.94572917 -.00022620  00000-0  13156-2 0  1005
2 60250  53.0000 125.0000 0000000   0.0000 202.0455 15.12078246223330
STARLINK-1563
1 98532U 98065A   24198.94572917 -.00022620  00000-0  13156-2 0  1000
2 98532  53.0000 125.0000 0000000   0.0000 218.4091 15.12078246724075
STARLINK-1564
1 53205U 98065A   24198.94572917 -.00022620  00000-0  13156-2 0  1007
2 53205  53.0000 125.0000 0000000   0.0000 234.7727 15.12078246828118
STARLINK-1565
1 95646U 98065A   24198.94572917 -.00022620  00000-0  13156-2 0  1006
2 95646  53.0000 125.0000 0000000   0.0000 251.1364 15.12078246554021
STARLINK-1566
1 92050U 98065A   24198.94572917 -.00022620  00000-0  13156-2 0  1000
2 92050  53.0000 125.0000 0000000   0.0000 267.5000 15.12078246510203
STARLINK-1567
1 38207U 98065A   24198.94572917 -.00022620  00000-0  13156-2 0  1003
2 38207  53.0000 125.0000 0000000   0.0000 283.8636 15.12078246801907
STARLINK-1568
1 15422U 98065A   24198.94572917 -.00022620  00000-0  13156-2 0  1002
2 15422  53.0000 125.0000 0000000   0.0000 300.2273 15.12078246271107
STARLINK-1569
1 64878U 98065A   24198.94572917 -.00022620  00000-0  13156-2 0  1004
2 64878  53.0000 125.0000 0000000   0.0000 316.5909 15.12078246449642
STARLINK-1570
1 68198U 98065A   24198.94572917 -.00022620  00000-0  13156-2 0  1003
2 68198  53.0000 125.0000 0000000   0.0000 332.9545 15.12078246730575
STARLINK-1571
1 34849U 98065A   24198.94572917 -.00022620  00000-0  13156-2 0  1005
2 34849  53.0000 125.0000 0000000   0.0000 349.3182 15.12078246678231
STARLINK-1572
1 79648U 98065A   24198.94572917 -.00022620  00000-0  13156-2 0  1007
2 79648  53.0000 130.0000 0000000   0.0000   5.9091 15.12078246330168
STARLINK-1573
1 69729U 98065A   24198.94572917 -.00022620  00000-0  13156-2 0  1004
2 69729  53.0000 130.0000 0000000   0.0000  22.2727 15.12078246451654
STARLINK-1574
1 85156U 98065A   24198.94572917 -.00022620  00000-0  13156-2 0  1005
2 85156  53.0000 130.0000 0000000   0.0000  38.6364 15.12078246824182
STARLINK-1575
1 14569U 98065A   24198.94572917 -.00022620  00000-0  13156-2 0  1008
2 14569  53.0000 130.0000 0000000   0.0000  55.0000 15.12078246450652
STARLINK-1576
1 39295U 98065A   24198.94572917 -.00022620  00000-0  13156-2 0  1005
2 39295  53.0000 130.0000 0000000   0.0000  71.3636 15.12078246192881
STARLINK-1577
1 81070U 98065A   24198.94572917 -.00022620  00000-0  13156-2 0  1008
2 81070  53.0000 130.0000 0000000   0.0000  87.7273 15.12078246705528
STARLINK-1578
1 21991U 98065A   24198.94572917 -.00022620  00000-0  13156-2 0  1004
2 21991  53.0000 130.0000 0000000   0.0000 104.0909 15.12078246202915
STARLINK-1579
1 59438U 98065A   24198.94572917 -.00022620  00000-0  13156-2 0  1000
2 59438  53.0000 130.0000 0000000   0.0000 120.4545 15.12078246856967
STARLINK-1580
1 90447U 98065A   24198.94572917 -.00022620  00000-0  13156-2 0  1005
2 90447  53.0000 130.0000 0000000   0.0000 136.8182 15.12078246331430
STARLINK-1581
1 16887U 98065A   24198.94572917 -.00022620  00000-0  13156-2 0  1005
2 16887  53.0000 130.0000 0000000   0.0000 153.1818 15.12078246818307
STARLINK-1582
1 57453U 98065A   24198.94572917 -.00022620  00000-0  13156-2 0  1007
2 57453  53.0000 130.0000 0000000   0.0000 169.5455 15.12078246434211
STARLINK-1583
1 76363U 98065A   24198.94572917 -.00022620  00000-0  13156-2 0  1001
2 76363  53.0000 130.0000 0000000   0.0000 185.9091 15.12078246554821
STARLINK-1584
1 10674U 98065A   24198.94572917 -.00022620  00000-0  13156-2 0  1001
2 10674  53.0000 130.0000 0000000   0.0000 202.2727 15.12078246342756
STARLINK-1585
1 22482U 98065A   24198.94572917 -.00022620  00000-0  13156-2 0  1007
2 22482  53.0000 130.0000 0000000   0.0000 218.6364 15.12078246148387
STARLINK-1586
1 75926U 98065A   24198.94572917 -.00022620  00000-0  13156-2 0  1006
2 75926  53.0000 130.0000 0000000   0.0000 235.0000 15.12078246481927
STARLINK-1587
1 38018U 98065A   24198.94572917 -.00022620  00000-0  13156-2 0  1006
2 38018  53.0000 130.0000 0000000   0.0000 251.3636 15.12078246871218
STARLINK-1588
1 95683U 98065A   24198.94572917 -.00022620  00000-0  13156-2 0  1006
2 95683  53.0000 130.0000 0000000   0.0000 267.7273 15.12078246328993
STARLINK-1589
1 30672U 98065A   24198.94572917 -.00022620  00000-0  13156-2 0  1002
2 30672  53.0000 130.0000 0000000   0.0000 284.0909 15.12078246598684
STARLINK-1590
1 73011U 98065A   24198.94572917 -.00022620  00000-0  13156-2 0  1008
2 73011  53.0000 130.0000 0000000   0.0000 300.4545 15.12078246551701
STARLINK-1591
1 41039U 98065A   24198.94572917 -.00022620  00000-0  13156-2 0  1001
2 41039  53.0000 130.0000 0000000   0.0000 316.8182 15.12078246491663
STARLINK-1592
1 30443U 98065A   24198.94572917 -.00022620  00000-0  13156-2 0  1005
2 30443  53.0000 130.0000 0000000   0.0000 333.1818 15.12078246702380
STARLINK-1593
1 57432U 98065A   24198.94572917 -.00022620  00000-0  13156-2 0  1006
2 57432  53.0000 130.0000 0000000   0.0000 349.5455 15.12078246504175
STARLINK-1594
1 67909U 98065A   24198.94572917 -.00022620  00000-0  13156-2 0  1002
2 67909  53.0000 135.0000 0000000   0.0000   6.1364 15.12078246519726
STARLINK-1595
1 35432U 98065A   24198.94572917 -.00022620  00000-0  13156-2 0  1002
2 35432  53.0000 135.0000 0000000   0.0000  22.5000 15.12078246279580
STARLINK-1596
1 84543U 98065A   24198.94572917 -.00022620  00000-0  13156-2 0  1003
2 84543  53.0000 135.0000 0000000   0.0000  38.8636 15.12078246357097
STARLINK-1597
1 51442U 98065A   24198.94572917 -.00022620  00000-0  13156-2 0  1001
2 51442  53.0000 135.0000 0000000   0.0000  55.2273 15.12078246324625
STARLINK-1598
1 98750U 98065A   24198.94572917 -.00022620  00000-0  13156-2 0  1008
2 98750  53.0000 135.0000 0000000   0.0000  71.5909 15.12078246256943
STARLINK-1599
1 49749U 98065A   24198.94572917 -.00022620  00000-0  13156-2 0  1001
2 49749  53.0000 135.0000 0000000   0.0000  87.9545 15.12078246697087
STARLINK-1600
1 46323U 98065A   24198.94572917 -.00022620  00000-0  13156-2 0  1006
2 46323  53.0000 135.0000 0000000   0.0000 104.3182 15.12078246308502
STARLINK-1601
1 28117U 98065A   24198.94572917 -.00022620  00000-0  13156-2 0  1000
2 28117  53.0000 135.0000 0000000   0.0000 120.6818 15.12078246521453
STARLINK-1602
1 27993U 98065A   24198.94572917 -.00022620  00000-0  13156-2 0  1007
2 27993  53.0000 135.0000 0000000   0.0000 137.0455 15.12078246795450
STARLINK-1603
1 56229U 98065A   24198.94572917 -.00022620  00000-0  13156-2 0  1001
2 56229  53.0000 135.0000 0000000   0.0000 153.4091 15.12078246741026
STARLINK-1604
1 20561U 98065A   24198.94572917 -.00022620  00000-0  13156-2 0  1002
2 20561  53.0000 135.0000 0000000   0.0000 169.7727 15.12078246420391
STARLINK-1605
1 37801U 98065A   24198.94572917 -.00022620  00000-0  13156-2 0  1000
2 37801  53.0000 135.0000 0000000   0.0000 186.1364 15.12078246916400
STARLINK-1606
1 92919U 98065A   24198.94572917 -.00022620  00000-0  13156-2 0  1001
2 92919  53.0000 135.0000 0000000   0.0000 202.5000 15.12078246335062
STARLINK-1607
1 75149U 98065A   24198.94572917 -.00022620  00000-0  13156-2 0  1006
2 75149  53.0000 135.0000 0000000   0.0000 218.8636 15.12078246348654
STARLINK-1608
1 39123U 98065A   24198.94572917 -.00022620  00000-0  13156-2 0  1008
2 39123  53.0000 135.0000 0000000   0.0000 235.2273 15.12078246402388
STARLINK-1609
1 96023U 98065A   24198.94572917 -.00022620  00000-0  13156-2 0  1007
2 96023  53.0000 135.0000 0000000   0.0000 251.5909 15.12078246406445
STARLINK-1610
1 22973U 98065A   24198.94572917 -.00022620  00000-0  13156-2 0  1006
2 22973  53.0000 135.0000 0000000   0.0000 267.9545 15.12078246952214
STARLINK-1611
1 84771U 98065A   24198.94572917 -.00022620  00000-0  13156-2 0  1002
2 84771  53.0000 135.0000 0000000   0.0000 284.3182 15.12078246208470
STARLINK-1612
1 75579U 98065A   24198.94572917 -.00022620  00000-0  13156-2 0  1001
2 75579  53.0000 135.0000 0000000   0.0000 300.6818 15.12078246934200
STARLINK-1613
1 36207U 98065A   24198.94572917 -.00022620  00000-0  13156-2 0  1000
2 36207  53.0000 135.0000 0000000   0.0000 317.0455 15.12078246525024
STARLINK-1614
1 38580U 98065A   24198.94572917 -.00022620  00000-0  13156-2 0  1007
2 38580  53.0000 135.0000 0000000   0.0000 333.4091 15.12078246749230
STARLINK-1615
1 77647U 98065A   24198.94572917 -.00022620  00000-0  13156-2 0  1002
2 77647  53.0000 135.0000 0000000   0.0000 349.7727 15.12078246721634
STARLINK-1616
1 85654U 98065A   24198.94572917 -.00022620  00000-0  13156-2 0  1007
2 85654  53.0000 140.0000 0000000   0.0000   6.3636 15.12078246766776
STARLINK-1617
1 18035U 98065A   24198.94572917 -.00022620  00000-0  13156-2 0  1007
2 18035  53.0000 140.0000 0000000   0.0000  22.7273 15.12078246539190
STARLINK-1618
1 54308U 98065A   24198.94572917 -.00022620  00000-0  13156-2 0  1006
2 54308  53.0000 140.0000 0000000   0.0000  39.0909 15.12078246854778
STARLINK-1619
1 76880U 98065A   24198.94572917 -.00022620  00000-0  13156-2 0  1002
2 76880  53.0000 140.0000 0000000   0.0000  55.4545 15.12078246610004
STARLINK-1620
1 41093U 98065A   24198.94572917 -.00022620  00000-0  13156-2 0  1004
2 41093  53.0000 140.0000 0000000   0.0000  71.8182 15.12078246147258
STARLINK-1621
1 10826U 98065A   24198.94572917 -.00022620  00000-0  13156-2 0  1001
2 10826  53.0000 140.0000 0000000   0.0000  88.1818 15.12078246579251
STARLINK-1622
1 17925U 98065A   24198.94572917 -.00022620  00000-0  13156-2 0  1003
2 17925  53.0000 140.0000 0000000   0.0000 104.5455 15.12078246957653
STARLINK-1623
1 99660U 98065A   24198.94572917 -.00022620  00000-0  13156-2 0  1002
2 99660  53.0000 140.0000 0000000   0.0000 120.9091 15.12078246137150
STARLINK-1624
1 34540U 98065A   24198.94572917 -.00022620  00000-0  13156-2 0  1001
2 34540  53.0000 140.0000 0000000   0.0000 137.2727 15.12078246887256
STARLINK-1625
1 13367U 98065A   24198.94572917 -.00022620  00000-0  13156-2 0  1002
2 13367  53.0000 140.0000 0000000   0.0000 153.6364 15.12078246502346
STARLINK-1626
1 81611U 98065A   24198.94572917 -.00022620  00000-0  13156-2 0  1003
2 81611  53.0000 140.0000 0000000   0.0000 170.0000 15.12078246872770
STARLINK-1627
1 50538U 98065A   24198.94572917 -.00022620  00000-0  13156-2 0  1002
2 50538  53.0000 140.0000 0000000   0.0000 186.3636 15.12078246846085
STARLINK-1628
1 46579U 98065A   24198.94572917 -.00022620  00000-0  13156-2 0  1008
2 46579  53.0000 140.0000 0000000   0.0000 202.7273 15.12078246226678
STARLINK-1629
1 87519U 98065A   24198.94572917 -.00022620  00000-0  13156-2 0  1006
2 87519  53.0000 140.0000 0000000   0.0000 219.0909 15.12078246162340
STARLINK-1630
1 43569U 98065A   24198.94572917 -.00022620  00000-0  13156-2 0  1005
2 43569  53.0000 140.0000 0000000   0.0000 235.4545 15.12078246897918
STARLINK-1631
1 83864U 98065A   24198.94572917 -.00022620  00000-0  13156-2 0  1007
2 83864  53.0000 140.0000 0000000   0.0000 251.8182 15.12078246938137
STARLINK-1632
1 37182U 98065A   24198.94572917 -.00022620  00000-0  13156-2 0  1006
2 37182  53.0000 140.0000 0000000   0.0000 268.1818 15.12078246677273
STARLINK-1633
1 48482U 98065A   24198.94572917 -.00022620  00000-0  13156-2 0  1001
2 48482  53.0000 140.0000 0000000   0.0000 284.5455 15.12078246859045
STARLINK-1634
1 13908U 98065A   24198.94572917 -.00022620  00000-0  13156-2 0  1006
2 13908  53.0000 140.0000 0000000   0.0000 300.9091 15.12078246470008
STARLINK-1635
1 88228U 98065A   24198.94572917 -.00022620  00000-0  13156-2 0  1000
2 88228  53.0000 140.0000 0000000   0.0000 317.2727 15.12078246531301
STARLINK-1636
1 50613U 98065A   24198.94572917 -.00022620  00000-0  13156-2 0  1006
2 50613  53.0000 140.0000 0000000   0.0000 333.6364 15.12078246699698
STARLINK-1637
1 60848U 98065A   24198.94572917 -.00022620  00000-0  13156-2 0  1007
2 60848  53.0000 140.0000 0000000   0.0000 350.0000 15.12078246376670
STARLINK-1638
1 68096U 98065A   24198.94572917 -.00022620  00000-0  13156-2 0  1008
2 68096  53.0000 145.0000 0000000   0.0000   6.5909 15.12078246786927
STARLINK-1639
1 10848U 98065A   24198.94572917 -.00022620  00000-0  13156-2 0  1004
2 10848  53.0000 145.0000 0000000   0.0000  22.9545 15.12078246605994
STARLINK-1640
1 33627U 98065A   24198.94572917 -.00022620  00000-0  13156-2 0  1007
2 33627  53.0000 145.0000 0000000   0.0000  39.3182 15.12078246897644
STARLINK-1641
1 16517U 98065A   24198.94572917 -.00022620  00000-0  13156-2 0  1007
2 16517  53.0000 145.0000 0000000   0.0000  55.6818 15.12078246512425
STARLINK-1642
1 81509U 98065A   24198.94572917 -.00022620  00000-0  13156-2 0  1004
2 81509  53.0000 145.0000 0000000   0.0000  72.0455 15.12078246768718
STARLINK-1643
1 66722U 98065A   24198.94572917 -.00022620  00000-0  13156-2 0  1000
2 66722  53.0000 145.0000 0000000   0.0000  88.4091 15.12078246255061
STARLINK-1644
1 58810U 98065A   24198.94572917 -.00022620  00000-0  13156-2 0  1001
2 58810  53.0000 145.0000 0000000   0.0000 104.7727 15.12078246152691
STARLINK-1645
1 40062U 98065A   24198.94572917 -.00022620  00000-0  13156-2 0  1006
2 40062  53.0000 145.0000 0000000   0.0000 121.1364 15.12078246475130
STARLINK-1646
1 76009U 98065A   24198.94572917 -.00022620  00000-0  13156-2 0  1003
2 76009  53.0000 145.0000 0000000   0.0000 137.5000 15.12078246156117
STARLINK-1647
1 56855U 98065A   24198.94572917 -.00022620  00000-0  13156-2 0  1004
2 56855  53.0000 145.0000 0000000   0.0000 153.8636 15.12078246583363
STARLINK-1648
1 52139U 98065A   24198.94572917 -.00022620  00000-0  13156-2 0  1005
2 52139  53.0000 145.0000 0000000   0.0000 170.2273 15.12078246960340
STARLINK-1649
1 64304U 98065A   24198.94572917 -.00022620  00000-0  13156-2 0  1004
2 64304  53.0000 145.0000 0000000   0.0000 186.5909 15.12078246218015
STARLINK-1650
1 91618U 98065A   24198.94572917 -.00022620  00000-0  13156-2 0  1005
2 91618  53.0000 145.0000 0000000   0.0000 202.9545 15.12078246218255
STARLINK-1651
1 72790U 98065A   24198.94572917 -.00022620  00000-0  13156-2 0  1001
2 72790  53.0000 145.0000 0000000   0.0000 219.3182 15.12078246907843
STARLINK-1652
1 39582U 98065A   24198.94572917 -.00022620  00000-0  13156-2 0  1006
2 39582  53.0000 145.0000 0000000   0.0000 235.6818 15.12078246641940
STARLINK-1653
1 74022U 98065A   24198.94572917 -.00022620  00000-0  13156-2 0  1006
2 74022  53.0000 145.0000 0000000   0.0000 252.0455 15.12078246584918
STARLINK-1654
1 95385U 98065A   24198.94572917 -.00022620  00000-0  13156-2 0  1002
2 95385  53.0000 145.0000 0000000   0.0000 268.4091 15.12078246550863
STARLINK-1655
1 37767U 98065A   24198.94572917 -.00022620  00000-0  13156-2 0  1001
2 37767  53.0000 145.0000 0000000   0.0000 284.7727 15.12078246701143
STARLINK-1656
1 10769U 98065A   24198.94572917 -.00022620  00000-0  13156-2 0  1006
2 10769  53.0000 145.0000 0000000   0.0000 301.1364 15.12078246349041
STARLINK-1657
1 35523U 98065A   24198.94572917 -.00022620  00000-0  13156-2 0  1001
2 35523  53.0000 145.0000 0000000   0.0000 317.5000 15.12078246780217
STARLINK-1658
1 71911U 98065A   24198.94572917 -.00022620  00000-0  13156-2 0  1000
2 71911  53.0000 145.0000 0000000   0.0000 333.8636 15.12078246896143
STARLINK-1659
1 59120U 98065A   24198.94572917 -.00022620  00000-0  13156-2 0  1001
2 59120  53.0000 145.0000 0000000   0.0000 350.2273 15.12078246229880
STARLINK-1660
1 86869U 98065A   24198.94572917 -.00022620  00000-0  13156-2 0  1002
2 86869  53.0000 150.0000 0000000   0.0000   6.8182 15.12078246904372
STARLINK-1661
1 98739U 98065A   24198.94572917 -.00022620  00000-0  13156-2 0  1005
2 98739  53.0000 150.0000 0000000   0.0000  23.1818 15.12078246527086
STARLINK-1662
1 25080U 98065A   24198.94572917 -.00022620  00000-0  13156-2 0  1007
2 25080  53.0000 150.0000 0000000   0.0000  39.5455 15.12078246419050
STARLINK-1663
1 37889U 98065A   24198.94572917 -.00022620  00000-0  13156-2 0  1000
2 37889  53.0000 150.0000 0000000   0.0000  55.9091 15.12078246613100
STARLINK-1664
1 58801U 98065A   24198.94572917 -.00022620  00000-0  13156-2 0  1001
2 58801  53.0000 150.0000 0000000   0.0000  72.2727 15.12078246485307
STARLINK-1665
1 43841U 98065A   24198.94572917 -.00022620  00000-0  13156-2 0  1004
2 43841  53.0000 150.0000 0000000   0.0000  88.6364 15.12078246506238
STARLINK-1666
1 39097U 98065A   24198.94572917 -.00022620  00000-0  13156-2 0  1000
2 39097  53.0000 150.0000 0000000   0.0000 105.0000 15.12078246558245
STARLINK-1667
1 15751U 98065A   24198.94572917 -.00022620  00000-0  13156-2 0  1007
2 15751  53.0000 150.0000 0000000   0.0000 121.3636 15.12078246915654
STARLINK-1668
1 64030U 98065A   24198.94572917 -.00022620  00000-0  13156-2 0  1007
2 64030  53.0000 150.0000 0000000   0.0000 137.7273 15.12078246330083
STARLINK-1669
1 71626U 98065A   24198.94572917 -.00022620  00000-0  13156-2 0  1008
2 71626  53.0000 150.0000 0000000   0.0000 154.0909 15.12078246789887
STARLINK-1670
1 66295U 98065A   24198.94572917 -.00022620  00000-0  13156-2 0  1008
2 66295  53.0000 150.0000 0000000   0.0000 170.4545 15.12078246949827
STARLINK-1671
1 50531U 98065A   24198.94572917 -.00022620  00000-0  13156-2 0  1007
2 50531  53.0000 150.0000 0000000   0.0000 186.8182 15.12078246934906
STARLINK-1672
1 97652U 98065A   24198.94572917 -.00022620  00000-0  13156-2 0  1006
2 97652  53.0000 150.0000 0000000   0.0000 203.1818 15.12078246393256
STARLINK-1673
1 28947U 98065A   24198.94572917 -.00022620  00000-0  13156-2 0  1007
2 28947  53.0000 150.0000 0000000   0.0000 219.5455 15.12078246213095
STARLINK-1674
1 40219U 98065A   24198.94572917 -.00022620  00000-0  13156-2 0  1007
2 40219  53.0000 150.0000 0000000   0.0000 235.9091 15.12078246173181
STARLINK-1675
1 89972U 98065A   24198.94572917 -.00022620  00000-0  13156-2 0  1007
2 89972  53.0000 150.0000 0000000   0.0000 252.2727 15.12078246893081
STARLINK-1676
1 31526U 98065A   24198.94572917 -.00022620  00000-0  13156-2 0  1001
2 31526  53.0000 150.0000 0000000   0.0000 268.6364 15.12078246911465
STARLINK-1677
1 34610U 98065A   24198.94572917 -.00022620  00000-0  13156-2 0  1001
2 34610  53.0000 150.0000 0000000   0.0000 285.0000 15.12078246747565
STARLINK-1678
1 67336U 98065A   24198.94572917 -.00022620  00000-0  13156-2 0  1006
2 67336  53.0000 150.0000 0000000   0.0000 301.3636 15.12078246263004
STARLINK-1679
1 86175U 98065A   24198.94572917 -.00022620  00000-0  13156-2 0  1007
2 86175  53.0000 150.0000 0000000   0.0000 317.7273 15.12078246653307
STARLINK-1680
1 49590U 98065A   24198.94572917 -.00022620  00000-0  13156-2 0  1002
2 49590  53.0000 150.0000 0000000   0.0000 334.0909 15.12078246406831
STARLINK-1681
1 10431U 98065A   24198.94572917 -.00022620  00000-0  13156-2 0  1000
2 10431  53.0000 150.0000 0000000   0.0000 350.4545 15.12078246857928
STARLINK-1682
1 40825U 98065A   24198.94572917 -.00022620  00000-0  13156-2 0  1007
2 40825  53.0000 155.0000 0000000   0.0000   7.0455 15.12078246965080
STARLINK-1683
1 73154U 98065A   24198.94572917 -.00022620  00000-0  13156-2 0  1003
2 73154  53.0000 155.0000 0000000   0.0000  23.4091 15.12078246476294
STARLINK-1684
1 70548U 98065A   24198.94572917 -.00022620  00000-0  13156-2 0  1001
2 70548  53.0000 155.0000 0000000   0.0000  39.7727 15.12078246661724
STARLINK-1685
1 22683U 98065A   24198.94572917 -.00022620  00000-0  13156-2 0  1008
2 22683  53.0000 155.0000 0000000   0.0000  56.1364 15.12078246448041
STARLINK-1686
1 88481U 98065A   24198.94572917 -.00022620  00000-0  13156-2 0  1000
2 88481  53.0000 155.0000 0000000   0.0000  72.5000 15.12078246576440
STARLINK-1687
1 97560U 98065A   24198.94572917 -.00022620  00000-0  13156-2 0  1008
2 97560  53.0000 155.0000 0000000   0.0000  88.8636 15.12078246948418
STARLINK-1688
1 44476U 98065A   24198.94572917 -.00022620  00000-0  13156-2 0  1004
2 44476  53.0000 155.0000 0000000   0.0000 105.2273 15.12078246754957
STARLINK-1689
1 15489U 98065A   24198.94572917 -.00022620  00000-0  13156-2 0  1004
2 15489  53.0000 155.0000 0000000   0.0000 121.5909 15.12078246640830
STARLINK-1690
1 90565U 98065A   24198.94572917 -.00022620  00000-0  13156-2 0  1004
2 90565  53.0000 155.0000 0000000   0.0000 137.9545 15.12078246186380
STARLINK-1691
1 36743U 98065A   24198.94572917 -.00022620  00000-0  13156-2 0  1004
2 36743  53.0000 155.0000 0000000   0.0000 154.3182 15.12078246227035
STARLINK-1692
1 58769U 98065A   24198.94572917 -.00022620  00000-0  13156-2 0  1007
2 58769  53.0000 155.0000 0000000   0.0000 170.6818 15.12078246608267
STARLINK-1693
1 18913U 98065A   24198.94572917 -.00022620  00000-0  13156-2 0  1005
2 18913  53.0000 155.0000 0000000   0.0000 187.0455 15.12078246513395
STARLINK-1694
1 58078U 98065A   24198.94572917 -.00022620  00000-0  13156-2 0  1007
2 58078  53.0000 155.0000 0000000   0.0000 203.4091 15.12078246642230
STARLINK-1695
1 21242U 98065A   24198.94572917 -.00022620  00000-0  13156-2 0  1005
2 21242  53.0000 155.0000 0000000   0.0000 219.7727 15.12078246685882
STARLINK-1696
1 76468U 98065A   24198.94572917 -.00022620  00000-0  13156-2 0  1001
2 76468  53.0000 155.0000 0000000   0.0000 236.1364 15.12078246872781
STARLINK-1697
1 39453U 98065A   24198.94572917 -.00022620  00000-0  13156-2 0  1003
2 39453  53.0000 155.0000 0000000   0.0000 252.5000 15.12078246261834
STARLINK-1698
1 91529U 98065A   24198.94572917 -.00022620  00000-0  13156-2 0  1001
2 91529  53.0000 155.0000 0000000   0.0000 268.8636 15.12078246977445
STARLINK-1699
1 88609U 98065A   24198.94572917 -.00022620  00000-0  13156-2 0  1007
2 88609  53.0000 155.0000 0000000   0.0000 285.2273 15.12078246311970
STARLINK-1700
1 77103U 98065A   24198.94572917 -.00022620  00000-0  13156-2 0  1002
2 77103  53.0000 155.0000 0000000   0.0000 301.5909 15.12078246788944
STARLINK-1701
1 86203U 98065A   24198.94572917 -.00022620  00000-0  13156-2 0  1000
2 86203  53.0000 155.0000 0000000   0.0000 317.9545 15.12078246911595
STARLINK-1702
1 33663U 98065A   24198.94572917 -.00022620  00000-0  13156-2 0  1002
2 33663  53.0000 155.0000 0000000   0.0000 334.3182 15.12078246688136
STARLINK-1703
1 88756U 98065A   24198.94572917 -.00022620  00000-0  13156-2 0  1006
2 88756  53.0000 155.0000 0000000   0.0000 350.6818 15.12078246930310
STARLINK-1704
1 53724U 98065A   24198.94572917 -.00022620  00000-0  13156-2 0  1008
2 53724  53.0000 160.0000 0000000   0.0000   7.2727 15.12078246118347
STARLINK-1705
1 90251U 98065A   24198.94572917 -.00022620  00000-0  13156-2 0  1004
2 90251  53.0000 160.0000 0000000   0.0000  23.6364 15.12078246293860
STARLINK-1706
1 68233U 98065A   24198.94572917 -.00022620  00000-0  13156-2 0  1003
2 68233  53.0000 160.0000 0000000   0.0000  40.0000 15.12078246341517
STARLINK-1707
1 29107U 98065A   24198.94572917 -.00022620  00000-0  13156-2 0  1007
2 29107  53.0000 160.0000 0000000   0.0000  56.3636 15.12078246378088
STARLINK-1708
1 56694U 98065A   24198.94572917 -.00022620  00000-0  13156-2 0  1000
2 56694  53.0000 160.0000 0000000   0.0000  72.7273 15.12078246873714
STARLINK-1709
1 55962U 98065A   24198.94572917 -.00022620  00000-0  13156-2 0  1005
2 55962  53.0000 160.0000 0000000   0.0000  89.0909 15.12078246519047
STARLINK-1710
1 66921U 98065A   24198.94572917 -.00022620  00000-0  13156-2 0  1008
2 66921  53.0000 160.0000 0000000   0.0000 105.4545 15.12078246406512
STARLINK-1711
1 27568U 98065A   24198.94572917 -.00022620  00000-0  13156-2 0  1007
2 27568  53.0000 160.0000 0000000   0.0000 121.8182 15.12078246726497
STARLINK-1712
1 67782U 98065A   24198.94572917 -.00022620  00000-0  13156-2 0  1008
2 67782  53.0000 160.0000 0000000   0.0000 138.1818 15.12078246198852
STARLINK-1713
1 55111U 98065A   24198.94572917 -.00022620  00000-0  13156-2 0  1000
2 55111  53.0000 160.0000 0000000   0.0000 154.5455 15.12078246375540
STARLINK-1714
1 64249U 98065A   24198.94572917 -.00022620  00000-0  13156-2 0  1006
2 64249  53.0000 160.0000 0000000   0.0000 170.9091 15.12078246542455
STARLINK-1715
1 55592U 98065A   24198.94572917 -.00022620  00000-0  13156-2 0  1003
2 55592  53.0000 160.0000 0000000   0.0000 187.2727 15.12078246617327
STARLINK-1716
1 25287U 98065A   24198.94572917 -.00022620  00000-0  13156-2 0  1003
2 25287  53.0000 160.0000 0000000   0.0000 203.6364 15.12078246582017
STARLINK-1717
1 44610U 98065A   24198.94572917 -.00022620  00000-0  13156-2 0  1002
2 44610  53.0000 160.0000 0000000   0.0000 220.0000 15.12078246585257
STARLINK-1718
1 75003U 98065A   24198.94572917 -.00022620  00000-0  13156-2 0  1005
2 75003  53.0000 160.0000 0000000   0.0000 236.3636 15.12078246782961
STARLINK-1719
1 14549U 98065A   24198.94572917 -.00022620  00000-0  13156-2 0  1001
2 14549  53.0000 160.0000 0000000   0.0000 252.7273 15.12078246934222
STARLINK-1720
1 11074U 98065A   24198.94572917 -.00022620  00000-0  13156-2 0  1003
2 11074  53.0000 160.0000 0000000   0.0000 269.0909 15.12078246235684
STARLINK-1721
1 77003U 98065A   24198.94572917 -.00022620  00000-0  13156-2 0  1004
2 77003  53.0000 160.0000 0000000   0.0000 285.4545 15.12078246749965
STARLINK-1722
1 87599U 98065A   24198.94572917 -.00022620  00000-0  13156-2 0  1003
2 87599  53.0000 160.0000 0000000   0.0000 301.8182 15.12078246388437
STARLINK-1723
1 84197U 98065A   24198.94572917 -.00022620  00000-0  13156-2 0  1003
2 84197  53.0000 160.0000 0000000   0.0000 318.1818 15.12078246847750
STARLINK-1724
1 10867U 98065A   24198.94572917 -.00022620  00000-0  13156-2 0  1006
2 10867  53.0000 160.0000 0000000   0.0000 334.5455 15.12078246537086
STARLINK-1725
1 12055U 98065A   24198.94572917 -.00022620  00000-0  13156-2 0  1007
2 12055  53.0000 160.0000 0000000   0.0000 350.9091 15.12078246523042
STARLINK-1726
1 38141U 98065A   24198.94572917 -.00022620  00000-0  13156-2 0  1006
2 38141  53.0000 165.0000 0000000   0.0000   7.5000 15.12078246301554
STARLINK-1727
1 90449U 98065A   24198.94572917 -.00022620  00000-0  13156-2 0  1002
2 90449  53.0000 165.0000 0000000   0.0000  23.8636 15.12078246660668
STARLINK-1728
1 88991U 98065A   24198.94572917 -.00022620  00000-0  13156-2 0  1005
2 88991  53.0000 165.0000 0000000   0.0000  40.2273 15.12078246942573
STARLINK-1729
1 26294U 98065A   24198.94572917 -.00022620  00000-0  13156-2 0  1007
2 26294  53.0000 165.0000 0000000   0.0000  56.5909 15.12078246282036
STARLINK-1730
1 30372U 98065A   24198.94572917 -.00022620  00000-0  13156-2 0  1004
2 30372  53.0000 165.0000 0000000   0.0000  72.9545 15.12078246120468
STARLINK-1731
1 42917U 98065A   24198.94572917 -.00022620  00000-0  13156-2 0  1004
2 42917  53.0000 165.0000 0000000   0.0000  89.3182 15.12078246483322
STARLINK-1732
1 49570U 98065A   24198.94572917 -.00022620  00000-0  13156-2 0  1008
2 49570  53.0000 165.0000 0000000   0.0000 105.6818 15.12078246460528
STARLINK-1733
1 38875U 98065A   24198.94572917 -.00022620  00000-0  13156-2 0  1002
2 38875  53.0000 165.0000 0000000   0.0000 122.0455 15.12078246483730
STARLINK-1734
1 33694U 98065A   24198.94572917 -.00022620  00000-0  13156-2 0  1008
2 33694  53.0000 165.0000 0000000   0.0000 138.4091 15.12078246760254
STARLINK-1735
1 56295U 98065A   24198.94572917 -.00022620  00000-0  13156-2 0  1006
2 56295  53.0000 165.0000 0000000   0.0000 154.7727 15.12078246584491
STARLINK-1736
1 86724U 98065A   24198.94572917 -.00022620  00000-0  13156-2 0  1005
2 86724  53.0000 165.0000 0000000   0.0000 171.1364 15.12078246125020
STARLINK-1737
1 59850U 98065A   24198.94572917 -.00022620  00000-0  13156-2 0  1003
2 59850  53.0000 165.0000 0000000   0.0000 187.5000 15.12078246703366
STARLINK-1738
1 56589U 98065A   24198.94572917 -.00022620  00000-0  13156-2 0  1004
2 56589  53.0000 165.0000 0000000   0.0000 203.8636 15.12078246786837
STARLINK-1739
1 86818U 98065A   24198.94572917 -.00022620  00000-0  13156-2 0  1001
2 86818  53.0000 165.0000 0000000   0.0000 220.2273 15.12078246925555
STARLINK-1740
1 91977U 98065A   24198.94572917 -.00022620  00000-0  13156-2 0  1003
2 91977  53.0000 165.0000 0000000   0.0000 236.5909 15.12078246718408
STARLINK-1741
1 68594U 98065A   24198.94572917 -.00022620  00000-0  13156-2 0  1007
2 68594  53.0000 165.0000 0000000   0.0000 252.9545 15.12078246753818
STARLINK-1742
1 30400U 98065A   24198.94572917 -.00022620  00000-0  13156-2 0  1006
2 30400  53.0000 165.0000 0000000   0.0000 269.3182 15.12078246251913
STARLINK-1743
1 89596U 98065A   24198.94572917 -.00022620  00000-0  13156-2 0  1000
2 89596  53.0000 165.0000 0000000   0.0000 285.6818 15.12078246738347
STARLINK-1744
1 52099U 98065A   24198.94572917 -.00022620  00000-0  13156-2 0  1008
2 52099  53.0000 165.0000 0000000   0.0000 302.0455 15.12078246537953
STARLINK-1745
1 25477U 98065A   24198.94572917 -.00022620  00000-0  13156-2 0  1001
2 25477  53.0000 165.0000 0000000   0.0000 318.4091 15.12078246531556
STARLINK-1746
1 14014U 98065A   24198.94572917 -.00022620  00000-0  13156-2 0  1001
2 14014  53.0000 165.0000 0000000   0.0000 334.7727 15.12078246337490
STARLINK-1747
1 78932U 98065A   24198.94572917 -.00022620  00000-0  13156-2 0  1001
2 78932  53.0000 165.0000 0000000   0.0000 351.1364 15.12078246796918
STARLINK-1748
1 27806U 98065A   24198.94572917 -.00022620  00000-0  13156-2 0  1003
2 27806  53.0000 170.0000 0000000   0.0000   7.7273 15.12078246593323
STARLINK-1749
1 99014U 98065A   24198.94572917 -.00022620  00000-0  13156-2 0  1005
2 99014  53.0000 170.0000 0000000   0.0000  24.0909 15.12078246960427
STARLINK-1750
1 13624U 98065A   24198.94572917 -.00022620  00000-0  13156-2 0  1005
2 13624  53.0000 170.0000 0000000   0.0000  40.4545 15.12078246707034
STARLINK-1751
1 46624U 98065A   24198.94572917 -.00022620  00000-0  13156-2 0  1001
2 46624  53.0000 170.0000 0000000   0.0000  56.8182 15.12078246247441
STARLINK-1752
1 56483U 98065A   24198.94572917 -.00022620  00000-0  13156-2 0  1002
2 56483  53.0000 170.0000 0000000   0.0000  73.1818 15.12078246552035
STARLINK-1753
1 75543U 98065A   24198.94572917 -.00022620  00000-0  13156-2 0  1003
2 75543  53.0000 170.0000 0000000   0.0000  89.5455 15.12078246315531
STARLINK-1754
1 40769U 98065A   24198.94572917 -.00022620  00000-0  13156-2 0  1002
2 40769  53.0000 170.0000 0000000   0.0000 105.9091 15.12078246459871
STARLINK-1755
1 47127U 98065A   24198.94572917 -.00022620  00000-0  13156-2 0  1000
2 47127  53.0000 170.0000 0000000   0.0000 122.2727 15.12078246278847
STARLINK-1756
1 72201U 98065A   24198.94572917 -.00022620  00000-0  13156-2 0  1007
2 72201  53.0000 170.0000 0000000   0.0000 138.6364 15.12078246225646
STARLINK-1757
1 34243U 98065A   24198.94572917 -.00022620  00000-0  13156-2 0  1005
2 34243  53.0000 170.0000 0000000   0.0000 155.0000 15.12078246685531
STARLINK-1758
1 82886U 98065A   24198.94572917 -.00022620  00000-0  13156-2 0  1007
2 82886  53.0000 170.0000 0000000   0.0000 171.3636 15.12078246917615
STARLINK-1759
1 59964U 98065A   24198.94572917 -.00022620  00000-0  13156-2 0  1003
2 59964  53.0000 170.0000 0000000   0.0000 187.7273 15.12078246214701
STARLINK-1760
1 21685U 98065A   24198.94572917 -.00022620  00000-0  13156-2 0  1006
2 21685  53.0000 170.0000 0000000   0.0000 204.0909 15.12078246667784
STARLINK-1761
1 31793U 98065A   24198.94572917 -.00022620  00000-0  13156-2 0  1000
2 31793  53.0000 170.0000 0000000   0.0000 220.4545 15.12078246898453
STARLINK-1762
1 29537U 98065A   24198.94572917 -.00022620  00000-0  13156-2 0  1006
2 29537  53.0000 170.0000 0000000   0.0000 236.8182 15.12078246399127
STARLINK-1763
1 54167U 98065A   24198.94572917 -.00022620  00000-0  13156-2 0  1000
2 54167  53.0000 170.0000 0000000   0.0000 253.1818 15.12078246184372
STARLINK-1764
1 77061U 98065A   24198.94572917 -.00022620  00000-0  13156-2 0  1008
2 77061  53.0000 170.0000 0000000   0.0000 269.5455 15.12078246861362
STARLINK-1765
1 79629U 98065A   24198.94572917 -.00022620  00000-0  13156-2 0  1002
2 79629  53.0000 170.0000 0000000   0.0000 285.9091 15.12078246647344
STARLINK-1766
1 34026U 98065A   24198.94572917 -.00022620  00000-0  13156-2 0  1005
2 34026  53.0000 170.0000 0000000   0.0000 302.2727 15.12078246650971
STARLINK-1767
1 40116U 98065A   24198.94572917 -.00022620  00000-0  13156-2 0  1008
2 40116  53.0000 170.0000 0000000   0.0000 318.6364 15.12078246131017
STARLINK-1768
1 70508U 98065A   24198.94572917 -.00022620  00000-0  13156-2 0  1008
2 70508  53.0000 170.0000 0000000   0.0000 335.0000 15.12078246785944
STARLINK-1769
1 83986U 98065A   24198.94572917 -.00022620  00000-0  13156-2 0  1000
2 83986  53.0000 170.0000 0000000   0.0000 351.3636 15.12078246734800
STARLINK-1770
1 56358U 98065A   24198.94572917 -.00022620  00000-0  13156-2 0  1002
2 56358  53.0000 175.0000 0000000   0.0000   7.9545 15.12078246267595
STARLINK-1771
1 56421U 98065A   24198.94572917 -.00022620  00000-0  13156-2 0  1002
2 56421  53.0000 175.0000 0000000   0.0000  24.3182 15.12078246807780
STARLINK-1772
1 84474U 98065A   24198.94572917 -.00022620  00000-0  13156-2 0  1007
2 84474  53.0000 175.0000 0000000   0.0000  40.6818 15.12078246437491
STARLINK-1773
1 53810U 98065A   24198.94572917 -.00022620  00000-0  13156-2 0  1004
2 53810  53.0000 175.0000 0000000   0.0000  57.0455 15.12078246346625
STARLINK-1774
1 21324U 98065A   24198.94572917 -.00022620  00000-0  13156-2 0  1005
2 21324  53.0000 175.0000 0000000   0.0000  73.4091 15.12078246787781
STARLINK-1775
1 89029U 98065A   24198.94572917 -.00022620  00000-0  13156-2 0  1006
2 89029  53.0000 175.0000 0000000   0.0000  89.7727 15.12078246191798
STARLINK-1776
1 69433U 98065A   24198.94572917 -.00022620  00000-0  13156-2 0  1003
2 69433  53.0000 175.0000 0000000   0.0000 106.1364 15.12078246241428
STARLINK-1777
1 63246U 98065A   24198.94572917 -.00022620  00000-0  13156-2 0  1004
2 63246  53.0000 175.0000 0000000   0.0000 122.5000 15.12078246344083
STARLINK-1778
1 15687U 98065A   24198.94572917 -.00022620  00000-0  13156-2 0  1003
2 15687  53.0000 175.0000 0000000   0.0000 138.8636 15.12078246319352
STARLINK-1779
1 10894U 98065A   24198.94572917 -.00022620  00000-0  13156-2 0  1008
2 10894  53.0000 175.0000 0000000   0.0000 155.2273 15.12078246589102
STARLINK-1780
1 16102U 98065A   24198.94572917 -.00022620  00000-0  13156-2 0  1003
2 16102  53.0000 175.0000 0000000   0.0000 171.5909 15.12078246396068
STARLINK-1781
1 47699U 98065A   24198.94572917 -.00022620  00000-0  13156-2 0  1008
2 47699  53.0000 175.0000 0000000   0.0000 187.9545 15.12078246747934
STARLINK-1782
1 24607U 98065A   24198.94572917 -.00022620  00000-0  13156-2 0  1005
2 24607  53.0000 175.0000 0000000   0.0000 204.3182 15.12078246531558
STARLINK-1783
1 58522U 98065A   24198.94572917 -.00022620  00000-0  13156-2 0  1003
2 58522  53.0000 175.0000 0000000   0.0000 220.6818 15.12078246837982
STARLINK-1784
1 65272U 98065A   24198.94572917 -.00022620  00000-0  13156-2 0  1001
2 65272  53.0000 175.0000 0000000   0.0000 237.0455 15.12078246691682
STARLINK-1785
1 25966U 98065A   24198.94572917 -.00022620  00000-0  13156-2 0  1005
2 25966  53.0000 175.0000 0000000   0.0000 253.4091 15.12078246903830
STARLINK-1786
1 86757U 98065A   24198.94572917 -.00022620  00000-0  13156-2 0  1002
2 86757  53.0000 175.0000 0000000   0.0000 269.7727 15.12078246295283
STARLINK-1787
1 29392U 98065A   24198.94572917 -.00022620  00000-0  13156-2 0  1005
2 29392  53.0000 175.0000 0000000   0.0000 286.1364 15.12078246384562
STARLINK-1788
1 94903U 98065A   24198.94572917 -.00022620  00000-0  13156-2 0  1006
2 94903  53.0000 175.0000 0000000   0.0000 302.5000 15.12078246152394
STARLINK-1789
1 31471U 98065A   24198.94572917 -.00022620  00000-0  13156-2 0  1008
2 31471  53.0000 175.0000 0000000   0.0000 318.8636 15.12078246116457
STARLINK-1790
1 59173U 98065A   24198.94572917 -.00022620  00000-0  13156-2 0  1003
2 59173  53.0000 175.0000 0000000   0.0000 335.2273 15.12078246484028
STARLINK-1791
1 70086U 98065A   24198.94572917 -.00022620  00000-0  13156-2 0  1005
2 70086  53.0000 175.0000 0000000   0.0000 351.5909 15.12078246669368
STARLINK-1792
1 84221U 98065A   24198.94572917 -.00022620  00000-0  13156-2 0  1000
2 84221  53.0000 180.0000 0000000   0.0000   8.1818 15.12078246651848
STARLINK-1793
1 10340U 98065A   24198.94572917 -.00022620  00000-0  13156-2 0  1006
2 10340  53.0000 180.0000 0000000   0.0000  24.5455 15.12078246617230
STARLINK-1794
1 81195U 98065A   24198.94572917 -.00022620  00000-0  13156-2 0  1006
2 81195  53.0000 180.0000 0000000   0.0000  40.9091 15.12078246531515
STARLINK-1795
1 71973U 98065A   24198.94572917 -.00022620  00000-0  13156-2 0  1008
2 71973  53.0000 180.0000 0000000   0.0000  57.2727 15.12078246319416
STARLINK-1796
1 54748U 98065A   24198.94572917 -.00022620  00000-0  13156-2 0  1002
2 54748  53.0000 180.0000 0000000   0.0000  73.6364 15.12078246970846
STARLINK-1797
1 30249U 98065A   24198.94572917 -.00022620  00000-0  13156-2 0  1006
2 30249  53.0000 180.0000 0000000   0.0000  90.0000 15.12078246840200
STARLINK-1798
1 88202U 98065A   24198.94572917 -.00022620  00000-0  13156-2 0  1004
2 88202  53.0000 180.0000 0000000   0.0000 106.3636 15.12078246464474
STARLINK-1799
1 24998U 98065A   24198.94572917 -.00022620  00000-0  13156-2 0  1006
2 24998  53.0000 180.0000 0000000   0.0000 122.7273 15.12078246644286
STARLINK-1800
1 57195U 98065A   24198.94572917 -.00022620  00000-0  13156-2 0  1005
2 57195  53.0000 180.0000 0000000   0.0000 139.0909 15.12078246440138
STARLINK-1801
1 52950U 98065A   24198.94572917 -.00022620  00000-0  13156-2 0  1005
2 52950  53.0000 180.0000 0000000   0.0000 155.4545 15.12078246517682
STARLINK-1802
1 23603U 98065A   24198.94572917 -.00022620  00000-0  13156-2 0  1004
2 23603  53.0000 180.0000 0000000   0.0000 171.8182 15.12078246394241
STARLINK-1803
1 81239U 98065A   24198.94572917 -.00022620  00000-0  13156-2 0  1006
2 81239  53.0000 180.0000 0000000   0.0000 188.1818 15.12078246714194
STARLINK-1804
1 84553U 98065A   24198.94572917 -.00022620  00000-0  13156-2 0  1007
2 84553  53.0000 180.0000 0000000   0.0000 204.5455 15.12078246395933
STARLINK-1805
1 66214U 98065A   24198.94572917 -.00022620  00000-0  13156-2 0  1003
2 66214  53.0000 180.0000 0000000   0.0000 220.9091 15.12078246930225
STARLINK-1806
1 66014U 98065A   24198.94572917 -.00022620  00000-0  13156-2 0  1001
2 66014  53.0000 180.0000 0000000   0.0000 237.2727 15.12078246317875
STARLINK-1807
1 43728U 98065A   24198.94572917 -.00022620  00000-0  13156-2 0  1002
2 43728  53.0000 180.0000 0000000   0.0000 253.6364 15.12078246566946
STARLINK-1808
1 92743U 98065A   24198.94572917 -.00022620  00000-0  13156-2 0  1008
2 92743  53.0000 180.0000 0000000   0.0000 270.0000 15.12078246419810
STARLINK-1809
1 35226U 98065A   24198.94572917 -.00022620  00000-0  13156-2 0  1001
2 35226  53.0000 180.0000 0000000   0.0000 286.3636 15.12078246865771
STARLINK-1810
1 70259U 98065A   24198.94572917 -.00022620  00000-0  13156-2 0  1004
2 70259  53.0000 180.0000 0000000   0.0000 302.7273 15.12078246336912
STARLINK-1811
1 30454U 98065A   24198.94572917 -.00022620  00000-0  13156-2 0  1007
2 30454  53.0000 180.0000 0000000   0.0000 319.0909 15.12078246714267
STARLINK-1812
1 70418U 98065A   24198.94572917 -.00022620  00000-0  13156-2 0  1001
2 70418  53.0000 180.0000 0000000   0.0000 335.4545 15.12078246969408
STARLINK-1813
1 10675U 98065A   24198.94572917 -.00022620  00000-0  13156-2 0  1002
2 10675  53.0000 180.0000 0000000   0.0000 351.8182 15.12078246381133
STARLINK-1814
1 94226U 98065A   24198.94572917 -.00022620  00000-0  13156-2 0  1003
2 94226  53.0000 185.0000 0000000   0.0000   8.4091 15.12078246866303
STARLINK-1815
1 15463U 98065A   24198.94572917 -.00022620  00000-0  13156-2 0  1008
2 15463  53.0000 185.0000 0000000   0.0000  24.7727 15.12078246217497
STARLINK-1816
1 31435U 98065A   24198.94572917 -.00022620  00000-0  13156-2 0  1008
2 31435  53.0000 185.0000 0000000   0.0000  41.1364 15.12078246782584
STARLINK-1817
1 30251U 98065A   24198.94572917 -.00022620  00000-0  13156-2 0  1000
2 30251  53.0000 185.0000 0000000   0.0000  57.5000 15.12078246519654
STARLINK-1818
1 45868U 98065A   24198.94572917 -.00022620  00000-0  13156-2 0  1008
2 45868  53.0000 185.0000 0000000   0.0000  73.8636 15.12078246775414
STARLINK-1819
1 97828U 98065A   24198.94572917 -.00022620  00000-0  13156-2 0  1001
2 97828  53.0000 185.0000 0000000   0.0000  90.2273 15.12078246747794
STARLINK-1820
1 85872U 98065A   24198.94572917 -.00022620  00000-0  13156-2 0  1006
2 85872  53.0000 185.0000 0000000   0.0000 106.5909 15.12078246635036
STARLINK-1821
1 61222U 98065A   24198.94572917 -.00022620  00000-0  13156-2 0  1005
2 61222  53.0000 185.0000 0000000   0.0000 122.9545 15.12078246734712
STARLINK-1822
1 94251U 98065A   24198.94572917 -.00022620  00000-0  13156-2 0  1001
2 94251  53.0000 185.0000 0000000   0.0000 139.3182 15.12078246276992
STARLINK-1823
1 45765U 98065A   24198.94572917 -.00022620  00000-0  13156-2 0  1000
2 45765  53.0000 185.0000 0000000   0.0000 155.6818 15.12078246957925
STARLINK-1824
1 58251U 98065A   24198.94572917 -.00022620  00000-0  13156-2 0  1006
2 58251  53.0000 185.0000 0000000   0.0000 172.0455 15.12078246638816
STARLINK-1825
1 78605U 98065A   24198.94572917 -.00022620  00000-0  13156-2 0  1003
2 78605  53.0000 185.0000 0000000   0.0000 188.4091 15.12078246858630
STARLINK-1826
1 88695U 98065A   24198.94572917 -.00022620  00000-0  13156-2 0  1005
2 88695  53.0000 185.0000 0000000   0.0000 204.7727 15.12078246337057
STARLINK-1827
1 97605U 98065A   24198.94572917 -.00022620  00000-0  13156-2 0  1005
2 97605  53.0000 185.0000 0000000   0.0000 221.1364 15.12078246460591
STARLINK-1828
1 63788U 98065A   24198.94572917 -.00022620  00000-0  13156-2 0  1006
2 63788  53.0000 185.0000 0000000   0.0000 237.5000 15.12078246786892
STARLINK-1829
1 94906U 98065A   24198.94572917 -.00022620  00000-0  13156-2 0  1005
2 94906  53.0000 185.0000 0000000   0.0000 253.8636 15.12078246516163
STARLINK-1830
1 10297U 98065A   24198.94572917 -.00022620  00000-0  13156-2 0  1002
2 10297  53.0000 185.0000 0000000   0.0000 270.2273 15.12078246849307
STARLINK-1831
1 14089U 98065A   24198.94572917 -.00022620  00000-0  13156-2 0  1003
2 14089  53.0000 185.0000 0000000   0.0000 286.5909 15.12078246411193
STARLINK-1832
1 51188U 98065A   24198.94572917 -.00022620  00000-0  13156-2 0  1004
2 51188  53.0000 185.0000 0000000   0.0000 302.9545 15.12078246859896
STARLINK-1833
1 40073U 98065A   24198.94572917 -.00022620  00000-0  13156-2 0  1001
2 40073  53.0000 185.0000 0000000   0.0000 319.3182 15.12078246249277
STARLINK-1834
1 89022U 98065A   24198.94572917 -.00022620  00000-0  13156-2 0  1006
2 89022  53.0000 185.0000 0000000   0.0000 335.6818 15.12078246590713
STARLINK-1835
1 42137U 98065A   24198.94572917 -.00022620  00000-0  13156-2 0  1006
2 42137  53.0000 185.0000 0000000   0.0000 352.0455 15.12078246952871
STARLINK-1836
1 25182U 98065A   24198.94572917 -.00022620  00000-0  13156-2 0  1005
2 25182  53.0000 190.0000 0000000   0.0000   8.6364 15.12078246954062
STARLINK-1837
1 21753U 98065A   24198.94572917 -.00022620  00000-0  13156-2 0  1006
2 21753  53.0000 190.0000 0000000   0.0000  25.0000 15.12078246131525
STARLINK-1838
1 66307U 98065A   24198.94572917 -.00022620  00000-0  13156-2 0  1002
2 66307  53.0000 190.0000 0000000   0.0000  41.3636 15.12078246781741
STARLINK-1839
1 14814U 98065A   24198.94572917 -.00022620  00000-0  13156-2 0  1008
2 14814  53.0000 190.0000 0000000   0.0000  57.7273 15.12078246153576
STARLINK-1840
1 75259U 98065A   24198.94572917 -.00022620  00000-0  13156-2 0  1001
2 75259  53.0000 190.0000 0000000   0.0000  74.0909 15.12078246314198
STARLINK-1841
1 21871U 98065A   24198.94572917 -.00022620  00000-0  13156-2 0  1005
2 21871  53.0000 190.0000 0000000   0.0000  90.4545 15.12078246902363
STARLINK-1842
1 21870U 98065A   24198.94572917 -.00022620  00000-0  13156-2 0  1006
2 21870  53.0000 190.0000 0000000   0.0000 106.8182 15.12078246682132
STARLINK-1843
1 68471U 98065A   24198.94572917 -.00022620  00000-0  13156-2 0  1004
2 68471  53.0000 190.0000 0000000   0.0000 123.1818 15.12078246610870
STARLINK-1844
1 99176U 98065A   24198.94572917 -.00022620  00000-0  13156-2 0  1008
2 99176  53.0000 190.0000 0000000   0.0000 139.5455 15.12078246983688
STARLINK-1845
1 96059U 98065A   24198.94572917 -.00022620  00000-0  13156-2 0  1003
2 96059  53.0000 190.0000 0000000   0.0000 155.9091 15.12078246637891
STARLINK-1846
1 60134U 98065A   24198.94572917 -.00022620  00000-0  13156-2 0  1002
2 60134  53.0000 190.0000 0000000   0.0000 172.2727 15.12078246811772
STARLINK-1847
1 46656U 98065A   24198.94572917 -.00022620  00000-0  13156-2 0  1006
2 46656  53.0000 190.0000 0000000   0.0000 188.6364 15.12078246948404
STARLINK-1848
1 93339U 98065A   24198.94572917 -.00022620  00000-0  13156-2 0  1001
2 93339  53.0000 190.0000 0000000   0.0000 205.0000 15.12078246103786
STARLINK-1849
1 74912U 98065A   24198.94572917 -.00022620  00000-0  13156-2 0  1003
2 74912  53.0000 190.0000 0000000   0.0000 221.3636 15.12078246820710
STARLINK-1850
1 43834U 98065A   24198.94572917 -.00022620  00000-0  13156-2 0  1006
2 43834  53.0000 190.0000 0000000   0.0000 237.7273 15.12078246222430
STARLINK-1851
1 74085U 98065A   24198.94572917 -.00022620  00000-0  13156-2 0  1001
2 74085  53.0000 190.0000 0000000   0.0000 254.0909 15.12078246262164
STARLINK-1852
1 50107U 98065A   24198.94572917 -.00022620  00000-0  13156-2 0  1007
2 50107  53.0000 190.0000 0000000   0.0000 270.4545 15.12078246878392
STARLINK-1853
1 36118U 98065A   24198.94572917 -.00022620  00000-0  13156-2 0  1002
2 36118  53.0000 190.0000 0000000   0.0000 286.8182 15.12078246512986
STARLINK-1854
1 50702U 98065A   24198.94572917 -.00022620  00000-0  13156-2 0  1007
2 50702  53.0000 190.0000 0000000   0.0000 303.1818 15.12078246104958
STARLINK-1855
1 15629U 98065A   24198.94572917 -.00022620  00000-0  13156-2 0  1000
2 15629  53.0000 190.0000 0000000   0.0000 319.5455 15.12078246264588
STARLINK-1856
1 94506U 98065A   24198.94572917 -.00022620  00000-0  13156-2 0  1006
2 94506  53.0000 190.0000 0000000   0.0000 335.9091 15.12078246699142
STARLINK-1857
1 18488U 98065A   24198.94572917 -.00022620  00000-0  13156-2 0  1006
2 18488  53.0000 190.0000 0000000   0.0000 352.2727 15.12078246611020
STARLINK-1858
1 34283U 98065A   24198.94572917 -.00022620  00000-0  13156-2 0  1003
2 34283  53.0000 195.0000 0000000   0.0000   8.8636 15.12078246219590
STARLINK-1859
1 68333U 98065A   24198.94572917 -.00022620  00000-0  13156-2 0  1008
2 68333  53.0000 195.0000 0000000   0.0000  25.2273 15.12078246467716
STARLINK-1860
1 31128U 98065A   24198.94572917 -.00022620  00000-0  13156-2 0  1003
2 31128  53.0000 195.0000 0000000   0.0000  41.5909 15.12078246512845
STARLINK-1861
1 91990U 98065A   24198.94572917 -.00022620  00000-0  13156-2 0  1003
2 91990  53.0000 195.0000 0000000   0.0000  57.9545 15.12078246751672
STARLINK-1862
1 23830U 98065A   24198.94572917 -.00022620  00000-0  13156-2 0  1001
2 23830  53.0000 195.0000 0000000   0.0000  74.3182 15.12078246440920
STARLINK-1863
1 25588U 98065A   24198.94572917 -.00022620  00000-0  13156-2 0  1007
2 25588  53.0000 195.0000 0000000   0.0000  90.6818 15.12078246103227
STARLINK-1864
1 61203U 98065A   24198.94572917 -.00022620  00000-0  13156-2 0  1007
2 61203  53.0000 195.0000 0000000   0.0000 107.0455 15.12078246360866
STARLINK-1865
1 50455U 98065A   24198.94572917 -.00022620  00000-0  13156-2 0  1003
2 50455  53.0000 195.0000 0000000   0.0000 123.4091 15.12078246426641
STARLINK-1866
1 79879U 98065A   24198.94572917 -.00022620  00000-0  13156-2 0  1002
2 79879  53.0000 195.0000 0000000   0.0000 139.7727 15.12078246546763
STARLINK-1867
1 33619U 98065A   24198.94572917 -.00022620  00000-0  13156-2 0  1002
2 33619  53.0000 195.0000 0000000   0.0000 156.1364 15.12078246638276
STARLINK-1868
1 83131U 98065A   24198.94572917 -.00022620  00000-0  13156-2 0  1001
2 83131  53.0000 195.0000 0000000   0.0000 172.5000 15.12078246140207
STARLINK-1869
1 22557U 98065A   24198.94572917 -.00022620  00000-0  13156-2 0  1007
2 22557  53.0000 195.0000 0000000   0.0000 188.8636 15.12078246408937
STARLINK-1870
1 48014U 98065A   24198.94572917 -.00022620  00000-0  13156-2 0  1008
2 48014  53.0000 195.0000 0000000   0.0000 205.2273 15.12078246579402
STARLINK-1871
1 73369U 98065A   24198.94572917 -.00022620  00000-0  13156-2 0  1005
2 73369  53.0000 195.0000 0000000   0.0000 221.5909 15.12078246318387
STARLINK-1872
1 98918U 98065A   24198.94572917 -.00022620  00000-0  13156-2 0  1004
2 98918  53.0000 195.0000 0000000   0.0000 237.9545 15.12078246594463
STARLINK-1873
1 54386U 98065A   24198.94572917 -.00022620  00000-0  13156-2 0  1001
2 54386  53.0000 195.0000 0000000   0.0000 254.3182 15.12078246319764
STARLINK-1874
1 99647U 98065A   24198.94572917 -.00022620  00000-0  13156-2 0  1004
2 99647  53.0000 195.0000 0000000   0.0000 270.6818 15.12078246393173
STARLINK-1875
1 98428U 98065A   24198.94572917 -.00022620  00000-0  13156-2 0  1008
2 98428  53.0000 195.0000 0000000   0.0000 287.0455 15.12078246551357
STARLINK-1876
1 93820U 98065A   24198.94572917 -.00022620  00000-0  13156-2 0  1002
2 93820  53.0000 195.0000 0000000   0.0000 303.4091 15.12078246160416
STARLINK-1877
1 37897U 98065A   24198.94572917 -.00022620  00000-0  13156-2 0  1007
2 37897  53.0000 195.0000 0000000   0.0000 319.7727 15.12078246868742
STARLINK-1878
1 23114U 98065A   24198.94572917 -.00022620  00000-0  13156-2 0  1006
2 23114  53.0000 195.0000 0000000   0.0000 336.1364 15.12078246711342
STARLINK-1879
1 67846U 98065A   24198.94572917 -.00022620  00000-0  13156-2 0  1000
2 67846  53.0000 195.0000 0000000   0.0000 352.5000 15.12078246752220
STARLINK-1880
1 40143U 98065A   24198.94572917 -.00022620  00000-0  13156-2 0  1000
2 40143  53.0000 200.0000 0000000   0.0000   9.0909 15.12078246316087
STARLINK-1881
1 61330U 98065A   24198.94572917 -.00022620  00000-0  13156-2 0  1001
2 61330  53.0000 200.0000 0000000   0.0000  25.4545 15.12078246673630
STARLINK-1882
1 16043U 98065A   24198.94572917 -.00022620  00000-0  13156-2 0  1008
2 16043  53.0000 200.0000 0000000   0.0000  41.8182 15.12078246998342
STARLINK-1883
1 53594U 98065A   24198.94572917 -.00022620  00000-0  13156-2 0  1006
2 53594  53.0000 200.0000 0000000   0.0000  58.1818 15.12078246110851
STARLINK-1884
1 42042U 98065A   24198.94572917 -.00022620  00000-0  13156-2 0  1006
2 42042  53.0000 200.0000 0000000   0.0000  74.5455 15.12078246402362
STARLINK-1885
1 44168U 98065A   24198.94572917 -.00022620  00000-0  13156-2 0  1008
2 44168  53.0000 200.0000 0000000   0.0000  90.9091 15.12078246535931
STARLINK-1886
1 89511U 98065A   24198.94572917 -.00022620  00000-0  13156-2 0  1006
2 89511  53.0000 200.0000 0000000   0.0000 107.2727 15.12078246795632
STARLINK-1887
1 78840U 98065A   24198.94572917 -.00022620  00000-0  13156-2 0  1004
2 78840  53.0000 200.0000 0000000   0.0000 123.6364 15.12078246121153
STARLINK-1888
1 22013U 98065A   24198.94572917 -.00022620  00000-0  13156-2 0  1002
2 22013  53.0000 200.0000 0000000   0.0000 140.0000 15.12078246981808
STARLINK-1889
1 57793U 98065A   24198.94572917 -.00022620  00000-0  13156-2 0  1005
2 57793  53.0000 200.0000 0000000   0.0000 156.3636 15.12078246682320
STARLINK-1890
1 43628U 98065A   24198.94572917 -.00022620  00000-0  13156-2 0  1008
2 43628  53.0000 200.0000 0000000   0.0000 172.7273 15.12078246740046
STARLINK-1891
1 23181U 98065A   24198.94572917 -.00022620  00000-0  13156-2 0  1006
2 23181  53.0000 200.0000 0000000   0.0000 189.0909 15.12078246749994
STARLINK-1892
1 66120U 98065A   24198.94572917 -.00022620  00000-0  13156-2 0  1005
2 66120  53.0000 200.0000 0000000   0.0000 205.4545 15.12078246132147
STARLINK-1893
1 91648U 98065A   24198.94572917 -.00022620  00000-0  13156-2 0  1004
2 91648  53.0000 200.0000 0000000   0.0000 221.8182 15.12078246420170
STARLINK-1894
1 12009U 98065A   24198.94572917 -.00022620  00000-0  13156-2 0  1005
2 12009  53.0000 200.0000 0000000   0.0000 238.1818 15.12078246875527
STARLINK-1895
1 11630U 98065A   24198.94572917 -.00022620  00000-0  13156-2 0  1006
2 11630  53.0000 200.0000 0000000   0.0000 254.5455 15.12078246510870
STARLINK-1896
1 45705U 98065A   24198.94572917 -.00022620  00000-0  13156-2 0  1003
2 45705  53.0000 200.0000 0000000   0.0000 270.9091 15.12078246387955
STARLINK-1897
1 47402U 98065A   24198.94572917 -.00022620  00000-0  13156-2 0  1002
2 47402  53.0000 200.0000 0000000   0.0000 287.2727 15.12078246516067
STARLINK-1898
1 34425U 98065A   24198.94572917 -.00022620  00000-0  13156-2 0  1004
2 34425  53.0000 200.0000 0000000   0.0000 303.6364 15.12078246628527
STARLINK-1899
1 55297U 98065A   24198.94572917 -.00022620  00000-0  13156-2 0  1004
2 55297  53.0000 200.0000 0000000   0.0000 320.0000 15.12078246326423
STARLINK-1900
1 40000U 98065A   24198.94572917 -.00022620  00000-0  13156-2 0  1002
2 40000  53.0000 200.0000 0000000   0.0000 336.3636 15.12078246319191
STARLINK-1901
1 18545U 98065A   24198.94572917 -.00022620  00000-0  13156-2 0  1000
2 18545  53.0000 200.0000 0000000   0.0000 352.7273 15.12078246275893
STARLINK-1902
1 86347U 98065A   24198.94572917 -.00022620  00000-0  13156-2 0  1008
2 86347  53.0000 205.0000 0000000   0.0000   9.3182 15.12078246603445
STARLINK-1903
1 48503U 98065A   24198.94572917 -.00022620  00000-0  13156-2 0  1008
2 48503  53.0000 205.0000 0000000   0.0000  25.6818 15.12078246810922
STARLINK-1904
1 60136U 98065A   24198.94572917 -.00022620  00000-0  13156-2 0  1007
2 60136  53.0000 205.0000 0000000   0.0000  42.0455 15.12078246101084
STARLINK-1905
1 83466U 98065A   24198.94572917 -.00022620  00000-0  13156-2 0  1004
2 83466  53.0000 205.0000 0000000   0.0000  58.4091 15.12078246283686
STARLINK-1906
1 59184U 98065A   24198.94572917 -.00022620  00000-0  13156-2 0  1003
2 59184  53.0000 205.0000 0000000   0.0000  74.7727 15.12078246956514
STARLINK-1907
1 53166U 98065A   24198.94572917 -.00022620  00000-0  13156-2 0  1001
2 53166  53.0000 205.0000 0000000   0.0000  91.1364 15.12078246410094
STARLINK-1908
1 45763U 98065A   24198.94572917 -.00022620  00000-0  13156-2 0  1000
2 45763  53.0000 205.0000 0000000   0.0000 107.5000 15.12078246123417
STARLINK-1909
1 44472U 98065A   24198.94572917 -.00022620  00000-0  13156-2 0  1002
2 44472  53.0000 205.0000 0000000   0.0000 123.8636 15.12078246163591
STARLINK-1910
1 96311U 98065A   24198.94572917 -.00022620  00000-0  13156-2 0  1002
2 96311  53.0000 205.0000 0000000   0.0000 140.2273 15.12078246673863
STARLINK-1911
1 35049U 98065A   24198.94572917 -.00022620  00000-0  13156-2 0  1004
2 35049  53.0000 205.0000 0000000   0.0000 156.5909 15.12078246314665
STARLINK-1912
1 88949U 98065A   24198.94572917 -.00022620  00000-0  13156-2 0  1008
2 88949  53.0000 205.0000 0000000   0.0000 172.9545 15.12078246848438
STARLINK-1913
1 20191U 98065A   24198.94572917 -.00022620  00000-0  13156-2 0  1003
2 20191  53.0000 205.0000 0000000   0.0000 189.3182 15.12078246769498
STARLINK-1914
1 81993U 98065A   24198.94572917 -.00022620  00000-0  13156-2 0  1008
2 81993  53.0000 205.0000 0000000   0.0000 205.6818 15.12078246892711
STARLINK-1915
1 88157U 98065A   24198.94572917 -.00022620  00000-0  13156-2 0  1002
2 88157  53.0000 205.0000 0000000   0.0000 222.0455 15.12078246936452
STARLINK-1916
1 54945U 98065A   24198.94572917 -.00022620  00000-0  13156-2 0  1007
2 54945  53.0000 205.0000 0000000   0.0000 238.4091 15.12078246289224
STARLINK-1917
1 97926U 98065A   24198.94572917 -.00022620  00000-0  13156-2 0  1008
2 97926  53.0000 205.0000 0000000   0.0000 254.7727 15.12078246632047
STARLINK-1918
1 72097U 98065A   24198.94572917 -.00022620  00000-0  13156-2 0  1003
2 72097  53.0000 205.0000 0000000   0.0000 271.1364 15.12078246976613
STARLINK-1919
1 34333U 98065A   24198.94572917 -.00022620  00000-0  13156-2 0  1002
2 34333  53.0000 205.0000 0000000   0.0000 287.5000 15.12078246966074
STARLINK-1920
1 25458U 98065A   24198.94572917 -.00022620  00000-0  13156-2 0  1006
2 25458  53.0000 205.0000 0000000   0.0000 303.8636 15.12078246866668
STARLINK-1921
1 70735U 98065A   24198.94572917 -.00022620  00000-0  13156-2 0  1003
2 70735  53.0000 205.0000 0000000   0.0000 320.2273 15.12078246422614
STARLINK-1922
1 67031U 98065A   24198.94572917 -.00022620  00000-0  13156-2 0  1001
2 67031  53.0000 205.0000 0000000   0.0000 336.5909 15.12078246462687
STARLINK-1923
1 90977U 98065A   24198.94572917 -.00022620  00000-0  13156-2 0  1007
2 90977  53.0000 205.0000 0000000   0.0000 352.9545 15.12078246759184
STARLINK-1924
1 16999U 98065A   24198.94572917 -.00022620  00000-0  13156-2 0  1006
2 16999  53.0000 210.0000 0000000   0.0000   9.5455 15.12078246800996
STARLINK-1925
1 73849U 98065A   24198.94572917 -.00022620  00000-0  13156-2 0  1005
2 73849  53.0000 210.0000 0000000   0.0000  25.9091 15.12078246921798
STARLINK-1926
1 12581U 98065A   24198.94572917 -.00022620  00000-0  13156-2 0  1006
2 12581  53.0000 210.0000 0000000   0.0000  42.2727 15.12078246560478
STARLINK-1927
1 75526U 98065A   24198.94572917 -.00022620  00000-0  13156-2 0  1001
2 75526  53.0000 210.0000 0000000   0.0000  58.6364 15.12078246732537
STARLINK-1928
1 29682U 98065A   24198.94572917 -.00022620  00000-0  13156-2 0  1001
2 29682  53.0000 210.0000 0000000   0.0000  75.0000 15.12078246631902
STARLINK-1929
1 57430U 98065A   24198.94572917 -.00022620  00000-0  13156-2 0  1001
2 57430  53.0000 210.0000 0000000   0.0000  91.3636 15.12078246483862
STARLINK-1930
1 15308U 98065A   24198.94572917 -.00022620  00000-0  13156-2 0  1000
2 15308  53.0000 210.0000 0000000   0.0000 107.7273 15.12078246736992
STARLINK-1931
1 90093U 98065A   24198.94572917 -.00022620  00000-0  13156-2 0  1007
2 90093  53.0000 210.0000 0000000   0.0000 124.0909 15.12078246352331
STARLINK-1932
1 76206U 98065A   24198.94572917 -.00022620  00000-0  13156-2 0  1001
2 76206  53.0000 210.0000 0000000   0.0000 140.4545 15.12078246830136
STARLINK-1933
1 47426U 98065A   24198.94572917 -.00022620  00000-0  13156-2 0  1004
2 47426  53.0000 210.0000 0000000   0.0000 156.8182 15.12078246267736
STARLINK-1934
1 99439U 98065A   24198.94572917 -.00022620  00000-0  13156-2 0  1006
2 99439  53.0000 210.0000 0000000   0.0000 173.1818 15.12078246528746
STARLINK-1935
1 35988U 98065A   24198.94572917 -.00022620  00000-0  13156-2 0  1001
2 35988  53.0000 210.0000 0000000   0.0000 189.5455 15.12078246403323
STARLINK-1936
1 74701U 98065A   24198.94572917 -.00022620  00000-0  13156-2 0  1003
2 74701  53.0000 210.0000 0000000   0.0000 205.9091 15.12078246320891
STARLINK-1937
1 80934U 98065A   24198.94572917 -.00022620  00000-0  13156-2 0  1006
2 80934  53.0000 210.0000 0000000   0.0000 222.2727 15.12078246913723
STARLINK-1938
1 34158U 98065A   24198.94572917 -.00022620  00000-0  13156-2 0  1002
2 34158  53.0000 210.0000 0000000   0.0000 238.6364 15.12078246822531
STARLINK-1939
1 78910U 98065A   24198.94572917 -.00022620  00000-0  13156-2 0  1002
2 78910  53.0000 210.0000 0000000   0.0000 255.0000 15.12078246252173
STARLINK-1940
1 95968U 98065A   24198.94572917 -.00022620  00000-0  13156-2 0  1008
2 95968  53.0000 210.0000 0000000   0.0000 271.3636 15.12078246724200
STARLINK-1941
1 49316U 98065A   24198.94572917 -.00022620  00000-0  13156-2 0  1005
2 49316  53.0000 210.0000 0000000   0.0000 287.7273 15.12078246374385
STARLINK-1942
1 57363U 98065A   24198.94572917 -.00022620  00000-0  13156-2 0  1001
2 57363  53.0000 210.0000 0000000   0.0000 304.0909 15.12078246771241
STARLINK-1943
1 86404U 98065A   24198.94572917 -.00022620  00000-0  13156-2 0  1005
2 86404  53.0000 210.0000 0000000   0.0000 320.4545 15.12078246105728
STARLINK-1944
1 25902U 98065A   24198.94572917 -.00022620  00000-0  13156-2 0  1003
2 25902  53.0000 210.0000 0000000   0.0000 336.8182 15.12078246894907
STARLINK-1945
1 94487U 98065A   24198.94572917 -.00022620  00000-0  13156-2 0  1007
2 94487  53.0000 210.0000 0000000   0.0000 353.1818 15.12078246337112
STARLINK-1946
1 47206U 98065A   24198.94572917 -.00022620  00000-0  13156-2 0  1005
2 47206  53.0000 215.0000 0000000   0.0000   9.7727 15.12078246762160
STARLINK-1947
1 11113U 98065A   24198.94572917 -.00022620  00000-0  13156-2 0  1000
2 11113  53.0000 215.0000 0000000   0.0000  26.1364 15.12078246442177
STARLINK-1948
1 53500U 98065A   24198.94572917 -.00022620  00000-0  13156-2 0  1004
2 53500  53.0000 215.0000 0000000   0.0000  42.5000 15.12078246105664
STARLINK-1949
1 95172U 98065A   24198.94572917 -.00022620  00000-0  13156-2 0  1001
2 95172  53.0000 215.0000 0000000   0.0000  58.8636 15.12078246697946
STARLINK-1950
1 55299U 98065A   24198.94572917 -.00022620  00000-0  13156-2 0  1001
2 55299  53.0000 215.0000 0000000   0.0000  75.2273 15.12078246857287
STARLINK-1951
1 97832U 98065A   24198.94572917 -.00022620  00000-0  13156-2 0  1006
2 97832  53.0000 215.0000 0000000   0.0000  91.5909 15.12078246272248
STARLINK-1952
1 81619U 98065A   24198.94572917 -.00022620  00000-0  13156-2 0  1003
2 81619  53.0000 215.0000 0000000   0.0000 107.9545 15.12078246370522
STARLINK-1953
1 69764U 98065A   24198.94572917 -.00022620  00000-0  13156-2 0  1008
2 69764  53.0000 215.0000 0000000   0.0000 124.3182 15.12078246720396
STARLINK-1954
1 18370U 98065A   24198.94572917 -.00022620  00000-0  13156-2 0  1007
2 18370  53.0000 215.0000 0000000   0.0000 140.6818 15.12078246143755
STARLINK-1955
1 10654U 98065A   24198.94572917 -.00022620  00000-0  13156-2 0  1005
2 10654  53.0000 215.0000 0000000   0.0000 157.0455 15.12078246592635
STARLINK-1956
1 98926U 98065A   24198.94572917 -.00022620  00000-0  13156-2 0  1000
2 98926  53.0000 215.0000 0000000   0.0000 173.4091 15.12078246823303
STARLINK-1957
1 38901U 98065A   24198.94572917 -.00022620  00000-0  13156-2 0  1001
2 38901  53.0000 215.0000 0000000   0.0000 189.7727 15.12078246663006
STARLINK-1958
1 22415U 98065A   24198.94572917 -.00022620  00000-0  13156-2 0  1004
2 22415  53.0000 215.0000 0000000   0.0000 206.1364 15.12078246292462
STARLINK-1959
1 73986U 98065A   24198.94572917 -.00022620  00000-0  13156-2 0  1005
2 73986  53.0000 215.0000 0000000   0.0000 222.5000 15.12078246113848
STARLINK-1960
1 45766U 98065A   24198.94572917 -.00022620  00000-0  13156-2 0  1006
2 45766  53.0000 215.0000 0000000   0.0000 238.8636 15.12078246775025
STARLINK-1961
1 97030U 98065A   24198.94572917 -.00022620  00000-0  13156-2 0  1007
2 97030  53.0000 215.0000 0000000   0.0000 255.2273 15.12078246706155
STARLINK-1962
1 17000U 98065A   24198.94572917 -.00022620  00000-0  13156-2 0  1007
2 17000  53.0000 215.0000 0000000   0.0000 271.5909 15.12078246962154
STARLINK-1963
1 47618U 98065A   24198.94572917 -.00022620  00000-0  13156-2 0  1008
2 47618  53.0000 215.0000 0000000   0.0000 287.9545 15.12078246754616
STARLINK-1964
1 15001U 98065A   24198.94572917 -.00022620  00000-0  13156-2 0  1000
2 15001  53.0000 215.0000 0000000   0.0000 304.3182 15.12078246622895
STARLINK-1965
1 25494U 98065A   24198.94572917 -.00022620  00000-0  13156-2 0  1001
2 25494  53.0000 215.0000 0000000   0.0000 320.6818 15.12078246647622
STARLINK-1966
1 17268U 98065A   24198.94572917 -.00022620  00000-0  13156-2 0  1008
2 17268  53.0000 215.0000 0000000   0.0000 337.0455 15.12078246761812
STARLINK-1967
1 60911U 98065A   24198.94572917 -.00022620  00000-0  13156-2 0  1001
2 60911  53.0000 215.0000 0000000   0.0000 353.4091 15.12078246508232
STARLINK-1968
1 12188U 98065A   24198.94572917 -.00022620  00000-0  13156-2 0  1003
2 12188  53.0000 220.0000 0000000   0.0000  10.0000 15.12078246899570
STARLINK-1969
1 55753U 98065A   24198.94572917 -.00022620  00000-0  13156-2 0  1000
2 55753  53.0000 220.0000 0000000   0.0000  26.3636 15.12078246523392
STARLINK-1970
1 33647U 98065A   24198.94572917 -.00022620  00000-0  13156-2 0  1000
2 33647  53.0000 220.0000 0000000   0.0000  42.7273 15.12078246807690
STARLINK-1971
1 95521U 98065A   24198.94572917 -.00022620  00000-0  13156-2 0  1004
2 95521  53.0000 220.0000 0000000   0.0000  59.0909 15.12078246141793
STARLINK-1972
1 59408U 98065A   24198.94572917 -.00022620  00000-0  13156-2 0  1007
2 59408  53.0000 220.0000 0000000   0.0000  75.4545 15.12078246105685
STARLINK-1973
1 42988U 98065A   24198.94572917 -.00022620  00000-0  13156-2 0  1004
2 42988  53.0000 220.0000 0000000   0.0000  91.8182 15.12078246763671
STARLINK-1974
1 51937U 98065A   24198.94572917 -.00022620  00000-0  13156-2 0  1005
2 51937  53.0000 220.0000 0000000   0.0000 108.1818 15.12078246299512
STARLINK-1975
1 91172U 98065A   24198.94572917 -.00022620  00000-0  13156-2 0  1005
2 91172  53.0000 220.0000 0000000   0.0000 124.5455 15.12078246876967
STARLINK-1976
1 94087U 98065A   24198.94572917 -.00022620  00000-0  13156-2 0  1000
2 94087  53.0000 220.0000 0000000   0.0000 140.9091 15.12078246211944
STARLINK-1977
1 85594U 98065A   24198.94572917 -.00022620  00000-0  13156-2 0  1008
2 85594  53.0000 220.0000 0000000   0.0000 157.2727 15.12078246278082
STARLINK-1978
1 24525U 98065A   24198.94572917 -.00022620  00000-0  13156-2 0  1001
2 24525  53.0000 220.0000 0000000   0.0000 173.6364 15.12078246258534
STARLINK-1979
1 21572U 98065A   24198.94572917 -.00022620  00000-0  13156-2 0  1005
2 21572  53.0000 220.0000 0000000   0.0000 190.0000 15.12078246231204
STARLINK-1980
1 74090U 98065A   24198.94572917 -.00022620  00000-0  13156-2 0  1005
2 74090  53.0000 220.0000 0000000   0.0000 206.3636 15.12078246929977
STARLINK-1981
1 18867U 98065A   24198.94572917 -.00022620  00000-0  13156-2 0  1002
2 18867  53.0000 220.0000 0000000   0.0000 222.7273 15.12078246248982
STARLINK-1982
1 56268U 98065A   24198.94572917 -.00022620  00000-0  13156-2 0  1004
2 56268  53.0000 220.0000 0000000   0.0000 239.0909 15.12078246397694
STARLINK-1983
1 55742U 98065A   24198.94572917 -.00022620  00000-0  13156-2 0  1005
2 55742  53.0000 220.0000 0000000   0.0000 255.4545 15.12078246811146
STARLINK-1984
1 93047U 98065A   24198.94572917 -.00022620  00000-0  13156-2 0  1004
2 93047  53.0000 220.0000 0000000   0.0000 271.8182 15.12078246426361
STARLINK-1985
1 66493U 98065A   24198.94572917 -.00022620  00000-0  13156-2 0  1005
2 66493  53.0000 220.0000 0000000   0.0000 288.1818 15.12078246570836
STARLINK-1986
1 97522U 98065A   24198.94572917 -.00022620  00000-0  13156-2 0  1002
2 97522  53.0000 220.0000 0000000   0.0000 304.5455 15.12078246207958
STARLINK-1987
1 72960U 98065A   24198.94572917 -.00022620  00000-0  13156-2 0  1000
2 72960  53.0000 220.0000 0000000   0.0000 320.9091 15.12078246310456
STARLINK-1988
1 45565U 98065A   24198.94572917 -.00022620  00000-0  13156-2 0  1001
2 45565  53.0000 220.0000 0000000   0.0000 337.2727 15.12078246691933
STARLINK-1989
1 73237U 98065A   24198.94572917 -.00022620  00000-0  13156-2 0  1003
2 73237  53.0000 220.0000 0000000   0.0000 353.6364 15.12078246679476
STARLINK-1990
1 81482U 98065A   24198.94572917 -.00022620  00000-0  13156-2 0  1006
2 81482  53.0000 225.0000 0000000   0.0000  10.2273 15.12078246134286
STARLINK-1991
1 28289U 98065A   24198.94572917 -.00022620  00000-0  13156-2 0  1007
2 28289  53.0000 225.0000 0000000   0.0000  26.5909 15.12078246480882
STARLINK-1992
1 85930U 98065A   24198.94572917 -.00022620  00000-0  13156-2 0  1000
2 85930  53.0000 225.0000 0000000   0.0000  42.9545 15.12078246825854
STARLINK-1993
1 30727U 98065A   24198.94572917 -.00022620  00000-0  13156-2 0  1008
2 30727  53.0000 225.0000 0000000   0.0000  59.3182 15.12078246853751
STARLINK-1994
1 40359U 98065A   24198.94572917 -.00022620  00000-0  13156-2 0  1005
2 40359  53.0000 225.0000 0000000   0.0000  75.6818 15.12078246273006
STARLINK-1995
1 51053U 98065A   24198.94572917 -.00022620  00000-0  13156-2 0  1005
2 51053  53.0000 225.0000 0000000   0.0000  92.0455 15.12078246207420
STARLINK-1996
1 26546U 98065A   24198.94572917 -.00022620  00000-0  13156-2 0  1000
2 26546  53.0000 225.0000 0000000   0.0000 108.4091 15.12078246362841
STARLINK-1997
1 68672U 98065A   24198.94572917 -.00022620  00000-0  13156-2 0  1007
2 68672  53.0000 225.0000 0000000   0.0000 124.7727 15.12078246426084
STARLINK-1998
1 72977U 98065A   24198.94572917 -.00022620  00000-0  13156-2 0  1006
2 72977  53.0000 225.0000 0000000   0.0000 141.1364 15.12078246588578
STARLINK-1999
1 91579U 98065A   24198.94572917 -.00022620  00000-0  13156-2 0  1002
2 91579  53.0000 225.0000 0000000   0.0000 157.5000 15.12078246923574
STARLINK-2000
1 95066U 98065A   24198.94572917 -.00022620  00000-0  13156-2 0  1003
2 95066  53.0000 225.0000 0000000   0.0000 173.8636 15.12078246618100
STARLINK-2001
1 86266U 98065A   24198.94572917 -.00022620  00000-0  13156-2 0  1003
2 86266  53.0000 225.0000 0000000   0.0000 190.2273 15.12078246706112
STARLINK-2002
1 30425U 98065A   24198.94572917 -.00022620  00000-0  13156-2 0  1001
2 30425  53.0000 225.0000 0000000   0.0000 206.5909 15.12078246148012
STARLINK-2003
1 24174U 98065A   24198.94572917 -.00022620  00000-0  13156-2 0  1003
2 24174  53.0000 225.0000 0000000   0.0000 222.9545 15.12078246466582
STARLINK-2004
1 82074U 98065A   24198.94572917 -.00022620  00000-0  13156-2 0  1005
2 82074  53.0000 225.0000 0000000   0.0000 239.3182 15.12078246475322
STARLINK-2005
1 92024U 98065A   24198.94572917 -.00022620  00000-0  13156-2 0  1000
2 92024  53.0000 225.0000 0000000   0.0000 255.6818 15.12078246634281
STARLINK-2006
1 39369U 98065A   24198.94572917 -.00022620  00000-0  13156-2 0  1008
2 39369  53.0000 225.0000 0000000   0.0000 272.0455 15.12078246575208
STARLINK-2007
1 55771U 98065A   24198.94572917 -.00022620  00000-0  13156-2 0  1007
2 55771  53.0000 225.0000 0000000   0.0000 288.4091 15.12078246688326
STARLINK-2008
1 15087U 98065A   24198.94572917 -.00022620  00000-0  13156-2 0  1006
2 15087  53.0000 225.0000 0000000   0.0000 304.7727 15.12078246871160
STARLINK-2009
1 22192U 98065A   24198.94572917 -.00022620  00000-0  13156-2 0  1001
2 22192  53.0000 225.0000 0000000   0.0000 321.1364 15.12078246505848
STARLINK-2010
1 46203U 98065A   24198.94572917 -.00022620  00000-0  13156-2 0  1002
2 46203  53.0000 225.0000 0000000   0.0000 337.5000 15.12078246925205
STARLINK-2011
1 37879U 98065A   24198.94572917 -.00022620  00000-0  13156-2 0  1003
2 37879  53.0000 225.0000 0000000   0.0000 353.8636 15.12078246850261
STARLINK-2012
1 62896U 98065A   24198.94572917 -.00022620  00000-0  13156-2 0  1006
2 62896  53.0000 230.0000 0000000   0.0000  10.4545 15.12078246700195
STARLINK-2013
1 20297U 98065A   24198.94572917 -.00022620  00000-0  13156-2 0  1003
2 20297  53.0000 230.0000 0000000   0.0000  26.8182 15.12078246393854
STARLINK-2014
1 30763U 98065A   24198.94572917 -.00022620  00000-0  13156-2 0  1008
2 30763  53.0000 230.0000 0000000   0.0000  43.1818 15.12078246363202
STARLINK-2015
1 70254U 98065A   24198.94572917 -.00022620  00000-0  13156-2 0  1000
2 70254  53.0000 230.0000 0000000   0.0000  59.5455 15.12078246342821
STARLINK-2016
1 20749U 98065A   24198.94572917 -.00022620  00000-0  13156-2 0  1004
2 20749  53.0000 230.0000 0000000   0.0000  75.9091 15.12078246920304
STARLINK-2017
1 41523U 98065A   24198.94572917 -.00022620  00000-0  13156-2 0  1002
2 41523  53.0000 230.0000 0000000   0.0000  92.2727 15.12078246182073
STARLINK-2018
1 35101U 98065A   24198.94572917 -.00022620  00000-0  13156-2 0  1001
2 35101  53.0000 230.0000 0000000   0.0000 108.6364 15.12078246191892
STARLINK-2019
1 40780U 98065A   24198.94572917 -.00022620  00000-0  13156-2 0  1005
2 40780  53.0000 230.0000 0000000   0.0000 125.0000 15.12078246702068
STARLINK-2020
1 53989U 98065A   24198.94572917 -.00022620  00000-0  13156-2 0  1001
2 53989  53.0000 230.0000 0000000   0.0000 141.3636 15.12078246782272
STARLINK-2021
1 18112U 98065A   24198.94572917 -.00022620  00000-0  13156-2 0  1001
2 18112  53.0000 230.0000 0000000   0.0000 157.7273 15.12078246502285
STARLINK-2022
1 47350U 98065A   24198.94572917 -.00022620  00000-0  13156-2 0  1007
2 47350  53.0000 230.0000 0000000   0.0000 174.0909 15.12078246854991
STARLINK-2023
1 77042U 98065A   24198.94572917 -.00022620  00000-0  13156-2 0  1007
2 77042  53.0000 230.0000 0000000   0.0000 190.4545 15.12078246360324
STARLINK-2024
1 28392U 98065A   24198.94572917 -.00022620  00000-0  13156-2 0  1000
2 28392  53.0000 230.0000 0000000   0.0000 206.8182 15.12078246233606
STARLINK-2025
1 77650U 98065A   24198.94572917 -.00022620  00000-0  13156-2 0  1007
2 77650  53.0000 230.0000 0000000   0.0000 223.1818 15.12078246691503
STARLINK-2026
1 58130U 98065A   24198.94572917 -.00022620  00000-0  13156-2 0  1006
2 58130  53.0000 230.0000 0000000   0.0000 239.5455 15.12078246376896
STARLINK-2027
1 96197U 98065A   24198.94572917 -.00022620  00000-0  13156-2 0  1000
2 96197  53.0000 230.0000 0000000   0.0000 255.9091 15.12078246204312
STARLINK-2028
1 12748U 98065A   24198.94572917 -.00022620  00000-0  13156-2 0  1004
2 12748  53.0000 230.0000 0000000   0.0000 272.2727 15.12078246220867
STARLINK-2029
1 15559U 98065A   24198.94572917 -.00022620  00000-0  13156-2 0  1006
2 15559  53.0000 230.0000 0000000   0.0000 288.6364 15.12078246409425
STARLINK-2030
1 53554U 98065A   24198.94572917 -.00022620  00000-0  13156-2 0  1007
2 53554  53.0000 230.0000 0000000   0.0000 305.0000 15.12078246703858
STARLINK-2031
1 75756U 98065A   24198.94572917 -.00022620  00000-0  13156-2 0  1001
2 75756  53.0000 230.0000 0000000   0.0000 321.3636 15.12078246906354
STARLINK-2032
1 38269U 98065A   24198.94572917 -.00022620  00000-0  13156-2 0  1003
2 38269  53.0000 230.0000 0000000   0.0000 337.7273 15.12078246269431
STARLINK-2033
1 88034U 98065A   24198.94572917 -.00022620  00000-0  13156-2 0  1000
2 88034  53.0000 230.0000 0000000   0.0000 354.0909 15.12078246897465
STARLINK-2034
1 40912U 98065A   24198.94572917 -.00022620  00000-0  13156-2 0  1001
2 40912  53.0000 235.0000 0000000   0.0000  10.6818 15.12078246693333
STARLINK-2035
1 48263U 98065A   24198.94572917 -.00022620  00000-0  13156-2 0  1006
2 48263  53.0000 235.0000 0000000   0.0000  27.0455 15.12078246920836
STARLINK-2036
1 43782U 98065A   24198.94572917 -.00022620  00000-0  13156-2 0  1001
2 43782  53.0000 235.0000 0000000   0.0000  43.4091 15.12078246231020
STARLINK-2037
1 10721U 98065A   24198.94572917 -.00022620  00000-0  13156-2 0  1001
2 10721  53.0000 235.0000 0000000   0.0000  59.7727 15.12078246706715
STARLINK-2038
1 86332U 98065A   24198.94572917 -.00022620  00000-0  13156-2 0  1005
2 86332  53.0000 235.0000 0000000   0.0000  76.1364 15.12078246625205
STARLINK-2039
1 15656U 98065A   24198.94572917 -.00022620  00000-0  13156-2 0  1004
2 15656  53.0000 235.0000 0000000   0.0000  92.5000 15.12078246771213
STARLINK-2040
1 61685U 98065A   24198.94572917 -.00022620  00000-0  13156-2 0  1000
2 61685  53.0000 235.0000 0000000   0.0000 108.8636 15.12078246262704
STARLINK-2041
1 83034U 98065A   24198.94572917 -.00022620  00000-0  13156-2 0  1007
2 83034  53.0000 235.0000 0000000   0.0000 125.2273 15.12078246391937
STARLINK-2042
1 74191U 98065A   24198.94572917 -.00022620  00000-0  13156-2 0  1005
2 74191  53.0000 235.0000 0000000   0.0000 141.5909 15.12078246283270
STARLINK-2043
1 73223U 98065A   24198.94572917 -.00022620  00000-0  13156-2 0  1004
2 73223  53.0000 235.0000 0000000   0.0000 157.9545 15.12078246987097
STARLINK-2044
1 11166U 98065A   24198.94572917 -.00022620  00000-0  13156-2 0  1003
2 11166  53.0000 235.0000 0000000   0.0000 174.3182 15.12078246697097
STARLINK-2045
1 82822U 98065A   24198.94572917 -.00022620  00000-0  13156-2 0  1006
2 82822  53.0000 235.0000 0000000   0.0000 190.6818 15.12078246965048
STARLINK-2046
1 77503U 98065A   24198.94572917 -.00022620  00000-0  13156-2 0  1005
2 77503  53.0000 235.0000 0000000   0.0000 207.0455 15.12078246482395
STARLINK-2047
1 85875U 98065A   24198.94572917 -.00022620  00000-0  13156-2 0  1003
2 85875  53.0000 235.0000 0000000   0.0000 223.4091 15.12078246229287
STARLINK-2048
1 33801U 98065A   24198.94572917 -.00022620  00000-0  13156-2 0  1004
2 33801  53.0000 235.0000 0000000   0.0000 239.7727 15.12078246338230
STARLINK-2049
1 59161U 98065A   24198.94572917 -.00022620  00000-0  13156-2 0  1000
2 59161  53.0000 235.0000 0000000   0.0000 256.1364 15.12078246763460
STARLINK-2050
1 96941U 98065A   24198.94572917 -.00022620  00000-0  13156-2 0  1008
2 96941  53.0000 235.0000 0000000   0.0000 272.5000 15.12078246454564
STARLINK-2051
1 38649U 98065A   24198.94572917 -.00022620  00000-0  13156-2 0  1008
2 38649  53.0000 235.0000 0000000   0.0000 288.8636 15.12078246844306
STARLINK-2052
1 76461U 98065A   24198.94572917 -.00022620  00000-0  13156-2 0  1004
2 76461  53.0000 235.0000 0000000   0.0000 305.2273 15.12078246479276
STARLINK-2053
1 57029U 98065A   24198.94572917 -.00022620  00000-0  13156-2 0  1007
2 57029  53.0000 235.0000 0000000   0.0000 321.5909 15.12078246430907
STARLINK-2054
1 90677U 98065A   24198.94572917 -.00022620  00000-0  13156-2 0  1003
2 90677  53.0000 235.0000 0000000   0.0000 337.9545 15.12078246735051
STARLINK-2055
1 37227U 98065A   24198.94572917 -.00022620  00000-0  13156-2 0  1005
2 37227  53.0000 235.0000 0000000   0.0000 354.3182 15.12078246619363
STARLINK-2056
1 83187U 98065A   24198.94572917 -.00022620  00000-0  13156-2 0  1000
2 83187  53.0000 240.0000 0000000   0.0000  10.9091 15.12078246982497
STARLINK-2057
1 82269U 98065A   24198.94572917 -.00022620  00000-0  13156-2 0  1001
2 82269  53.0000 240.0000 0000000   0.0000  27.2727 15.12078246438577
STARLINK-2058
1 45819U 98065A   24198.94572917 -.00022620  00000-0  13156-2 0  1003
2 45819  53.0000 240.0000 0000000   0.0000  43.6364 15.12078246309292
STARLINK-2059
1 33540U 98065A   24198.94572917 -.00022620  00000-0  13156-2 0  1007
2 33540  53.0000 240.0000 0000000   0.0000  60.0000 15.12078246941030
STARLINK-2060
1 71046U 98065A   24198.94572917 -.00022620  00000-0  13156-2 0  1003
2 71046  53.0000 240.0000 0000000   0.0000  76.3636 15.12078246894442
STARLINK-2061
1 99559U 98065A   24198.94572917 -.00022620  00000-0  13156-2 0  1006
2 99559  53.0000 240.0000 0000000   0.0000  92.7273 15.12078246926543
STARLINK-2062
1 55381U 98065A   24198.94572917 -.00022620  00000-0  13156-2 0  1001
2 55381  53.0000 240.0000 0000000   0.0000 109.0909 15.12078246687927
STARLINK-2063
1 44182U 98065A   24198.94572917 -.00022620  00000-0  13156-2 0  1006
2 44182  53.0000 240.0000 0000000   0.0000 125.4545 15.12078246970617
STARLINK-2064
1 33720U 98065A   24198.94572917 -.00022620  00000-0  13156-2 0  1007
2 33720  53.0000 240.0000 0000000   0.0000 141.8182 15.12078246358126
STARLINK-2065
1 80590U 98065A   24198.94572917 -.00022620  00000-0  13156-2 0  1008
2 80590  53.0000 240.0000 0000000   0.0000 158.1818 15.12078246238851
STARLINK-2066
1 52343U 98065A   24198.94572917 -.00022620  00000-0  13156-2 0  1004
2 52343  53.0000 240.0000 0000000   0.0000 174.5455 15.12078246877444
STARLINK-2067
1 51786U 98065A   24198.94572917 -.00022620  00000-0  13156-2 0  1000
2 51786  53.0000 240.0000 0000000   0.0000 190.9091 15.12078246385765
STARLINK-2068
1 64302U 98065A   24198.94572917 -.00022620  00000-0  13156-2 0  1003
2 64302  53.0000 240.0000 0000000   0.0000 207.2727 15.12078246865128
STARLINK-2069
1 38849U 98065A   24198.94572917 -.00022620  00000-0  13156-2 0  1001
2 38849  53.0000 240.0000 0000000   0.0000 223.6364 15.12078246128081
STARLINK-2070
1 69937U 98065A   24198.94572917 -.00022620  00000-0  13156-2 0  1008
2 69937  53.0000 240.0000 0000000   0.0000 240.0000 15.12078246536825
STARLINK-2071
1 56088U 98065A   24198.94572917 -.00022620  00000-0  13156-2 0  1007
2 56088  53.0000 240.0000 0000000   0.0000 256.3636 15.12078246374576
STARLINK-2072
1 17185U 98065A   24198.94572917 -.00022620  00000-0  13156-2 0  1005
2 17185  53.0000 240.0000 0000000   0.0000 272.7273 15.12078246341083
STARLINK-2073
1 60434U 98065A   24198.94572917 -.00022620  00000-0  13156-2 0  1003
2 60434  53.0000 240.0000 0000000   0.0000 289.0909 15.12078246997263
STARLINK-2074
1 28834U 98065A   24198.94572917 -.00022620  00000-0  13156-2 0  1005
2 28834  53.0000 240.0000 0000000   0.0000 305.4545 15.12078246489780
STARLINK-2075
1 52676U 98065A   24198.94572917 -.00022620  00000-0  13156-2 0  1000
2 52676  53.0000 240.0000 0000000   0.0000 321.8182 15.12078246547817
STARLINK-2076
1 30192U 98065A   24198.94572917 -.00022620  00000-0  13156-2 0  1000
2 30192  53.0000 240.0000 0000000   0.0000 338.1818 15.12078246940486
STARLINK-2077
1 31366U 98065A   24198.94572917 -.00022620  00000-0  13156-2 0  1004
2 31366  53.0000 240.0000 0000000   0.0000 354.5455 15.12078246790501
STARLINK-2078
1 69987U 98065A   24198.94572917 -.00022620  00000-0  13156-2 0  1003
2 69987  53.0000 245.0000 0000000   0.0000  11.1364 15.12078246899734
STARLINK-2079
1 25577U 98065A   24198.94572917 -.00022620  00000-0  13156-2 0  1002
2 25577  53.0000 245.0000 0000000   0.0000  27.5000 15.12078246644814
STARLINK-2080
1 90929U 98065A   24198.94572917 -.00022620  00000-0  13156-2 0  1008
2 90929  53.0000 245.0000 0000000   0.0000  43.8636 15.12078246659290
STARLINK-2081
1 93348U 98065A   24198.94572917 -.00022620  00000-0  13156-2 0  1007
2 93348  53.0000 245.0000 0000000   0.0000  60.2273 15.12078246573885
STARLINK-2082
1 13824U 98065A   24198.94572917 -.00022620  00000-0  13156-2 0  1004
2 13824  53.0000 245.0000 0000000   0.0000  76.5909 15.12078246170048
STARLINK-2083
1 15693U 98065A   24198.94572917 -.00022620  00000-0  13156-2 0  1001
2 15693  53.0000 245.0000 0000000   0.0000  92.9545 15.12078246378298
STARLINK-2084
1 10763U 98065A   24198.94572917 -.00022620  00000-0  13156-2 0  1001
2 10763  53.0000 245.0000 0000000   0.0000 109.3182 15.12078246769827
STARLINK-2085
1 14847U 98065A   24198.94572917 -.00022620  00000-0  13156-2 0  1008
2 14847  53.0000 245.0000 0000000   0.0000 125.6818 15.12078246872516
STARLINK-2086
1 14631U 98065A   24198.94572917 -.00022620  00000-0  13156-2 0  1006
2 14631  53.0000 245.0000 0000000   0.0000 142.0455 15.12078246734753
STARLINK-2087
1 26388U 98065A   24198.94572917 -.00022620  00000-0  13156-2 0  1000
2 26388  53.0000 245.0000 0000000   0.0000 158.4091 15.12078246398975
STARLINK-2088
1 45921U 98065A   24198.94572917 -.00022620  00000-0  13156-2 0  1005
2 45921  53.0000 245.0000 0000000   0.0000 174.7727 15.12078246317275
STARLINK-2089
1 32122U 98065A   24198.94572917 -.00022620  00000-0  13156-2 0  1003
2 32122  53.0000 245.0000 0000000   0.0000 191.1364 15.12078246597946
STARLINK-2090
1 21517U 98065A   24198.94572917 -.00022620  00000-0  13156-2 0  1008
2 21517  53.0000 245.0000 0000000   0.0000 207.5000 15.12078246386971
STARLINK-2091
1 87583U 98065A   24198.94572917 -.00022620  00000-0  13156-2 0  1002
2 87583  53.0000 245.0000 0000000   0.0000 223.8636 15.12078246398727
STARLINK-2092
1 76008U 98065A   24198.94572917 -.00022620  00000-0  13156-2 0  1001
2 76008  53.0000 245.0000 0000000   0.0000 240.2273 15.12078246431420
STARLINK-2093
1 13750U 98065A   24198.94572917 -.00022620  00000-0  13156-2 0  1008
2 13750  53.0000 245.0000 0000000   0.0000 256.5909 15.12078246177558
STARLINK-2094
1 34285U 98065A   24198.94572917 -.00022620  00000-0  13156-2 0  1008
2 34285  53.0000 245.0000 0000000   0.0000 272.9545 15.12078246845143
STARLINK-2095
1 59030U 98065A   24198.94572917 -.00022620  00000-0  13156-2 0  1000
2 59030  53.0000 245.0000 0000000   0.0000 289.3182 15.12078246237256
STARLINK-2096
1 89318U 98065A   24198.94572917 -.00022620  00000-0  13156-2 0  1001
2 89318  53.0000 245.0000 0000000   0.0000 305.6818 15.12078246345480
STARLINK-2097
1 71205U 98065A   24198.94572917 -.00022620  00000-0  13156-2 0  1002
2 71205  53.0000 245.0000 0000000   0.0000 322.0455 15.12078246981445
STARLINK-2098
1 77943U 98065A   24198.94572917 -.00022620  00000-0  13156-2 0  1004
2 77943  53.0000 245.0000 0000000   0.0000 338.4091 15.12078246553835
STARLINK-2099
1 62935U 98065A   24198.94572917 -.00022620  00000-0  13156-2 0  1006
2 62935  53.0000 245.0000 0000000   0.0000 354.7727 15.12078246782113
STARLINK-2100
1 17406U 98065A   24198.94572917 -.00022620  00000-0  13156-2 0  1006
2 17406  53.0000 250.0000 0000000   0.0000  11.3636 15.12078246631352
STARLINK-2101
1 70673U 98065A   24198.94572917 -.00022620  00000-0  13156-2 0  1002
2 70673  53.0000 250.0000 0000000   0.0000  27.7273 15.12078246723646
STARLINK-2102
1 64433U 98065A   24198.94572917 -.00022620  00000-0  13156-2 0  1000
2 64433  53.0000 250.0000 0000000   0.0000  44.0909 15.12078246331806
STARLINK-2103
1 57583U 98065A   24198.94572917 -.00022620  00000-0  13156-2 0  1008
2 57583  53.0000 250.0000 0000000   0.0000  60.4545 15.12078246164734
STARLINK-2104
1 31056U 98065A   24198.94572917 -.00022620  00000-0  13156-2 0  1007
2 31056  53.0000 250.0000 0000000   0.0000  76.8182 15.12078246187387
STARLINK-2105
1 94105U 98065A   24198.94572917 -.00022620  00000-0  13156-2 0  1006
2 94105  53.0000 250.0000 0000000   0.0000  93.1818 15.12078246156805
STARLINK-2106
1 41022U 98065A   24198.94572917 -.00022620  00000-0  13156-2 0  1005
2 41022  53.0000 250.0000 0000000   0.0000 109.5455 15.12078246451427
STARLINK-2107
1 19586U 98065A   24198.94572917 -.00022620  00000-0  13156-2 0  1004
2 19586  53.0000 250.0000 0000000   0.0000 125.9091 15.12078246765422
STARLINK-2108
1 60763U 98065A   24198.94572917 -.00022620  00000-0  13156-2 0  1002
2 60763  53.0000 250.0000 0000000   0.0000 142.2727 15.12078246237201
STARLINK-2109
1 90580U 98065A   24198.94572917 -.00022620  00000-0  13156-2 0  1007
2 90580  53.0000 250.0000 0000000   0.0000 158.6364 15.12078246304335
STARLINK-2110
1 20492U 98065A   24198.94572917 -.00022620  00000-0  13156-2 0  1000
2 20492  53.0000 250.0000 0000000   0.0000 175.0000 15.12078246312252
STARLINK-2111
1 36817U 98065A   24198.94572917 -.00022620  00000-0  13156-2 0  1004
2 36817  53.0000 250.0000 0000000   0.0000 191.3636 15.12078246215056
STARLINK-2112
1 11978U 98065A   24198.94572917 -.00022620  00000-0  13156-2 0  1008
2 11978  53.0000 250.0000 0000000   0.0000 207.7273 15.12078246984417
STARLINK-2113
1 10555U 98065A   24198.94572917 -.00022620  00000-0  13156-2 0  1008
2 10555  53.0000 250.0000 0000000   0.0000 224.0909 15.12078246902768
STARLINK-2114
1 42398U 98065A   24198.94572917 -.00022620  00000-0  13156-2 0  1002
2 42398  53.0000 250.0000 0000000   0.0000 240.4545 15.12078246218004
STARLINK-2115
1 13435U 98065A   24198.94572917 -.00022620  00000-0  13156-2 0  1006
2 13435  53.0000 250.0000 0000000   0.0000 256.8182 15.12078246822813
STARLINK-2116
1 91804U 98065A   24198.94572917 -.00022620  00000-0  13156-2 0  1008
2 91804  53.0000 250.0000 0000000   0.0000 273.1818 15.12078246822743
STARLINK-2117
1 85233U 98065A   24198.94572917 -.00022620  00000-0  13156-2 0  1006
2 85233  53.0000 250.0000 0000000   0.0000 289.5455 15.12078246382517
STARLINK-2118
1 76453U 98065A   24198.94572917 -.00022620  00000-0  13156-2 0  1004
2 76453  53.0000 250.0000 0000000   0.0000 305.9091 15.12078246855578
STARLINK-2119
1 98450U 98065A   24198.94572917 -.00022620  00000-0  13156-2 0  1006
2 98450  53.0000 250.0000 0000000   0.0000 322.2727 15.12078246263941
STARLINK-2120
1 97659U 98065A   24198.94572917 -.00022620  00000-0  13156-2 0  1000
2 97659  53.0000 250.0000 0000000   0.0000 338.6364 15.12078246347162
STARLINK-2121
1 81845U 98065A   24198.94572917 -.00022620  00000-0  13156-2 0  1002
2 81845  53.0000 250.0000 0000000   0.0000 355.0000 15.12078246601126
STARLINK-2122
1 53631U 98065A   24198.94572917 -.00022620  00000-0  13156-2 0  1001
2 53631  53.0000 255.0000 0000000   0.0000  11.5909 15.12078246418937
STARLINK-2123
1 33670U 98065A   24198.94572917 -.00022620  00000-0  13156-2 0  1008
2 33670  53.0000 255.0000 0000000   0.0000  27.9545 15.12078246711893
STARLINK-2124
1 11724U 98065A   24198.94572917 -.00022620  00000-0  13156-2 0  1004
2 11724  53.0000 255.0000 0000000   0.0000  44.3182 15.12078246257547
STARLINK-2125
1 20570U 98065A   24198.94572917 -.00022620  00000-0  13156-2 0  1007
2 20570  53.0000 255.0000 0000000   0.0000  60.6818 15.12078246439382
STARLINK-2126
1 95450U 98065A   24198.94572917 -.00022620  00000-0  13156-2 0  1001
2 95450  53.0000 255.0000 0000000   0.0000  77.0455 15.12078246387372
STARLINK-2127
1 60041U 98065A   24198.94572917 -.00022620  00000-0  13156-2 0  1003
2 60041  53.0000 255.0000 0000000   0.0000  93.4091 15.12078246951558
STARLINK-2128
1 45532U 98065A   24198.94572917 -.00022620  00000-0  13156-2 0  1004
2 45532  53.0000 255.0000 0000000   0.0000 109.7727 15.12078246142721
STARLINK-2129
1 21591U 98065A   24198.94572917 -.00022620  00000-0  13156-2 0  1000
2 21591  53.0000 255.0000 0000000   0.0000 126.1364 15.12078246688411
STARLINK-2130
1 51198U 98065A   24198.94572917 -.00022620  00000-0  13156-2 0  1006
2 51198  53.0000 255.0000 0000000   0.0000 142.5000 15.12078246714180
STARLINK-2131
1 14175U 98065A   24198.94572917 -.00022620  00000-0  13156-2 0  1004
2 14175  53.0000 255.0000 0000000   0.0000 158.8636 15.12078246686381
STARLINK-2132
1 44049U 98065A   24198.94572917 -.00022620  00000-0  13156-2 0  1007
2 44049  53.0000 255.0000 0000000   0.0000 175.2273 15.12078246434295
STARLINK-2133
1 80972U 98065A   24198.94572917 -.00022620  00000-0  13156-2 0  1000
2 80972  53.0000 255.0000 0000000   0.0000 191.5909 15.12078246235978
STARLINK-2134
1 91149U 98065A   24198.94572917 -.00022620  00000-0  13156-2 0  1005
2 91149  53.0000 255.0000 0000000   0.0000 207.9545 15.12078246991547
STARLINK-2135
1 44404U 98065A   24198.94572917 -.00022620  00000-0  13156-2 0  1000
2 44404  53.0000 255.0000 0000000   0.0000 224.3182 15.12078246711650
STARLINK-2136
1 13457U 98065A   24198.94572917 -.00022620  00000-0  13156-2 0  1005
2 13457  53.0000 255.0000 0000000   0.0000 240.6818 15.12078246764207
STARLINK-2137
1 49151U 98065A   24198.94572917 -.00022620  00000-0  13156-2 0  1006
2 49151  53.0000 255.0000 0000000   0.0000 257.0455 15.12078246682027
STARLINK-2138
1 21438U 98065A   24198.94572917 -.00022620  00000-0  13156-2 0  1000
2 21438  53.0000 255.0000 0000000   0.0000 273.4091 15.12078246209078
STARLINK-2139
1 57511U 98065A   24198.94572917 -.00022620  00000-0  13156-2 0  1007
2 57511  53.0000 255.0000 0000000   0.0000 289.7727 15.12078246192143
STARLINK-2140
1 47992U 98065A   24198.94572917 -.00022620  00000-0  13156-2 0  1003
2 47992  53.0000 255.0000 0000000   0.0000 306.1364 15.12078246387348
STARLINK-2141
1 99283U 98065A   24198.94572917 -.00022620  00000-0  13156-2 0  1001
2 99283  53.0000 255.0000 0000000   0.0000 322.5000 15.12078246559262
STARLINK-2142
1 83562U 98065A   24198.94572917 -.00022620  00000-0  13156-2 0  1005
2 83562  53.0000 255.0000 0000000   0.0000 338.8636 15.12078246818875
STARLINK-2143
1 73644U 98065A   24198.94572917 -.00022620  00000-0  13156-2 0  1002
2 73644  53.0000 255.0000 0000000   0.0000 355.2273 15.12078246160466
STARLINK-2144
1 30513U 98065A   24198.94572917 -.00022620  00000-0  13156-2 0  1007
2 30513  53.0000 260.0000 0000000   0.0000  11.8182 15.12078246277522
STARLINK-2145
1 20775U 98065A   24198.94572917 -.00022620  00000-0  13156-2 0  1003
2 20775  53.0000 260.0000 0000000   0.0000  28.1818 15.12078246146736
STARLINK-2146
1 82867U 98065A   24198.94572917 -.00022620  00000-0  13156-2 0  1007
2 82867  53.0000 260.0000 0000000   0.0000  44.5455 15.12078246254900
STARLINK-2147
1 73195U 98065A   24198.94572917 -.00022620  00000-0  13156-2 0  1004
2 73195  53.0000 260.0000 0000000   0.0000  60.9091 15.12078246562250
STARLINK-2148
1 15438U 98065A   24198.94572917 -.00022620  00000-0  13156-2 0  1002
2 15438  53.0000 260.0000 0000000   0.0000  77.2727 15.12078246749043
STARLINK-2149
1 97185U 98065A   24198.94572917 -.00022620  00000-0  13156-2 0  1001
2 97185  53.0000 260.0000 0000000   0.0000  93.6364 15.12078246653827
STARLINK-2150
1 28431U 98065A   24198.94572917 -.00022620  00000-0  13156-2 0  1001
2 28431  53.0000 260.0000 0000000   0.0000 110.0000 15.12078246179100
STARLINK-2151
1 45129U 98065A   24198.94572917 -.00022620  00000-0  13156-2 0  1000
2 45129  53.0000 260.0000 0000000   0.0000 126.3636 15.12078246775714
STARLINK-2152
1 70736U 98065A   24198.94572917 -.00022620  00000-0  13156-2 0  1008
2 70736  53.0000 260.0000 0000000   0.0000 142.7273 15.12078246383114
STARLINK-2153
1 74852U 98065A   24198.94572917 -.00022620  00000-0  13156-2 0  1001
2 74852  53.0000 260.0000 0000000   0.0000 159.0909 15.12078246307562
STARLINK-2154
1 16657U 98065A   24198.94572917 -.00022620  00000-0  13156-2 0  1001
2 16657  53.0000 260.0000 0000000   0.0000 175.4545 15.12078246460140
STARLINK-2155
1 46533U 98065A   24198.94572917 -.00022620  00000-0  13156-2 0  1000
2 46533  53.0000 260.0000 0000000   0.0000 191.8182 15.12078246728107
STARLINK-2156
1 86684U 98065A   24198.94572917 -.00022620  00000-0  13156-2 0  1004
2 86684  53.0000 260.0000 0000000   0.0000 208.1818 15.12078246636270
STARLINK-2157
1 54816U 98065A   24198.94572917 -.00022620  00000-0  13156-2 0  1002
2 54816  53.0000 260.0000 0000000   0.0000 224.5455 15.12078246886776
STARLINK-2158
1 75804U 98065A   24198.94572917 -.00022620  00000-0  13156-2 0  1000
2 75804  53.0000 260.0000 0000000   0.0000 240.9091 15.12078246424324
STARLINK-2159
1 22185U 98065A   24198.94572917 -.00022620  00000-0  13156-2 0  1002
2 22185  53.0000 260.0000 0000000   0.0000 257.2727 15.12078246429715
STARLINK-2160
1 73604U 98065A   24198.94572917 -.00022620  00000-0  13156-2 0  1004
2 73604  53.0000 260.0000 0000000   0.0000 273.6364 15.12078246310897
STARLINK-2161
1 53918U 98065A   24198.94572917 -.00022620  00000-0  13156-2 0  1007
2 53918  53.0000 260.0000 0000000   0.0000 290.0000 15.12078246137317
STARLINK-2162
1 75731U 98065A   24198.94572917 -.00022620  00000-0  13156-2 0  1002
2 75731  53.0000 260.0000 0000000   0.0000 306.3636 15.12078246182785
STARLINK-2163
1 58932U 98065A   24198.94572917 -.00022620  00000-0  13156-2 0  1005
2 58932  53.0000 260.0000 0000000   0.0000 322.7273 15.12078246254386
STARLINK-2164
1 34365U 98065A   24198.94572917 -.00022620  00000-0  13156-2 0  1006
2 34365  53.0000 260.0000 0000000   0.0000 339.0909 15.12078246911636
STARLINK-2165
1 78228U 98065A   24198.94572917 -.00022620  00000-0  13156-2 0  1002
2 78228  53.0000 260.0000 0000000   0.0000 355.4545 15.12078246699660
STARLINK-2166
1 42029U 98065A   24198.94572917 -.00022620  00000-0  13156-2 0  1004
2 42029  53.0000 265.0000 0000000   0.0000  12.0455 15.12078246154313
STARLINK-2167
1 24095U 98065A   24198.94572917 -.00022620  00000-0  13156-2 0  1000
2 24095  53.0000 265.0000 0000000   0.0000  28.4091 15.12078246528031
STARLINK-2168
1 89220U 98065A   24198.94572917 -.00022620  00000-0  13156-2 0  1000
2 89220  53.0000 265.0000 0000000   0.0000  44.7727 15.12078246684545
STARLINK-2169
1 15758U 98065A   24198.94572917 -.00022620  00000-0  13156-2 0  1004
2 15758  53.0000 265.0000 0000000   0.0000  61.1364 15.12078246154304
STARLINK-2170
1 76878U 98065A   24198.94572917 -.00022620  00000-0  13156-2 0  1004
2 76878  53.0000 265.0000 0000000   0.0000  77.5000 15.12078246215207
STARLINK-2171
1 62912U 98065A   24198.94572917 -.00022620  00000-0  13156-2 0  1006
2 62912  53.0000 265.0000 0000000   0.0000  93.8636 15.12078246936411
STARLINK-2172
1 68688U 98065A   24198.94572917 -.00022620  00000-0  13156-2 0  1000
2 68688  53.0000 265.0000 0000000   0.0000 110.2273 15.12078246801451
STARLINK-2173
1 86856U 98065A   24198.94572917 -.00022620  00000-0  13156-2 0  1006
2 86856  53.0000 265.0000 0000000   0.0000 126.5909 15.12078246226050
STARLINK-2174
1 26736U 98065A   24198.94572917 -.00022620  00000-0  13156-2 0  1002
2 26736  53.0000 265.0000 0000000   0.0000 142.9545 15.12078246226975
STARLINK-2175
1 88800U 98065A   24198.94572917 -.00022620  00000-0  13156-2 0  1007
2 88800  53.0000 265.0000 0000000   0.0000 159.3182 15.12078246662728
STARLINK-2176
1 20468U 98065A   24198.94572917 -.00022620  00000-0  13156-2 0  1003
2 20468  53.0000 265.0000 0000000   0.0000 175.6818 15.12078246640784
STARLINK-2177
1 95066U 98065A   24198.94572917 -.00022620  00000-0  13156-2 0  1000
2 95066  53.0000 265.0000 0000000   0.0000 192.0455 15.12078246501496
STARLINK-2178
1 61697U 98065A   24198.94572917 -.00022620  00000-0  13156-2 0  1004
2 61697  53.0000 265.0000 0000000   0.0000 208.4091 15.12078246608826
STARLINK-2179
1 19243U 98065A   24198.94572917 -.00022620  00000-0  13156-2 0  1004
2 19243  53.0000 265.0000 0000000   0.0000 224.7727 15.12078246150811
STARLINK-2180
1 17439U 98065A   24198.94572917 -.00022620  00000-0  13156-2 0  1001
2 17439  53.0000 265.0000 0000000   0.0000 241.1364 15.12078246240381
STARLINK-2181
1 58732U 98065A   24198.94572917 -.00022620  00000-0  13156-2 0  1000
2 58732  53.0000 265.0000 0000000   0.0000 257.5000 15.12078246533288
STARLINK-2182
1 24115U 98065A   24198.94572917 -.00022620  00000-0  13156-2 0  1005
2 24115  53.0000 265.0000 0000000   0.0000 273.8636 15.12078246855551
STARLINK-2183
1 15118U 98065A   24198.94572917 -.00022620  00000-0  13156-2 0  1008
2 15118  53.0000 265.0000 0000000   0.0000 290.2273 15.12078246213535
STARLINK-2184
1 71048U 98065A   24198.94572917 -.00022620  00000-0  13156-2 0  1004
2 71048  53.0000 265.0000 0000000   0.0000 306.5909 15.12078246148478
STARLINK-2185
1 76335U 98065A   24198.94572917 -.00022620  00000-0  13156-2 0  1007
2 76335  53.0000 265.0000 0000000   0.0000 322.9545 15.12078246725813
STARLINK-2186
1 86337U 98065A   24198.94572917 -.00022620  00000-0  13156-2 0  1007
2 86337  53.0000 265.0000 0000000   0.0000 339.3182 15.12078246671058
STARLINK-2187
1 33898U 98065A   24198.94572917 -.00022620  00000-0  13156-2 0  1002
2 33898  53.0000 265.0000 0000000   0.0000 355.6818 15.12078246467134
STARLINK-2188
1 63948U 98065A   24198.94572917 -.00022620  00000-0  13156-2 0  1000
2 63948  53.0000 270.0000 0000000   0.0000  12.2727 15.12078246997796
STARLINK-2189
1 92626U 98065A   24198.94572917 -.00022620  00000-0  13156-2 0  1005
2 92626  53.0000 270.0000 0000000   0.0000  28.6364 15.12078246739752
STARLINK-2190
1 22098U 98065A   24198.94572917 -.00022620  00000-0  13156-2 0  1003
2 22098  53.0000 270.0000 0000000   0.0000  45.0000 15.12078246593795
STARLINK-2191
1 63994U 98065A   24198.94572917 -.00022620  00000-0  13156-2 0  1004
2 63994  53.0000 270.0000 0000000   0.0000  61.3636 15.12078246250973
STARLINK-2192
1 40125U 98065A   24198.94572917 -.00022620  00000-0  13156-2 0  1003
2 40125  53.0000 270.0000 0000000   0.0000  77.7273 15.12078246539714
STARLINK-2193
1 94312U 98065A   24198.94572917 -.00022620  00000-0  13156-2 0  1002
2 94312  53.0000 270.0000 0000000   0.0000  94.0909 15.12078246196678
STARLINK-2194
1 79487U 98065A   24198.94572917 -.00022620  00000-0  13156-2 0  1002
2 79487  53.0000 270.0000 0000000   0.0000 110.4545 15.12078246697122
STARLINK-2195
1 69085U 98065A   24198.94572917 -.00022620  00000-0  13156-2 0  1006
2 69085  53.0000 270.0000 0000000   0.0000 126.8182 15.12078246297568
STARLINK-2196
1 84419U 98065A   24198.94572917 -.00022620  00000-0  13156-2 0  1001
2 84419  53.0000 270.0000 0000000   0.0000 143.1818 15.12078246820976
STARLINK-2197
1 53646U 98065A   24198.94572917 -.00022620  00000-0  13156-2 0  1000
2 53646  53.0000 270.0000 0000000   0.0000 159.5455 15.12078246610134
STARLINK-2198
1 66168U 98065A   24198.94572917 -.00022620  00000-0  13156-2 0  1003
2 66168  53.0000 270.0000 0000000   0.0000 175.9091 15.12078246142844
STARLINK-2199
1 33941U 98065A   24198.94572917 -.00022620  00000-0  13156-2 0  1001
2 33941  53.0000 270.0000 0000000   0.0000 192.2727 15.12078246125615
STARLINK-2200
1 21381U 98065A   24198.94572917 -.00022620  00000-0  13156-2 0  1006
2 21381  53.0000 270.0000 0000000   0.0000 208.6364 15.12078246569425
STARLINK-2201
1 64907U 98065A   24198.94572917 -.00022620  00000-0  13156-2 0  1002
2 64907  53.0000 270.0000 0000000   0.0000 225.0000 15.12078246998387
STARLINK-2202
1 35394U 98065A   24198.94572917 -.00022620  00000-0  13156-2 0  1002
2 35394  53.0000 270.0000 0000000   0.0000 241.3636 15.12078246935940
STARLINK-2203
1 95794U 98065A   24198.94572917 -.00022620  00000-0  13156-2 0  1003
2 95794  53.0000 270.0000 0000000   0.0000 257.7273 15.12078246138943
STARLINK-2204
1 65924U 98065A   24198.94572917 -.00022620  00000-0  13156-2 0  1006
2 65924  53.0000 270.0000 0000000   0.0000 274.0909 15.12078246189578
STARLINK-2205
1 39606U 98065A   24198.94572917 -.00022620  00000-0  13156-2 0  1007
2 39606  53.0000 270.0000 0000000   0.0000 290.4545 15.12078246444233
STARLINK-2206
1 87884U 98065A   24198.94572917 -.00022620  00000-0  13156-2 0  1005
2 87884  53.0000 270.0000 0000000   0.0000 306.8182 15.12078246295608
STARLINK-2207
1 12223U 98065A   24198.94572917 -.00022620  00000-0  13156-2 0  1002
2 12223  53.0000 270.0000 0000000   0.0000 323.1818 15.12078246807601
STARLINK-2208
1 98671U 98065A   24198.94572917 -.00022620  00000-0  13156-2 0  1003
2 98671  53.0000 270.0000 0000000   0.0000 339.5455 15.12078246301412
STARLINK-2209
1 31603U 98065A   24198.94572917 -.00022620  00000-0  13156-2 0  1002
2 31603  53.0000 270.0000 0000000   0.0000 355.9091 15.12078246611391
STARLINK-2210
1 12808U 98065A   24198.94572917 -.00022620  00000-0  13156-2 0  1000
2 12808  53.0000 275.0000 0000000   0.0000  12.5000 15.12078246670983
STARLINK-2211
1 27970U 98065A   24198.94572917 -.00022620  00000-0  13156-2 0  1007
2 27970  53.0000 275.0000 0000000   0.0000  28.8636 15.12078246676327
STARLINK-2212
1 76191U 98065A   24198.94572917 -.00022620  00000-0  13156-2 0  1001
2 76191  53.0000 275.0000 0000000   0.0000  45.2273 15.12078246811542
STARLINK-2213
1 57182U 98065A   24198.94572917 -.00022620  00000-0  13156-2 0  1004
2 57182  53.0000 275.0000 0000000   0.0000  61.5909 15.12078246786208
STARLINK-2214
1 78873U 98065A   24198.94572917 -.00022620  00000-0  13156-2 0  1005
2 78873  53.0000 275.0000 0000000   0.0000  77.9545 15.12078246325410
STARLINK-2215
1 75716U 98065A   24198.94572917 -.00022620  00000-0  13156-2 0  1002
2 75716  53.0000 275.0000 0000000   0.0000  94.3182 15.12078246568685
STARLINK-2216
1 27333U 98065A   24198.94572917 -.00022620  00000-0  13156-2 0  1008
2 27333  53.0000 275.0000 0000000   0.0000 110.6818 15.12078246885936
STARLINK-2217
1 79075U 98065A   24198.94572917 -.00022620  00000-0  13156-2 0  1003
2 79075  53.0000 275.0000 0000000   0.0000 127.0455 15.12078246327428
STARLINK-2218
1 32812U 98065A   24198.94572917 -.00022620  00000-0  13156-2 0  1004
2 32812  53.0000 275.0000 0000000   0.0000 143.4091 15.12078246484556
STARLINK-2219
1 82881U 98065A   24198.94572917 -.00022620  00000-0  13156-2 0  1002
2 82881  53.0000 275.0000 0000000   0.0000 159.7727 15.12078246745030
STARLINK-2220
1 97409U 98065A   24198.94572917 -.00022620  00000-0  13156-2 0  1006
2 97409  53.0000 275.0000 0000000   0.0000 176.1364 15.12078246768834
STARLINK-2221
1 59443U 98065A   24198.94572917 -.00022620  00000-0  13156-2 0  1002
2 59443  53.0000 275.0000 0000000   0.0000 192.5000 15.12078246562833
STARLINK-2222
1 51709U 98065A   24198.94572917 -.00022620  00000-0  13156-2 0  1008
2 51709  53.0000 275.0000 0000000   0.0000 208.8636 15.12078246584427
STARLINK-2223
1 39926U 98065A   24198.94572917 -.00022620  00000-0  13156-2 0  1000
2 39926  53.0000 275.0000 0000000   0.0000 225.2273 15.12078246221847
STARLINK-2224
1 80890U 98065A   24198.94572917 -.00022620  00000-0  13156-2 0  1004
2 80890  53.0000 275.0000 0000000   0.0000 241.5909 15.12078246670403
STARLINK-2225
1 83856U 98065A   24198.94572917 -.00022620  00000-0  13156-2 0  1003
2 83856  53.0000 275.0000 0000000   0.0000 257.9545 15.12078246931572
STARLINK-2226
1 69980U 98065A   24198.94572917 -.00022620  00000-0  13156-2 0  1006
2 69980  53.0000 275.0000 0000000   0.0000 274.3182 15.12078246768731
STARLINK-2227
1 48229U 98065A   24198.94572917 -.00022620  00000-0  13156-2 0  1000
2 48229  53.0000 275.0000 0000000   0.0000 290.6818 15.12078246777256
STARLINK-2228
1 59409U 98065A   24198.94572917 -.00022620  00000-0  13156-2 0  1004
2 59409  53.0000 275.0000 0000000   0.0000 307.0455 15.12078246712683
STARLINK-2229
1 42245U 98065A   24198.94572917 -.00022620  00000-0  13156-2 0  1005
2 42245  53.0000 275.0000 0000000   0.0000 323.4091 15.12078246292821
STARLINK-2230
1 95778U 98065A   24198.94572917 -.00022620  00000-0  13156-2 0  1005
2 95778  53.0000 275.0000 0000000   0.0000 339.7727 15.12078246440501
STARLINK-2231
1 54376U 98065A   24198.94572917 -.00022620  00000-0  13156-2 0  1006
2 54376  53.0000 275.0000 0000000   0.0000 356.1364 15.12078246558710
STARLINK-2232
1 74714U 98065A   24198.94572917 -.00022620  00000-0  13156-2 0  1005
2 74714  53.0000 280.0000 0000000   0.0000  12.7273 15.12078246744744
STARLINK-2233
1 93272U 98065A   24198.94572917 -.00022620  00000-0  13156-2 0  1003
2 93272  53.0000 280.0000 0000000   0.0000  29.0909 15.12078246654542
STARLINK-2234
1 57844U 98065A   24198.94572917 -.00022620  00000-0  13156-2 0  1005
2 57844  53.0000 280.0000 0000000   0.0000  45.4545 15.12078246580037
STARLINK-2235
1 63657U 98065A   24198.94572917 -.00022620  00000-0  13156-2 0  1000
2 63657  53.0000 280.0000 0000000   0.0000  61.8182 15.12078246915194
STARLINK-2236
1 94419U 98065A   24198.94572917 -.00022620  00000-0  13156-2 0  1005
2 94419  53.0000 280.0000 0000000   0.0000  78.1818 15.12078246763734
STARLINK-2237
1 19854U 98065A   24198.94572917 -.00022620  00000-0  13156-2 0  1000
2 19854  53.0000 280.0000 0000000   0.0000  94.5455 15.12078246750270
STARLINK-2238
1 44977U 98065A   24198.94572917 -.00022620  00000-0  13156-2 0  1000
2 44977  53.0000 280.0000 0000000   0.0000 110.9091 15.12078246277403
STARLINK-2239
1 41907U 98065A   24198.94572917 -.00022620  00000-0  13156-2 0  1007
2 41907  53.0000 280.0000 0000000   0.0000 127.2727 15.12078246651598
STARLINK-2240
1 23086U 98065A   24198.94572917 -.00022620  00000-0  13156-2 0  1003
2 23086  53.0000 280.0000 0000000   0.0000 143.6364 15.12078246760146
STARLINK-2241
1 74897U 98065A   24198.94572917 -.00022620  00000-0  13156-2 0  1004
2 74897  53.0000 280.0000 0000000   0.0000 160.0000 15.12078246685022
STARLINK-2242
1 67816U 98065A   24198.94572917 -.00022620  00000-0  13156-2 0  1008
2 67816  53.0000 280.0000 0000000   0.0000 176.3636 15.12078246929975
STARLINK-2243
1 69473U 98065A   24198.94572917 -.00022620  00000-0  13156-2 0  1004
2 69473  53.0000 280.0000 0000000   0.0000 192.7273 15.12078246917604
STARLINK-2244
1 15408U 98065A   24198.94572917 -.00022620  00000-0  13156-2 0  1003
2 15408  53.0000 280.0000 0000000   0.0000 209.0909 15.12078246114423
STARLINK-2245
1 11615U 98065A   24198.94572917 -.00022620  00000-0  13156-2 0  1007
2 11615  53.0000 280.0000 0000000   0.0000 225.4545 15.12078246157254
STARLINK-2246
1 75848U 98065A   24198.94572917 -.00022620  00000-0  13156-2 0  1006
2 75848  53.0000 280.0000 0000000   0.0000 241.8182 15.12078246449461
STARLINK-2247
1 77019U 98065A   24198.94572917 -.00022620  00000-0  13156-2 0  1006
2 77019  53.0000 280.0000 0000000   0.0000 258.1818 15.12078246877490
STARLINK-2248
1 44328U 98065A   24198.94572917 -.00022620  00000-0  13156-2 0  1006
2 44328  53.0000 280.0000 0000000   0.0000 274.5455 15.12078246652855
STARLINK-2249
1 28279U 98065A   24198.94572917 -.00022620  00000-0  13156-2 0  1001
2 28279  53.0000 280.0000 0000000   0.0000 290.9091 15.12078246132046
STARLINK-2250
1 24799U 98065A   24198.94572917 -.00022620  00000-0  13156-2 0  1007
2 24799  53.0000 280.0000 0000000   0.0000 307.2727 15.12078246131076
STARLINK-2251
1 92077U 98065A   24198.94572917 -.00022620  00000-0  13156-2 0  1005
2 92077  53.0000 280.0000 0000000   0.0000 323.6364 15.12078246721192
STARLINK-2252
1 54105U 98065A   24198.94572917 -.00022620  00000-0  13156-2 0  1008
2 54105  53.0000 280.0000 0000000   0.0000 340.0000 15.12078246570970
STARLINK-2253
1 54606U 98065A   24198.94572917 -.00022620  00000-0  13156-2 0  1004
2 54606  53.0000 280.0000 0000000   0.0000 356.3636 15.12078246303626
STARLINK-2254
1 25876U 98065A   24198.94572917 -.00022620  00000-0  13156-2 0  1000
2 25876  53.0000 285.0000 0000000   0.0000  12.9545 15.12078246782000
STARLINK-2255
1 37196U 98065A   24198.94572917 -.00022620  00000-0  13156-2 0  1005
2 37196  53.0000 285.0000 0000000   0.0000  29.3182 15.12078246116131
STARLINK-2256
1 64049U 98065A   24198.94572917 -.00022620  00000-0  13156-2 0  1002
2 64049  53.0000 285.0000 0000000   0.0000  45.6818 15.12078246674752
STARLINK-2257
1 19131U 98065A   24198.94572917 -.00022620  00000-0  13156-2 0  1002
2 19131  53.0000 285.0000 0000000   0.0000  62.0455 15.12078246197756
STARLINK-2258
1 84365U 98065A   24198.94572917 -.00022620  00000-0  13156-2 0  1008
2 84365  53.0000 285.0000 0000000   0.0000  78.4091 15.12078246117670
STARLINK-2259
1 96830U 98065A   24198.94572917 -.00022620  00000-0  13156-2 0  1001
2 96830  53.0000 285.0000 0000000   0.0000  94.7727 15.12078246120922
STARLINK-2260
1 62722U 98065A   24198.94572917 -.00022620  00000-0  13156-2 0  1002
2 62722  53.0000 285.0000 0000000   0.0000 111.1364 15.12078246114398
STARLINK-2261
1 10811U 98065A   24198.94572917 -.00022620  00000-0  13156-2 0  1000
2 10811  53.0000 285.0000 0000000   0.0000 127.5000 15.12078246768516
STARLINK-2262
1 41762U 98065A   24198.94572917 -.00022620  00000-0  13156-2 0  1007
2 41762  53.0000 285.0000 0000000   0.0000 143.8636 15.12078246245207
STARLINK-2263
1 32244U 98065A   24198.94572917 -.00022620  00000-0  13156-2 0  1004
2 32244  53.0000 285.0000 0000000   0.0000 160.2273 15.12078246618860
STARLINK-2264
1 33234U 98065A   24198.94572917 -.00022620  00000-0  13156-2 0  1003
2 33234  53.0000 285.0000 0000000   0.0000 176.5909 15.12078246894487
STARLINK-2265
1 96484U 98065A   24198.94572917 -.00022620  00000-0  13156-2 0  1007
2 96484  53.0000 285.0000 0000000   0.0000 192.9545 15.12078246292170
STARLINK-2266
1 86550U 98065A   24198.94572917 -.00022620  00000-0  13156-2 0  1002
2 86550  53.0000 285.0000 0000000   0.0000 209.3182 15.12078246655651
STARLINK-2267
1 61756U 98065A   24198.94572917 -.00022620  00000-0  13156-2 0  1004
2 61756  53.0000 285.0000 0000000   0.0000 225.6818 15.12078246974943
STARLINK-2268
1 50306U 98065A   24198.94572917 -.00022620  00000-0  13156-2 0  1001
2 50306  53.0000 285.0000 0000000   0.0000 242.0455 15.12078246841652
STARLINK-2269
1 34556U 98065A   24198.94572917 -.00022620  00000-0  13156-2 0  1007
2 34556  53.0000 285.0000 0000000   0.0000 258.4091 15.12078246501548
STARLINK-2270
1 66706U 98065A   24198.94572917 -.00022620  00000-0  13156-2 0  1004
2 66706  53.0000 285.0000 0000000   0.0000 274.7727 15.12078246501244
STARLINK-2271
1 77667U 98065A   24198.94572917 -.00022620  00000-0  13156-2 0  1004
2 77667  53.0000 285.0000 0000000   0.0000 291.1364 15.12078246709460
STARLINK-2272
1 83420U 98065A   24198.94572917 -.00022620  00000-0  13156-2 0  1004
2 83420  53.0000 285.0000 0000000   0.0000 307.5000 15.12078246954913
STARLINK-2273
1 57552U 98065A   24198.94572917 -.00022620  00000-0  13156-2 0  1000
2 57552  53.0000 285.0000 0000000   0.0000 323.8636 15.12078246999821
STARLINK-2274
1 47367U 98065A   24198.94572917 -.00022620  00000-0  13156-2 0  1004
2 47367  53.0000 285.0000 0000000   0.0000 340.2273 15.12078246539947
STARLINK-2275
1 97128U 98065A   24198.94572917 -.00022620  00000-0  13156-2 0  1007
2 97128  53.0000 285.0000 0000000   0.0000 356.5909 15.12078246627853
STARLINK-2276
1 63911U 98065A   24198.94572917 -.00022620  00000-0  13156-2 0  1004
2 63911  53.0000 290.0000 0000000   0.0000  13.1818 15.12078246191447
STARLINK-2277
1 98143U 98065A   24198.94572917 -.00022620  00000-0  13156-2 0  1007
2 98143  53.0000 290.0000 0000000   0.0000  29.5455 15.12078246353540
STARLINK-2278
1 76371U 98065A   24198.94572917 -.00022620  00000-0  13156-2 0  1000
2 76371  53.0000 290.0000 0000000   0.0000  45.9091 15.12078246514496
STARLINK-2279
1 94786U 98065A   24198.94572917 -.00022620  00000-0  13156-2 0  1006
2 94786  53.0000 290.0000 0000000   0.0000  62.2727 15.12078246102571
STARLINK-2280
1 21225U 98065A   24198.94572917 -.00022620  00000-0  13156-2 0  1004
2 21225  53.0000 290.0000 0000000   0.0000  78.6364 15.12078246504076
STARLINK-2281
1 19135U 98065A   24198.94572917 -.00022620  00000-0  13156-2 0  1003
2 19135  53.0000 290.0000 0000000   0.0000  95.0000 15.12078246957537
STARLINK-2282
1 26978U 98065A   24198.94572917 -.00022620  00000-0  13156-2 0  1002
2 26978  53.0000 290.0000 0000000   0.0000 111.3636 15.12078246748090
STARLINK-2283
1 30911U 98065A   24198.94572917 -.00022620  00000-0  13156-2 0  1003
2 30911  53.0000 290.0000 0000000   0.0000 127.7273 15.12078246445194
STARLINK-2284
1 97001U 98065A   24198.94572917 -.00022620  00000-0  13156-2 0  1005
2 97001  53.0000 290.0000 0000000   0.0000 144.0909 15.12078246767358
STARLINK-2285
1 57118U 98065A   24198.94572917 -.00022620  00000-0  13156-2 0  1000
2 57118  53.0000 290.0000 0000000   0.0000 160.4545 15.12078246284033
STARLINK-2286
1 83936U 98065A   24198.94572917 -.00022620  00000-0  13156-2 0  1008
2 83936  53.0000 290.0000 0000000   0.0000 176.8182 15.12078246482870
STARLINK-2287
1 16765U 98065A   24198.94572917 -.00022620  00000-0  13156-2 0  1001
2 16765  53.0000 290.0000 0000000   0.0000 193.1818 15.12078246742423
STARLINK-2288
1 95246U 98065A   24198.94572917 -.00022620  00000-0  13156-2 0  1002
2 95246  53.0000 290.0000 0000000   0.0000 209.5455 15.12078246956947
STARLINK-2289
1 61574U 98065A   24198.94572917 -.00022620  00000-0  13156-2 0  1008
2 61574  53.0000 290.0000 0000000   0.0000 225.9091 15.12078246955986
STARLINK-2290
1 27122U 98065A   24198.94572917 -.00022620  00000-0  13156-2 0  1005
2 27122  53.0000 290.0000 0000000   0.0000 242.2727 15.12078246385940
STARLINK-2291
1 53510U 98065A   24198.94572917 -.00022620  00000-0  13156-2 0  1000
2 53510  53.0000 290.0000 0000000   0.0000 258.6364 15.12078246414740
STARLINK-2292
1 52260U 98065A   24198.94572917 -.00022620  00000-0  13156-2 0  1000
2 52260  53.0000 290.0000 0000000   0.0000 275.0000 15.12078246944147
STARLINK-2293
1 35458U 98065A   24198.94572917 -.00022620  00000-0  13156-2 0  1002
2 35458  53.0000 290.0000 0000000   0.0000 291.3636 15.12078246194802
STARLINK-2294
1 99540U 98065A   24198.94572917 -.00022620  00000-0  13156-2 0  1001
2 99540  53.0000 290.0000 0000000   0.0000 307.7273 15.12078246143982
STARLINK-2295
1 70242U 98065A   24198.94572917 -.00022620  00000-0  13156-2 0  1000
2 70242  53.0000 290.0000 0000000   0.0000 324.0909 15.12078246567723
STARLINK-2296
1 15087U 98065A   24198.94572917 -.00022620  00000-0  13156-2 0  1006
2 15087  53.0000 290.0000 0000000   0.0000 340.4545 15.12078246426880
STARLINK-2297
1 40368U 98065A   24198.94572917 -.00022620  00000-0  13156-2 0  1006
2 40368  53.0000 290.0000 0000000   0.0000 356.8182 15.12078246208322
STARLINK-2298
1 84056U 98065A   24198.94572917 -.00022620  00000-0  13156-2 0  1006
2 84056  53.0000 295.0000 0000000   0.0000  13.4091 15.12078246945637
STARLINK-2299
1 45459U 98065A   24198.94572917 -.00022620  00000-0  13156-2 0  1003
2 45459  53.0000 295.0000 0000000   0.0000  29.7727 15.12078246498731
STARLINK-2300
1 22564U 98065A   24198.94572917 -.00022620  00000-0  13156-2 0  1000
2 22564  53.0000 295.0000 0000000   0.0000  46.1364 15.12078246644587
STARLINK-2301
1 72749U 98065A   24198.94572917 -.00022620  00000-0  13156-2 0  1002
2 72749  53.0000 295.0000 0000000   0.0000  62.5000 15.12078246392148
STARLINK-2302
1 87543U 98065A   24198.94572917 -.00022620  00000-0  13156-2 0  1001
2 87543  53.0000 295.0000 0000000   0.0000  78.8636 15.12078246471277
STARLINK-2303
1 64782U 98065A   24198.94572917 -.00022620  00000-0  13156-2 0  1006
2 64782  53.0000 295.0000 0000000   0.0000  95.2273 15.12078246297016
STARLINK-2304
1 56932U 98065A   24198.94572917 -.00022620  00000-0  13156-2 0  1001
2 56932  53.0000 295.0000 0000000   0.0000 111.5909 15.12078246138888
STARLINK-2305
1 30120U 98065A   24198.94572917 -.00022620  00000-0  13156-2 0  1000
2 30120  53.0000 295.0000 0000000   0.0000 127.9545 15.12078246540245
STARLINK-2306
1 49835U 98065A   24198.94572917 -.00022620  00000-0  13156-2 0  1002
2 49835  53.0000 295.0000 0000000   0.0000 144.3182 15.12078246689670
STARLINK-2307
1 51175U 98065A   24198.94572917 -.00022620  00000-0  13156-2 0  1005
2 51175  53.0000 295.0000 0000000   0.0000 160.6818 15.12078246133575
STARLINK-2308
1 45387U 98065A   24198.94572917 -.00022620  00000-0  13156-2 0  1001
2 45387  53.0000 295.0000 0000000   0.0000 177.0455 15.12078246695540
STARLINK-2309
1 36902U 98065A   24198.94572917 -.00022620  00000-0  13156-2 0  1004
2 36902  53.0000 295.0000 0000000   0.0000 193.4091 15.12078246437262
STARLINK-2310
1 55747U 98065A   24198.94572917 -.00022620  00000-0  13156-2 0  1000
2 55747  53.0000 295.0000 0000000   0.0000 209.7727 15.12078246502138
STARLINK-2311
1 48699U 98065A   24198.94572917 -.00022620  00000-0  13156-2 0  1003
2 48699  53.0000 295.0000 0000000   0.0000 226.1364 15.12078246517544
STARLINK-2312
1 58895U 98065A   24198.94572917 -.00022620  00000-0  13156-2 0  1004
2 58895  53.0000 295.0000 0000000   0.0000 242.5000 15.12078246453276
STARLINK-2313
1 67994U 98065A   24198.94572917 -.00022620  00000-0  13156-2 0  1000
2 67994  53.0000 295.0000 0000000   0.0000 258.8636 15.12078246553888
STARLINK-2314
1 24662U 98065A   24198.94572917 -.00022620  00000-0  13156-2 0  1006
2 24662  53.0000 295.0000 0000000   0.0000 275.2273 15.12078246268066
STARLINK-2315
1 92581U 98065A   24198.94572917 -.00022620  00000-0  13156-2 0  1008
2 92581  53.0000 295.0000 0000000   0.0000 291.5909 15.12078246491792
STARLINK-2316
1 43997U 98065A   24198.94572917 -.00022620  00000-0  13156-2 0  1000
2 43997  53.0000 295.0000 0000000   0.0000 307.9545 15.12078246247994
STARLINK-2317
1 54027U 98065A   24198.94572917 -.00022620  00000-0  13156-2 0  1006
2 54027  53.0000 295.0000 0000000   0.0000 324.3182 15.12078246161831
STARLINK-2318
1 59522U 98065A   24198.94572917 -.00022620  00000-0  13156-2 0  1007
2 59522  53.0000 295.0000 0000000   0.0000 340.6818 15.12078246526696
STARLINK-2319
1 99112U 98065A   24198.94572917 -.00022620  00000-0  13156-2 0  1003
2 99112  53.0000 295.0000 0000000   0.0000 357.0455 15.12078246889174
STARLINK-2320
1 27610U 98065A   24198.94572917 -.00022620  00000-0  13156-2 0  1004
2 27610  53.0000 300.0000 0000000   0.0000  13.6364 15.12078246632856
STARLINK-2321
1 60842U 98065A   24198.94572917 -.00022620  00000-0  13156-2 0  1004
2 60842  53.0000 300.0000 0000000   0.0000  30.0000 15.12078246762482
STARLINK-2322
1 94029U 98065A   24198.94572917 -.00022620  00000-0  13156-2 0  1008
2 94029  53.0000 300.0000 0000000   0.0000  46.3636 15.12078246261933
STARLINK-2323
1 82210U 98065A   24198.94572917 -.00022620  00000-0  13156-2 0  1007
2 82210  53.0000 300.0000 0000000   0.0000  62.7273 15.12078246983144
STARLINK-2324
1 94087U 98065A   24198.94572917 -.00022620  00000-0  13156-2 0  1008
2 94087  53.0000 300.0000 0000000   0.0000  79.0909 15.12078246156843
STARLINK-2325
1 47014U 98065A   24198.94572917 -.00022620  00000-0  13156-2 0  1004
2 47014  53.0000 300.0000 0000000   0.0000  95.4545 15.12078246568104
STARLINK-2326
1 85171U 98065A   24198.94572917 -.00022620  00000-0  13156-2 0  1001
2 85171  53.0000 300.0000 0000000   0.0000 111.8182 15.12078246146971
STARLINK-2327
1 59555U 98065A   24198.94572917 -.00022620  00000-0  13156-2 0  1001
2 59555  53.0000 300.0000 0000000   0.0000 128.1818 15.12078246773450
STARLINK-2328
1 25343U 98065A   24198.94572917 -.00022620  00000-0  13156-2 0  1007
2 25343  53.0000 300.0000 0000000   0.0000 144.5455 15.12078246269992
STARLINK-2329
1 51259U 98065A   24198.94572917 -.00022620  00000-0  13156-2 0  1000
2 51259  53.0000 300.0000 0000000   0.0000 160.9091 15.12078246617086
STARLINK-2330
1 87443U 98065A   24198.94572917 -.00022620  00000-0  13156-2 0  1004
2 87443  53.0000 300.0000 0000000   0.0000 177.2727 15.12078246567167
STARLINK-2331
1 50622U 98065A   24198.94572917 -.00022620  00000-0  13156-2 0  1007
2 50622  53.0000 300.0000 0000000   0.0000 193.6364 15.12078246895681
STARLINK-2332
1 97053U 98065A   24198.94572917 -.00022620  00000-0  13156-2 0  1001
2 97053  53.0000 300.0000 0000000   0.0000 210.0000 15.12078246859802
STARLINK-2333
1 69871U 98065A   24198.94572917 -.00022620  00000-0  13156-2 0  1003
2 69871  53.0000 300.0000 0000000   0.0000 226.3636 15.12078246708947
STARLINK-2334
1 91292U 98065A   24198.94572917 -.00022620  00000-0  13156-2 0  1002
2 91292  53.0000 300.0000 0000000   0.0000 242.7273 15.12078246553343
STARLINK-2335
1 32398U 98065A   24198.94572917 -.00022620  00000-0  13156-2 0  1000
2 32398  53.0000 300.0000 0000000   0.0000 259.0909 15.12078246128792
STARLINK-2336
1 17464U 98065A   24198.94572917 -.00022620  00000-0  13156-2 0  1002
2 17464  53.0000 300.0000 0000000   0.0000 275.4545 15.12078246153237
STARLINK-2337
1 17839U 98065A   24198.94572917 -.00022620  00000-0  13156-2 0  1005
2 17839  53.0000 300.0000 0000000   0.0000 291.8182 15.12078246577145
STARLINK-2338
1 32573U 98065A   24198.94572917 -.00022620  00000-0  13156-2 0  1004
2 32573  53.0000 300.0000 0000000   0.0000 308.1818 15.12078246576116
STARLINK-2339
1 22822U 98065A   24198.94572917 -.00022620  00000-0  13156-2 0  1003
2 22822  53.0000 300.0000 0000000   0.0000 324.5455 15.12078246350302
STARLINK-2340
1 97678U 98065A   24198.94572917 -.00022620  00000-0  13156-2 0  1002
2 97678  53.0000 300.0000 0000000   0.0000 340.9091 15.12078246875484
STARLINK-2341
1 53384U 98065A   24198.94572917 -.00022620  00000-0  13156-2 0  1007
2 53384  53.0000 300.0000 0000000   0.0000 357.2727 15.12078246307206
STARLINK-2342
1 29767U 98065A   24198.94572917 -.00022620  00000-0  13156-2 0  1000
2 29767  53.0000 305.0000 0000000   0.0000  13.8636 15.12078246836593
STARLINK-2343
1 99437U 98065A   24198.94572917 -.00022620  00000-0  13156-2 0  1000
2 99437  53.0000 305.0000 0000000   0.0000  30.2273 15.12078246407133
STARLINK-2344
1 61409U 98065A   24198.94572917 -.00022620  00000-0  13156-2 0  1004
2 61409  53.0000 305.0000 0000000   0.0000  46.5909 15.12078246409713
STARLINK-2345
1 96703U 98065A   24198.94572917 -.00022620  00000-0  13156-2 0  1006
2 96703  53.0000 305.0000 0000000   0.0000  62.9545 15.12078246365673
STARLINK-2346
1 73084U 98065A   24198.94572917 -.00022620  00000-0  13156-2 0  1004
2 73084  53.0000 305.0000 0000000   0.0000  79.3182 15.12078246957597
STARLINK-2347
1 79718U 98065A   24198.94572917 -.00022620  00000-0  13156-2 0  1003
2 79718  53.0000 305.0000 0000000   0.0000  95.6818 15.12078246388556
STARLINK-2348
1 50325U 98065A   24198.94572917 -.00022620  00000-0  13156-2 0  1007
2 50325  53.0000 305.0000 0000000   0.0000 112.0455 15.12078246501007
STARLINK-2349
1 48396U 98065A   24198.94572917 -.00022620  00000-0  13156-2 0  1001
2 48396  53.0000 305.0000 0000000   0.0000 128.4091 15.12078246880645
STARLINK-2350
1 31661U 98065A   24198.94572917 -.00022620  00000-0  13156-2 0  1005
2 31661  53.0000 305.0000 0000000   0.0000 144.7727 15.12078246737075
STARLINK-2351
1 11696U 98065A   24198.94572917 -.00022620  00000-0  13156-2 0  1007
2 11696  53.0000 305.0000 0000000   0.0000 161.1364 15.12078246586424
STARLINK-2352
1 39100U 98065A   24198.94572917 -.00022620  00000-0  13156-2 0  1003
2 39100  53.0000 305.0000 0000000   0.0000 177.5000 15.12078246416524
STARLINK-2353
1 25874U 98065A   24198.94572917 -.00022620  00000-0  13156-2 0  1005
2 25874  53.0000 305.0000 0000000   0.0000 193.8636 15.12078246569912
STARLINK-2354
1 96047U 98065A   24198.94572917 -.00022620  00000-0  13156-2 0  1001
2 96047  53.0000 305.0000 0000000   0.0000 210.2273 15.12078246336473
STARLINK-2355
1 90691U 98065A   24198.94572917 -.00022620  00000-0  13156-2 0  1007
2 90691  53.0000 305.0000 0000000   0.0000 226.5909 15.12078246231587
STARLINK-2356
1 12625U 98065A   24198.94572917 -.00022620  00000-0  13156-2 0  1006
2 12625  53.0000 305.0000 0000000   0.0000 242.9545 15.12078246927162
STARLINK-2357
1 94574U 98065A   24198.94572917 -.00022620  00000-0  13156-2 0  1008
2 94574  53.0000 305.0000 0000000   0.0000 259.3182 15.12078246197297
STARLINK-2358
1 26670U 98065A   24198.94572917 -.00022620  00000-0  13156-2 0  1006
2 26670  53.0000 305.0000 0000000   0.0000 275.6818 15.12078246937331
STARLINK-2359
1 28838U 98065A   24198.94572917 -.00022620  00000-0  13156-2 0  1008
2 28838  53.0000 305.0000 0000000   0.0000 292.0455 15.12078246581052
STARLINK-2360
1 82242U 98065A   24198.94572917 -.00022620  00000-0  13156-2 0  1006
2 82242  53.0000 305.0000 0000000   0.0000 308.4091 15.12078246350904
STARLINK-2361
1 54656U 98065A   24198.94572917 -.00022620  00000-0  13156-2 0  1008
2 54656  53.0000 305.0000 0000000   0.0000 324.7727 15.12078246892824
STARLINK-2362
1 90996U 98065A   24198.94572917 -.00022620  00000-0  13156-2 0  1001
2 90996  53.0000 305.0000 0000000   0.0000 341.1364 15.12078246647074
STARLINK-2363
1 49521U 98065A   24198.94572917 -.00022620  00000-0  13156-2 0  1006
2 49521  53.0000 305.0000 0000000   0.0000 357.5000 15.12078246720627
STARLINK-2364
1 83136U 98065A   24198.94572917 -.00022620  00000-0  13156-2 0  1002
2 83136  53.0000 310.0000 0000000   0.0000  14.0909 15.12078246912770
STARLINK-2365
1 15977U 98065A   24198.94572917 -.00022620  00000-0  13156-2 0  1000
2 15977  53.0000 310.0000 0000000   0.0000  30.4545 15.12078246956703
STARLINK-2366
1 47254U 98065A   24198.94572917 -.00022620  00000-0  13156-2 0  1003
2 47254  53.0000 310.0000 0000000   0.0000  46.8182 15.12078246590950
STARLINK-2367
1 55463U 98065A   24198.94572917 -.00022620  00000-0  13156-2 0  1002
2 55463  53.0000 310.0000 0000000   0.0000  63.1818 15.12078246184530
STARLINK-2368
1 11187U 98065A   24198.94572917 -.00022620  00000-0  13156-2 0  1007
2 11187  53.0000 310.0000 0000000   0.0000  79.5455 15.12078246788636
STARLINK-2369
1 70784U 98065A   24198.94572917 -.00022620  00000-0  13156-2 0  1003
2 70784  53.0000 310.0000 0000000   0.0000  95.9091 15.12078246685318
STARLINK-2370
1 41096U 98065A   24198.94572917 -.00022620  00000-0  13156-2 0  1006
2 41096  53.0000 310.0000 0000000   0.0000 112.2727 15.12078246548310
STARLINK-2371
1 12759U 98065A   24198.94572917 -.00022620  00000-0  13156-2 0  1007
2 12759  53.0000 310.0000 0000000   0.0000 128.6364 15.12078246454705
STARLINK-2372
1 25588U 98065A   24198.94572917 -.00022620  00000-0  13156-2 0  1000
2 25588  53.0000 310.0000 0000000   0.0000 145.0000 15.12078246103854
STARLINK-2373
1 95060U 98065A   24198.94572917 -.00022620  00000-0  13156-2 0  1000
2 95060  53.0000 310.0000 0000000   0.0000 161.3636 15.12078246771768
STARLINK-2374
1 21965U 98065A   24198.94572917 -.00022620  00000-0  13156-2 0  1002
2 21965  53.0000 310.0000 0000000   0.0000 177.7273 15.12078246535451
STARLINK-2375
1 11061U 98065A   24198.94572917 -.00022620  00000-0  13156-2 0  1007
2 11061  53.0000 310.0000 0000000   0.0000 194.0909 15.12078246705327
STARLINK-2376
1 63324U 98065A   24198.94572917 -.00022620  00000-0  13156-2 0  1004
2 63324  53.0000 310.0000 0000000   0.0000 210.4545 15.12078246993171
STARLINK-2377
1 84934U 98065A   24198.94572917 -.00022620  00000-0  13156-2 0  1008
2 84934  53.0000 310.0000 0000000   0.0000 226.8182 15.12078246760748
STARLINK-2378
1 18794U 98065A   24198.94572917 -.00022620  00000-0  13156-2 0  1001
2 18794  53.0000 310.0000 0000000   0.0000 243.1818 15.12078246938188
STARLINK-2379
1 70746U 98065A   24198.94572917 -.00022620  00000-0  13156-2 0  1004
2 70746  53.0000 310.0000 0000000   0.0000 259.5455 15.12078246371147
STARLINK-2380
1 55578U 98065A   24198.94572917 -.00022620  00000-0  13156-2 0  1001
2 55578  53.0000 310.0000 0000000   0.0000 275.9091 15.12078246470081
STARLINK-2381
1 15208U 98065A   24198.94572917 -.00022620  00000-0  13156-2 0  1007
2 15208  53.0000 310.0000 0000000   0.0000 292.2727 15.12078246782996
STARLINK-2382
1 56359U 98065A   24198.94572917 -.00022620  00000-0  13156-2 0  1003
2 56359  53.0000 310.0000 0000000   0.0000 308.6364 15.12078246105922
STARLINK-2383
1 73596U 98065A   24198.94572917 -.00022620  00000-0  13156-2 0  1005
2 73596  53.0000 310.0000 0000000   0.0000 325.0000 15.12078246370094
STARLINK-2384
1 29832U 98065A   24198.94572917 -.00022620  00000-0  13156-2 0  1001
2 29832  53.0000 310.0000 0000000   0.0000 341.3636 15.12078246380401
STARLINK-2385
1 49376U 98065A   24198.94572917 -.00022620  00000-0  13156-2 0  1008
2 49376  53.0000 310.0000 0000000   0.0000 357.7273 15.12078246999505
STARLINK-2386
1 40376U 98065A   24198.94572917 -.00022620  00000-0  13156-2 0  1001
2 40376  53.0000 315.0000 0000000   0.0000  14.3182 15.12078246234562
STARLINK-2387
1 91493U 98065A   24198.94572917 -.00022620  00000-0  13156-2 0  1006
2 91493  53.0000 315.0000 0000000   0.0000  30.6818 15.12078246916096
STARLINK-2388
1 11829U 98065A   24198.94572917 -.00022620  00000-0  13156-2 0  1005
2 11829  53.0000 315.0000 0000000   0.0000  47.0455 15.12078246633606
STARLINK-2389
1 45912U 98065A   24198.94572917 -.00022620  00000-0  13156-2 0  1001
2 45912  53.0000 315.0000 0000000   0.0000  63.4091 15.12078246147673
STARLINK-2390
1 84330U 98065A   24198.94572917 -.00022620  00000-0  13156-2 0  1005
2 84330  53.0000 315.0000 0000000   0.0000  79.7727 15.12078246657750
STARLINK-2391
1 22732U 98065A   24198.94572917 -.00022620  00000-0  13156-2 0  1006
2 22732  53.0000 315.0000 0000000   0.0000  96.1364 15.12078246363748
STARLINK-2392
1 44769U 98065A   24198.94572917 -.00022620  00000-0  13156-2 0  1008
2 44769  53.0000 315.0000 0000000   0.0000 112.5000 15.12078246429650
STARLINK-2393
1 90223U 98065A   24198.94572917 -.00022620  00000-0  13156-2 0  1002
2 90223  53.0000 315.0000 0000000   0.0000 128.8636 15.12078246898291
STARLINK-2394
1 66489U 98065A   24198.94572917 -.00022620  00000-0  13156-2 0  1006
2 66489  53.0000 315.0000 0000000   0.0000 145.2273 15.12078246895203
STARLINK-2395
1 21062U 98065A   24198.94572917 -.00022620  00000-0  13156-2 0  1006
2 21062  53.0000 315.0000 0000000   0.0000 161.5909 15.12078246191641
STARLINK-2396
1 38768U 98065A   24198.94572917 -.00022620  00000-0  13156-2 0  1006
2 38768  53.0000 315.0000 0000000   0.0000 177.9545 15.12078246325161
STARLINK-2397
1 86784U 98065A   24198.94572917 -.00022620  00000-0  13156-2 0  1006
2 86784  53.0000 315.0000 0000000   0.0000 194.3182 15.12078246414452
STARLINK-2398
1 29231U 98065A   24198.94572917 -.00022620  00000-0  13156-2 0  1003
2 29231  53.0000 315.0000 0000000   0.0000 210.6818 15.12078246533860
STARLINK-2399
1 87323U 98065A   24198.94572917 -.00022620  00000-0  13156-2 0  1006
2 87323  53.0000 315.0000 0000000   0.0000 227.0455 15.12078246497592
STARLINK-2400
1 91841U 98065A   24198.94572917 -.00022620  00000-0  13156-2 0  1004
2 91841  53.0000 315.0000 0000000   0.0000 243.4091 15.12078246941190
STARLINK-2401
1 46162U 98065A   24198.94572917 -.00022620  00000-0  13156-2 0  1001
2 46162  53.0000 315.0000 0000000   0.0000 259.7727 15.12078246917030
STARLINK-2402
1 97957U 98065A   24198.94572917 -.00022620  00000-0  13156-2 0  1003
2 97957  53.0000 315.0000 0000000   0.0000 276.1364 15.12078246474662
STARLINK-2403
1 54758U 98065A   24198.94572917 -.00022620  00000-0  13156-2 0  1007
2 54758  53.0000 315.0000 0000000   0.0000 292.5000 15.12078246724574
STARLINK-2404
1 30755U 98065A   24198.94572917 -.00022620  00000-0  13156-2 0  1001
2 30755  53.0000 315.0000 0000000   0.0000 308.8636 15.12078246326813
STARLINK-2405
1 21765U 98065A   24198.94572917 -.00022620  00000-0  13156-2 0  1008
2 21765  53.0000 315.0000 0000000   0.0000 325.2273 15.12078246420882
STARLINK-2406
1 29485U 98065A   24198.94572917 -.00022620  00000-0  13156-2 0  1001
2 29485  53.0000 315.0000 0000000   0.0000 341.5909 15.12078246732788
STARLINK-2407
1 82196U 98065A   24198.94572917 -.00022620  00000-0  13156-2 0  1008
2 82196  53.0000 315.0000 0000000   0.0000 357.9545 15.12078246964572
STARLINK-2408
1 45997U 98065A   24198.94572917 -.00022620  00000-0  13156-2 0  1007
2 45997  53.0000 320.0000 0000000   0.0000  14.5455 15.12078246873455
STARLINK-2409
1 88561U 98065A   24198.94572917 -.00022620  00000-0  13156-2 0  1000
2 88561  53.0000 320.0000 0000000   0.0000  30.9091 15.12078246132027
STARLINK-2410
1 91825U 98065A   24198.94572917 -.00022620  00000-0  13156-2 0  1007
2 91825  53.0000 320.0000 0000000   0.0000  47.2727 15.12078246286884
STARLINK-2411
1 22173U 98065A   24198.94572917 -.00022620  00000-0  13156-2 0  1007
2 22173  53.0000 320.0000 0000000   0.0000  63.6364 15.12078246400324
STARLINK-2412
1 21465U 98065A   24198.94572917 -.00022620  00000-0  13156-2 0  1001
2 21465  53.0000 320.0000 0000000   0.0000  80.0000 15.12078246536908
STARLINK-2413
1 72870U 98065A   24198.94572917 -.00022620  00000-0  13156-2 0  1001
2 72870  53.0000 320.0000 0000000   0.0000  96.3636 15.12078246474080
STARLINK-2414
1 83933U 98065A   24198.94572917 -.00022620  00000-0  13156-2 0  1007
2 83933  53.0000 320.0000 0000000   0.0000 112.7273 15.12078246749795
STARLINK-2415
1 21789U 98065A   24198.94572917 -.00022620  00000-0  13156-2 0  1005
2 21789  53.0000 320.0000 0000000   0.0000 129.0909 15.12078246783618
STARLINK-2416
1 44398U 98065A   24198.94572917 -.00022620  00000-0  13156-2 0  1006
2 44398  53.0000 320.0000 0000000   0.0000 145.4545 15.12078246538394
STARLINK-2417
1 63718U 98065A   24198.94572917 -.00022620  00000-0  13156-2 0  1007
2 63718  53.0000 320.0000 0000000   0.0000 161.8182 15.12078246686444
STARLINK-2418
1 40718U 98065A   24198.94572917 -.00022620  00000-0  13156-2 0  1005
2 40718  53.0000 320.0000 0000000   0.0000 178.1818 15.12078246726108
STARLINK-2419
1 10141U 98065A   24198.94572917 -.00022620  00000-0  13156-2 0  1001
2 10141  53.0000 320.0000 0000000   0.0000 194.5455 15.12078246977518
STARLINK-2420
1 81386U 98065A   24198.94572917 -.00022620  00000-0  13156-2 0  1005
2 81386  53.0000 320.0000 0000000   0.0000 210.9091 15.12078246973730
STARLINK-2421
1 68283U 98065A   24198.94572917 -.00022620  00000-0  13156-2 0  1001
2 68283  53.0000 320.0000 0000000   0.0000 227.2727 15.12078246284670
STARLINK-2422
1 56617U 98065A   24198.94572917 -.00022620  00000-0  13156-2 0  1006
2 56617  53.0000 320.0000 0000000   0.0000 243.6364 15.12078246509562
STARLINK-2423
1 33495U 98065A   24198.94572917 -.00022620  00000-0  13156-2 0  1002
2 33495  53.0000 320.0000 0000000   0.0000 260.0000 15.12078246796563
STARLINK-2424
1 75704U 98065A   24198.94572917 -.00022620  00000-0  13156-2 0  1000
2 75704  53.0000 320.0000 0000000   0.0000 276.3636 15.12078246510115
STARLINK-2425
1 64628U 98065A   24198.94572917 -.00022620  00000-0  13156-2 0  1007
2 64628  53.0000 320.0000 0000000   0.0000 292.7273 15.12078246668854
STARLINK-2426
1 15795U 98065A   24198.94572917 -.00022620  00000-0  13156-2 0  1008
2 15795  53.0000 320.0000 0000000   0.0000 309.0909 15.12078246726751
STARLINK-2427
1 20679U 98065A   24198.94572917 -.00022620  00000-0  13156-2 0  1000
2 20679  53.0000 320.0000 0000000   0.0000 325.4545 15.12078246626318
STARLINK-2428
1 76592U 98065A   24198.94572917 -.00022620  00000-0  13156-2 0  1004
2 76592  53.0000 320.0000 0000000   0.0000 341.8182 15.12078246166415
STARLINK-2429
1 86334U 98065A   24198.94572917 -.00022620  00000-0  13156-2 0  1006
2 86334  53.0000 320.0000 0000000   0.0000 358.1818 15.12078246176203
STARLINK-2430
1 39923U 98065A   24198.94572917 -.00022620  00000-0  13156-2 0  1004
2 39923  53.0000 325.0000 0000000   0.0000  14.7727 15.12078246301868
STARLINK-2431
1 94205U 98065A   24198.94572917 -.00022620  00000-0  13156-2 0  1001
2 94205  53.0000 325.0000 0000000   0.0000  31.1364 15.12078246753452
STARLINK-2432
1 16845U 98065A   24198.94572917 -.00022620  00000-0  13156-2 0  1005
2 16845  53.0000 325.0000 0000000   0.0000  47.5000 15.12078246490838
STARLINK-2433
1 16416U 98065A   24198.94572917 -.00022620  00000-0  13156-2 0  1004
2 16416  53.0000 325.0000 0000000   0.0000  63.8636 15.12078246346791
STARLINK-2434
1 62922U 98065A   24198.94572917 -.00022620  00000-0  13156-2 0  1003
2 62922  53.0000 325.0000 0000000   0.0000  80.2273 15.12078246966610
STARLINK-2435
1 42109U 98065A   24198.94572917 -.00022620  00000-0  13156-2 0  1000
2 42109  53.0000 325.0000 0000000   0.0000  96.5909 15.12078246148784
STARLINK-2436
1 38424U 98065A   24198.94572917 -.00022620  00000-0  13156-2 0  1007
2 38424  53.0000 325.0000 0000000   0.0000 112.9545 15.12078246138081
STARLINK-2437
1 59847U 98065A   24198.94572917 -.00022620  00000-0  13156-2 0  1001
2 59847  53.0000 325.0000 0000000   0.0000 129.3182 15.12078246264864
STARLINK-2438
1 35448U 98065A   24198.94572917 -.00022620  00000-0  13156-2 0  1003
2 35448  53.0000 325.0000 0000000   0.0000 145.6818 15.12078246211441
STARLINK-2439
1 28754U 98065A   24198.94572917 -.00022620  00000-0  13156-2 0  1004
2 28754  53.0000 325.0000 0000000   0.0000 162.0455 15.12078246407935
STARLINK-2440
1 68170U 98065A   24198.94572917 -.00022620  00000-0  13156-2 0  1008
2 68170  53.0000 325.0000 0000000   0.0000 178.4091 15.12078246603333
STARLINK-2441
1 50949U 98065A   24198.94572917 -.00022620  00000-0  13156-2 0  1006
2 50949  53.0000 325.0000 0000000   0.0000 194.7727 15.12078246999008
STARLINK-2442
1 24625U 98065A   24198.94572917 -.00022620  00000-0  13156-2 0  1007
2 24625  53.0000 325.0000 0000000   0.0000 211.1364 15.12078246537957
STARLINK-2443
1 19111U 98065A   24198.94572917 -.00022620  00000-0  13156-2 0  1002
2 19111  53.0000 325.0000 0000000   0.0000 227.5000 15.12078246367373
STARLINK-2444
1 52776U 98065A   24198.94572917 -.00022620  00000-0  13156-2 0  1008
2 52776  53.0000 325.0000 0000000   0.0000 243.8636 15.12078246669491
STARLINK-2445
1 39571U 98065A   24198.94572917 -.00022620  00000-0  13156-2 0  1007
2 39571  53.0000 325.0000 0000000   0.0000 260.2273 15.12078246494518
STARLINK-2446
1 97946U 98065A   24198.94572917 -.00022620  00000-0  13156-2 0  1007
2 97946  53.0000 325.0000 0000000   0.0000 276.5909 15.12078246600142
STARLINK-2447
1 64179U 98065A   24198.94572917 -.00022620  00000-0  13156-2 0  1001
2 64179  53.0000 325.0000 0000000   0.0000 292.9545 15.12078246640783
STARLINK-2448
1 84507U 98065A   24198.94572917 -.00022620  00000-0  13156-2 0  1007
2 84507  53.0000 325.0000 0000000   0.0000 309.3182 15.12078246691050
STARLINK-2449
1 36021U 98065A   24198.94572917 -.00022620  00000-0  13156-2 0  1001
2 36021  53.0000 325.0000 0000000   0.0000 325.6818 15.12078246144211
STARLINK-2450
1 54922U 98065A   24198.94572917 -.00022620  00000-0  13156-2 0  1002
2 54922  53.0000 325.0000 0000000   0.0000 342.0455 15.12078246833330
STARLINK-2451
1 31070U 98065A   24198.94572917 -.00022620  00000-0  13156-2 0  1004
2 31070  53.0000 325.0000 0000000   0.0000 358.4091 15.12078246929533
STARLINK-2452
1 78306U 98065A   24198.94572917 -.00022620  00000-0  13156-2 0  1007
2 78306  53.0000 330.0000 0000000   0.0000  15.0000 15.12078246611876
STARLINK-2453
1 50221U 98065A   24198.94572917 -.00022620  00000-0  13156-2 0  1005
2 50221  53.0000 330.0000 0000000   0.0000  31.3636 15.12078246999115
STARLINK-2454
1 43212U 98065A   24198.94572917 -.00022620  00000-0  13156-2 0  1000
2 43212  53.0000 330.0000 0000000   0.0000  47.7273 15.12078246391093
STARLINK-2455
1 78650U 98065A   24198.94572917 -.00022620  00000-0  13156-2 0  1001
2 78650  53.0000 330.0000 0000000   0.0000  64.0909 15.12078246522455
STARLINK-2456
1 16540U 98065A   24198.94572917 -.00022620  00000-0  13156-2 0  1008
2 16540  53.0000 330.0000 0000000   0.0000  80.4545 15.12078246439780
STARLINK-2457
1 87294U 98065A   24198.94572917 -.00022620  00000-0  13156-2 0  1008
2 87294  53.0000 330.0000 0000000   0.0000  96.8182 15.12078246155120
STARLINK-2458
1 91828U 98065A   24198.94572917 -.00022620  00000-0  13156-2 0  1003
2 91828  53.0000 330.0000 0000000   0.0000 113.1818 15.12078246907281
STARLINK-2459
1 73103U 98065A   24198.94572917 -.00022620  00000-0  13156-2 0  1007
2 73103  53.0000 330.0000 0000000   0.0000 129.5455 15.12078246622135
STARLINK-2460
1 67218U 98065A   24198.94572917 -.00022620  00000-0  13156-2 0  1002
2 67218  53.0000 330.0000 0000000   0.0000 145.9091 15.12078246988846
STARLINK-2461
1 37991U 98065A   24198.94572917 -.00022620  00000-0  13156-2 0  1008
2 37991  53.0000 330.0000 0000000   0.0000 162.2727 15.12078246208073
STARLINK-2462
1 22008U 98065A   24198.94572917 -.00022620  00000-0  13156-2 0  1007
2 22008  53.0000 330.0000 0000000   0.0000 178.6364 15.12078246367697
STARLINK-2463
1 43641U 98065A   24198.94572917 -.00022620  00000-0  13156-2 0  1006
2 43641  53.0000 330.0000 0000000   0.0000 195.0000 15.12078246219951
STARLINK-2464
1 65808U 98065A   24198.94572917 -.00022620  00000-0  13156-2 0  1001
2 65808  53.0000 330.0000 0000000   0.0000 211.3636 15.12078246808252
STARLINK-2465
1 69888U 98065A   24198.94572917 -.00022620  00000-0  13156-2 0  1003
2 69888  53.0000 330.0000 0000000   0.0000 227.7273 15.12078246477841
STARLINK-2466
1 68893U 98065A   24198.94572917 -.00022620  00000-0  13156-2 0  1002
2 68893  53.0000 330.0000 0000000   0.0000 244.0909 15.12078246106517
STARLINK-2467
1 46840U 98065A   24198.94572917 -.00022620  00000-0  13156-2 0  1003
2 46840  53.0000 330.0000 0000000   0.0000 260.4545 15.12078246119050
STARLINK-2468
1 71210U 98065A   24198.94572917 -.00022620  00000-0  13156-2 0  1008
2 71210  53.0000 330.0000 0000000   0.0000 276.8182 15.12078246251878
STARLINK-2469
1 20578U 98065A   24198.94572917 -.00022620  00000-0  13156-2 0  1006
2 20578  53.0000 330.0000 0000000   0.0000 293.1818 15.12078246273358
STARLINK-2470
1 90661U 98065A   24198.94572917 -.00022620  00000-0  13156-2 0  1001
2 90661  53.0000 330.0000 0000000   0.0000 309.5455 15.12078246893926
STARLINK-2471
1 63849U 98065A   24198.94572917 -.00022620  00000-0  13156-2 0  1003
2 63849  53.0000 330.0000 0000000   0.0000 325.9091 15.12078246368638
STARLINK-2472
1 39927U 98065A   24198.94572917 -.00022620  00000-0  13156-2 0  1001
2 39927  53.0000 330.0000 0000000   0.0000 342.2727 15.12078246750747
STARLINK-2473
1 84555U 98065A   24198.94572917 -.00022620  00000-0  13156-2 0  1002
2 84555  53.0000 330.0000 0000000   0.0000 358.6364 15.12078246223488
STARLINK-2474
1 11509U 98065A   24198.94572917 -.00022620  00000-0  13156-2 0  1001
2 11509  53.0000 335.0000 0000000   0.0000  15.2273 15.12078246568350
STARLINK-2475
1 74134U 98065A   24198.94572917 -.00022620  00000-0  13156-2 0  1001
2 74134  53.0000 335.0000 0000000   0.0000  31.5909 15.12078246435475
STARLINK-2476
1 49170U 98065A   24198.94572917 -.00022620  00000-0  13156-2 0  1002
2 49170  53.0000 335.0000 0000000   0.0000  47.9545 15.12078246156483
STARLINK-2477
1 31080U 98065A   24198.94572917 -.00022620  00000-0  13156-2 0  1000
2 31080  53.0000 335.0000 0000000   0.0000  64.3182 15.12078246958672
STARLINK-2478
1 34640U 98065A   24198.94572917 -.00022620  00000-0  13156-2 0  1007
2 34640  53.0000 335.0000 0000000   0.0000  80.6818 15.12078246185452
STARLINK-2479
1 14600U 98065A   24198.94572917 -.00022620  00000-0  13156-2 0  1008
2 14600  53.0000 335.0000 0000000   0.0000  97.0455 15.12078246635090
STARLINK-2480
1 11227U 98065A   24198.94572917 -.00022620  00000-0  13156-2 0  1000
2 11227  53.0000 335.0000 0000000   0.0000 113.4091 15.12078246753381
STARLINK-2481
1 89886U 98065A   24198.94572917 -.00022620  00000-0  13156-2 0  1000
2 89886  53.0000 335.0000 0000000   0.0000 129.7727 15.12078246466262
STARLINK-2482
1 19666U 98065A   24198.94572917 -.00022620  00000-0  13156-2 0  1002
2 19666  53.0000 335.0000 0000000   0.0000 146.1364 15.12078246186305
STARLINK-2483
1 52605U 98065A   24198.94572917 -.00022620  00000-0  13156-2 0  1001
2 52605  53.0000 335.0000 0000000   0.0000 162.5000 15.12078246414588
STARLINK-2484
1 35900U 98065A   24198.94572917 -.00022620  00000-0  13156-2 0  1005
2 35900  53.0000 335.0000 0000000   0.0000 178.8636 15.12078246925147
STARLINK-2485
1 55151U 98065A   24198.94572917 -.00022620  00000-0  13156-2 0  1007
2 55151  53.0000 335.0000 0000000   0.0000 195.2273 15.12078246557392
STARLINK-2486
1 69770U 98065A   24198.94572917 -.00022620  00000-0  13156-2 0  1005
2 69770  53.0000 335.0000 0000000   0.0000 211.5909 15.12078246855025
STARLINK-2487
1 14027U 98065A   24198.94572917 -.00022620  00000-0  13156-2 0  1007
2 14027  53.0000 335.0000 0000000   0.0000 227.9545 15.12078246353495
STARLINK-2488
1 93023U 98065A   24198.94572917 -.00022620  00000-0  13156-2 0  1000
2 93023  53.0000 335.0000 0000000   0.0000 244.3182 15.12078246801844
STARLINK-2489
1 64919U 98065A   24198.94572917 -.00022620  00000-0  13156-2 0  1001
2 64919  53.0000 335.0000 0000000   0.0000 260.6818 15.12078246368191
STARLINK-2490
1 54336U 98065A   24198.94572917 -.00022620  00000-0  13156-2 0  1008
2 54336  53.0000 335.0000 0000000   0.0000 277.0455 15.12078246265820
STARLINK-2491
1 51419U 98065A   24198.94572917 -.00022620  00000-0  13156-2 0  1005
2 51419  53.0000 335.0000 0000000   0.0000 293.4091 15.12078246633960
STARLINK-2492
1 46243U 98065A   24198.94572917 -.00022620  00000-0  13156-2 0  1002
2 46243  53.0000 335.0000 0000000   0.0000 309.7727 15.12078246927093
STARLINK-2493
1 11276U 98065A   24198.94572917 -.00022620  00000-0  13156-2 0  1005
2 11276  53.0000 335.0000 0000000   0.0000 326.1364 15.12078246422754
STARLINK-2494
1 83412U 98065A   24198.94572917 -.00022620  00000-0  13156-2 0  1002
2 83412  53.0000 335.0000 0000000   0.0000 342.5000 15.12078246272033
STARLINK-2495
1 28289U 98065A   24198.94572917 -.00022620  00000-0  13156-2 0  1008
2 28289  53.0000 335.0000 0000000   0.0000 358.8636 15.12078246334378
STARLINK-2496
1 79417U 98065A   24198.94572917 -.00022620  00000-0  13156-2 0  1005
2 79417  53.0000 340.0000 0000000   0.0000  15.4545 15.12078246821497
STARLINK-2497
1 94676U 98065A   24198.94572917 -.00022620  00000-0  13156-2 0  1001
2 94676  53.0000 340.0000 0000000   0.0000  31.8182 15.12078246430692
STARLINK-2498
1 79636U 98065A   24198.94572917 -.00022620  00000-0  13156-2 0  1008
2 79636  53.0000 340.0000 0000000   0.0000  48.1818 15.12078246823460
STARLINK-2499
1 23712U 98065A   24198.94572917 -.00022620  00000-0  13156-2 0  1008
2 23712  53.0000 340.0000 0000000   0.0000  64.5455 15.12078246703081
STARLINK-2500
1 22849U 98065A   24198.94572917 -.00022620  00000-0  13156-2 0  1001
2 22849  53.0000 340.0000 0000000   0.0000  80.9091 15.12078246863156
STARLINK-2501
1 14618U 98065A   24198.94572917 -.00022620  00000-0  13156-2 0  1001
2 14618  53.0000 340.0000 0000000   0.0000  97.2727 15.12078246353360
STARLINK-2502
1 82733U 98065A   24198.94572917 -.00022620  00000-0  13156-2 0  1007
2 82733  53.0000 340.0000 0000000   0.0000 113.6364 15.12078246546992
STARLINK-2503
1 24055U 98065A   24198.94572917 -.00022620  00000-0  13156-2 0  1005
2 24055  53.0000 340.0000 0000000   0.0000 130.0000 15.12078246404352
STARLINK-2504
1 32447U 98065A   24198.94572917 -.00022620  00000-0  13156-2 0  1007
2 32447  53.0000 340.0000 0000000   0.0000 146.3636 15.12078246611777
STARLINK-2505
1 74450U 98065A   24198.94572917 -.00022620  00000-0  13156-2 0  1005
2 74450  53.0000 340.0000 0000000   0.0000 162.7273 15.12078246231004
STARLINK-2506
1 26820U 98065A   24198.94572917 -.00022620  00000-0  13156-2 0  1005
2 26820  53.0000 340.0000 0000000   0.0000 179.0909 15.12078246122210
STARLINK-2507
1 40894U 98065A   24198.94572917 -.00022620  00000-0  13156-2 0  1002
2 40894  53.0000 340.0000 0000000   0.0000 195.4545 15.12078246661180
STARLINK-2508
1 61962U 98065A   24198.94572917 -.00022620  00000-0  13156-2 0  1004
2 61962  53.0000 340.0000 0000000   0.0000 211.8182 15.12078246769770
STARLINK-2509
1 33405U 98065A   24198.94572917 -.00022620  00000-0  13156-2 0  1000
2 33405  53.0000 340.0000 0000000   0.0000 228.1818 15.12078246312772
STARLINK-2510
1 84362U 98065A   24198.94572917 -.00022620  00000-0  13156-2 0  1004
2 84362  53.0000 340.0000 0000000   0.0000 244.5455 15.12078246568753
STARLINK-2511
1 79511U 98065A   24198.94572917 -.00022620  00000-0  13156-2 0  1003
2 79511  53.0000 340.0000 0000000   0.0000 260.9091 15.12078246792228
STARLINK-2512
1 96377U 98065A   24198.94572917 -.00022620  00000-0  13156-2 0  1007
2 96377  53.0000 340.0000 0000000   0.0000 277.2727 15.12078246922138
STARLINK-2513
1 79567U 98065A   24198.94572917 -.00022620  00000-0  13156-2 0  1003
2 79567  53.0000 340.0000 0000000   0.0000 293.6364 15.12078246854897
STARLINK-2514
1 47013U 98065A   24198.94572917 -.00022620  00000-0  13156-2 0  1001
2 47013  53.0000 340.0000 0000000   0.0000 310.0000 15.12078246330432
STARLINK-2515
1 42490U 98065A   24198.94572917 -.00022620  00000-0  13156-2 0  1006
2 42490  53.0000 340.0000 0000000   0.0000 326.3636 15.12078246803145
STARLINK-2516
1 64044U 98065A   24198.94572917 -.00022620  00000-0  13156-2 0  1002
2 64044  53.0000 340.0000 0000000   0.0000 342.7273 15.12078246304518
STARLINK-2517
1 69826U 98065A   24198.94572917 -.00022620  00000-0  13156-2 0  1005
2 69826  53.0000 340.0000 0000000   0.0000 359.0909 15.12078246537837
STARLINK-2518
1 82046U 98065A   24198.94572917 -.00022620  00000-0  13156-2 0  1008
2 82046  53.0000 345.0000 0000000   0.0000  15.6818 15.12078246198177
STARLINK-2519
1 57566U 98065A   24198.94572917 -.00022620  00000-0  13156-2 0  1007
2 57566  53.0000 345.0000 0000000   0.0000  32.0455 15.12078246438420
STARLINK-2520
1 88155U 98065A   24198.94572917 -.00022620  00000-0  13156-2 0  1007
2 88155  53.0000 345.0000 0000000   0.0000  48.4091 15.12078246857795
STARLINK-2521
1 73820U 98065A   24198.94572917 -.00022620  00000-0  13156-2 0  1005
2 73820  53.0000 345.0000 0000000   0.0000  64.7727 15.12078246878022
STARLINK-2522
1 44485U 98065A   24198.94572917 -.00022620  00000-0  13156-2 0  1002
2 44485  53.0000 345.0000 0000000   0.0000  81.1364 15.12078246934941
STARLINK-2523
1 82982U 98065A   24198.94572917 -.00022620  00000-0  13156-2 0  1000
2 82982  53.0000 345.0000 0000000   0.0000  97.5000 15.12078246767998
STARLINK-2524
1 31959U 98065A   24198.94572917 -.00022620  00000-0  13156-2 0  1003
2 31959  53.0000 345.0000 0000000   0.0000 113.8636 15.12078246368083
STARLINK-2525
1 10925U 98065A   24198.94572917 -.00022620  00000-0  13156-2 0  1001
2 10925  53.0000 345.0000 0000000   0.0000 130.2273 15.12078246843223
STARLINK-2526
1 84207U 98065A   24198.94572917 -.00022620  00000-0  13156-2 0  1007
2 84207  53.0000 345.0000 0000000   0.0000 146.5909 15.12078246936711
STARLINK-2527
1 91182U 98065A   24198.94572917 -.00022620  00000-0  13156-2 0  1008
2 91182  53.0000 345.0000 0000000   0.0000 162.9545 15.12078246685050
STARLINK-2528
1 82671U 98065A   24198.94572917 -.00022620  00000-0  13156-2 0  1006
2 82671  53.0000 345.0000 0000000   0.0000 179.3182 15.12078246848171
STARLINK-2529
1 79286U 98065A   24198.94572917 -.00022620  00000-0  13156-2 0  1002
2 79286  53.0000 345.0000 0000000   0.0000 195.6818 15.12078246809603
STARLINK-2530
1 13309U 98065A   24198.94572917 -.00022620  00000-0  13156-2 0  1002
2 13309  53.0000 345.0000 0000000   0.0000 212.0455 15.12078246919451
STARLINK-2531
1 84954U 98065A   24198.94572917 -.00022620  00000-0  13156-2 0  1008
2 84954  53.0000 345.0000 0000000   0.0000 228.4091 15.12078246375853
STARLINK-2532
1 19756U 98065A   24198.94572917 -.00022620  00000-0  13156-2 0  1003
2 19756  53.0000 345.0000 0000000   0.0000 244.7727 15.12078246811941
STARLINK-2533
1 67810U 98065A   24198.94572917 -.00022620  00000-0  13156-2 0  1001
2 67810  53.0000 345.0000 0000000   0.0000 261.1364 15.12078246165687
STARLINK-2534
1 87119U 98065A   24198.94572917 -.00022620  00000-0  13156-2 0  1004
2 87119  53.0000 345.0000 0000000   0.0000 277.5000 15.12078246759131
STARLINK-2535
1 41283U 98065A   24198.94572917 -.00022620  00000-0  13156-2 0  1006
2 41283  53.0000 345.0000 0000000   0.0000 293.8636 15.12078246674442
STARLINK-2536
1 81384U 98065A   24198.94572917 -.00022620  00000-0  13156-2 0  1004
2 81384  53.0000 345.0000 0000000   0.0000 310.2273 15.12078246348262
STARLINK-2537
1 66657U 98065A   24198.94572917 -.00022620  00000-0  13156-2 0  1002
2 66657  53.0000 345.0000 0000000   0.0000 326.5909 15.12078246530234
STARLINK-2538
1 44972U 98065A   24198.94572917 -.00022620  00000-0  13156-2 0  1007
2 44972  53.0000 345.0000 0000000   0.0000 342.9545 15.12078246324642
STARLINK-2539
1 28139U 98065A   24198.94572917 -.00022620  00000-0  13156-2 0  1007
2 28139  53.0000 345.0000 0000000   0.0000 359.3182 15.12078246458550
STARLINK-2540
1 48583U 98065A   24198.94572917 -.00022620  00000-0  13156-2 0  1004
2 48583  53.0000 350.0000 0000000   0.0000  15.9091 15.12078246965286
STARLINK-2541
1 81402U 98065A   24198.94572917 -.00022620  00000-0  13156-2 0  1000
2 81402  53.0000 350.0000 0000000   0.0000  32.2727 15.12078246834463
STARLINK-2542
1 93342U 98065A   24198.94572917 -.00022620  00000-0  13156-2 0  1004
2 93342  53.0000 350.0000 0000000   0.0000  48.6364 15.12078246231614
STARLINK-2543
1 25538U 98065A   24198.94572917 -.00022620  00000-0  13156-2 0  1004
2 25538  53.0000 350.0000 0000000   0.0000  65.0000 15.12078246689372
STARLINK-2544
1 88434U 98065A   24198.94572917 -.00022620  00000-0  13156-2 0  1001
2 88434  53.0000 350.0000 0000000   0.0000  81.3636 15.12078246424693
STARLINK-2545
1 13394U 98065A   24198.94572917 -.00022620  00000-0  13156-2 0  1005
2 13394  53.0000 350.0000 0000000   0.0000  97.7273 15.12078246369308
STARLINK-2546
1 59033U 98065A   24198.94572917 -.00022620  00000-0  13156-2 0  1000
2 59033  53.0000 350.0000 0000000   0.0000 114.0909 15.12078246632500
STARLINK-2547
1 49505U 98065A   24198.94572917 -.00022620  00000-0  13156-2 0  1003
2 49505  53.0000 350.0000 0000000   0.0000 130.4545 15.12078246776761
STARLINK-2548
1 86233U 98065A   24198.94572917 -.00022620  00000-0  13156-2 0  1006
2 86233  53.0000 350.0000 0000000   0.0000 146.8182 15.12078246128995
STARLINK-2549
1 43678U 98065A   24198.94572917 -.00022620  00000-0  13156-2 0  1003
2 43678  53.0000 350.0000 0000000   0.0000 163.1818 15.12078246528037
STARLINK-2550
1 34193U 98065A   24198.94572917 -.00022620  00000-0  13156-2 0  1002
2 34193  53.0000 350.0000 0000000   0.0000 179.5455 15.12078246843761
STARLINK-2551
1 83065U 98065A   24198.94572917 -.00022620  00000-0  13156-2 0  1005
2 83065  53.0000 350.0000 0000000   0.0000 195.9091 15.12078246346538
STARLINK-2552
1 77313U 98065A   24198.94572917 -.00022620  00000-0  13156-2 0  1002
2 77313  53.0000 350.0000 0000000   0.0000 212.2727 15.12078246669506
STARLINK-2553
1 85597U 98065A   24198.94572917 -.00022620  00000-0  13156-2 0  1008
2 85597  53.0000 350.0000 0000000   0.0000 228.6364 15.12078246767744
STARLINK-2554
1 50615U 98065A   24198.94572917 -.00022620  00000-0  13156-2 0  1001
2 50615  53.0000 350.0000 0000000   0.0000 245.0000 15.12078246280152
STARLINK-2555
1 70098U 98065A   24198.94572917 -.00022620  00000-0  13156-2 0  1004
2 70098  53.0000 350.0000 0000000   0.0000 261.3636 15.12078246115793
STARLINK-2556
1 57612U 98065A   24198.94572917 -.00022620  00000-0  13156-2 0  1005
2 57612  53.0000 350.0000 0000000   0.0000 277.7273 15.12078246664220
STARLINK-2557
1 60271U 98065A   24198.94572917 -.00022620  00000-0  13156-2 0  1000
2 60271  53.0000 350.0000 0000000   0.0000 294.0909 15.12078246348827
STARLINK-2558
1 44153U 98065A   24198.94572917 -.00022620  00000-0  13156-2 0  1004
2 44153  53.0000 350.0000 0000000   0.0000 310.4545 15.12078246965865
STARLINK-2559
1 98385U 98065A   24198.94572917 -.00022620  00000-0  13156-2 0  1004
2 98385  53.0000 350.0000 0000000   0.0000 326.8182 15.12078246680636
STARLINK-2560
1 50375U 98065A   24198.94572917 -.00022620  00000-0  13156-2 0  1007
2 50375  53.0000 350.0000 0000000   0.0000 343.1818 15.12078246794734
STARLINK-2561
1 46082U 98065A   24198.94572917 -.00022620  00000-0  13156-2 0  1003
2 46082  53.0000 350.0000 0000000   0.0000 359.5455 15.12078246745262
STARLINK-2562
1 33139U 98065A   24198.94572917 -.00022620  00000-0  13156-2 0  1000
2 33139  53.0000 355.0000 0000000   0.0000  16.1364 15.12078246797878
STARLINK-2563
1 62168U 98065A   24198.94572917 -.00022620  00000-0  13156-2 0  1006
2 62168  53.0000 355.0000 0000000   0.0000  32.5000 15.12078246871705
STARLINK-2564
1 42088U 98065A   24198.94572917 -.00022620  00000-0  13156-2 0  1005
2 42088  53.0000 355.0000 0000000   0.0000  48.8636 15.12078246212034
STARLINK-2565
1 43872U 98065A   24198.94572917 -.00022620  00000-0  13156-2 0  1004
2 43872  53.0000 355.0000 0000000   0.0000  65.2273 15.12078246482184
STARLINK-2566
1 80957U 98065A   24198.94572917 -.00022620  00000-0  13156-2 0  1003
2 80957  53.0000 355.0000 0000000   0.0000  81.5909 15.12078246109506
STARLINK-2567
1 99630U 98065A   24198.94572917 -.00022620  00000-0  13156-2 0  1008
2 99630  53.0000 355.0000 0000000   0.0000  97.9545 15.12078246488903
STARLINK-2568
1 86952U 98065A   24198.94572917 -.00022620  00000-0  13156-2 0  1007
2 86952  53.0000 355.0000 0000000   0.0000 114.3182 15.12078246111475
STARLINK-2569
1 79807U 98065A   24198.94572917 -.00022620  00000-0  13156-2 0  1008
2 79807  53.0000 355.0000 0000000   0.0000 130.6818 15.12078246309953
STARLINK-2570
1 78971U 98065A   24198.94572917 -.00022620  00000-0  13156-2 0  1004
2 78971  53.0000 355.0000 0000000   0.0000 147.0455 15.12078246434673
STARLINK-2571
1 76517U 98065A   24198.94572917 -.00022620  00000-0  13156-2 0  1002
2 76517  53.0000 355.0000 0000000   0.0000 163.4091 15.12078246985327
STARLINK-2572
1 68575U 98065A   24198.94572917 -.00022620  00000-0  13156-2 0  1004
2 68575  53.0000 355.0000 0000000   0.0000 179.7727 15.12078246760777
STARLINK-2573
1 35967U 98065A   24198.94572917 -.00022620  00000-0  13156-2 0  1000
2 35967  53.0000 355.0000 0000000   0.0000 196.1364 15.12078246634202
STARLINK-2574
1 74540U 98065A   24198.94572917 -.00022620  00000-0  13156-2 0  1004
2 74540  53.0000 355.0000 0000000   0.0000 212.5000 15.12078246548705
STARLINK-2575
1 57349U 98065A   24198.94572917 -.00022620  00000-0  13156-2 0  1005
2 57349  53.0000 355.0000 0000000   0.0000 228.8636 15.12078246725848
STARLINK-2576
1 72810U 98065A   24198.94572917 -.00022620  00000-0  13156-2 0  1002
2 72810  53.0000 355.0000 0000000   0.0000 245.2273 15.12078246511383
STARLINK-2577
1 25190U 98065A   24198.94572917 -.00022620  00000-0  13156-2 0  1005
2 25190  53.0000 355.0000 0000000   0.0000 261.5909 15.12078246247603
STARLINK-2578
1 35663U 98065A   24198.94572917 -.00022620  00000-0  13156-2 0  1002
2 35663  53.0000 355.0000 0000000   0.0000 277.9545 15.12078246799930
STARLINK-2579
1 46203U 98065A   24198.94572917 -.00022620  00000-0  13156-2 0  1002
2 46203  53.0000 355.0000 0000000   0.0000 294.3182 15.12078246853901
STARLINK-2580
1 29065U 98065A   24198.94572917 -.00022620  00000-0  13156-2 0  1004
2 29065  53.0000 355.0000 0000000   0.0000 310.6818 15.12078246916926
STARLINK-2581
1 63271U 98065A   24198.94572917 -.00022620  00000-0  13156-2 0  1000
2 63271  53.0000 355.0000 0000000   0.0000 327.0455 15.12078246606868
STARLINK-2582
1 89361U 98065A   24198.94572917 -.00022620  00000-0  13156-2 0  1001
2 89361  53.0000 355.0000 0000000   0.0000 343.4091 15.12078246928957
STARLINK-2583
1 23523U 98065A   24198.94572917 -.00022620  00000-0  13156-2 0  1002
2 23523  53.0000 355.0000 0000000   0.0000 359.7727 15.12078246808426
