0,1,2330.36,500
0,59,2330.65,500
0,62,4119.96,500
0,1439,4410.41,500
1,0,2330.36,500
1,2,2330.07,500
1,63,3906.95,500
1,1380,4283.72,500
2,1,2330.07,500
2,3,2329.76,500
2,64,3653.58,500
2,1381,4111.93,500
3,2,2329.76,500
3,4,2329.46,500
3,65,3363.18,500
3,1382,3897.18,500
4,3,2329.46,500
4,5,2329.17,500
4,66,3039.76,500
4,1383,3642.19,500
5,4,2329.17,500
5,6,2328.89,500
5,67,2688.24,500
5,1384,3350.33,500
6,5,2328.89,500
6,7,2328.64,500
6,68,2314.76,500
6,1385,3025.64,500
7,6,2328.64,500
7,8,2328.42,500
7,69,1927.71,500
7,1386,2673.07,500
8,7,2328.42,500
8,9,2328.24,500
8,70,1540.09,500
8,1387,2298.84,500
9,8,2328.24,500
9,10,2328.09,500
9,71,1176.49,500
9,1388,1911.45,500
10,9,2328.09,500
10,11,2328.0,500
10,72,892.03,500
10,1389,1524.23,500
11,10,2328.0,500
11,12,2327.96,500
11,73,795.15,500
11,1390,1162.5,500
12,11,2327.96,500
12,13,2327.96,500
12,74,949.13,500
12,1391,883.35,500
13,12,2327.96,500
13,14,2328.02,500
13,75,1260.88,500
13,1392,796.77,500
14,13,2328.02,500
14,15,2328.13,500
14,76,1633.77,500
14,1393,959.85,500
15,14,2328.13,500
15,16,2328.28,500
15,77,2022.88,500
15,1394,1275.64,500
16,15,2328.28,500
16,17,2328.48,500
16,78,2407.58,500
16,1395,1649.85,500
17,16,2328.48,500
17,18,2328.71,500
17,79,2776.36,500
17,1396,2039.1,500
18,17,2328.71,500
18,19,2328.97,500
18,80,3121.53,500
18,1397,2423.33,500
19,18,2328.97,500
19,20,2329.25,500
19,81,3437.3,500
19,1398,2791.26,500
20,19,2329.25,500
20,21,2329.54,500
20,82,3719.0,500
20,1399,3135.31,500
21,20,2329.54,500
21,22,2329.85,500
21,83,3962.8,500
21,1400,3449.74,500
22,21,2329.85,500
22,23,2330.15,500
22,84,4165.53,500
22,1401,3729.94,500
23,22,2330.15,500
23,24,2330.44,500
23,85,4324.62,500
23,1402,3972.09,500
24,23,2330.44,500
24,25,2330.72,500
24,86,4438.11,500
24,1403,4173.04,500
25,24,2330.72,500
25,26,2330.98,500
25,87,4504.61,500
25,1404,4330.27,500
26,25,2330.98,500
26,27,2331.22,500
26,88,4523.29,500
26,1405,4441.83,500
27,26,2331.22,500
27,28,2331.42,500
27,89,4493.93,500
27,1406,4506.34,500
28,27,2331.42,500
28,29,2331.6,500
28,90,4416.88,500
28,1407,4523.03,500
29,28,2331.6,500
29,30,2331.74,500
29,91,4293.05,500
29,1408,4491.67,500
30,29,2331.74,500
30,31,2331.85,500
30,92,4123.97,500
30,1409,4412.64,500
31,30,2331.85,500
31,32,2331.93,500
31,93,3911.72,500
31,1410,4286.9,500
32,31,2331.93,500
32,33,2331.99,500
32,94,3659.01,500
32,1411,4115.97,500
33,32,2331.99,500
33,34,2332.02,500
33,95,3369.16,500
33,1412,3901.98,500
34,33,2332.02,500
34,35,2332.04,500
34,96,3046.22,500
34,1413,3647.65,500
35,34,2332.04,500
35,36,2332.03,500
35,97,2695.12,500
35,1414,3356.34,500
36,35,2332.03,500
36,37,2332.02,500
36,98,2322.1,500
36,1415,3032.12,500
37,36,2332.02,500
37,38,2332.0,500
37,99,1935.64,500
37,1416,2679.97,500
38,37,2332.0,500
38,39,2331.98,500
38,100,1548.97,500
38,1417,2306.19,500
39,38,2331.98,500
39,40,2331.97,500
39,101,1187.0,500
39,1418,1919.41,500
40,39,2331.97,500
40,41,2331.95,500
40,102,904.94,500
40,1419,1533.16,500
41,40,2331.95,500
41,42,2331.95,500
41,103,809.31,500
41,1420,1173.09,500
42,41,2331.95,500
42,43,2331.95,500
42,104,961.42,500
42,1421,896.37,500
43,42,2331.95,500
43,44,2331.96,500
43,105,1270.89,500
43,1422,810.91,500
44,43,2331.96,500
44,45,2331.97,500
44,106,1642.34,500
44,1423,972.03,500
45,44,2331.97,500
45,46,2331.99,500
45,107,2030.62,500
45,1424,1285.58,500
46,45,2331.99,500
46,47,2332.01,500
46,108,2414.77,500
46,1425,1658.38,500
47,46,2332.01,500
47,48,2332.03,500
47,109,2783.12,500
47,1426,2046.81,500
48,47,2332.03,500
48,49,2332.04,500
48,110,3127.86,500
48,1427,2430.5,500
49,48,2332.04,500
49,50,2332.04,500
49,111,3443.14,500
49,1428,2798.0,500
50,49,2332.04,500
50,51,2332.02,500
50,112,3724.26,500
50,1429,3141.62,500
51,50,2332.02,500
51,52,2331.98,500
51,113,3967.38,500
51,1430,3455.56,500
52,51,2331.98,500
52,53,2331.92,500
52,114,4169.31,500
52,1431,3735.18,500
53,52,2331.92,500
53,54,2331.83,500
53,115,4327.52,500
53,1432,3976.63,500
54,53,2331.83,500
54,55,2331.71,500
54,116,4440.04,500
54,1433,4176.79,500
55,54,2331.71,500
55,56,2331.55,500
55,117,4505.52,500
55,1434,4333.13,500
56,55,2331.55,500
56,57,2331.37,500
56,118,4523.16,500
56,1435,4443.72,500
57,56,2331.37,500
57,58,2331.16,500
57,119,4492.76,500
57,1436,4507.21,500
58,57,2331.16,500
58,59,2330.91,500
58,60,4414.69,500
58,1437,4522.85,500
59,0,2330.65,500
59,58,2330.91,500
59,61,4289.91,500
59,1438,4490.45,500
60,58,4414.69,500
60,61,2330.38,500
60,119,2330.66,500
60,122,4127.92,500
61,59,4289.91,500
61,60,2330.38,500
61,62,2330.08,500
61,123,3916.65,500
62,0,4119.96,500
62,61,2330.08,500
62,63,2329.78,500
62,124,3664.9,500
63,1,3906.95,500
63,62,2329.78,500
63,64,2329.47,500
63,125,3375.97,500
64,2,3653.58,500
64,63,2329.47,500
64,65,2329.18,500
64,126,3053.84,500
65,3,3363.18,500
65,64,2329.18,500
65,66,2328.9,500
65,127,2703.37,500
66,4,3039.76,500
66,65,2328.9,500
66,67,2328.65,500
66,128,2330.67,500
67,5,2688.24,500
67,66,2328.65,500
67,68,2328.43,500
67,129,1943.96,500
68,6,2314.76,500
68,67,2328.43,500
68,69,2328.24,500
68,130,1556.0,500
69,7,1927.71,500
69,68,2328.24,500
69,70,2328.1,500
69,131,1190.61,500
70,8,1540.09,500
70,69,2328.1,500
70,71,2328.0,500
70,132,901.04,500
71,9,1176.49,500
71,70,2328.0,500
71,72,2327.96,500
71,133,794.0,500
72,10,892.03,500
72,71,2327.96,500
72,73,2327.96,500
72,134,938.68,500
73,11,795.15,500
73,72,2327.96,500
73,74,2328.02,500
73,135,1246.21,500
74,12,949.13,500
74,73,2328.02,500
74,75,2328.12,500
74,136,1617.71,500
75,13,1260.88,500
75,74,2328.12,500
75,76,2328.27,500
75,137,2006.66,500
76,14,1633.77,500
76,75,2328.27,500
76,77,2328.47,500
76,138,2391.81,500
77,15,2022.88,500
77,76,2328.47,500
77,78,2328.7,500
77,139,2761.42,500
78,16,2407.58,500
78,77,2328.7,500
78,79,2328.96,500
78,140,3107.7,500
79,17,2776.36,500
79,78,2328.96,500
79,80,2329.24,500
79,141,3424.79,500
80,18,3121.53,500
80,79,2329.24,500
80,81,2329.53,500
80,142,3708.0,500
81,19,3437.3,500
81,80,2329.53,500
81,82,2329.83,500
81,143,3953.44,500
82,20,3719.0,500
82,81,2329.83,500
82,83,2330.14,500
82,144,4157.94,500
83,21,3962.8,500
83,82,2330.14,500
83,84,2330.43,500
83,145,4318.89,500
84,22,4165.53,500
84,83,2330.43,500
84,85,2330.71,500
84,146,4434.31,500
85,23,4324.62,500
85,84,2330.71,500
85,86,2330.97,500
85,147,4502.79,500
86,24,4438.11,500
86,85,2330.97,500
86,87,2331.21,500
86,148,4523.47,500
87,25,4504.61,500
87,86,2331.21,500
87,88,2331.41,500
87,149,4496.11,500
88,26,4523.29,500
88,87,2331.41,500
88,89,2331.59,500
88,150,4421.03,500
89,27,4493.93,500
89,88,2331.59,500
89,90,2331.73,500
89,151,4299.13,500
90,28,4416.88,500
90,89,2331.73,500
90,91,2331.85,500
90,152,4131.89,500
91,29,4293.05,500
91,90,2331.85,500
91,92,2331.93,500
91,153,3921.39,500
92,30,4123.97,500
92,91,2331.93,500
92,93,2331.99,500
92,154,3670.31,500
93,31,3911.72,500
93,92,2331.99,500
93,94,2332.02,500
93,155,3381.93,500
94,32,3659.01,500
94,93,2332.02,500
94,95,2332.04,500
94,156,3060.28,500
95,33,3369.16,500
95,94,2332.04,500
95,96,2332.03,500
95,157,2710.24,500
96,34,3046.22,500
96,95,2332.03,500
96,97,2332.02,500
96,158,2337.98,500
97,35,2695.12,500
97,96,2332.02,500
97,98,2332.0,500
97,159,1951.86,500
98,36,2322.1,500
98,97,2332.0,500
98,99,2331.99,500
98,160,1564.83,500
99,37,1935.64,500
99,98,2331.99,500
99,100,2331.97,500
99,161,1201.03,500
100,38,1548.97,500
100,99,2331.97,500
100,101,2331.95,500
100,162,913.85,500
101,39,1187.0,500
101,100,2331.95,500
101,102,2331.95,500
101,163,808.18,500
102,40,904.94,500
102,101,2331.95,500
102,103,2331.95,500
102,164,951.07,500
103,41,809.31,500
103,102,2331.95,500
103,104,2331.96,500
103,165,1256.3,500
104,42,961.42,500
104,103,2331.96,500
104,105,2331.97,500
104,166,1626.33,500
105,43,1270.89,500
105,104,2331.97,500
105,106,2331.99,500
105,167,2014.42,500
106,44,1642.34,500
106,105,2331.99,500
106,107,2332.01,500
106,168,2399.02,500
107,45,2030.62,500
107,106,2332.01,500
107,108,2332.03,500
107,169,2768.2,500
108,46,2414.77,500
108,107,2332.03,500
108,109,2332.04,500
108,170,3114.05,500
109,47,2783.12,500
109,108,2332.04,500
109,110,2332.04,500
109,171,3430.65,500
110,48,3127.86,500
110,109,2332.04,500
110,111,2332.02,500
110,172,3713.28,500
111,49,3443.14,500
111,110,2332.02,500
111,112,2331.98,500
111,173,3958.05,500
112,50,3724.26,500
112,111,2331.98,500
112,113,2331.92,500
112,174,4161.76,500
113,51,3967.38,500
113,112,2331.92,500
113,114,2331.83,500
113,175,4321.83,500
114,52,4169.31,500
114,113,2331.83,500
114,115,2331.71,500
114,176,4436.29,500
115,53,4327.52,500
115,114,2331.71,500
115,116,2331.56,500
115,177,4503.74,500
116,54,4440.04,500
116,115,2331.56,500
116,117,2331.38,500
116,178,4523.38,500
117,55,4505.52,500
117,116,2331.38,500
117,118,2331.17,500
117,179,4494.98,500
118,56,4523.16,500
118,117,2331.17,500
118,119,2330.92,500
118,120,4418.88,500
119,57,4492.76,500
119,60,2330.66,500
119,118,2330.92,500
119,121,4296.03,500
120,118,4418.88,500
120,121,2330.39,500
120,179,2330.67,500
120,182,4135.8,500
121,119,4296.03,500
121,120,2330.39,500
121,122,2330.09,500
121,183,3926.28,500
122,60,4127.92,500
122,121,2330.09,500
122,123,2329.79,500
122,184,3676.16,500
123,61,3916.65,500
123,122,2329.79,500
123,124,2329.49,500
123,185,3388.7,500
124,62,3664.9,500
124,123,2329.49,500
124,125,2329.19,500
124,186,3067.86,500
125,63,3375.97,500
125,124,2329.19,500
125,126,2328.91,500
125,187,2718.47,500
126,64,3053.84,500
126,125,2328.91,500
126,127,2328.66,500
126,188,2346.54,500
127,65,2703.37,500
127,126,2328.66,500
127,128,2328.44,500
127,189,1960.21,500
128,66,2330.67,500
128,127,2328.44,500
128,129,2328.25,500
128,190,1571.94,500
129,67,1943.96,500
129,128,2328.25,500
129,130,2328.1,500
129,191,1204.85,500
130,68,1556.0,500
130,129,2328.1,500
130,131,2328.01,500
130,192,910.36,500
131,69,1190.61,500
131,130,2328.01,500
131,132,2327.96,500
131,193,793.32,500
132,70,901.04,500
132,131,2327.96,500
132,133,2327.96,500
132,194,928.51,500
133,71,794.0,500
133,132,2327.96,500
133,134,2328.02,500
133,195,1231.65,500
134,72,938.68,500
134,133,2328.02,500
134,135,2328.12,500
134,196,1601.68,500
135,73,1246.21,500
135,134,2328.12,500
135,136,2328.27,500
135,197,1990.42,500
136,74,1617.71,500
136,135,2328.27,500
136,137,2328.46,500
136,198,2376.0,500
137,75,2006.66,500
137,136,2328.46,500
137,138,2328.69,500
137,199,2746.44,500
138,76,2391.81,500
138,137,2328.69,500
138,139,2328.94,500
138,200,3093.82,500
139,77,2761.42,500
139,138,2328.94,500
139,140,2329.22,500
139,201,3412.22,500
140,78,3107.7,500
140,139,2329.22,500
140,141,2329.52,500
140,202,3696.92,500
141,79,3424.79,500
141,140,2329.52,500
141,142,2329.82,500
141,203,3944.01,500
142,80,3708.0,500
142,141,2329.82,500
142,143,2330.12,500
142,204,4150.27,500
143,81,3953.44,500
143,142,2330.12,500
143,144,2330.42,500
143,205,4313.08,500
144,82,4157.94,500
144,143,2330.42,500
144,145,2330.7,500
144,206,4430.43,500
145,83,4318.89,500
145,144,2330.7,500
145,146,2330.96,500
145,207,4500.88,500
146,84,4434.31,500
146,145,2330.96,500
146,147,2331.2,500
146,208,4523.57,500
147,85,4502.79,500
147,146,2331.2,500
147,148,2331.4,500
147,209,4498.21,500
148,86,4523.47,500
148,147,2331.4,500
148,149,2331.58,500
148,210,4425.1,500
149,87,4496.11,500
149,148,2331.58,500
149,150,2331.73,500
149,211,4305.12,500
150,88,4421.03,500
150,149,2331.73,500
150,151,2331.84,500
150,212,4139.74,500
151,89,4299.13,500
151,150,2331.84,500
151,152,2331.93,500
151,213,3930.99,500
152,90,4131.89,500
152,151,2331.93,500
152,153,2331.99,500
152,214,3681.54,500
153,91,3921.39,500
153,152,2331.99,500
153,154,2332.02,500
153,215,3394.64,500
154,92,3670.31,500
154,153,2332.02,500
154,155,2332.04,500
154,216,3074.29,500
155,93,3381.93,500
155,154,2332.04,500
155,156,2332.04,500
155,217,2725.32,500
156,94,3060.28,500
156,155,2332.04,500
156,157,2332.02,500
156,218,2353.83,500
157,95,2710.24,500
157,156,2332.02,500
157,158,2332.01,500
157,219,1968.08,500
158,96,2337.98,500
158,157,2332.01,500
158,159,2331.99,500
158,220,1580.72,500
159,97,1951.86,500
159,158,2331.99,500
159,160,2331.97,500
159,221,1215.19,500
160,98,1564.83,500
160,159,2331.97,500
160,161,2331.95,500
160,222,923.07,500
161,99,1201.03,500
161,160,2331.95,500
161,162,2331.95,500
161,223,807.51,500
162,100,913.85,500
162,161,2331.95,500
162,163,2331.95,500
162,224,941.01,500
163,101,808.18,500
163,162,2331.95,500
163,164,2331.96,500
163,225,1241.82,500
164,102,951.07,500
164,163,2331.96,500
164,165,2331.97,500
164,226,1610.35,500
165,103,1256.3,500
165,164,2331.97,500
165,166,2331.99,500
165,227,1998.21,500
166,104,1626.33,500
166,165,2331.99,500
166,167,2332.01,500
166,228,2383.24,500
167,105,2014.42,500
167,166,2332.01,500
167,168,2332.03,500
167,229,2753.23,500
168,106,2399.02,500
168,167,2332.03,500
168,169,2332.04,500
168,230,3100.18,500
169,107,2768.2,500
169,168,2332.04,500
169,170,2332.04,500
169,231,3418.11,500
170,108,3114.05,500
170,169,2332.04,500
170,171,2332.02,500
170,232,3702.24,500
171,109,3430.65,500
171,170,2332.02,500
171,172,2331.99,500
171,233,3948.65,500
172,110,3713.28,500
172,171,2331.99,500
172,173,2331.92,500
172,234,4154.12,500
173,111,3958.05,500
173,172,2331.92,500
173,174,2331.84,500
173,235,4316.06,500
174,112,4161.76,500
174,173,2331.84,500
174,175,2331.72,500
174,236,4432.45,500
175,113,4321.83,500
175,174,2331.72,500
175,176,2331.57,500
175,237,4501.88,500
176,114,4436.29,500
176,175,2331.57,500
176,177,2331.39,500
176,238,4523.52,500
177,115,4503.74,500
177,176,2331.39,500
177,178,2331.17,500
177,239,4497.12,500
178,116,4523.38,500
178,177,2331.17,500
178,179,2330.94,500
178,180,4423.0,500
179,117,4494.98,500
179,120,2330.67,500
179,178,2330.94,500
179,181,4302.06,500
180,178,4423.0,500
180,181,2330.4,500
180,239,2330.68,500
180,242,4143.61,500
181,179,4302.06,500
181,180,2330.4,500
181,182,2330.11,500
181,243,3935.85,500
182,120,4135.8,500
182,181,2330.11,500
182,183,2329.8,500
182,244,3687.35,500
183,121,3926.28,500
183,182,2329.8,500
183,184,2329.5,500
183,245,3401.37,500
184,122,3676.16,500
184,183,2329.5,500
184,185,2329.2,500
184,246,3081.84,500
185,123,3388.7,500
185,184,2329.2,500
185,186,2328.93,500
185,247,2733.52,500
186,124,3067.86,500
186,185,2328.93,500
186,187,2328.67,500
186,248,2362.39,500
187,125,2718.47,500
187,186,2328.67,500
187,188,2328.44,500
187,249,1976.46,500
188,126,2346.54,500
188,187,2328.44,500
188,189,2328.26,500
188,250,1587.92,500
189,127,1960.21,500
189,188,2328.26,500
189,190,2328.11,500
189,251,1219.21,500
190,128,1571.94,500
190,189,2328.11,500
190,191,2328.01,500
190,252,919.99,500
191,129,1204.85,500
191,190,2328.01,500
191,192,2327.96,500
191,253,793.11,500
192,130,910.36,500
192,191,2327.96,500
192,193,2327.96,500
192,254,918.62,500
193,131,793.32,500
193,192,2327.96,500
193,194,2328.01,500
193,255,1217.2,500
194,132,928.51,500
194,193,2328.01,500
194,195,2328.11,500
194,256,1585.68,500
195,133,1231.65,500
195,194,2328.11,500
195,196,2328.26,500
195,257,1974.18,500
196,134,1601.68,500
196,195,2328.26,500
196,197,2328.45,500
196,258,2360.18,500
197,135,1990.42,500
197,196,2328.45,500
197,198,2328.68,500
197,259,2731.42,500
198,136,2376.0,500
198,197,2328.68,500
198,199,2328.93,500
198,260,3079.89,500
199,137,2746.44,500
199,198,2328.93,500
199,200,2329.21,500
199,261,3399.6,500
200,138,3093.82,500
200,199,2329.21,500
200,201,2329.51,500
200,262,3685.79,500
201,139,3412.22,500
201,200,2329.51,500
201,202,2329.81,500
201,263,3934.51,500
202,140,3696.92,500
202,201,2329.81,500
202,203,2330.11,500
202,264,4142.53,500
203,141,3944.01,500
203,202,2330.11,500
203,204,2330.41,500
203,265,4307.19,500
204,142,4150.27,500
204,203,2330.41,500
204,205,2330.69,500
204,266,4426.47,500
205,143,4313.08,500
205,204,2330.69,500
205,206,2330.95,500
205,267,4498.9,500
206,144,4430.43,500
206,205,2330.95,500
206,207,2331.19,500
206,268,4523.58,500
207,145,4500.88,500
207,206,2331.19,500
207,208,2331.4,500
207,269,4500.22,500
208,146,4523.57,500
208,207,2331.4,500
208,209,2331.58,500
208,270,4429.09,500
209,147,4498.21,500
209,208,2331.58,500
209,210,2331.72,500
209,271,4311.04,500
210,148,4425.1,500
210,209,2331.72,500
210,211,2331.84,500
210,272,4147.51,500
211,149,4305.12,500
211,210,2331.84,500
211,212,2331.93,500
211,273,3940.53,500
212,150,4139.74,500
212,211,2331.93,500
212,213,2331.99,500
212,274,3692.7,500
213,151,3930.99,500
213,212,2331.99,500
213,214,2332.02,500
213,275,3407.29,500
214,152,3681.54,500
214,213,2332.02,500
214,215,2332.04,500
214,276,3088.24,500
215,153,3394.64,500
215,214,2332.04,500
215,216,2332.04,500
215,277,2740.35,500
216,154,3074.29,500
216,215,2332.04,500
216,217,2332.02,500
216,278,2369.67,500
217,155,2725.32,500
217,216,2332.02,500
217,218,2332.01,500
217,279,1984.3,500
218,156,2353.83,500
218,217,2332.01,500
218,219,2331.99,500
218,280,1596.65,500
219,157,1968.08,500
219,218,2331.99,500
219,220,2331.97,500
219,281,1229.47,500
220,158,1580.72,500
220,219,2331.97,500
220,221,2331.95,500
220,282,932.59,500
221,159,1215.19,500
221,220,2331.95,500
221,222,2331.95,500
221,283,807.31,500
222,160,923.07,500
222,221,2331.95,500
222,223,2331.95,500
222,284,931.23,500
223,161,807.51,500
223,222,2331.95,500
223,224,2331.96,500
223,285,1227.44,500
224,162,941.01,500
224,223,2331.96,500
224,225,2331.97,500
224,286,1594.39,500
225,163,1241.82,500
225,224,2331.97,500
225,226,2331.99,500
225,287,1982.0,500
226,164,1610.35,500
226,225,2331.99,500
226,227,2332.01,500
226,288,2367.43,500
227,165,1998.21,500
227,226,2332.01,500
227,228,2332.03,500
227,289,2738.23,500
228,166,2383.24,500
228,227,2332.03,500
228,229,2332.04,500
228,290,3086.27,500
229,167,2753.23,500
229,228,2332.04,500
229,230,2332.04,500
229,291,3405.51,500
230,168,3100.18,500
230,229,2332.04,500
230,231,2332.02,500
230,292,3691.13,500
231,169,3418.11,500
231,230,2332.02,500
231,232,2331.99,500
231,293,3939.18,500
232,170,3702.24,500
232,231,2331.99,500
232,233,2331.93,500
232,294,4146.41,500
233,171,3948.65,500
233,232,2331.93,500
233,234,2331.84,500
233,295,4310.21,500
234,172,4154.12,500
234,233,2331.84,500
234,235,2331.72,500
234,296,4428.53,500
235,173,4316.06,500
235,234,2331.72,500
235,236,2331.57,500
235,297,4499.94,500
236,174,4432.45,500
236,235,2331.57,500
236,237,2331.39,500
236,298,4523.58,500
237,175,4501.88,500
237,236,2331.39,500
237,238,2331.18,500
237,299,4499.18,500
238,176,4523.52,500
238,237,2331.18,500
238,239,2330.95,500
238,240,4427.03,500
239,177,4497.12,500
239,180,2330.68,500
239,238,2330.95,500
239,241,4308.02,500
240,238,4427.03,500
240,241,2330.41,500
240,299,2330.69,500
240,302,4151.34,500
241,239,4308.02,500
241,240,2330.41,500
241,242,2330.12,500
241,303,3945.34,500
242,180,4143.61,500
242,241,2330.12,500
242,243,2329.81,500
242,304,3698.48,500
243,181,3935.85,500
243,242,2329.81,500
243,244,2329.51,500
243,305,3413.99,500
244,182,3687.35,500
244,243,2329.51,500
244,245,2329.22,500
244,306,3095.76,500
245,183,3401.37,500
245,244,2329.22,500
245,246,2328.94,500
245,307,2748.54,500
246,184,3081.84,500
246,245,2328.94,500
246,247,2328.68,500
246,308,2378.22,500
247,185,2733.52,500
247,246,2328.68,500
247,248,2328.45,500
247,309,1992.69,500
248,186,2362.39,500
248,247,2328.45,500
248,249,2328.26,500
248,310,1603.92,500
249,187,1976.46,500
249,248,2328.26,500
249,250,2328.12,500
249,311,1233.68,500
250,188,1587.92,500
250,249,2328.12,500
250,251,2328.01,500
250,312,929.92,500
251,189,1219.21,500
251,250,2328.01,500
251,252,2327.96,500
251,313,793.39,500
252,190,919.99,500
252,251,2327.96,500
252,253,2327.96,500
252,314,909.04,500
253,191,793.11,500
253,252,2327.96,500
253,254,2328.01,500
253,315,1202.85,500
254,192,918.62,500
254,253,2328.01,500
254,255,2328.11,500
254,316,1569.71,500
255,193,1217.2,500
255,254,2328.11,500
255,256,2328.25,500
255,317,1957.94,500
256,194,1585.68,500
256,255,2328.25,500
256,257,2328.44,500
256,318,2344.32,500
257,195,1974.18,500
257,256,2328.44,500
257,258,2328.67,500
257,319,2716.36,500
258,196,2360.18,500
258,257,2328.67,500
258,259,2328.92,500
258,320,3065.9,500
259,197,2731.42,500
259,258,2328.92,500
259,260,2329.2,500
259,321,3386.92,500
260,198,3079.89,500
260,259,2329.2,500
260,261,2329.49,500
260,322,3674.59,500
261,199,3399.6,500
261,260,2329.49,500
261,262,2329.8,500
261,323,3924.94,500
262,200,3685.79,500
262,261,2329.8,500
262,263,2330.1,500
262,324,4134.71,500
263,201,3934.51,500
263,262,2330.1,500
263,264,2330.39,500
263,325,4301.23,500
264,202,4142.53,500
264,263,2330.39,500
264,265,2330.68,500
264,326,4422.43,500
265,203,4307.19,500
265,264,2330.68,500
265,266,2330.94,500
265,327,4496.83,500
266,204,4426.47,500
266,265,2330.94,500
266,267,2331.18,500
266,328,4523.51,500
267,205,4498.9,500
267,266,2331.18,500
267,268,2331.39,500
267,329,4502.15,500
268,206,4523.58,500
268,267,2331.39,500
268,269,2331.57,500
268,330,4433.0,500
269,207,4500.22,500
269,268,2331.57,500
269,270,2331.72,500
269,331,4316.88,500
270,208,4429.09,500
270,269,2331.72,500
270,271,2331.84,500
270,332,4155.21,500
271,209,4311.04,500
271,270,2331.84,500
271,272,2331.92,500
271,333,3949.99,500
272,210,4147.51,500
272,271,2331.92,500
272,273,2331.98,500
272,334,3703.81,500
273,211,3940.53,500
273,272,2331.98,500
273,274,2332.02,500
273,335,3419.89,500
274,212,3692.7,500
274,273,2332.02,500
274,275,2332.04,500
274,336,3102.15,500
275,213,3407.29,500
275,274,2332.04,500
275,276,2332.04,500
275,337,2755.35,500
276,214,3088.24,500
276,275,2332.04,500
276,277,2332.02,500
276,338,2385.47,500
277,215,2740.35,500
277,276,2332.02,500
277,278,2332.01,500
277,339,2000.51,500
278,216,2369.67,500
278,277,2332.01,500
278,279,2331.99,500
278,340,1612.61,500
279,217,1984.3,500
279,278,2331.99,500
279,280,2331.97,500
279,341,1243.86,500
280,218,1596.65,500
280,279,2331.97,500
280,281,2331.96,500
280,342,942.41,500
281,219,1229.47,500
281,280,2331.96,500
281,282,2331.95,500
281,343,807.58,500
282,220,932.59,500
282,281,2331.95,500
282,283,2331.95,500
282,344,921.74,500
283,221,807.31,500
283,282,2331.95,500
283,284,2331.96,500
283,345,1213.18,500
284,222,931.23,500
284,283,2331.96,500
284,285,2331.97,500
284,346,1578.47,500
285,223,1227.44,500
285,284,2331.97,500
285,286,2331.99,500
285,347,1965.79,500
286,224,1594.39,500
286,285,2331.99,500
286,287,2332.01,500
286,348,2351.59,500
287,225,1982.0,500
287,286,2332.01,500
287,288,2332.03,500
287,349,2723.19,500
288,226,2367.43,500
288,287,2332.03,500
288,289,2332.04,500
288,350,3072.31,500
289,227,2738.23,500
289,288,2332.04,500
289,290,2332.04,500
289,351,3392.85,500
290,228,3086.27,500
290,289,2332.04,500
290,291,2332.02,500
290,352,3679.95,500
291,229,3405.51,500
291,290,2332.02,500
291,292,2331.99,500
291,353,3929.64,500
292,230,3691.13,500
292,291,2331.99,500
292,293,2331.93,500
292,354,4138.63,500
293,231,3939.18,500
293,292,2331.93,500
293,294,2331.84,500
293,355,4304.28,500
294,232,4146.41,500
294,293,2331.84,500
294,295,2331.73,500
294,356,4424.53,500
295,233,4310.21,500
295,294,2331.73,500
295,296,2331.58,500
295,357,4497.91,500
296,234,4428.53,500
296,295,2331.58,500
296,297,2331.4,500
296,358,4523.55,500
297,235,4499.94,500
297,296,2331.4,500
297,298,2331.19,500
297,359,4501.15,500
298,236,4523.58,500
298,297,2331.19,500
298,299,2330.96,500
298,300,4430.98,500
299,237,4499.18,500
299,240,2330.69,500
299,298,2330.96,500
299,301,4313.9,500
300,298,4430.98,500
300,301,2330.43,500
300,359,2330.71,500
300,362,4159.0,500
301,299,4313.9,500
301,300,2330.43,500
301,302,2330.13,500
301,363,3954.76,500
302,240,4151.34,500
302,301,2330.13,500
302,303,2329.83,500
302,364,3709.54,500
303,241,3945.34,500
303,302,2329.83,500
303,304,2329.52,500
303,365,3426.54,500
304,242,3698.48,500
304,303,2329.52,500
304,305,2329.23,500
304,366,3109.64,500
305,243,3413.99,500
305,304,2329.23,500
305,306,2328.95,500
305,367,2763.51,500
306,244,3095.76,500
306,305,2328.95,500
306,307,2328.69,500
306,368,2394.02,500
307,245,2748.54,500
307,306,2328.69,500
307,308,2328.46,500
307,369,2008.93,500
308,246,2378.22,500
308,307,2328.46,500
308,309,2328.27,500
308,370,1619.96,500
309,247,1992.69,500
309,308,2328.27,500
309,310,2328.12,500
309,371,1248.26,500
310,248,1603.92,500
310,309,2328.12,500
310,311,2328.02,500
310,372,940.13,500
311,249,1233.68,500
311,310,2328.02,500
311,312,2327.96,500
311,373,794.13,500
312,250,929.92,500
312,311,2327.96,500
312,313,2327.96,500
312,374,899.76,500
313,251,793.39,500
313,312,2327.96,500
313,314,2328.01,500
313,375,1188.63,500
314,252,909.04,500
314,313,2328.01,500
314,315,2328.1,500
314,376,1553.77,500
315,253,1202.85,500
315,314,2328.1,500
315,316,2328.25,500
315,377,1941.69,500
316,254,1569.71,500
316,315,2328.25,500
316,317,2328.43,500
316,378,2328.44,500
317,255,1957.94,500
317,316,2328.43,500
317,318,2328.66,500
317,379,2701.26,500
318,256,2344.32,500
318,317,2328.66,500
318,319,2328.91,500
318,380,3051.87,500
319,257,2716.36,500
319,318,2328.91,500
319,320,2329.19,500
319,381,3374.18,500
320,258,3065.9,500
320,319,2329.19,500
320,321,2329.48,500
320,382,3663.32,500
321,259,3386.92,500
321,320,2329.48,500
321,322,2329.78,500
321,383,3915.3,500
322,260,3674.59,500
322,321,2329.78,500
322,323,2330.09,500
322,384,4126.81,500
323,261,3924.94,500
323,322,2330.09,500
323,324,2330.38,500
323,385,4295.18,500
324,262,4134.71,500
324,323,2330.38,500
324,325,2330.67,500
324,386,4418.3,500
325,263,4301.23,500
325,324,2330.67,500
325,326,2330.93,500
325,387,4494.68,500
326,264,4422.43,500
326,325,2330.93,500
326,327,2331.17,500
326,388,4523.36,500
327,265,4496.83,500
327,326,2331.17,500
327,328,2331.38,500
327,389,4504.0,500
328,266,4523.51,500
328,327,2331.38,500
328,329,2331.56,500
328,390,4436.82,500
329,267,4502.15,500
329,328,2331.56,500
329,330,2331.71,500
329,391,4322.64,500
330,268,4433.0,500
330,329,2331.71,500
330,331,2331.83,500
330,392,4162.83,500
331,269,4316.88,500
331,330,2331.83,500
331,332,2331.92,500
331,393,3959.37,500
332,270,4155.21,500
332,331,2331.92,500
332,333,2331.98,500
332,394,3714.84,500
333,271,3949.99,500
333,332,2331.98,500
333,334,2332.02,500
333,395,3432.42,500
334,272,3703.81,500
334,333,2332.02,500
334,335,2332.04,500
334,396,3116.0,500
335,273,3419.89,500
335,334,2332.04,500
335,336,2332.04,500
335,397,2770.31,500
336,274,3102.15,500
336,335,2332.04,500
336,337,2332.03,500
336,398,2401.25,500
337,275,2755.35,500
337,336,2332.03,500
337,338,2332.01,500
337,399,2016.71,500
338,276,2385.47,500
338,337,2332.01,500
338,339,2331.99,500
338,400,1628.59,500
339,277,2000.51,500
339,338,2331.99,500
339,340,2331.97,500
339,401,1258.36,500
340,278,1612.61,500
340,339,2331.97,500
340,341,2331.96,500
340,402,952.52,500
341,279,1243.86,500
341,340,2331.96,500
341,342,2331.95,500
341,403,808.31,500
342,280,942.41,500
342,341,2331.95,500
342,343,2331.95,500
342,404,912.57,500
343,281,807.58,500
343,342,2331.95,500
343,344,2331.95,500
343,405,1199.04,500
344,282,921.74,500
344,343,2331.95,500
344,345,2331.97,500
344,406,1562.58,500
345,283,1213.18,500
345,344,2331.97,500
345,346,2331.99,500
345,407,1949.56,500
346,284,1578.47,500
346,345,2331.99,500
346,347,2332.01,500
346,408,2335.73,500
347,285,1965.79,500
347,346,2332.01,500
347,348,2332.03,500
347,409,2708.1,500
348,286,2351.59,500
348,347,2332.03,500
348,349,2332.04,500
348,410,3058.29,500
349,287,2723.19,500
349,348,2332.04,500
349,350,2332.04,500
349,411,3380.13,500
350,288,3072.31,500
350,349,2332.04,500
350,351,2332.03,500
350,412,3668.71,500
351,289,3392.85,500
351,350,2332.03,500
351,352,2331.99,500
351,413,3920.03,500
352,290,3679.95,500
352,351,2331.99,500
352,353,2331.93,500
352,414,4130.77,500
353,291,3929.64,500
353,352,2331.93,500
353,354,2331.85,500
353,415,4298.27,500
354,292,4138.63,500
354,353,2331.85,500
354,355,2331.73,500
354,416,4420.44,500
355,293,4304.28,500
355,354,2331.73,500
355,356,2331.59,500
355,417,4495.8,500
356,294,4424.53,500
356,355,2331.59,500
356,357,2331.41,500
356,418,4523.44,500
357,295,4497.91,500
357,356,2331.41,500
357,358,2331.2,500
357,419,4503.04,500
358,296,4523.55,500
358,357,2331.2,500
358,359,2330.97,500
358,360,4434.85,500
359,297,4501.15,500
359,300,2330.71,500
359,358,2330.97,500
359,361,4319.69,500
360,358,4434.85,500
360,361,2330.44,500
360,419,2330.72,500
360,422,4166.58,500
361,359,4319.69,500
361,360,2330.44,500
361,362,2330.14,500
361,423,3964.1,500
362,300,4159.0,500
362,361,2330.14,500
362,363,2329.84,500
362,424,3720.53,500
363,301,3954.76,500
363,362,2329.84,500
363,364,2329.54,500
363,425,3439.04,500
364,302,3709.54,500
364,363,2329.54,500
364,365,2329.24,500
364,426,3123.46,500
365,303,3426.54,500
365,364,2329.24,500
365,366,2328.96,500
365,427,2778.45,500
366,304,3109.64,500
366,365,2328.96,500
366,367,2328.7,500
366,428,2409.79,500
367,305,2763.51,500
367,366,2328.7,500
367,368,2328.47,500
367,429,2025.15,500
368,306,2394.02,500
368,367,2328.47,500
368,369,2328.28,500
368,430,1636.02,500
369,307,2008.93,500
369,368,2328.28,500
369,370,2328.13,500
369,431,1262.94,500
370,308,1619.96,500
370,369,2328.13,500
370,371,2328.02,500
370,432,950.62,500
371,309,1248.26,500
371,370,2328.02,500
371,372,2327.96,500
371,433,795.35,500
372,310,940.13,500
372,371,2327.96,500
372,373,2327.96,500
372,434,890.8,500
373,311,794.13,500
373,372,2327.96,500
373,374,2328.0,500
373,435,1174.52,500
374,312,899.76,500
374,373,2328.0,500
374,375,2328.1,500
374,436,1537.87,500
375,313,1188.63,500
375,374,2328.1,500
375,376,2328.24,500
375,437,1925.43,500
376,314,1553.77,500
376,375,2328.24,500
376,377,2328.42,500
376,438,2312.54,500
377,315,1941.69,500
377,376,2328.42,500
377,378,2328.65,500
377,439,2686.12,500
378,316,2328.44,500
378,377,2328.65,500
378,379,2328.9,500
378,440,3037.79,500
379,317,2701.26,500
379,378,2328.9,500
379,380,2329.18,500
379,441,3361.38,500
380,318,3051.87,500
380,379,2329.18,500
380,381,2329.47,500
380,442,3651.99,500
381,319,3374.18,500
381,380,2329.47,500
381,382,2329.77,500
381,443,3905.59,500
382,320,3663.32,500
382,381,2329.77,500
382,383,2330.07,500
382,444,4118.85,500
383,321,3915.3,500
383,382,2330.07,500
383,384,2330.37,500
383,445,4289.06,500
384,322,4126.81,500
384,383,2330.37,500
384,385,2330.65,500
384,446,4414.1,500
385,323,4295.18,500
385,384,2330.65,500
385,386,2330.92,500
385,447,4492.44,500
386,324,4418.3,500
386,385,2330.92,500
386,387,2331.16,500
386,448,4523.12,500
387,325,4494.68,500
387,386,2331.16,500
387,388,2331.37,500
387,449,4505.77,500
388,326,4523.36,500
388,387,2331.37,500
388,389,2331.55,500
388,450,4440.57,500
389,327,4504.0,500
389,388,2331.55,500
389,390,2331.71,500
389,451,4328.32,500
390,328,4436.82,500
390,389,2331.71,500
390,391,2331.83,500
390,452,4170.38,500
391,329,4322.64,500
391,390,2331.83,500
391,392,2331.92,500
391,453,3968.69,500
392,330,4162.83,500
392,391,2331.92,500
392,393,2331.98,500
392,454,3725.81,500
393,331,3959.37,500
393,392,2331.98,500
393,394,2332.02,500
393,455,3444.9,500
394,332,3714.84,500
394,393,2332.02,500
394,395,2332.03,500
394,456,3129.81,500
395,333,3432.42,500
395,394,2332.03,500
395,396,2332.04,500
395,457,2785.23,500
396,334,3116.0,500
396,395,2332.04,500
396,397,2332.03,500
396,458,2417.0,500
397,335,2770.31,500
397,396,2332.03,500
397,398,2332.01,500
397,459,2032.91,500
398,336,2401.25,500
398,397,2332.01,500
398,399,2331.99,500
398,460,1644.61,500
399,337,2016.71,500
399,398,2331.99,500
399,400,2331.97,500
399,461,1272.96,500
400,338,1628.59,500
400,399,2331.97,500
400,401,2331.96,500
400,462,962.9,500
401,339,1258.36,500
401,400,2331.96,500
401,402,2331.95,500
401,463,809.51,500
402,340,952.52,500
402,401,2331.95,500
402,403,2331.95,500
402,464,903.71,500
403,341,808.31,500
403,402,2331.95,500
403,404,2331.95,500
403,465,1185.02,500
404,342,912.57,500
404,403,2331.95,500
404,405,2331.97,500
404,466,1546.73,500
405,343,1199.04,500
405,404,2331.97,500
405,406,2331.99,500
405,467,1933.34,500
406,344,1562.58,500
406,405,2331.99,500
406,407,2332.01,500
406,468,2319.85,500
407,345,1949.56,500
407,406,2332.01,500
407,408,2332.03,500
407,469,2692.98,500
408,346,2335.73,500
408,407,2332.03,500
408,409,2332.04,500
408,470,3044.23,500
409,347,2708.1,500
409,408,2332.04,500
409,410,2332.04,500
409,471,3367.35,500
410,348,3058.29,500
410,409,2332.04,500
410,411,2332.03,500
410,472,3657.41,500
411,349,3380.13,500
411,410,2332.03,500
411,412,2331.99,500
411,473,3910.35,500
412,350,3668.71,500
412,411,2331.99,500
412,413,2331.94,500
412,474,4122.84,500
413,351,3920.03,500
413,412,2331.94,500
413,414,2331.85,500
413,475,4292.18,500
414,352,4130.77,500
414,413,2331.85,500
414,415,2331.74,500
414,476,4416.28,500
415,353,4298.27,500
415,414,2331.74,500
415,416,2331.59,500
415,477,4493.61,500
416,354,4420.44,500
416,415,2331.59,500
416,417,2331.42,500
416,478,4523.25,500
417,355,4495.8,500
417,416,2331.42,500
417,418,2331.21,500
417,479,4504.85,500
418,356,4523.44,500
418,417,2331.21,500
418,419,2330.98,500
418,420,4438.63,500
419,357,4503.04,500
419,360,2330.72,500
419,418,2330.98,500
419,421,4325.41,500
420,418,4438.63,500
420,421,2330.45,500
420,479,2330.73,500
420,482,4174.09,500
421,419,4325.41,500
421,420,2330.45,500
421,422,2330.16,500
421,483,3973.38,500
422,360,4166.58,500
422,421,2330.16,500
422,423,2329.85,500
422,484,3731.46,500
423,361,3964.1,500
423,422,2329.85,500
423,424,2329.55,500
423,485,3451.48,500
424,362,3720.53,500
424,423,2329.55,500
424,425,2329.25,500
424,486,3137.23,500
425,363,3439.04,500
425,424,2329.25,500
425,426,2328.97,500
425,487,2793.34,500
426,364,3123.46,500
426,425,2328.97,500
426,427,2328.71,500
426,488,2425.53,500
427,365,2778.45,500
427,426,2328.71,500
427,428,2328.48,500
427,489,2041.37,500
428,366,2409.79,500
428,427,2328.48,500
428,429,2328.28,500
428,490,1652.1,500
429,367,2025.15,500
429,428,2328.28,500
429,430,2328.13,500
429,491,1277.72,500
430,368,1636.02,500
430,429,2328.13,500
430,431,2328.02,500
430,492,961.37,500
431,369,1262.94,500
431,430,2328.02,500
431,432,2327.96,500
431,493,797.04,500
432,370,950.62,500
432,431,2327.96,500
432,433,2327.96,500
432,494,882.17,500
433,371,795.35,500
433,432,2327.96,500
433,434,2328.0,500
433,495,1160.55,500
434,372,890.8,500
434,433,2328.0,500
434,435,2328.09,500
434,496,1522.01,500
435,373,1174.52,500
435,434,2328.09,500
435,436,2328.23,500
435,497,1909.18,500
436,374,1537.87,500
436,435,2328.23,500
436,437,2328.42,500
436,498,2296.61,500
437,375,1925.43,500
437,436,2328.42,500
437,438,2328.64,500
437,499,2670.94,500
438,376,2312.54,500
438,437,2328.64,500
438,439,2328.89,500
438,500,3023.66,500
439,377,2686.12,500
439,438,2328.89,500
439,440,2329.16,500
439,501,3348.53,500
440,378,3037.79,500
440,439,2329.16,500
440,441,2329.46,500
440,502,3640.59,500
441,379,3361.38,500
441,440,2329.46,500
441,442,2329.76,500
441,503,3895.81,500
442,380,3651.99,500
442,441,2329.76,500
442,443,2330.06,500
442,504,4110.8,500
443,381,3905.59,500
443,442,2330.06,500
443,444,2330.36,500
443,505,4282.85,500
444,382,4118.85,500
444,443,2330.36,500
444,445,2330.64,500
444,506,4409.81,500
445,383,4289.06,500
445,444,2330.64,500
445,446,2330.91,500
445,507,4490.12,500
446,384,4414.1,500
446,445,2330.91,500
446,447,2331.15,500
446,508,4522.8,500
447,385,4492.44,500
447,446,2331.15,500
447,448,2331.36,500
447,509,4507.45,500
448,386,4523.12,500
448,447,2331.36,500
448,449,2331.55,500
448,510,4444.23,500
449,387,4505.77,500
449,448,2331.55,500
449,450,2331.7,500
449,511,4333.92,500
450,388,4440.57,500
450,449,2331.7,500
450,451,2331.82,500
450,512,4177.85,500
451,389,4328.32,500
451,450,2331.82,500
451,452,2331.91,500
451,513,3977.94,500
452,390,4170.38,500
452,451,2331.91,500
452,453,2331.98,500
452,514,3736.71,500
453,391,3968.69,500
453,452,2331.98,500
453,454,2332.02,500
453,515,3457.32,500
454,392,3725.81,500
454,453,2332.02,500
454,455,2332.03,500
454,516,3143.56,500
455,393,3444.9,500
455,454,2332.03,500
455,456,2332.04,500
455,517,2800.1,500
456,394,3129.81,500
456,455,2332.04,500
456,457,2332.03,500
456,518,2432.72,500
457,395,2785.23,500
457,456,2332.03,500
457,458,2332.01,500
457,519,2049.1,500
458,396,2417.0,500
458,457,2332.01,500
458,459,2331.99,500
458,520,1660.65,500
459,397,2032.91,500
459,458,2331.99,500
459,460,2331.97,500
459,521,1287.66,500
460,398,1644.61,500
460,459,2331.97,500
460,461,2331.96,500
460,522,973.55,500
461,399,1272.96,500
461,460,2331.96,500
461,462,2331.95,500
461,523,811.17,500
462,400,962.9,500
462,461,2331.95,500
462,463,2331.95,500
462,524,895.18,500
463,401,809.51,500
463,462,2331.95,500
463,464,2331.95,500
463,525,1171.14,500
464,402,903.71,500
464,463,2331.95,500
464,465,2331.97,500
464,526,1530.92,500
465,403,1185.02,500
465,464,2331.97,500
465,466,2331.99,500
465,527,1917.12,500
466,404,1546.73,500
466,465,2331.99,500
466,467,2332.01,500
466,528,2303.94,500
467,405,1933.34,500
467,466,2332.01,500
467,468,2332.02,500
467,529,2677.82,500
468,406,2319.85,500
468,467,2332.02,500
468,469,2332.04,500
468,530,3030.12,500
469,407,2692.98,500
469,468,2332.04,500
469,470,2332.04,500
469,531,3354.52,500
470,408,3044.23,500
470,469,2332.04,500
470,471,2332.03,500
470,532,3646.04,500
471,409,3367.35,500
471,470,2332.03,500
471,472,2331.99,500
471,533,3900.59,500
472,410,3657.41,500
472,471,2331.99,500
472,473,2331.94,500
472,534,4114.83,500
473,411,3910.35,500
473,472,2331.94,500
473,474,2331.86,500
473,535,4286.02,500
474,412,4122.84,500
474,473,2331.86,500
474,475,2331.74,500
474,536,4412.03,500
475,413,4292.18,500
475,474,2331.74,500
475,476,2331.6,500
475,537,4491.34,500
476,414,4416.28,500
476,475,2331.6,500
476,477,2331.43,500
476,538,4522.98,500
477,415,4493.61,500
477,476,2331.43,500
477,478,2331.22,500
477,539,4506.57,500
478,416,4523.25,500
478,477,2331.22,500
478,479,2330.99,500
478,480,4442.34,500
479,417,4504.85,500
479,420,2330.73,500
479,478,2330.99,500
479,481,4331.05,500
480,478,4442.34,500
480,481,2330.46,500
480,539,2330.74,500
480,542,4181.52,500
481,479,4331.05,500
481,480,2330.46,500
481,482,2330.17,500
481,543,3982.59,500
482,420,4174.09,500
482,481,2330.17,500
482,483,2329.87,500
482,544,3742.33,500
483,421,3973.38,500
483,482,2329.87,500
483,484,2329.56,500
483,545,3463.86,500
484,422,3731.46,500
484,483,2329.56,500
484,485,2329.27,500
484,546,3150.95,500
485,423,3451.48,500
485,484,2329.27,500
485,486,2328.98,500
485,547,2808.19,500
486,424,3137.23,500
486,485,2328.98,500
486,487,2328.72,500
486,548,2441.24,500
487,425,2793.34,500
487,486,2328.72,500
487,488,2328.49,500
487,549,2057.57,500
488,426,2425.53,500
488,487,2328.49,500
488,489,2328.29,500
488,550,1668.21,500
489,427,2041.37,500
489,488,2328.29,500
489,490,2328.14,500
489,551,1292.59,500
490,428,1652.1,500
490,489,2328.14,500
490,491,2328.03,500
490,552,972.38,500
491,429,1277.72,500
491,490,2328.03,500
491,492,2327.97,500
491,553,799.19,500
492,430,961.37,500
492,491,2327.97,500
492,493,2327.96,500
492,554,873.87,500
493,431,797.04,500
493,492,2327.96,500
493,494,2328.0,500
493,555,1146.71,500
494,432,882.17,500
494,493,2328.0,500
494,495,2328.09,500
494,556,1506.19,500
495,433,1160.55,500
495,494,2328.09,500
495,496,2328.23,500
495,557,1892.92,500
496,434,1522.01,500
496,495,2328.23,500
496,497,2328.41,500
496,558,2280.66,500
497,435,1909.18,500
497,496,2328.41,500
497,498,2328.63,500
497,559,2655.73,500
498,436,2296.61,500
498,497,2328.63,500
498,499,2328.88,500
498,560,3009.48,500
499,437,2670.94,500
499,498,2328.88,500
499,500,2329.15,500
499,561,3335.61,500
500,438,3023.66,500
500,499,2329.15,500
500,501,2329.44,500
500,562,3629.14,500
501,439,3348.53,500
501,500,2329.44,500
501,502,2329.75,500
501,563,3885.95,500
502,440,3640.59,500
502,501,2329.75,500
502,503,2330.05,500
502,564,4102.69,500
503,441,3895.81,500
503,502,2330.05,500
503,504,2330.35,500
503,565,4276.57,500
504,442,4110.8,500
504,503,2330.35,500
504,505,2330.63,500
504,566,4405.45,500
505,443,4282.85,500
505,504,2330.63,500
505,506,2330.9,500
505,567,4487.72,500
506,444,4409.81,500
506,505,2330.9,500
506,507,2331.14,500
506,568,4522.4,500
507,445,4490.12,500
507,506,2331.14,500
507,508,2331.36,500
507,569,4509.05,500
508,446,4522.8,500
508,507,2331.36,500
508,509,2331.54,500
508,570,4447.81,500
509,447,4507.45,500
509,508,2331.54,500
509,510,2331.69,500
509,571,4339.44,500
510,448,4444.23,500
510,509,2331.69,500
510,511,2331.82,500
510,572,4185.24,500
511,449,4333.92,500
511,510,2331.82,500
511,512,2331.91,500
511,573,3987.11,500
512,450,4177.85,500
512,511,2331.91,500
512,513,2331.97,500
512,574,3747.55,500
513,451,3977.94,500
513,512,2331.97,500
513,514,2332.01,500
513,575,3469.67,500
514,452,3736.71,500
514,513,2332.01,500
514,515,2332.03,500
514,576,3157.26,500
515,453,3457.32,500
515,514,2332.03,500
515,516,2332.04,500
515,577,2814.94,500
516,454,3143.56,500
516,515,2332.04,500
516,517,2332.03,500
516,578,2448.42,500
517,455,2800.1,500
517,516,2332.03,500
517,518,2332.01,500
517,579,2065.28,500
518,456,2432.72,500
518,517,2332.01,500
518,519,2331.99,500
518,580,1676.72,500
519,457,2049.1,500
519,518,2331.99,500
519,520,2331.97,500
519,581,1302.46,500
520,458,1660.65,500
520,519,2331.97,500
520,521,2331.96,500
520,582,984.46,500
521,459,1287.66,500
521,520,2331.96,500
521,522,2331.95,500
521,583,813.3,500
522,460,973.55,500
522,521,2331.95,500
522,523,2331.95,500
522,584,886.99,500
523,461,811.17,500
523,522,2331.95,500
523,524,2331.95,500
523,585,1157.39,500
524,462,895.18,500
524,523,2331.95,500
524,525,2331.97,500
524,586,1515.15,500
525,463,1171.14,500
525,524,2331.97,500
525,526,2331.98,500
525,587,1900.89,500
526,464,1530.92,500
526,525,2331.98,500
526,527,2332.01,500
526,588,2288.01,500
527,465,1917.12,500
527,526,2332.01,500
527,528,2332.02,500
527,589,2662.63,500
528,466,2303.94,500
528,527,2332.02,500
528,529,2332.04,500
528,590,3015.96,500
529,467,2677.82,500
529,528,2332.04,500
529,530,2332.04,500
529,591,3341.63,500
530,468,3030.12,500
530,529,2332.04,500
530,531,2332.03,500
530,592,3634.6,500
531,469,3354.52,500
531,530,2332.03,500
531,532,2332.0,500
531,593,3890.77,500
532,470,3646.04,500
532,531,2332.0,500
532,533,2331.94,500
532,594,4106.75,500
533,471,3900.59,500
533,532,2331.94,500
533,534,2331.86,500
533,595,4279.77,500
534,472,4114.83,500
534,533,2331.86,500
534,535,2331.75,500
534,596,4407.71,500
535,473,4286.02,500
535,534,2331.75,500
535,536,2331.61,500
535,597,4488.98,500
536,474,4412.03,500
536,535,2331.61,500
536,537,2331.43,500
536,598,4522.62,500
537,475,4491.34,500
537,536,2331.43,500
537,538,2331.23,500
537,599,4508.22,500
538,476,4522.98,500
538,537,2331.23,500
538,539,2331.0,500
538,540,4445.96,500
539,477,4506.57,500
539,480,2330.74,500
539,538,2331.0,500
539,541,4336.61,500
540,538,4445.96,500
540,541,2330.47,500
540,599,2330.75,500
540,602,4188.87,500
541,539,4336.61,500
541,540,2330.47,500
541,542,2330.18,500
541,603,3991.72,500
542,480,4181.52,500
542,541,2330.18,500
542,543,2329.88,500
542,604,3753.13,500
543,481,3982.59,500
543,542,2329.88,500
543,544,2329.57,500
543,605,3476.18,500
544,482,3742.33,500
544,543,2329.57,500
544,545,2329.28,500
544,606,3164.62,500
545,483,3463.86,500
545,544,2329.28,500
545,546,2328.99,500
545,607,2823.0,500
546,484,3150.95,500
546,545,2328.99,500
546,547,2328.73,500
546,608,2456.92,500
547,485,2808.19,500
547,546,2328.73,500
547,548,2328.5,500
547,609,2073.77,500
548,486,2441.24,500
548,547,2328.5,500
548,549,2328.3,500
548,610,1684.34,500
549,487,2057.57,500
549,548,2328.3,500
549,550,2328.14,500
549,611,1307.55,500
550,488,1668.21,500
550,549,2328.14,500
550,551,2328.03,500
550,612,983.64,500
551,489,1292.59,500
551,550,2328.03,500
551,552,2327.97,500
551,613,801.81,500
552,490,972.38,500
552,551,2327.97,500
552,553,2327.96,500
552,614,865.93,500
553,491,799.19,500
553,552,2327.96,500
553,554,2327.99,500
553,615,1133.01,500
554,492,873.87,500
554,553,2327.99,500
554,555,2328.08,500
554,616,1490.41,500
555,493,1146.71,500
555,554,2328.08,500
555,556,2328.22,500
555,617,1876.66,500
556,494,1506.19,500
556,555,2328.22,500
556,557,2328.4,500
556,618,2264.68,500
557,495,1892.92,500
557,556,2328.4,500
557,558,2328.62,500
557,619,2640.47,500
558,496,2280.66,500
558,557,2328.62,500
558,559,2328.87,500
558,620,2995.26,500
559,497,2655.73,500
559,558,2328.87,500
559,560,2329.14,500
559,621,3322.65,500
560,498,3009.48,500
560,559,2329.14,500
560,561,2329.43,500
560,622,3617.61,500
561,499,3335.61,500
561,560,2329.43,500
561,562,2329.73,500
561,623,3876.03,500
562,500,3629.14,500
562,561,2329.73,500
562,563,2330.04,500
562,624,4094.49,500
563,501,3885.95,500
563,562,2330.04,500
563,564,2330.33,500
563,625,4270.21,500
564,502,4102.69,500
564,563,2330.33,500
564,565,2330.62,500
564,626,4401.0,500
565,503,4276.57,500
565,564,2330.62,500
565,566,2330.89,500
565,627,4485.24,500
566,504,4405.45,500
566,565,2330.89,500
566,567,2331.13,500
566,628,4521.91,500
567,505,4487.72,500
567,566,2331.13,500
567,568,2331.35,500
567,629,4510.56,500
568,506,4522.4,500
568,567,2331.35,500
568,569,2331.53,500
568,630,4451.31,500
569,507,4509.05,500
569,568,2331.53,500
569,570,2331.69,500
569,631,4344.88,500
570,508,4447.81,500
570,569,2331.69,500
570,571,2331.81,500
570,632,4192.56,500
571,509,4339.44,500
571,570,2331.81,500
571,572,2331.91,500
571,633,3996.21,500
572,510,4185.24,500
572,571,2331.91,500
572,573,2331.97,500
572,634,3758.32,500
573,511,3987.11,500
573,572,2331.97,500
573,574,2332.01,500
573,635,3481.97,500
574,512,3747.55,500
574,573,2332.01,500
574,575,2332.03,500
574,636,3170.91,500
575,513,3469.67,500
575,574,2332.03,500
575,576,2332.04,500
575,637,2829.73,500
576,514,3157.26,500
576,575,2332.04,500
576,577,2332.03,500
576,638,2464.08,500
577,515,2814.94,500
577,576,2332.03,500
577,578,2332.01,500
577,639,2081.44,500
578,516,2448.42,500
578,577,2332.01,500
578,579,2331.99,500
578,640,1692.81,500
579,517,2065.28,500
579,578,2331.99,500
579,580,2331.97,500
579,641,1317.35,500
580,518,1676.72,500
580,579,2331.97,500
580,581,2331.96,500
580,642,995.61,500
581,519,1302.46,500
581,580,2331.96,500
581,582,2331.95,500
581,643,815.88,500
582,520,984.46,500
582,581,2331.95,500
582,583,2331.95,500
582,644,879.14,500
583,521,813.3,500
583,582,2331.95,500
583,584,2331.95,500
583,645,1143.78,500
584,522,886.99,500
584,583,2331.95,500
584,585,2331.97,500
584,646,1499.43,500
585,523,1157.39,500
585,584,2331.97,500
585,586,2331.98,500
585,647,1884.67,500
586,524,1515.15,500
586,585,2331.98,500
586,587,2332.0,500
586,648,2272.06,500
587,525,1900.89,500
587,586,2332.0,500
587,588,2332.02,500
587,649,2647.39,500
588,526,2288.01,500
588,587,2332.02,500
588,589,2332.04,500
588,650,3001.75,500
589,527,2662.63,500
589,588,2332.04,500
589,590,2332.04,500
589,651,3328.68,500
590,528,3015.96,500
590,589,2332.04,500
590,591,2332.03,500
590,652,3623.1,500
591,529,3341.63,500
591,590,2332.03,500
591,592,2332.0,500
591,653,3880.88,500
592,530,3634.6,500
592,591,2332.0,500
592,593,2331.94,500
592,654,4098.59,500
593,531,3890.77,500
593,592,2331.94,500
593,594,2331.86,500
593,655,4273.45,500
594,532,4106.75,500
594,593,2331.86,500
594,595,2331.75,500
594,656,4403.3,500
595,533,4279.77,500
595,594,2331.75,500
595,596,2331.61,500
595,657,4486.54,500
596,534,4407.71,500
596,595,2331.61,500
596,597,2331.44,500
596,658,4522.17,500
597,535,4488.98,500
597,596,2331.44,500
597,598,2331.24,500
597,659,4509.77,500
598,536,4522.62,500
598,597,2331.24,500
598,599,2331.01,500
598,600,4449.5,500
599,537,4508.22,500
599,540,2330.75,500
599,598,2331.01,500
599,601,4342.09,500
600,598,4449.5,500
600,601,2330.48,500
600,659,2330.76,500
600,662,4196.14,500
601,599,4342.09,500
601,600,2330.48,500
601,602,2330.19,500
601,663,4000.78,500
602,540,4188.87,500
602,601,2330.19,500
602,603,2329.89,500
602,664,3763.86,500
603,541,3991.72,500
603,602,2329.89,500
603,604,2329.59,500
603,665,3488.44,500
604,542,3753.13,500
604,603,2329.59,500
604,605,2329.29,500
604,666,3178.24,500
605,543,3476.18,500
605,604,2329.29,500
605,606,2329.01,500
605,667,2837.77,500
606,544,3164.62,500
606,605,2329.01,500
606,607,2328.74,500
606,668,2472.58,500
607,545,2823.0,500
607,606,2328.74,500
607,608,2328.51,500
607,669,2089.95,500
608,546,2456.92,500
608,607,2328.51,500
608,609,2328.31,500
608,670,1700.49,500
609,547,2073.77,500
609,608,2328.31,500
609,610,2328.15,500
609,671,1322.59,500
610,548,1684.34,500
610,609,2328.15,500
610,611,2328.03,500
610,672,995.14,500
611,549,1307.55,500
611,610,2328.03,500
611,612,2327.97,500
611,673,804.89,500
612,550,983.64,500
612,611,2327.97,500
612,613,2327.95,500
612,674,858.35,500
613,551,801.81,500
613,612,2327.95,500
613,614,2327.99,500
613,675,1119.46,500
614,552,865.93,500
614,613,2327.99,500
614,615,2328.08,500
614,676,1474.67,500
615,553,1133.01,500
615,614,2328.08,500
615,616,2328.21,500
615,677,1860.41,500
616,554,1490.41,500
616,615,2328.21,500
616,617,2328.39,500
616,678,2248.68,500
617,555,1876.66,500
617,616,2328.39,500
617,618,2328.61,500
617,679,2625.19,500
618,556,2264.68,500
618,617,2328.61,500
618,619,2328.86,500
618,680,2980.98,500
619,557,2640.47,500
619,618,2328.86,500
619,620,2329.13,500
619,681,3309.62,500
620,558,2995.26,500
620,619,2329.13,500
620,621,2329.42,500
620,682,3606.03,500
621,559,3322.65,500
621,620,2329.42,500
621,622,2329.72,500
621,683,3866.04,500
622,560,3617.61,500
622,621,2329.72,500
622,623,2330.02,500
622,684,4086.23,500
623,561,3876.03,500
623,622,2330.02,500
623,624,2330.32,500
623,685,4263.77,500
624,562,4094.49,500
624,623,2330.32,500
624,625,2330.61,500
624,686,4396.47,500
625,563,4270.21,500
625,624,2330.61,500
625,626,2330.88,500
625,687,4482.68,500
626,564,4401.0,500
626,625,2330.88,500
626,627,2331.12,500
626,688,4521.34,500
627,565,4485.24,500
627,626,2331.12,500
627,628,2331.34,500
627,689,4511.99,500
628,566,4521.91,500
628,627,2331.34,500
628,629,2331.53,500
628,690,4454.73,500
629,567,4510.56,500
629,628,2331.53,500
629,630,2331.68,500
629,691,4350.24,500
630,568,4451.31,500
630,629,2331.68,500
630,631,2331.81,500
630,692,4199.8,500
631,569,4344.88,500
631,630,2331.81,500
631,632,2331.9,500
631,693,4005.24,500
632,570,4192.56,500
632,631,2331.9,500
632,633,2331.97,500
632,694,3769.03,500
633,571,3996.21,500
633,632,2331.97,500
633,634,2332.01,500
633,695,3494.2,500
634,572,3758.32,500
634,633,2332.01,500
634,635,2332.03,500
634,696,3184.51,500
635,573,3481.97,500
635,634,2332.03,500
635,636,2332.04,500
635,697,2844.48,500
636,574,3170.91,500
636,635,2332.04,500
636,637,2332.03,500
636,698,2479.71,500
637,575,2829.73,500
637,636,2332.03,500
637,638,2332.01,500
637,699,2097.6,500
638,576,2464.08,500
638,637,2332.01,500
638,639,2331.99,500
638,700,1708.91,500
639,577,2081.44,500
639,638,2331.99,500
639,640,2331.97,500
639,701,1332.32,500
640,578,1692.81,500
640,639,2331.97,500
640,641,2331.96,500
640,702,1007.0,500
641,579,1317.35,500
641,640,2331.96,500
641,642,2331.95,500
641,703,818.91,500
642,580,995.61,500
642,641,2331.95,500
642,643,2331.95,500
642,704,871.65,500
643,581,815.88,500
643,642,2331.95,500
643,644,2331.95,500
643,705,1130.32,500
644,582,879.14,500
644,643,2331.95,500
644,645,2331.97,500
644,706,1483.75,500
645,583,1143.78,500
645,644,2331.97,500
645,646,2331.98,500
645,707,1868.44,500
646,584,1499.43,500
646,645,2331.98,500
646,647,2332.0,500
646,708,2256.08,500
647,585,1884.67,500
647,646,2332.0,500
647,648,2332.02,500
647,709,2632.12,500
648,586,2272.06,500
648,647,2332.02,500
648,649,2332.04,500
648,710,2987.49,500
649,587,2647.39,500
649,648,2332.04,500
649,650,2332.04,500
649,711,3315.67,500
650,588,3001.75,500
650,649,2332.04,500
650,651,2332.03,500
650,712,3611.54,500
651,589,3328.68,500
651,650,2332.03,500
651,652,2332.0,500
651,713,3870.92,500
652,590,3623.1,500
652,651,2332.0,500
652,653,2331.95,500
652,714,4090.35,500
653,591,3880.88,500
653,652,2331.95,500
653,654,2331.87,500
653,715,4267.05,500
654,592,4098.59,500
654,653,2331.87,500
654,655,2331.76,500
654,716,4398.81,500
655,593,4273.45,500
655,654,2331.76,500
655,656,2331.62,500
655,717,4484.02,500
656,594,4403.3,500
656,655,2331.62,500
656,657,2331.45,500
656,718,4521.65,500
657,595,4486.54,500
657,656,2331.45,500
657,658,2331.25,500
657,719,4511.25,500
658,596,4522.17,500
658,657,2331.25,500
658,659,2331.02,500
658,660,4452.96,500
659,597,4509.77,500
659,600,2330.76,500
659,658,2331.02,500
659,661,4347.5,500
660,658,4452.96,500
660,661,2330.5,500
660,719,2330.77,500
660,722,4203.34,500
661,659,4347.5,500
661,660,2330.5,500
661,662,2330.2,500
661,723,4009.77,500
662,600,4196.14,500
662,661,2330.2,500
662,663,2329.9,500
662,724,3774.52,500
663,601,4000.78,500
663,662,2329.9,500
663,664,2329.6,500
663,725,3500.64,500
664,602,3763.86,500
664,663,2329.6,500
664,665,2329.3,500
664,726,3191.8,500
665,603,3488.44,500
665,664,2329.3,500
665,666,2329.02,500
665,727,2852.49,500
666,604,3178.24,500
666,665,2329.02,500
666,667,2328.75,500
666,728,2488.2,500
667,605,2837.77,500
667,666,2328.75,500
667,668,2328.52,500
667,729,2106.12,500
668,606,2472.58,500
668,667,2328.52,500
668,669,2328.31,500
668,730,1716.66,500
669,607,2089.95,500
669,668,2328.31,500
669,670,2328.15,500
669,731,1337.72,500
670,608,1700.49,500
670,669,2328.15,500
670,671,2328.04,500
670,732,1006.87,500
671,609,1322.59,500
671,670,2328.04,500
671,672,2327.97,500
671,733,808.42,500
672,610,995.14,500
672,671,2327.97,500
672,673,2327.95,500
672,734,851.13,500
673,611,804.89,500
673,672,2327.95,500
673,674,2327.99,500
673,735,1106.06,500
674,612,858.35,500
674,673,2327.99,500
674,675,2328.07,500
674,736,1458.99,500
675,613,1119.46,500
675,674,2328.07,500
675,676,2328.21,500
675,737,1844.15,500
676,614,1474.67,500
676,675,2328.21,500
676,677,2328.38,500
676,738,2232.67,500
677,615,1860.41,500
677,676,2328.38,500
677,678,2328.6,500
677,739,2609.86,500
678,616,2248.68,500
678,677,2328.6,500
678,679,2328.84,500
678,740,2966.66,500
679,617,2625.19,500
679,678,2328.84,500
679,680,2329.12,500
679,741,3296.54,500
680,618,2980.98,500
680,679,2329.12,500
680,681,2329.41,500
680,742,3594.38,500
681,619,3309.62,500
681,680,2329.41,500
681,682,2329.71,500
681,743,3855.98,500
682,620,3606.03,500
682,681,2329.71,500
682,683,2330.01,500
682,744,4077.89,500
683,621,3866.04,500
683,682,2330.01,500
683,684,2330.31,500
683,745,4257.26,500
684,622,4086.23,500
684,683,2330.31,500
684,685,2330.6,500
684,746,4391.86,500
685,623,4263.77,500
685,684,2330.6,500
685,686,2330.87,500
685,747,4480.03,500
686,624,4396.47,500
686,685,2330.87,500
686,687,2331.11,500
686,748,4520.69,500
687,625,4482.68,500
687,686,2331.11,500
687,688,2331.33,500
687,749,4513.34,500
688,626,4521.34,500
688,687,2331.33,500
688,689,2331.52,500
688,750,4458.07,500
689,627,4511.99,500
689,688,2331.52,500
689,690,2331.68,500
689,751,4355.53,500
690,628,4454.73,500
690,689,2331.68,500
690,691,2331.8,500
690,752,4206.96,500
691,629,4350.24,500
691,690,2331.8,500
691,692,2331.9,500
691,753,4014.2,500
692,630,4199.8,500
692,691,2331.9,500
692,693,2331.97,500
692,754,3779.66,500
693,631,4005.24,500
693,692,2331.97,500
693,694,2332.01,500
693,755,3506.38,500
694,632,3769.03,500
694,693,2332.01,500
694,695,2332.03,500
694,756,3198.05,500
695,633,3494.2,500
695,694,2332.03,500
695,696,2332.04,500
695,757,2859.18,500
696,634,3184.51,500
696,695,2332.04,500
696,697,2332.03,500
696,758,2495.32,500
697,635,2844.48,500
697,696,2332.03,500
697,698,2332.01,500
697,759,2113.75,500
698,636,2479.71,500
698,697,2332.01,500
698,699,2331.99,500
698,760,1725.04,500
699,637,2097.6,500
699,698,2331.99,500
699,700,2331.97,500
699,761,1347.37,500
700,638,1708.91,500
700,699,2331.97,500
700,701,2331.96,500
700,762,1018.63,500
701,639,1332.32,500
701,700,2331.96,500
701,702,2331.95,500
701,763,822.39,500
702,640,1007.0,500
702,701,2331.95,500
702,703,2331.95,500
702,764,864.53,500
703,641,818.91,500
703,702,2331.95,500
703,704,2331.95,500
703,765,1117.01,500
704,642,871.65,500
704,703,2331.95,500
704,705,2331.96,500
704,766,1468.12,500
705,643,1130.32,500
705,704,2331.96,500
705,706,2331.98,500
705,767,1852.22,500
706,644,1483.75,500
706,705,2331.98,500
706,707,2332.0,500
706,768,2240.08,500
707,645,1868.44,500
707,706,2332.0,500
707,708,2332.02,500
707,769,2616.81,500
708,646,2256.08,500
708,707,2332.02,500
708,709,2332.04,500
708,770,2973.19,500
709,647,2632.12,500
709,708,2332.04,500
709,710,2332.04,500
709,771,3302.61,500
710,648,2987.49,500
710,709,2332.04,500
710,711,2332.03,500
710,772,3599.92,500
711,649,3315.67,500
711,710,2332.03,500
711,712,2332.0,500
711,773,3860.89,500
712,650,3611.54,500
712,711,2332.0,500
712,713,2331.95,500
712,774,4082.05,500
713,651,3870.92,500
713,712,2331.95,500
713,714,2331.87,500
713,775,4260.57,500
714,652,4090.35,500
714,713,2331.87,500
714,715,2331.77,500
714,776,4394.24,500
715,653,4267.05,500
715,714,2331.77,500
715,716,2331.63,500
715,777,4481.41,500
716,654,4398.81,500
716,715,2331.63,500
716,717,2331.46,500
716,778,4521.04,500
717,655,4484.02,500
717,716,2331.46,500
717,718,2331.26,500
717,779,4512.64,500
718,656,4521.65,500
718,717,2331.26,500
718,719,2331.03,500
718,720,4456.34,500
719,657,4511.25,500
719,660,2330.77,500
719,718,2331.03,500
719,721,4352.82,500
720,718,4456.34,500
720,721,2330.51,500
720,779,2330.78,500
720,782,4210.47,500
721,719,4352.82,500
721,720,2330.51,500
721,722,2330.22,500
721,783,4018.69,500
722,660,4203.34,500
722,721,2330.22,500
722,723,2329.92,500
722,784,3785.12,500
723,661,4009.77,500
723,722,2329.92,500
723,724,2329.61,500
723,785,3512.77,500
724,662,3774.52,500
724,723,2329.61,500
724,725,2329.31,500
724,786,3205.31,500
725,663,3500.64,500
725,724,2329.31,500
725,726,2329.03,500
725,787,2867.17,500
726,664,3191.8,500
726,725,2329.03,500
726,727,2328.76,500
726,788,2503.79,500
727,665,2852.49,500
727,726,2328.76,500
727,728,2328.53,500
727,789,2122.27,500
728,666,2488.2,500
728,727,2328.53,500
728,729,2328.32,500
728,790,1732.84,500
729,667,2106.12,500
729,728,2328.32,500
729,730,2328.16,500
729,791,1352.92,500
730,668,1716.66,500
730,729,2328.16,500
730,731,2328.04,500
730,792,1018.81,500
731,669,1337.72,500
731,730,2328.04,500
731,732,2327.97,500
731,793,812.4,500
732,670,1006.87,500
732,731,2327.97,500
732,733,2327.95,500
732,794,844.3,500
733,671,808.42,500
733,732,2327.95,500
733,734,2327.99,500
733,795,1092.82,500
734,672,851.13,500
734,733,2327.99,500
734,735,2328.07,500
734,796,1443.35,500
735,673,1106.06,500
735,734,2328.07,500
735,736,2328.2,500
735,797,1827.91,500
736,674,1458.99,500
736,735,2328.2,500
736,737,2328.37,500
736,798,2216.63,500
737,675,1844.15,500
737,736,2328.37,500
737,738,2328.59,500
737,799,2594.5,500
738,676,2232.67,500
738,737,2328.59,500
738,739,2328.83,500
738,800,2952.29,500
739,677,2609.86,500
739,738,2328.83,500
739,740,2329.11,500
739,801,3283.4,500
740,678,2966.66,500
740,739,2329.11,500
740,741,2329.39,500
740,802,3582.66,500
741,679,3296.54,500
741,740,2329.39,500
741,742,2329.7,500
741,803,3845.85,500
742,680,3594.38,500
742,741,2329.7,500
742,743,2330.0,500
742,804,4069.47,500
743,681,3855.98,500
743,742,2330.0,500
743,744,2330.3,500
743,805,4250.66,500
744,682,4077.89,500
744,743,2330.3,500
744,745,2330.58,500
744,806,4387.17,500
745,683,4257.26,500
745,744,2330.58,500
745,746,2330.85,500
745,807,4477.3,500
746,684,4391.86,500
746,745,2330.85,500
746,747,2331.1,500
746,808,4519.95,500
747,685,4480.03,500
747,746,2331.1,500
747,748,2331.32,500
747,809,4514.61,500
748,686,4520.69,500
748,747,2331.32,500
748,749,2331.51,500
748,810,4461.32,500
749,687,4513.34,500
749,748,2331.51,500
749,750,2331.67,500
749,811,4360.73,500
750,688,4458.07,500
750,749,2331.67,500
750,751,2331.8,500
750,812,4214.05,500
751,689,4355.53,500
751,750,2331.8,500
751,752,2331.9,500
751,813,4023.08,500
752,690,4206.96,500
752,751,2331.9,500
752,753,2331.97,500
752,814,3790.23,500
753,691,4014.2,500
753,752,2331.97,500
753,754,2332.01,500
753,815,3518.49,500
754,692,3779.66,500
754,753,2332.01,500
754,755,2332.03,500
754,816,3211.55,500
755,693,3506.38,500
755,754,2332.03,500
755,756,2332.04,500
755,817,2873.84,500
756,694,3198.05,500
756,755,2332.04,500
756,757,2332.03,500
756,818,2510.89,500
757,695,2859.18,500
757,756,2332.03,500
757,758,2332.01,500
757,819,2129.88,500
758,696,2495.32,500
758,757,2332.01,500
758,759,2331.99,500
758,820,1741.18,500
759,697,2113.75,500
759,758,2331.99,500
759,760,2331.97,500
759,821,1362.5,500
760,698,1725.04,500
760,759,2331.97,500
760,761,2331.96,500
760,822,1030.47,500
761,699,1347.37,500
761,760,2331.96,500
761,762,2331.95,500
761,823,826.32,500
762,700,1018.63,500
762,761,2331.95,500
762,763,2331.95,500
762,824,857.78,500
763,701,822.39,500
763,762,2331.95,500
763,764,2331.95,500
763,825,1103.87,500
764,702,864.53,500
764,763,2331.95,500
764,765,2331.96,500
764,826,1452.55,500
765,703,1117.01,500
765,764,2331.96,500
765,766,2331.98,500
765,827,1836.01,500
766,704,1468.12,500
766,765,2331.98,500
766,767,2332.0,500
766,828,2224.07,500
767,705,1852.22,500
767,766,2332.0,500
767,768,2332.02,500
767,829,2601.47,500
768,706,2240.08,500
768,767,2332.02,500
768,769,2332.04,500
768,830,2958.84,500
769,707,2616.81,500
769,768,2332.04,500
769,770,2332.04,500
769,831,3289.5,500
770,708,2973.19,500
770,769,2332.04,500
770,771,2332.03,500
770,832,3588.23,500
771,709,3302.61,500
771,770,2332.03,500
771,772,2332.0,500
771,833,3850.78,500
772,710,3599.92,500
772,771,2332.0,500
772,773,2331.95,500
772,834,4073.67,500
773,711,3860.89,500
773,772,2331.95,500
773,774,2331.88,500
773,835,4254.02,500
774,712,4082.05,500
774,773,2331.88,500
774,775,2331.77,500
774,836,4389.59,500
775,713,4260.57,500
775,774,2331.77,500
775,776,2331.63,500
775,837,4478.72,500
776,714,4394.24,500
776,775,2331.63,500
776,777,2331.47,500
776,838,4520.34,500
777,715,4481.41,500
777,776,2331.47,500
777,778,2331.27,500
777,839,4513.95,500
778,716,4521.04,500
778,777,2331.27,500
778,779,2331.04,500
778,780,4459.63,500
779,717,4512.64,500
779,720,2330.78,500
779,778,2331.04,500
779,781,4358.06,500
780,778,4459.63,500
780,781,2330.52,500
780,839,2330.8,500
780,842,4217.51,500
781,779,4358.06,500
781,780,2330.52,500
781,782,2330.23,500
781,843,4027.53,500
782,720,4210.47,500
782,781,2330.23,500
782,783,2329.93,500
782,844,3795.65,500
783,721,4018.69,500
783,782,2329.93,500
783,784,2329.63,500
783,845,3524.85,500
784,722,3785.12,500
784,783,2329.63,500
784,785,2329.33,500
784,846,3218.77,500
785,723,3512.77,500
785,784,2329.33,500
785,786,2329.04,500
785,847,2881.8,500
786,724,3205.31,500
786,785,2329.04,500
786,787,2328.77,500
786,848,2519.35,500
787,725,2867.17,500
787,786,2328.77,500
787,788,2328.53,500
787,849,2138.42,500
788,726,2503.79,500
788,787,2328.53,500
788,789,2328.33,500
788,850,1749.04,500
789,727,2122.27,500
789,788,2328.33,500
789,790,2328.17,500
789,851,1368.19,500
790,728,1732.84,500
790,789,2328.17,500
790,791,2328.05,500
790,852,1030.97,500
791,729,1352.92,500
791,790,2328.05,500
791,792,2327.97,500
791,853,816.82,500
792,730,1018.81,500
792,791,2327.97,500
792,793,2327.95,500
792,854,837.86,500
793,731,812.4,500
793,792,2327.95,500
793,794,2327.98,500
793,855,1079.74,500
794,732,844.3,500
794,793,2327.98,500
794,795,2328.07,500
794,856,1427.77,500
795,733,1092.82,500
795,794,2328.07,500
795,796,2328.19,500
795,857,1811.66,500
796,734,1443.35,500
796,795,2328.19,500
796,797,2328.37,500
796,858,2200.57,500
797,735,1827.91,500
797,796,2328.37,500
797,798,2328.58,500
797,859,2579.1,500
798,736,2216.63,500
798,797,2328.58,500
798,799,2328.82,500
798,860,2937.88,500
799,737,2594.5,500
799,798,2328.82,500
799,800,2329.09,500
799,861,3270.21,500
800,738,2952.29,500
800,799,2329.09,500
800,801,2329.38,500
800,862,3570.89,500
801,739,3283.4,500
801,800,2329.38,500
801,802,2329.68,500
801,863,3835.65,500
802,740,3582.66,500
802,801,2329.68,500
802,803,2329.99,500
802,864,4060.98,500
803,741,3845.85,500
803,802,2329.99,500
803,804,2330.29,500
803,865,4243.99,500
804,742,4069.47,500
804,803,2330.29,500
804,805,2330.57,500
804,866,4382.39,500
805,743,4250.66,500
805,804,2330.57,500
805,806,2330.84,500
805,867,4474.48,500
806,744,4387.17,500
806,805,2330.84,500
806,807,2331.09,500
806,868,4519.13,500
807,745,4477.3,500
807,806,2331.09,500
807,808,2331.31,500
807,869,4515.79,500
808,746,4519.95,500
808,807,2331.31,500
808,809,2331.5,500
808,870,4464.49,500
809,747,4514.61,500
809,808,2331.5,500
809,810,2331.67,500
809,871,4365.85,500
810,748,4461.32,500
810,809,2331.67,500
810,811,2331.79,500
810,872,4221.06,500
811,749,4360.73,500
811,810,2331.79,500
811,812,2331.89,500
811,873,4031.9,500
812,750,4214.05,500
812,811,2331.89,500
812,813,2331.96,500
812,874,3800.73,500
813,751,4023.08,500
813,812,2331.96,500
813,814,2332.01,500
813,875,3530.55,500
814,752,3790.23,500
814,813,2332.01,500
814,815,2332.03,500
814,876,3224.98,500
815,753,3518.49,500
815,814,2332.03,500
815,816,2332.04,500
815,877,2888.46,500
816,754,3211.55,500
816,815,2332.04,500
816,817,2332.03,500
816,878,2526.43,500
817,755,2873.84,500
817,816,2332.03,500
817,818,2332.01,500
817,879,2145.99,500
818,756,2510.89,500
818,817,2332.01,500
818,819,2331.99,500
818,880,1757.34,500
819,757,2129.88,500
819,818,2331.99,500
819,820,2331.98,500
819,881,1377.71,500
820,758,1741.18,500
820,819,2331.98,500
820,821,2331.96,500
820,882,1042.53,500
821,759,1362.5,500
821,820,2331.96,500
821,822,2331.95,500
821,883,830.67,500
822,760,1030.47,500
822,821,2331.95,500
822,823,2331.95,500
822,884,851.42,500
823,761,826.32,500
823,822,2331.95,500
823,824,2331.95,500
823,885,1090.89,500
824,762,857.78,500
824,823,2331.95,500
824,825,2331.96,500
824,886,1437.03,500
825,763,1103.87,500
825,824,2331.96,500
825,826,2331.98,500
825,887,1819.8,500
826,764,1452.55,500
826,825,2331.98,500
826,827,2332.0,500
826,888,2208.03,500
827,765,1836.01,500
827,826,2332.0,500
827,828,2332.02,500
827,889,2586.09,500
828,766,2224.07,500
828,827,2332.02,500
828,829,2332.03,500
828,890,2944.44,500
829,767,2601.47,500
829,828,2332.03,500
829,830,2332.04,500
829,891,3276.32,500
830,768,2958.84,500
830,829,2332.04,500
830,831,2332.03,500
830,892,3576.48,500
831,769,3289.5,500
831,830,2332.03,500
831,832,2332.01,500
831,893,3840.61,500
832,770,3588.23,500
832,831,2332.01,500
832,833,2331.96,500
832,894,4065.21,500
833,771,3850.78,500
833,832,2331.96,500
833,834,2331.88,500
833,895,4247.38,500
834,772,4073.67,500
834,833,2331.88,500
834,835,2331.78,500
834,896,4384.86,500
835,773,4254.02,500
835,834,2331.78,500
835,836,2331.64,500
835,897,4475.95,500
836,774,4389.59,500
836,835,2331.64,500
836,837,2331.47,500
836,898,4519.57,500
837,775,4478.72,500
837,836,2331.47,500
837,838,2331.28,500
837,899,4515.18,500
838,776,4520.34,500
838,837,2331.28,500
838,839,2331.05,500
838,840,4462.85,500
839,777,4513.95,500
839,780,2330.8,500
839,838,2331.05,500
839,841,4363.22,500
840,838,4462.85,500
840,841,2330.53,500
840,899,2330.81,500
840,902,4224.48,500
841,839,4363.22,500
841,840,2330.53,500
841,842,2330.24,500
841,903,4036.3,500
842,780,4217.51,500
842,841,2330.24,500
842,843,2329.94,500
842,904,3806.11,500
843,781,4027.53,500
843,842,2329.94,500
843,844,2329.64,500
843,905,3536.86,500
844,782,3795.65,500
844,843,2329.64,500
844,845,2329.34,500
844,906,3232.17,500
845,783,3524.85,500
845,844,2329.34,500
845,846,2329.05,500
845,907,2896.39,500
846,784,3218.77,500
846,845,2329.05,500
846,847,2328.78,500
846,908,2534.88,500
847,785,2881.8,500
847,846,2328.78,500
847,848,2328.54,500
847,909,2154.54,500
848,786,2519.35,500
848,847,2328.54,500
848,849,2328.34,500
848,910,1765.25,500
849,787,2138.42,500
849,848,2328.34,500
849,850,2328.17,500
849,911,1383.53,500
850,788,1749.04,500
850,849,2328.17,500
850,851,2328.05,500
850,912,1043.33,500
851,789,1368.19,500
851,850,2328.05,500
851,852,2327.98,500
851,913,821.67,500
852,790,1030.97,500
852,851,2327.98,500
852,853,2327.95,500
852,914,831.81,500
853,791,816.82,500
853,852,2327.95,500
853,854,2327.98,500
853,915,1066.84,500
854,792,837.86,500
854,853,2327.98,500
854,855,2328.06,500
854,916,1412.25,500
855,793,1079.74,500
855,854,2328.06,500
855,856,2328.19,500
855,917,1795.43,500
856,794,1427.77,500
856,855,2328.19,500
856,857,2328.36,500
856,918,2184.49,500
857,795,1811.66,500
857,856,2328.36,500
857,858,2328.57,500
857,919,2563.67,500
858,796,2200.57,500
858,857,2328.57,500
858,859,2328.81,500
858,920,2923.41,500
859,797,2579.1,500
859,858,2328.81,500
859,860,2329.08,500
859,921,3256.96,500
860,798,2937.88,500
860,859,2329.08,500
860,861,2329.37,500
860,922,3559.05,500
861,799,3270.21,500
861,860,2329.37,500
861,862,2329.67,500
861,923,3825.39,500
862,800,3570.89,500
862,861,2329.67,500
862,863,2329.97,500
862,924,4052.42,500
863,801,3835.65,500
863,862,2329.97,500
863,864,2330.27,500
863,925,4237.24,500
864,802,4060.98,500
864,863,2330.27,500
864,865,2330.56,500
864,926,4377.54,500
865,803,4243.99,500
865,864,2330.56,500
865,866,2330.83,500
865,927,4471.59,500
866,804,4382.39,500
866,865,2330.83,500
866,867,2331.08,500
866,928,4518.23,500
867,805,4474.48,500
867,866,2331.08,500
867,868,2331.3,500
867,929,4516.89,500
868,806,4519.13,500
868,867,2331.3,500
868,869,2331.5,500
868,930,4467.58,500
869,807,4515.79,500
869,868,2331.5,500
869,870,2331.66,500
869,931,4370.89,500
870,808,4464.49,500
870,869,2331.66,500
870,871,2331.79,500
870,932,4227.99,500
871,809,4365.85,500
871,870,2331.79,500
871,872,2331.89,500
871,933,4040.64,500
872,810,4221.06,500
872,871,2331.89,500
872,873,2331.96,500
872,934,3811.17,500
873,811,4031.9,500
873,872,2331.96,500
873,874,2332.01,500
873,935,3542.54,500
874,812,3800.73,500
874,873,2332.01,500
874,875,2332.03,500
874,936,3238.37,500
875,813,3530.55,500
875,874,2332.03,500
875,876,2332.04,500
875,937,2903.03,500
876,814,3224.98,500
876,875,2332.04,500
876,877,2332.03,500
876,938,2541.94,500
877,815,2888.46,500
877,876,2332.03,500
877,878,2332.02,500
877,939,2162.1,500
878,816,2526.43,500
878,877,2332.02,500
878,879,2332.0,500
878,940,1773.51,500
879,817,2145.99,500
879,878,2332.0,500
879,880,2331.98,500
879,941,1392.99,500
880,818,1757.34,500
880,879,2331.98,500
880,881,2331.96,500
880,942,1054.79,500
881,819,1377.71,500
881,880,2331.96,500
881,882,2331.95,500
881,943,835.46,500
882,820,1042.53,500
882,881,2331.95,500
882,883,2331.95,500
882,944,845.46,500
883,821,830.67,500
883,882,2331.95,500
883,884,2331.95,500
883,945,1078.09,500
884,822,851.42,500
884,883,2331.95,500
884,885,2331.96,500
884,946,1421.56,500
885,823,1090.89,500
885,884,2331.96,500
885,886,2331.98,500
885,947,1803.6,500
886,824,1437.03,500
886,885,2331.98,500
886,887,2332.0,500
886,948,2191.98,500
887,825,1819.8,500
887,886,2332.0,500
887,888,2332.02,500
887,949,2570.68,500
888,826,2208.03,500
888,887,2332.02,500
888,889,2332.03,500
888,950,2930.0,500
889,827,2586.09,500
889,888,2332.03,500
889,890,2332.04,500
889,951,3263.1,500
890,828,2944.44,500
890,889,2332.04,500
890,891,2332.03,500
890,952,3564.66,500
891,829,3276.32,500
891,890,2332.03,500
891,892,2332.01,500
891,953,3830.38,500
892,830,3576.48,500
892,891,2332.01,500
892,893,2331.96,500
892,954,4056.68,500
893,831,3840.61,500
893,892,2331.96,500
893,894,2331.88,500
893,955,4240.67,500
894,832,4065.21,500
894,893,2331.88,500
894,895,2331.78,500
894,956,4380.05,500
895,833,4247.38,500
895,894,2331.78,500
895,896,2331.65,500
895,957,4473.1,500
896,834,4384.86,500
896,895,2331.65,500
896,897,2331.48,500
896,958,4518.7,500
897,835,4475.95,500
897,896,2331.48,500
897,898,2331.28,500
897,959,4516.32,500
898,836,4519.57,500
898,897,2331.28,500
898,899,2331.06,500
898,900,4465.98,500
899,837,4515.18,500
899,840,2330.81,500
899,898,2331.06,500
899,901,4368.3,500
900,898,4465.98,500
900,901,2330.54,500
900,959,2330.82,500
900,962,4231.38,500
901,899,4368.3,500
901,900,2330.54,500
901,902,2330.25,500
901,963,4045.0,500
902,840,4224.48,500
902,901,2330.25,500
902,903,2329.95,500
902,964,3816.5,500
903,841,4036.3,500
903,902,2329.95,500
903,904,2329.65,500
903,965,3548.82,500
904,842,3806.11,500
904,903,2329.65,500
904,905,2329.35,500
904,966,3245.52,500
905,843,3536.86,500
905,904,2329.35,500
905,906,2329.06,500
905,967,2910.94,500
906,844,3232.17,500
906,905,2329.06,500
906,907,2328.79,500
906,968,2550.37,500
907,845,2896.39,500
907,906,2328.79,500
907,908,2328.55,500
907,969,2170.65,500
908,846,2534.88,500
908,907,2328.55,500
908,909,2328.35,500
908,970,1781.47,500
909,847,2154.54,500
909,908,2328.35,500
909,910,2328.18,500
909,971,1398.94,500
910,848,1765.25,500
910,909,2328.18,500
910,911,2328.05,500
910,972,1055.89,500
911,849,1383.53,500
911,910,2328.05,500
911,912,2327.98,500
911,973,826.94,500
912,850,1043.33,500
912,911,2327.98,500
912,913,2327.95,500
912,974,826.18,500
913,851,821.67,500
913,912,2327.95,500
913,914,2327.98,500
913,975,1054.12,500
914,852,831.81,500
914,913,2327.98,500
914,915,2328.06,500
914,976,1396.78,500
915,853,1066.84,500
915,914,2328.06,500
915,916,2328.18,500
915,977,1779.2,500
916,854,1412.25,500
916,915,2328.18,500
916,917,2328.35,500
916,978,2168.4,500
917,855,1795.43,500
917,916,2328.35,500
917,918,2328.56,500
917,979,2548.21,500
918,856,2184.49,500
918,917,2328.56,500
918,919,2328.8,500
918,980,2908.91,500
919,857,2563.67,500
919,918,2328.8,500
919,920,2329.07,500
919,981,3243.66,500
920,858,2923.41,500
920,919,2329.07,500
920,921,2329.36,500
920,982,3547.15,500
921,859,3256.96,500
921,920,2329.36,500
921,922,2329.66,500
921,983,3815.05,500
922,860,3559.05,500
922,921,2329.66,500
922,923,2329.96,500
922,984,4043.79,500
923,861,3825.39,500
923,922,2329.96,500
923,924,2330.26,500
923,985,4230.42,500
924,862,4052.42,500
924,923,2330.26,500
924,925,2330.55,500
924,986,4372.61,500
925,863,4237.24,500
925,924,2330.55,500
925,926,2330.82,500
925,987,4468.61,500
926,864,4377.54,500
926,925,2330.82,500
926,927,2331.07,500
926,988,4517.24,500
927,865,4471.59,500
927,926,2331.07,500
927,928,2331.3,500
927,989,4517.9,500
928,866,4518.23,500
928,927,2331.3,500
928,929,2331.49,500
928,990,4470.59,500
929,867,4516.89,500
929,928,2331.49,500
929,930,2331.65,500
929,991,4375.85,500
930,868,4467.58,500
930,929,2331.65,500
930,931,2331.78,500
930,992,4234.85,500
931,869,4370.89,500
931,930,2331.78,500
931,932,2331.89,500
931,993,4049.3,500
932,870,4227.99,500
932,931,2331.89,500
932,933,2331.96,500
932,994,3821.53,500
933,871,4040.64,500
933,932,2331.96,500
933,934,2332.01,500
933,995,3554.47,500
934,872,3811.17,500
934,933,2332.01,500
934,935,2332.03,500
934,996,3251.7,500
935,873,3542.54,500
935,934,2332.03,500
935,936,2332.04,500
935,997,2917.56,500
936,874,3238.37,500
936,935,2332.04,500
936,937,2332.03,500
936,998,2557.42,500
937,875,2903.03,500
937,936,2332.03,500
937,938,2332.02,500
937,999,2178.18,500
938,876,2541.94,500
938,937,2332.02,500
938,939,2332.0,500
938,1000,1789.7,500
939,877,2162.1,500
939,938,2332.0,500
939,940,2331.98,500
939,1001,1408.34,500
940,878,1773.51,500
940,939,2331.98,500
940,941,2331.96,500
940,1002,1067.24,500
941,879,1392.99,500
941,940,2331.96,500
941,942,2331.95,500
941,1003,840.66,500
942,880,1054.79,500
942,941,2331.95,500
942,943,2331.95,500
942,1004,839.9,500
943,881,835.46,500
943,942,2331.95,500
943,944,2331.95,500
943,1005,1065.47,500
944,882,845.46,500
944,943,2331.95,500
944,945,2331.96,500
944,1006,1406.16,500
945,883,1078.09,500
945,944,2331.96,500
945,946,2331.98,500
945,1007,1787.41,500
946,884,1421.56,500
946,945,2331.98,500
946,947,2332.0,500
946,1008,2175.91,500
947,885,1803.6,500
947,946,2332.0,500
947,948,2332.02,500
947,1009,2555.23,500
948,886,2191.98,500
948,947,2332.02,500
948,949,2332.03,500
948,1010,2915.51,500
949,887,2570.68,500
949,948,2332.03,500
949,950,2332.04,500
949,1011,3249.81,500
950,888,2930.0,500
950,949,2332.04,500
950,951,2332.03,500
950,1012,3552.79,500
951,889,3263.1,500
951,950,2332.03,500
951,952,2332.01,500
951,1013,3820.07,500
952,890,3564.66,500
952,951,2332.01,500
952,953,2331.96,500
952,1014,4048.08,500
953,891,3830.38,500
953,952,2331.96,500
953,954,2331.89,500
953,1015,4233.88,500
954,892,4056.68,500
954,953,2331.89,500
954,955,2331.79,500
954,1016,4375.15,500
955,893,4240.67,500
955,954,2331.79,500
955,956,2331.65,500
955,1017,4470.16,500
956,894,4380.05,500
956,955,2331.65,500
956,957,2331.49,500
956,1018,4517.76,500
957,895,4473.1,500
957,956,2331.49,500
957,958,2331.29,500
957,1019,4517.38,500
958,896,4518.7,500
958,957,2331.29,500
958,959,2331.07,500
958,960,4469.03,500
959,897,4516.32,500
959,900,2330.82,500
959,958,2331.07,500
959,961,4373.3,500
960,958,4469.03,500
960,961,2330.56,500
960,1019,2330.83,500
960,1022,4238.19,500
961,959,4373.3,500
961,960,2330.56,500
961,962,2330.27,500
961,1023,4053.62,500
962,900,4231.38,500
962,961,2330.27,500
962,963,2329.97,500
962,1024,3826.83,500
963,901,4045.0,500
963,962,2329.97,500
963,964,2329.66,500
963,1025,3560.71,500
964,902,3816.5,500
964,963,2329.66,500
964,965,2329.36,500
964,1026,3258.82,500
965,903,3548.82,500
965,964,2329.36,500
965,966,2329.07,500
965,1027,2925.44,500
966,904,3245.52,500
966,965,2329.07,500
966,967,2328.81,500
966,1028,2565.83,500
967,905,2910.94,500
967,966,2328.81,500
967,968,2328.56,500
967,1029,2186.74,500
968,906,2550.37,500
968,967,2328.56,500
968,969,2328.35,500
968,1030,1797.7,500
969,907,2170.65,500
969,968,2328.35,500
969,970,2328.18,500
969,1031,1414.42,500
970,908,1781.47,500
970,969,2328.18,500
970,971,2328.06,500
970,1032,1068.64,500
971,909,1398.94,500
971,970,2328.06,500
971,972,2327.98,500
971,1033,832.63,500
972,910,1055.89,500
972,971,2327.98,500
972,973,2327.95,500
972,1034,820.96,500
973,911,826.94,500
973,972,2327.95,500
973,974,2327.98,500
973,1035,1041.59,500
974,912,826.18,500
974,973,2327.98,500
974,975,2328.05,500
974,1036,1381.38,500
975,913,1054.12,500
975,974,2328.05,500
975,976,2328.18,500
975,1037,1762.98,500
976,914,1396.78,500
976,975,2328.18,500
976,977,2328.34,500
976,1038,2152.29,500
977,915,1779.2,500
977,976,2328.34,500
977,978,2328.55,500
977,1039,2532.71,500
978,916,2168.4,500
978,977,2328.55,500
978,979,2328.79,500
978,1040,2894.35,500
979,917,2548.21,500
979,978,2328.79,500
979,980,2329.06,500
979,1041,3230.3,500
980,918,2908.91,500
980,979,2329.06,500
980,981,2329.35,500
980,1042,3535.19,500
981,919,3243.66,500
981,980,2329.35,500
981,982,2329.64,500
981,1043,3804.65,500
982,920,3547.15,500
982,981,2329.64,500
982,983,2329.95,500
982,1044,4035.08,500
983,921,3815.05,500
983,982,2329.95,500
983,984,2330.25,500
983,1045,4223.52,500
984,922,4043.79,500
984,983,2330.25,500
984,985,2330.54,500
984,1046,4367.6,500
985,923,4230.42,500
985,984,2330.54,500
985,986,2330.81,500
985,1047,4465.55,500
986,924,4372.61,500
986,985,2330.81,500
986,987,2331.06,500
986,1048,4516.17,500
987,925,4468.61,500
987,986,2331.06,500
987,988,2331.29,500
987,1049,4518.84,500
988,926,4517.24,500
988,987,2331.29,500
988,989,2331.48,500
988,1050,4473.51,500
989,927,4517.9,500
989,988,2331.48,500
989,990,2331.65,500
989,1051,4380.73,500
990,928,4470.59,500
990,989,2331.65,500
990,991,2331.78,500
990,1052,4241.63,500
991,929,4375.85,500
991,990,2331.78,500
991,992,2331.88,500
991,1053,4057.89,500
992,930,4234.85,500
992,991,2331.88,500
992,993,2331.96,500
992,1054,3831.83,500
993,931,4049.3,500
993,992,2331.96,500
993,994,2332.0,500
993,1055,3566.34,500
994,932,3821.53,500
994,993,2332.0,500
994,995,2332.03,500
994,1056,3264.97,500
995,933,3554.47,500
995,994,2332.03,500
995,996,2332.04,500
995,1057,2932.04,500
996,934,3251.7,500
996,995,2332.04,500
996,997,2332.03,500
996,1058,2572.86,500
997,935,2917.56,500
997,996,2332.03,500
997,998,2332.02,500
997,1059,2194.25,500
998,936,2557.42,500
998,997,2332.02,500
998,999,2332.0,500
998,1060,1805.89,500
999,937,2178.18,500
999,998,2332.0,500
999,1000,2331.98,500
999,1061,1423.75,500
1000,938,1789.7,500
1000,999,2331.98,500
1000,1001,2331.96,500
1000,1062,1079.89,500
1001,939,1408.34,500
1001,1000,2331.96,500
1001,1002,2331.95,500
1001,1063,846.28,500
1002,940,1067.24,500
1002,1001,2331.95,500
1002,1003,2331.95,500
1002,1064,834.76,500
1003,941,840.66,500
1003,1002,2331.95,500
1003,1004,2331.95,500
1003,1065,1053.04,500
1004,942,839.9,500
1004,1003,2331.95,500
1004,1005,2331.96,500
1004,1066,1390.83,500
1005,943,1065.47,500
1005,1004,2331.96,500
1005,1006,2331.98,500
1005,1067,1771.23,500
1006,944,1406.16,500
1006,1005,2331.98,500
1006,1007,2332.0,500
1006,1068,2159.82,500
1007,945,1787.41,500
1007,1006,2332.0,500
1007,1008,2332.02,500
1007,1069,2539.75,500
1008,946,2175.91,500
1008,1007,2332.02,500
1008,1009,2332.03,500
1008,1070,2900.97,500
1009,947,2555.23,500
1009,1008,2332.03,500
1009,1010,2332.04,500
1009,1071,3236.48,500
1010,948,2915.51,500
1010,1009,2332.04,500
1010,1011,2332.03,500
1010,1072,3540.85,500
1011,949,3249.81,500
1011,1010,2332.03,500
1011,1012,2332.01,500
1011,1073,3809.69,500
1012,950,3552.79,500
1012,1011,2332.01,500
1012,1013,2331.96,500
1012,1074,4039.4,500
1013,951,3820.07,500
1013,1012,2331.96,500
1013,1014,2331.89,500
1013,1075,4227.01,500
1014,952,4048.08,500
1014,1013,2331.89,500
1014,1015,2331.79,500
1014,1076,4370.18,500
1015,953,4233.88,500
1015,1014,2331.79,500
1015,1016,2331.66,500
1015,1077,4467.15,500
1016,954,4375.15,500
1016,1015,2331.66,500
1016,1017,2331.5,500
1016,1078,4516.73,500
1017,955,4470.16,500
1017,1016,2331.5,500
1017,1018,2331.3,500
1017,1079,4518.35,500
1018,956,4517.76,500
1018,1017,2331.3,500
1018,1019,2331.08,500
1018,1020,4471.99,500
1019,957,4517.38,500
1019,960,2330.83,500
1019,1018,2331.08,500
1019,1021,4378.22,500
1020,1018,4471.99,500
1020,1021,2330.57,500
1020,1079,2330.84,500
1020,1082,4244.93,500
1021,1019,4378.22,500
1021,1020,2330.57,500
1021,1022,2330.28,500
1021,1083,4062.17,500
1022,960,4238.19,500
1022,1021,2330.28,500
1022,1023,2329.98,500
1022,1084,3837.08,500
1023,961,4053.62,500
1023,1022,2329.98,500
1023,1024,2329.68,500
1023,1085,3572.54,500
1024,962,3826.83,500
1024,1023,2329.68,500
1024,1025,2329.38,500
1024,1086,3272.06,500
1025,963,3560.71,500
1025,1024,2329.38,500
1025,1026,2329.09,500
1025,1087,2939.9,500
1026,964,3258.82,500
1026,1025,2329.09,500
1026,1027,2328.82,500
1026,1088,2581.26,500
1027,965,2925.44,500
1027,1026,2328.82,500
1027,1028,2328.57,500
1027,1089,2202.82,500
1028,966,2565.83,500
1028,1027,2328.57,500
1028,1029,2328.36,500
1028,1090,1813.93,500
1029,967,2186.74,500
1029,1028,2328.36,500
1029,1030,2328.19,500
1029,1091,1429.95,500
1030,968,1797.7,500
1030,1029,2328.19,500
1030,1031,2328.06,500
1030,1092,1081.56,500
1031,969,1414.42,500
1031,1030,2328.06,500
1031,1032,2327.98,500
1031,1093,838.73,500
1032,970,1068.64,500
1032,1031,2327.98,500
1032,1033,2327.95,500
1032,1094,816.17,500
1033,971,832.63,500
1033,1032,2327.95,500
1033,1034,2327.98,500
1033,1095,1029.26,500
1034,972,820.96,500
1034,1033,2327.98,500
1034,1035,2328.05,500
1034,1096,1366.05,500
1035,973,1041.59,500
1035,1034,2328.05,500
1035,1036,2328.17,500
1035,1097,1746.77,500
1036,974,1381.38,500
1036,1035,2328.17,500
1036,1037,2328.33,500
1036,1098,2136.16,500
1037,975,1762.98,500
1037,1036,2328.33,500
1037,1038,2328.54,500
1037,1099,2517.18,500
1038,976,2152.29,500
1038,1037,2328.54,500
1038,1039,2328.78,500
1038,1100,2879.76,500
1039,977,2532.71,500
1039,1038,2328.78,500
1039,1040,2329.05,500
1039,1101,3216.89,500
1040,978,2894.35,500
1040,1039,2329.05,500
1040,1041,2329.33,500
1040,1102,3523.16,500
1041,979,3230.3,500
1041,1040,2329.33,500
1041,1042,2329.63,500
1041,1103,3794.18,500
1042,980,3535.19,500
1042,1041,2329.63,500
1042,1043,2329.94,500
1042,1104,4026.3,500
1043,981,3804.65,500
1043,1042,2329.94,500
1043,1044,2330.24,500
1043,1105,4216.53,500
1044,982,4035.08,500
1044,1043,2330.24,500
1044,1045,2330.53,500
1044,1106,4362.51,500
1045,983,4223.52,500
1045,1044,2330.53,500
1045,1046,2330.8,500
1045,1107,4462.41,500
1046,984,4367.6,500
1046,1045,2330.8,500
1046,1047,2331.05,500
1046,1108,4515.02,500
1047,985,4465.55,500
1047,1046,2331.05,500
1047,1048,2331.28,500
1047,1109,4519.69,500
1048,986,4516.17,500
1048,1047,2331.28,500
1048,1049,2331.47,500
1048,1110,4476.35,500
1049,987,4518.84,500
1049,1048,2331.47,500
1049,1050,2331.64,500
1049,1111,4385.53,500
1050,988,4473.51,500
1050,1049,2331.64,500
1050,1051,2331.78,500
1050,1112,4248.33,500
1051,989,4380.73,500
1051,1050,2331.78,500
1051,1052,2331.88,500
1051,1113,4066.41,500
1052,990,4241.63,500
1052,1051,2331.88,500
1052,1053,2331.95,500
1052,1114,3842.06,500
1053,991,4057.89,500
1053,1052,2331.95,500
1053,1054,2332.0,500
1053,1115,3578.14,500
1054,992,3831.83,500
1054,1053,2332.0,500
1054,1055,2332.03,500
1054,1116,3278.19,500
1055,993,3566.34,500
1055,1054,2332.03,500
1055,1056,2332.04,500
1055,1117,2946.48,500
1056,994,3264.97,500
1056,1055,2332.04,500
1056,1057,2332.03,500
1056,1118,2588.27,500
1057,995,2932.04,500
1057,1056,2332.03,500
1057,1058,2332.02,500
1057,1119,2210.3,500
1058,996,2572.86,500
1058,1057,2332.02,500
1058,1059,2332.0,500
1058,1120,1822.09,500
1059,997,2194.25,500
1059,1058,2332.0,500
1059,1060,2331.98,500
1059,1121,1439.22,500
1060,998,1805.89,500
1060,1059,2331.98,500
1060,1061,2331.96,500
1060,1122,1092.72,500
1061,999,1423.75,500
1061,1060,2331.96,500
1061,1062,2331.95,500
1061,1123,852.3,500
1062,1000,1079.89,500
1062,1061,2331.95,500
1062,1063,2331.95,500
1062,1124,830.03,500
1063,1001,846.28,500
1063,1062,2331.95,500
1063,1064,2331.95,500
1063,1125,1040.81,500
1064,1002,834.76,500
1064,1063,2331.95,500
1064,1065,2331.96,500
1064,1126,1375.56,500
1065,1003,1053.04,500
1065,1064,2331.96,500
1065,1066,2331.98,500
1065,1127,1755.06,500
1066,1004,1390.83,500
1066,1065,2331.98,500
1066,1067,2332.0,500
1066,1128,2143.72,500
1067,1005,1771.23,500
1067,1066,2332.0,500
1067,1068,2332.02,500
1067,1129,2524.24,500
1067,1440,1480.47,372.31
1068,1006,2159.82,500
1068,1067,2332.02,500
1068,1069,2332.03,500
1068,1130,2886.4,500
1069,1007,2539.75,500
1069,1068,2332.03,500
1069,1070,2332.04,500
1069,1131,3223.09,500
1070,1008,2900.97,500
1070,1069,2332.04,500
1070,1071,2332.03,500
1070,1132,3528.85,500
1071,1009,3236.48,500
1071,1070,2332.03,500
1071,1072,2332.01,500
1071,1133,3799.25,500
1072,1010,3540.85,500
1072,1071,2332.01,500
1072,1073,2331.97,500
1072,1134,4030.65,500
1073,1011,3809.69,500
1073,1072,2331.97,500
1073,1074,2331.89,500
1073,1135,4220.07,500
1074,1012,4039.4,500
1074,1073,2331.89,500
1074,1075,2331.79,500
1074,1136,4365.13,500
1075,1013,4227.01,500
1075,1074,2331.79,500
1075,1076,2331.66,500
1075,1137,4464.04,500
1076,1014,4370.18,500
1076,1075,2331.66,500
1076,1077,2331.5,500
1076,1138,4515.62,500
1077,1015,4467.15,500
1077,1076,2331.5,500
1077,1078,2331.31,500
1077,1139,4519.25,500
1078,1016,4516.73,500
1078,1077,2331.31,500
1078,1079,2331.09,500
1078,1080,4474.88,500
1079,1017,4518.35,500
1079,1020,2330.84,500
1079,1078,2331.09,500
1079,1081,4383.06,500
1080,1078,4474.88,500
1080,1081,2330.58,500
1080,1139,2330.85,500
1080,1142,4251.59,500
1081,1079,4383.06,500
1081,1080,2330.58,500
1081,1082,2330.29,500
1081,1143,4070.65,500
1082,1020,4244.93,500
1082,1081,2330.29,500
1082,1083,2329.99,500
1082,1144,3847.27,500
1083,1021,4062.17,500
1083,1082,2329.99,500
1083,1084,2329.69,500
1083,1145,3584.31,500
1084,1022,3837.08,500
1084,1083,2329.69,500
1084,1085,2329.39,500
1084,1146,3285.24,500
1085,1023,3572.54,500
1085,1084,2329.39,500
1085,1086,2329.1,500
1085,1147,2954.3,500
1086,1024,3272.06,500
1086,1085,2329.1,500
1086,1087,2328.83,500
1086,1148,2596.65,500
1087,1025,2939.9,500
1087,1086,2328.83,500
1087,1088,2328.58,500
1087,1149,2218.87,500
1088,1026,2581.26,500
1088,1087,2328.58,500
1088,1089,2328.37,500
1088,1150,1830.18,500
1089,1027,2202.82,500
1089,1088,2328.37,500
1089,1090,2328.2,500
1089,1151,1445.54,500
1090,1028,1813.93,500
1090,1089,2328.2,500
1090,1091,2328.07,500
1090,1152,1094.66,500
1091,1029,1429.95,500
1091,1090,2328.07,500
1091,1092,2327.99,500
1091,1153,845.23,500
1092,1030,1081.56,500
1092,1091,2327.99,500
1092,1093,2327.95,500
1092,1154,811.81,500
1093,1031,838.73,500
1093,1092,2327.95,500
1093,1094,2327.97,500
1093,1155,1017.13,500
1094,1032,816.17,500
1094,1093,2327.97,500
1094,1095,2328.04,500
1094,1156,1350.79,500
1095,1033,1029.26,500
1095,1094,2328.04,500
1095,1096,2328.16,500
1095,1157,1730.58,500
1096,1034,1366.05,500
1096,1095,2328.16,500
1096,1097,2328.33,500
1096,1158,2120.01,500
1097,1035,1746.77,500
1097,1096,2328.33,500
1097,1098,2328.53,500
1097,1159,2501.61,500
1098,1036,2136.16,500
1098,1097,2328.53,500
1098,1099,2328.77,500
1098,1160,2865.12,500
1099,1037,2517.18,500
1099,1098,2328.77,500
1099,1100,2329.04,500
1099,1161,3203.43,500
1100,1038,2879.76,500
1100,1099,2329.04,500
1100,1101,2329.32,500
1100,1162,3511.08,500
1101,1039,3216.89,500
1101,1100,2329.32,500
1101,1102,2329.62,500
1101,1163,3783.64,500
1102,1040,3523.16,500
1102,1101,2329.62,500
1102,1103,2329.92,500
1102,1164,4017.44,500
1103,1041,3794.18,500
1103,1102,2329.92,500
1103,1104,2330.22,500
1103,1165,4209.48,500
1104,1042,4026.3,500
1104,1103,2330.22,500
1104,1105,2330.51,500
1104,1166,4357.33,500
1105,1043,4216.53,500
1105,1104,2330.51,500
1105,1106,2330.79,500
1105,1167,4459.18,500
1106,1044,4362.51,500
1106,1105,2330.79,500
1106,1107,2331.04,500
1106,1168,4513.78,500
1107,1045,4462.41,500
1107,1106,2331.04,500
1107,1108,2331.27,500
1107,1169,4520.45,500
1108,1046,4515.02,500
1108,1107,2331.27,500
1108,1109,2331.47,500
1108,1170,4479.11,500
1109,1047,4519.69,500
1109,1108,2331.47,500
1109,1110,2331.63,500
1109,1171,4390.25,500
1110,1048,4476.35,500
1110,1109,2331.63,500
1110,1111,2331.77,500
1110,1172,4254.95,500
1111,1049,4385.53,500
1111,1110,2331.77,500
1111,1112,2331.88,500
1111,1173,4074.86,500
1112,1050,4248.33,500
1112,1111,2331.88,500
1112,1113,2331.95,500
1112,1174,3852.22,500
1113,1051,4066.41,500
1113,1112,2331.95,500
1113,1114,2332.0,500
1113,1175,3589.89,500
1114,1052,3842.06,500
1114,1113,2332.0,500
1114,1115,2332.03,500
1114,1176,3291.36,500
1115,1053,3578.14,500
1115,1114,2332.03,500
1115,1116,2332.04,500
1115,1177,2960.87,500
1116,1054,3278.19,500
1116,1115,2332.04,500
1116,1117,2332.03,500
1116,1178,2603.64,500
1117,1055,2946.48,500
1117,1116,2332.03,500
1117,1118,2332.02,500
1117,1179,2226.34,500
1118,1056,2588.27,500
1118,1117,2332.02,500
1118,1119,2332.0,500
1118,1180,1838.3,500
1119,1057,2210.3,500
1119,1118,2332.0,500
1119,1120,2331.98,500
1119,1181,1454.75,500
1120,1058,1822.09,500
1120,1119,2331.98,500
1120,1121,2331.96,500
1120,1182,1105.72,500
1121,1059,1439.22,500
1121,1120,2331.96,500
1121,1122,2331.95,500
1121,1183,858.71,500
1122,1060,1092.72,500
1122,1121,2331.95,500
1122,1123,2331.95,500
1122,1184,825.74,500
1123,1061,852.3,500
1123,1122,2331.95,500
1123,1124,2331.95,500
1123,1185,1028.78,500
1124,1062,830.03,500
1124,1123,2331.95,500
1124,1125,2331.96,500
1124,1186,1360.36,500
1125,1063,1040.81,500
1125,1124,2331.96,500
1125,1126,2331.98,500
1125,1187,1738.9,500
1126,1064,1375.56,500
1126,1125,2331.98,500
1126,1127,2332.0,500
1126,1188,2127.6,500
1127,1065,1755.06,500
1127,1126,2332.0,500
1127,1128,2332.02,500
1127,1189,2508.69,500
1128,1066,2143.72,500
1128,1127,2332.02,500
1128,1129,2332.03,500
1128,1190,2871.77,500
1129,1067,2524.24,500
1129,1128,2332.03,500
1129,1130,2332.04,500
1129,1191,3209.64,500
1130,1068,2886.4,500
1130,1129,2332.04,500
1130,1131,2332.03,500
1130,1192,3516.78,500
1131,1069,3223.09,500
1131,1130,2332.03,500
1131,1132,2332.01,500
1131,1193,3788.74,500
1132,1070,3528.85,500
1132,1131,2332.01,500
1132,1133,2331.97,500
1132,1194,4021.83,500
1133,1071,3799.25,500
1133,1132,2331.97,500
1133,1134,2331.9,500
1133,1195,4213.05,500
1134,1072,4030.65,500
1134,1133,2331.9,500
1134,1135,2331.8,500
1134,1196,4359.99,500
1135,1073,4220.07,500
1135,1134,2331.8,500
1135,1136,2331.67,500
1135,1197,4460.86,500
1136,1074,4365.13,500
1136,1135,2331.67,500
1136,1137,2331.51,500
1136,1198,4514.43,500
1137,1075,4464.04,500
1137,1136,2331.51,500
1137,1138,2331.32,500
1137,1199,4520.06,500
1138,1076,4515.62,500
1138,1137,2331.32,500
1138,1139,2331.1,500
1138,1140,4477.68,500
1139,1077,4519.25,500
1139,1080,2330.85,500
1139,1138,2331.1,500
1139,1141,4387.82,500
1140,1138,4477.68,500
1140,1141,2330.59,500
1140,1199,2330.86,500
1140,1202,4258.17,500
1141,1139,4387.82,500
1141,1140,2330.59,500
1141,1142,2330.3,500
1141,1203,4079.06,500
1142,1080,4251.59,500
1142,1141,2330.3,500
1142,1143,2330.0,500
1142,1204,3857.39,500
1143,1081,4070.65,500
1143,1142,2330.0,500
1143,1144,2329.7,500
1143,1205,3596.01,500
1144,1082,3847.27,500
1144,1143,2329.7,500
1144,1145,2329.4,500
1144,1206,3298.37,500
1145,1083,3584.31,500
1145,1144,2329.4,500
1145,1146,2329.11,500
1145,1207,2968.67,500
1146,1084,3285.24,500
1146,1145,2329.11,500
1146,1147,2328.84,500
1146,1208,2612.01,500
1147,1085,2954.3,500
1147,1146,2328.84,500
1147,1148,2328.59,500
1147,1209,2234.91,500
1148,1086,2596.65,500
1148,1147,2328.59,500
1148,1149,2328.38,500
1148,1210,1846.43,500
1149,1087,2218.87,500
1149,1148,2328.38,500
1149,1150,2328.2,500
1149,1211,1461.18,500
1150,1088,1830.18,500
1150,1149,2328.2,500
1150,1151,2328.07,500
1150,1212,1107.92,500
1151,1089,1445.54,500
1151,1150,2328.07,500
1151,1152,2327.99,500
1151,1213,852.12,500
1152,1090,1094.66,500
1152,1151,2327.99,500
1152,1153,2327.95,500
1152,1214,807.9,500
1153,1091,845.23,500
1153,1152,2327.95,500
1153,1154,2327.97,500
1153,1215,1005.21,500
1154,1092,811.81,500
1154,1153,2327.97,500
1154,1155,2328.04,500
1154,1216,1335.59,500
1155,1093,1017.13,500
1155,1154,2328.04,500
1155,1156,2328.16,500
1155,1217,1714.4,500
1156,1094,1350.79,500
1156,1155,2328.16,500
1156,1157,2328.32,500
1156,1218,2103.86,500
1157,1095,1730.58,500
1157,1156,2328.32,500
1157,1158,2328.52,500
1157,1219,2486.02,500
1158,1096,2120.01,500
1158,1157,2328.52,500
1158,1159,2328.76,500
1158,1220,2850.43,500
1159,1097,2501.61,500
1159,1158,2328.76,500
1159,1160,2329.02,500
1159,1221,3189.91,500
1160,1098,2865.12,500
1160,1159,2329.02,500
1160,1161,2329.31,500
1160,1222,3498.93,500
1161,1099,3203.43,500
1161,1160,2329.31,500
1161,1162,2329.61,500
1161,1223,3773.03,500
1162,1100,3511.08,500
1162,1161,2329.61,500
1162,1163,2329.91,500
1162,1224,4008.52,500
1163,1101,3783.64,500
1163,1162,2329.91,500
1163,1164,2330.21,500
1163,1225,4202.34,500
1164,1102,4017.44,500
1164,1163,2330.21,500
1164,1165,2330.5,500
1164,1226,4352.08,500
1165,1103,4209.48,500
1165,1164,2330.5,500
1165,1166,2330.78,500
1165,1227,4455.87,500
1166,1104,4357.33,500
1166,1165,2330.78,500
1166,1167,2331.03,500
1166,1228,4512.46,500
1167,1105,4459.18,500
1167,1166,2331.03,500
1167,1168,2331.26,500
1167,1229,4521.13,500
1168,1106,4513.78,500
1168,1167,2331.26,500
1168,1169,2331.46,500
1168,1230,4481.79,500
1169,1107,4520.45,500
1169,1168,2331.46,500
1169,1170,2331.63,500
1169,1231,4394.89,500
1170,1108,4479.11,500
1170,1169,2331.63,500
1170,1171,2331.77,500
1170,1232,4261.5,500
1171,1109,4390.25,500
1171,1170,2331.77,500
1171,1172,2331.87,500
1171,1233,4083.23,500
1172,1110,4254.95,500
1172,1171,2331.87,500
1172,1173,2331.95,500
1172,1234,3862.31,500
1173,1111,4074.86,500
1173,1172,2331.95,500
1173,1174,2332.0,500
1173,1235,3601.57,500
1174,1112,3852.22,500
1174,1173,2332.0,500
1174,1175,2332.03,500
1174,1236,3304.46,500
1175,1113,3589.89,500
1175,1174,2332.03,500
1175,1176,2332.04,500
1175,1237,2975.22,500
1176,1114,3291.36,500
1176,1175,2332.04,500
1176,1177,2332.03,500
1176,1238,2618.98,500
1177,1115,2960.87,500
1177,1176,2332.03,500
1177,1178,2332.02,500
1177,1239,2242.35,500
1178,1116,2603.64,500
1178,1177,2332.02,500
1178,1179,2332.0,500
1178,1240,1854.52,500
1179,1117,2226.34,500
1179,1178,2332.0,500
1179,1180,2331.98,500
1179,1241,1470.33,500
1180,1118,1838.3,500
1180,1179,2331.98,500
1180,1181,2331.96,500
1180,1242,1118.88,500
1181,1119,1454.75,500
1181,1180,2331.96,500
1181,1182,2331.95,500
1181,1243,865.51,500
1182,1120,1105.72,500
1182,1181,2331.95,500
1182,1183,2331.95,500
1182,1244,821.88,500
1182,1441,1221.18,460.21
1183,1121,858.71,500
1183,1182,2331.95,500
1183,1184,2331.95,500
1183,1245,1016.97,500
1184,1122,825.74,500
1184,1183,2331.95,500
1184,1185,2331.96,500
1184,1246,1345.24,500
1185,1123,1028.78,500
1185,1184,2331.96,500
1185,1186,2331.98,500
1185,1247,1722.76,500
1186,1124,1360.36,500
1186,1185,2331.98,500
1186,1187,2332.0,500
1186,1248,2111.46,500
1187,1125,1738.9,500
1187,1186,2332.0,500
1187,1188,2332.02,500
1187,1249,2493.11,500
1188,1126,2127.6,500
1188,1187,2332.02,500
1188,1189,2332.03,500
1188,1250,2857.1,500
1189,1127,2508.69,500
1189,1188,2332.03,500
1189,1190,2332.04,500
1189,1251,3196.14,500
1190,1128,2871.77,500
1190,1189,2332.04,500
1190,1191,2332.04,500
1190,1252,3504.66,500
1191,1129,3209.64,500
1191,1190,2332.04,500
1191,1192,2332.01,500
1191,1253,3778.16,500
1192,1130,3516.78,500
1192,1191,2332.01,500
1192,1193,2331.97,500
1192,1254,4012.94,500
1193,1131,3788.74,500
1193,1192,2331.97,500
1193,1194,2331.9,500
1193,1255,4205.95,500
1194,1132,4021.83,500
1194,1193,2331.9,500
1194,1195,2331.8,500
1194,1256,4354.78,500
1195,1133,4213.05,500
1195,1194,2331.8,500
1195,1196,2331.68,500
1195,1257,4457.6,500
1196,1134,4359.99,500
1196,1195,2331.68,500
1196,1197,2331.52,500
1196,1258,4513.15,500
1197,1135,4460.86,500
1197,1196,2331.52,500
1197,1198,2331.33,500
1197,1259,4520.78,500
1198,1136,4514.43,500
1198,1197,2331.33,500
1198,1199,2331.11,500
1198,1200,4480.4,500
1199,1137,4520.06,500
1199,1140,2330.86,500
1199,1198,2331.11,500
1199,1201,4392.5,500
1200,1198,4480.4,500
1200,1201,2330.6,500
1200,1259,2330.87,500
1200,1262,4264.68,500
1201,1199,4392.5,500
1201,1200,2330.6,500
1201,1202,2330.32,500
1201,1263,4087.39,500
1202,1140,4258.17,500
1202,1201,2330.32,500
1202,1203,2330.02,500
1202,1264,3867.44,500
1203,1141,4079.06,500
1203,1202,2330.02,500
1203,1204,2329.71,500
1203,1265,3607.65,500
1204,1142,3857.39,500
1204,1203,2329.71,500
1204,1205,2329.41,500
1204,1266,3311.45,500
1205,1143,3596.01,500
1205,1204,2329.41,500
1205,1206,2329.12,500
1205,1267,2982.98,500
1206,1144,3298.37,500
1206,1205,2329.12,500
1206,1207,2328.85,500
1206,1268,2627.33,500
1207,1145,2968.67,500
1207,1206,2328.85,500
1207,1208,2328.6,500
1207,1269,2250.92,500
1208,1146,2612.01,500
1208,1207,2328.6,500
1208,1209,2328.39,500
1208,1270,1862.68,500
1209,1147,2234.91,500
1209,1208,2328.39,500
1209,1210,2328.21,500
1209,1271,1476.87,500
1210,1148,1846.43,500
1210,1209,2328.21,500
1210,1211,2328.08,500
1210,1272,1121.34,500
1211,1149,1461.18,500
1211,1210,2328.08,500
1211,1212,2327.99,500
1211,1273,859.39,500
1212,1150,1107.92,500
1212,1211,2327.99,500
1212,1213,2327.95,500
1212,1274,804.43,500
1213,1151,852.12,500
1213,1212,2327.95,500
1213,1214,2327.97,500
1213,1275,993.52,500
1214,1152,807.9,500
1214,1213,2327.97,500
1214,1215,2328.04,500
1214,1276,1320.48,500
1215,1153,1005.21,500
1215,1214,2328.04,500
1215,1216,2328.15,500
1215,1277,1698.23,500
1216,1154,1335.59,500
1216,1215,2328.15,500
1216,1217,2328.31,500
1216,1278,2087.69,500
1217,1155,1714.4,500
1217,1216,2328.31,500
1217,1218,2328.51,500
1217,1279,2470.39,500
1218,1156,2103.86,500
1218,1217,2328.51,500
1218,1219,2328.75,500
1218,1280,2835.7,500
1219,1157,2486.02,500
1219,1218,2328.75,500
1219,1220,2329.01,500
1219,1281,3176.34,500
1220,1158,2850.43,500
1220,1219,2329.01,500
1220,1221,2329.3,500
1220,1282,3486.72,500
1221,1159,3189.91,500
1221,1220,2329.3,500
1221,1222,2329.59,500
1221,1283,3762.36,500
1222,1160,3498.93,500
1222,1221,2329.59,500
1222,1223,2329.9,500
1222,1284,3999.52,500
1223,1161,3773.03,500
1223,1222,2329.9,500
1223,1224,2330.2,500
1223,1285,4195.13,500
1224,1162,4008.52,500
1224,1223,2330.2,500
1224,1225,2330.49,500
1224,1286,4346.75,500
1225,1163,4202.34,500
1225,1224,2330.49,500
1225,1226,2330.77,500
1225,1287,4452.49,500
1226,1164,4352.08,500
1226,1225,2330.77,500
1226,1227,2331.02,500
1226,1288,4511.05,500
1227,1165,4455.87,500
1227,1226,2331.02,500
1227,1228,2331.25,500
1227,1289,4521.73,500
1228,1166,4512.46,500
1228,1227,2331.25,500
1228,1229,2331.45,500
1228,1290,4484.38,500
1229,1167,4521.13,500
1229,1228,2331.45,500
1229,1230,2331.62,500
1229,1291,4399.45,500
1230,1168,4481.79,500
1230,1229,2331.62,500
1230,1231,2331.76,500
1230,1292,4267.96,500
1231,1169,4394.89,500
1231,1230,2331.76,500
1231,1232,2331.87,500
1231,1293,4091.52,500
1232,1170,4261.5,500
1232,1231,2331.87,500
1232,1233,2331.95,500
1232,1294,3872.33,500
1233,1171,4083.23,500
1233,1232,2331.95,500
1233,1234,2332.0,500
1233,1295,3613.18,500
1234,1172,3862.31,500
1234,1233,2332.0,500
1234,1235,2332.03,500
1234,1296,3317.52,500
1235,1173,3601.57,500
1235,1234,2332.03,500
1235,1236,2332.04,500
1235,1297,2989.51,500
1236,1174,3304.46,500
1236,1235,2332.04,500
1236,1237,2332.03,500
1236,1298,2634.28,500
1237,1175,2975.22,500
1237,1236,2332.03,500
1237,1238,2332.02,500
1237,1299,2258.34,500
1238,1176,2618.98,500
1238,1237,2332.02,500
1238,1239,2332.0,500
1238,1300,1870.74,500
1239,1177,2242.35,500
1239,1238,2332.0,500
1239,1240,2331.98,500
1239,1301,1485.97,500
1240,1178,1854.52,500
1240,1239,2331.98,500
1240,1241,2331.96,500
1240,1302,1132.21,500
1241,1179,1470.33,500
1241,1240,2331.96,500
1241,1242,2331.95,500
1241,1303,872.69,500
1242,1180,1118.88,500
1242,1241,2331.95,500
1242,1243,2331.95,500
1242,1304,818.46,500
1243,1181,865.51,500
1243,1242,2331.95,500
1243,1244,2331.95,500
1243,1305,1005.38,500
1244,1182,821.88,500
1244,1243,2331.95,500
1244,1245,2331.96,500
1244,1306,1330.19,500
1245,1183,1016.97,500
1245,1244,2331.96,500
1245,1246,2331.98,500
1245,1307,1706.63,500
1246,1184,1345.24,500
1246,1245,2331.98,500
1246,1247,2331.99,500
1246,1308,2095.32,500
1247,1185,1722.76,500
1247,1246,2331.99,500
1247,1248,2332.01,500
1247,1309,2477.51,500
1248,1186,2111.46,500
1248,1247,2332.01,500
1248,1249,2332.03,500
1248,1310,2842.39,500
1249,1187,2493.11,500
1249,1248,2332.03,500
1249,1250,2332.04,500
1249,1311,3182.59,500
1250,1188,2857.1,500
1250,1249,2332.04,500
1250,1251,2332.04,500
1250,1312,3492.48,500
1251,1189,3196.14,500
1251,1250,2332.04,500
1251,1252,2332.01,500
1251,1313,3767.52,500
1252,1190,3504.66,500
1252,1251,2332.01,500
1252,1253,2331.97,500
1252,1314,4003.97,500
1253,1191,3778.16,500
1253,1252,2331.97,500
1253,1254,2331.9,500
1253,1315,4198.78,500
1254,1192,4012.94,500
1254,1253,2331.9,500
1254,1255,2331.81,500
1254,1316,4349.49,500
1255,1193,4205.95,500
1255,1254,2331.81,500
1255,1256,2331.68,500
1255,1317,4454.25,500
1256,1194,4354.78,500
1256,1255,2331.68,500
1256,1257,2331.52,500
1256,1318,4511.79,500
1257,1195,4457.6,500
1257,1256,2331.52,500
1257,1258,2331.34,500
1257,1319,4521.42,500
1258,1196,4513.15,500
1258,1257,2331.34,500
1258,1259,2331.12,500
1258,1260,4483.04,500
1259,1197,4520.78,500
1259,1200,2330.87,500
1259,1258,2331.12,500
1259,1261,4397.1,500
1260,1258,4483.04,500
1260,1261,2330.61,500
1260,1319,2330.88,500
1260,1322,4271.1,500
1261,1259,4397.1,500
1261,1260,2330.61,500
1261,1262,2330.33,500
1261,1323,4095.64,500
1262,1200,4264.68,500
1262,1261,2330.33,500
1262,1263,2330.03,500
1262,1324,3877.42,500
1263,1201,4087.39,500
1263,1262,2330.03,500
1263,1264,2329.73,500
1263,1325,3619.23,500
1264,1202,3867.44,500
1264,1263,2329.73,500
1264,1265,2329.42,500
1264,1326,3324.46,500
1265,1203,3607.65,500
1265,1264,2329.42,500
1265,1266,2329.13,500
1265,1327,2997.25,500
1266,1204,3311.45,500
1266,1265,2329.13,500
1266,1267,2328.86,500
1266,1328,2642.61,500
1267,1205,2982.98,500
1267,1266,2328.86,500
1267,1268,2328.61,500
1267,1329,2266.92,500
1268,1206,2627.33,500
1268,1267,2328.61,500
1268,1269,2328.39,500
1268,1330,1878.94,500
1269,1207,2250.92,500
1269,1268,2328.39,500
1269,1270,2328.22,500
1269,1331,1492.61,500
1270,1208,1862.68,500
1270,1269,2328.22,500
1270,1271,2328.08,500
1270,1332,1134.92,500
1271,1209,1476.87,500
1271,1270,2328.08,500
1271,1272,2327.99,500
1271,1333,867.02,500
1272,1210,1121.34,500
1272,1271,2327.99,500
1272,1273,2327.96,500
1272,1334,801.42,500
1273,1211,859.39,500
1273,1272,2327.96,500
1273,1274,2327.97,500
1273,1335,982.05,500
1274,1212,804.43,500
1274,1273,2327.97,500
1274,1275,2328.03,500
1274,1336,1305.45,500
1275,1213,993.52,500
1275,1274,2328.03,500
1275,1276,2328.15,500
1275,1337,1682.08,500
1276,1214,1320.48,500
1276,1275,2328.15,500
1276,1277,2328.3,500
1276,1338,2071.5,500
1277,1215,1698.23,500
1277,1276,2328.3,500
1277,1278,2328.5,500
1277,1339,2454.73,500
1278,1216,2087.69,500
1278,1277,2328.5,500
1278,1279,2328.74,500
1278,1340,2820.93,500
1279,1217,2470.39,500
1279,1278,2328.74,500
1279,1280,2329.0,500
1279,1341,3162.71,500
1280,1218,2835.7,500
1280,1279,2329.0,500
1280,1281,2329.28,500
1280,1342,3474.46,500
1281,1219,3176.34,500
1281,1280,2329.28,500
1281,1282,2329.58,500
1281,1343,3751.62,500
1282,1220,3486.72,500
1282,1281,2329.58,500
1282,1283,2329.89,500
1282,1344,3990.45,500
1283,1221,3762.36,500
1283,1282,2329.89,500
1283,1284,2330.19,500
1283,1345,4187.85,500
1284,1222,3999.52,500
1284,1283,2330.19,500
1284,1285,2330.48,500
1284,1346,4341.33,500
1285,1223,4195.13,500
1285,1284,2330.48,500
1285,1286,2330.76,500
1285,1347,4449.01,500
1286,1224,4346.75,500
1286,1285,2330.76,500
1286,1287,2331.01,500
1286,1348,4509.57,500
1287,1225,4452.49,500
1287,1286,2331.01,500
1287,1288,2331.24,500
1287,1349,4522.25,500
1288,1226,4511.05,500
1288,1287,2331.24,500
1288,1289,2331.44,500
1288,1350,4486.89,500
1289,1227,4521.73,500
1289,1288,2331.44,500
1289,1290,2331.62,500
1289,1351,4403.93,500
1290,1228,4484.38,500
1290,1289,2331.62,500
1290,1291,2331.75,500
1290,1352,4274.35,500
1291,1229,4399.45,500
1291,1290,2331.75,500
1291,1292,2331.86,500
1291,1353,4099.75,500
1292,1230,4267.96,500
1292,1291,2331.86,500
1292,1293,2331.94,500
1292,1354,3882.28,500
1293,1231,4091.52,500
1293,1292,2331.94,500
1293,1294,2332.0,500
1293,1355,3624.73,500
1294,1232,3872.33,500
1294,1293,2332.0,500
1294,1295,2332.03,500
1294,1356,3330.51,500
1295,1233,3613.18,500
1295,1294,2332.03,500
1295,1296,2332.04,500
1295,1357,3003.76,500
1296,1234,3317.52,500
1296,1295,2332.04,500
1296,1297,2332.03,500
1296,1358,2649.55,500
1297,1235,2989.51,500
1297,1296,2332.03,500
1297,1298,2332.02,500
1297,1359,2274.31,500
1298,1236,2634.28,500
1298,1297,2332.02,500
1298,1299,2332.0,500
1298,1360,1886.96,500
1299,1237,2258.34,500
1299,1298,2332.0,500
1299,1300,2331.98,500
1299,1361,1501.65,500
1300,1238,1870.74,500
1300,1299,2331.98,500
1300,1301,2331.96,500
1300,1362,1145.69,500
1301,1239,1485.97,500
1301,1300,2331.96,500
1301,1302,2331.95,500
1301,1363,880.23,500
1302,1240,1132.21,500
1302,1301,2331.95,500
1302,1303,2331.95,500
1302,1364,815.49,500
1303,1241,872.69,500
1303,1302,2331.95,500
1303,1304,2331.95,500
1303,1365,994.02,500
1304,1242,818.46,500
1304,1303,2331.95,500
1304,1305,2331.96,500
1304,1366,1315.23,500
1305,1243,1005.38,500
1305,1304,2331.96,500
1305,1306,2331.97,500
1305,1367,1690.53,500
1306,1244,1330.19,500
1306,1305,2331.97,500
1306,1307,2331.99,500
1306,1368,2079.16,500
1307,1245,1706.63,500
1307,1306,2331.99,500
1307,1308,2332.01,500
1307,1369,2461.87,500
1308,1246,2095.32,500
1308,1307,2332.01,500
1308,1309,2332.03,500
1308,1370,2827.64,500
1309,1247,2477.51,500
1309,1308,2332.03,500
1309,1310,2332.04,500
1309,1371,3168.99,500
1310,1248,2842.39,500
1310,1309,2332.04,500
1310,1311,2332.04,500
1310,1372,3480.23,500
1311,1249,3182.59,500
1311,1310,2332.04,500
1311,1312,2332.02,500
1311,1373,3756.8,500
1312,1250,3492.48,500
1312,1311,2332.02,500
1312,1313,2331.97,500
1312,1374,3994.93,500
1313,1251,3767.52,500
1313,1312,2331.97,500
1313,1314,2331.91,500
1313,1375,4191.52,500
1314,1252,4003.97,500
1314,1313,2331.91,500
1314,1315,2331.81,500
1314,1376,4344.11,500
1315,1253,4198.78,500
1315,1314,2331.81,500
1315,1316,2331.69,500
1315,1377,4450.82,500
1316,1254,4349.49,500
1316,1315,2331.69,500
1316,1317,2331.53,500
1316,1378,4510.35,500
1317,1255,4454.25,500
1317,1316,2331.53,500
1317,1318,2331.34,500
1317,1379,4521.98,500
1318,1256,4511.79,500
1318,1317,2331.34,500
1318,1319,2331.13,500
1318,1320,4485.59,500
1319,1257,4521.42,500
1319,1260,2330.88,500
1319,1318,2331.13,500
1319,1321,4401.62,500
1320,1318,4485.59,500
1320,1321,2330.63,500
1320,1379,2330.89,500
1320,1382,4277.45,500
1321,1319,4401.62,500
1321,1320,2330.63,500
1321,1322,2330.34,500
1321,1383,4103.82,500
1322,1260,4271.1,500
1322,1321,2330.34,500
1322,1323,2330.04,500
1322,1384,3887.34,500
1323,1261,4095.64,500
1323,1322,2330.04,500
1323,1324,2329.74,500
1323,1385,3630.74,500
1324,1262,3877.42,500
1324,1323,2329.74,500
1324,1325,2329.44,500
1324,1386,3337.42,500
1325,1263,3619.23,500
1325,1324,2329.44,500
1325,1326,2329.15,500
1325,1387,3011.47,500
1326,1264,3324.46,500
1326,1325,2329.15,500
1326,1327,2328.87,500
1326,1388,2657.86,500
1327,1265,2997.25,500
1327,1326,2328.87,500
1327,1328,2328.62,500
1327,1389,2282.89,500
1328,1266,2642.61,500
1328,1327,2328.62,500
1328,1329,2328.4,500
1328,1390,1895.19,500
1329,1267,2266.92,500
1329,1328,2328.4,500
1329,1330,2328.22,500
1329,1391,1508.4,500
1330,1268,1878.94,500
1330,1329,2328.22,500
1330,1331,2328.09,500
1330,1392,1148.64,500
1331,1269,1492.61,500
1331,1330,2328.09,500
1331,1332,2328.0,500
1331,1393,875.01,500
1332,1270,1134.92,500
1332,1331,2328.0,500
1332,1333,2327.96,500
1332,1394,798.86,500
1333,1271,867.02,500
1333,1332,2327.96,500
1333,1334,2327.97,500
1333,1395,970.83,500
1334,1272,801.42,500
1334,1333,2327.97,500
1334,1335,2328.03,500
1334,1396,1290.5,500
1335,1273,982.05,500
1335,1334,2328.03,500
1335,1336,2328.14,500
1335,1397,1665.96,500
1336,1274,1305.45,500
1336,1335,2328.14,500
1336,1337,2328.3,500
1336,1398,2055.3,500
1337,1275,1682.08,500
1337,1336,2328.3,500
1337,1338,2328.49,500
1337,1399,2439.04,500
1338,1276,2071.5,500
1338,1337,2328.49,500
1338,1339,2328.73,500
1338,1400,2806.12,500
1339,1277,2454.73,500
1339,1338,2328.73,500
1339,1340,2328.99,500
1339,1401,3149.04,500
1340,1278,2820.93,500
1340,1339,2328.99,500
1340,1341,2329.27,500
1340,1402,3462.13,500
1341,1279,3162.71,500
1341,1340,2329.27,500
1341,1342,2329.57,500
1341,1403,3740.81,500
1342,1280,3474.46,500
1342,1341,2329.57,500
1342,1343,2329.87,500
1342,1404,3981.3,500
1343,1281,3751.62,500
1343,1342,2329.87,500
1343,1344,2330.17,500
1343,1405,4180.48,500
1344,1282,3990.45,500
1344,1343,2330.17,500
1344,1345,2330.47,500
1344,1406,4335.84,500
1345,1283,4187.85,500
1345,1344,2330.47,500
1345,1346,2330.74,500
1345,1407,4445.46,500
1346,1284,4341.33,500
1346,1345,2330.74,500
1346,1347,2331.0,500
1346,1408,4508.0,500
1347,1285,4449.01,500
1347,1346,2331.0,500
1347,1348,2331.23,500
1347,1409,4522.68,500
1348,1286,4509.57,500
1348,1347,2331.23,500
1348,1349,2331.44,500
1348,1410,4489.32,500
1349,1287,4522.25,500
1349,1348,2331.44,500
1349,1350,2331.61,500
1349,1411,4408.33,500
1350,1288,4486.89,500
1350,1349,2331.61,500
1350,1351,2331.75,500
1350,1412,4280.66,500
1351,1289,4403.93,500
1351,1350,2331.75,500
1351,1352,2331.86,500
1351,1413,4107.89,500
1352,1290,4274.35,500
1352,1351,2331.86,500
1352,1353,2331.94,500
1352,1414,3892.17,500
1353,1291,4099.75,500
1353,1352,2331.94,500
1353,1354,2331.99,500
1353,1415,3636.22,500
1354,1292,3882.28,500
1354,1353,2331.99,500
1354,1355,2332.03,500
1354,1416,3343.45,500
1355,1293,3624.73,500
1355,1354,2332.03,500
1355,1356,2332.04,500
1355,1417,3017.97,500
1356,1294,3330.51,500
1356,1355,2332.04,500
1356,1357,2332.03,500
1356,1418,2664.78,500
1357,1295,3003.76,500
1357,1356,2332.03,500
1357,1358,2332.02,500
1357,1419,2290.26,500
1358,1296,2649.55,500
1358,1357,2332.02,500
1358,1359,2332.0,500
1358,1420,1903.18,500
1359,1297,2274.31,500
1359,1358,2332.0,500
1359,1360,2331.98,500
1359,1421,1517.38,500
1360,1298,1886.96,500
1360,1359,2331.98,500
1360,1361,2331.97,500
1360,1422,1159.32,500
1361,1299,1501.65,500
1361,1360,2331.97,500
1361,1362,2331.95,500
1361,1423,888.12,500
1362,1300,1145.69,500
1362,1361,2331.95,500
1362,1363,2331.95,500
1362,1424,812.97,500
1363,1301,880.23,500
1363,1362,2331.95,500
1363,1364,2331.95,500
1363,1425,982.9,500
1364,1302,815.49,500
1364,1363,2331.95,500
1364,1365,2331.96,500
1364,1426,1300.36,500
1365,1303,994.02,500
1365,1364,2331.96,500
1365,1366,2331.97,500
1365,1427,1674.44,500
1366,1304,1315.23,500
1366,1365,2331.97,500
1366,1367,2331.99,500
1366,1428,2062.99,500
1367,1305,1690.53,500
1367,1366,2331.99,500
1367,1368,2332.01,500
1367,1429,2446.2,500
1368,1306,2079.16,500
1368,1367,2332.01,500
1368,1369,2332.03,500
1368,1430,2812.84,500
1369,1307,2461.87,500
1369,1368,2332.03,500
1369,1370,2332.04,500
1369,1431,3155.33,500
1370,1308,2827.64,500
1370,1369,2332.04,500
1370,1371,2332.04,500
1370,1432,3467.93,500
1371,1309,3168.99,500
1371,1370,2332.04,500
1371,1372,2332.02,500
1371,1433,3746.02,500
1372,1310,3480.23,500
1372,1371,2332.02,500
1372,1373,2331.98,500
1372,1434,3985.82,500
1373,1311,3756.8,500
1373,1372,2331.98,500
1373,1374,2331.91,500
1373,1435,4184.2,500
1374,1312,3994.93,500
1374,1373,2331.91,500
1374,1375,2331.82,500
1374,1436,4338.66,500
1375,1313,4191.52,500
1375,1374,2331.82,500
1375,1376,2331.69,500
1375,1437,4447.31,500
1376,1314,4344.11,500
1376,1375,2331.69,500
1376,1377,2331.54,500
1376,1438,4508.82,500
1377,1315,4450.82,500
1377,1376,2331.54,500
1377,1378,2331.35,500
1377,1439,4522.46,500
1378,1316,4510.35,500
1378,1377,2331.35,500
1378,1379,2331.14,500
1378,1380,4488.06,500
1379,1317,4521.98,500
1379,1320,2330.89,500
1379,1378,2331.14,500
1379,1381,4406.06,500
1380,1,4283.72,500
1380,1378,4488.06,500
1380,1381,2330.64,500
1380,1439,2330.9,500
1381,2,4111.93,500
1381,1379,4406.06,500
1381,1380,2330.64,500
1381,1382,2330.35,500
1382,3,3897.18,500
1382,1320,4277.45,500
1382,1381,2330.35,500
1382,1383,2330.06,500
1383,4,3642.19,500
1383,1321,4103.82,500
1383,1382,2330.06,500
1383,1384,2329.75,500
1384,5,3350.33,500
1384,1322,3887.34,500
1384,1383,2329.75,500
1384,1385,2329.45,500
1385,6,3025.64,500
1385,1323,3630.74,500
1385,1384,2329.45,500
1385,1386,2329.16,500
1386,7,2673.07,500
1386,1324,3337.42,500
1386,1385,2329.16,500
1386,1387,2328.88,500
1387,8,2298.84,500
1387,1325,3011.47,500
1387,1386,2328.88,500
1387,1388,2328.63,500
1388,9,1911.45,500
1388,1326,2657.86,500
1388,1387,2328.63,500
1388,1389,2328.41,500
1389,10,1524.23,500
1389,1327,2282.89,500
1389,1388,2328.41,500
1389,1390,2328.23,500
1390,11,1162.5,500
1390,1328,1895.19,500
1390,1389,2328.23,500
1390,1391,2328.09,500
1391,12,883.35,500
1391,1329,1508.4,500
1391,1390,2328.09,500
1391,1392,2328.0,500
1392,13,796.77,500
1392,1330,1148.64,500
1392,1391,2328.0,500
1392,1393,2327.96,500
1393,14,959.85,500
1393,1331,875.01,500
1393,1392,2327.96,500
1393,1394,2327.97,500
1394,15,1275.64,500
1394,1332,798.86,500
1394,1393,2327.97,500
1394,1395,2328.03,500
1395,16,1649.85,500
1395,1333,970.83,500
1395,1394,2328.03,500
1395,1396,2328.13,500
1396,17,2039.1,500
1396,1334,1290.5,500
1396,1395,2328.13,500
1396,1397,2328.29,500
1397,18,2423.33,500
1397,1335,1665.96,500
1397,1396,2328.29,500
1397,1398,2328.49,500
1398,19,2791.26,500
1398,1336,2055.3,500
1398,1397,2328.49,500
1398,1399,2328.72,500
1399,20,3135.31,500
1399,1337,2439.04,500
1399,1398,2328.72,500
1399,1400,2328.98,500
1400,21,3449.74,500
1400,1338,2806.12,500
1400,1399,2328.98,500
1400,1401,2329.26,500
1401,22,3729.94,500
1401,1339,3149.04,500
1401,1400,2329.26,500
1401,1402,2329.56,500
1402,23,3972.09,500
1402,1340,3462.13,500
1402,1401,2329.56,500
1402,1403,2329.86,500
1403,24,4173.04,500
1403,1341,3740.81,500
1403,1402,2329.86,500
1403,1404,2330.16,500
1404,25,4330.27,500
1404,1342,3981.3,500
1404,1403,2330.16,500
1404,1405,2330.46,500
1405,26,4441.83,500
1405,1343,4180.48,500
1405,1404,2330.46,500
1405,1406,2330.73,500
1406,27,4506.34,500
1406,1344,4335.84,500
1406,1405,2330.73,500
1406,1407,2330.99,500
1407,28,4523.03,500
1407,1345,4445.46,500
1407,1406,2330.99,500
1407,1408,2331.22,500
1408,29,4491.67,500
1408,1346,4508.0,500
1408,1407,2331.22,500
1408,1409,2331.43,500
1409,30,4412.64,500
1409,1347,4522.68,500
1409,1408,2331.43,500
1409,1410,2331.6,500
1410,31,4286.9,500
1410,1348,4489.32,500
1410,1409,2331.6,500
1410,1411,2331.74,500
1411,32,4115.97,500
1411,1349,4408.33,500
1411,1410,2331.74,500
1411,1412,2331.86,500
1412,33,3901.98,500
1412,1350,4280.66,500
1412,1411,2331.86,500
1412,1413,2331.94,500
1413,34,3647.65,500
1413,1351,4107.89,500
1413,1412,2331.94,500
1413,1414,2331.99,500
1414,35,3356.34,500
1414,1352,3892.17,500
1414,1413,2331.99,500
1414,1415,2332.02,500
1415,36,3032.12,500
1415,1353,3636.22,500
1415,1414,2332.02,500
1415,1416,2332.04,500
1416,37,2679.97,500
1416,1354,3343.45,500
1416,1415,2332.04,500
1416,1417,2332.03,500
1417,38,2306.19,500
1417,1355,3017.97,500
1417,1416,2332.03,500
1417,1418,2332.02,500
1418,39,1919.41,500
1418,1356,2664.78,500
1418,1417,2332.02,500
1418,1419,2332.0,500
1419,40,1533.16,500
1419,1357,2290.26,500
1419,1418,2332.0,500
1419,1420,2331.98,500
1420,41,1173.09,500
1420,1358,1903.18,500
1420,1419,2331.98,500
1420,1421,2331.97,500
1421,42,896.37,500
1421,1359,1517.38,500
1421,1420,2331.97,500
1421,1422,2331.95,500
1422,43,810.91,500
1422,1360,1159.32,500
1422,1421,2331.95,500
1422,1423,2331.95,500
1423,44,972.03,500
1423,1361,888.12,500
1423,1422,2331.95,500
1423,1424,2331.95,500
1424,45,1285.58,500
1424,1362,812.97,500
1424,1423,2331.95,500
1424,1425,2331.96,500
1425,46,1658.38,500
1425,1363,982.9,500
1425,1424,2331.96,500
1425,1426,2331.97,500
1426,47,2046.81,500
1426,1364,1300.36,500
1426,1425,2331.97,500
1426,1427,2331.99,500
1427,48,2430.5,500
1427,1365,1674.44,500
1427,1426,2331.99,500
1427,1428,2332.01,500
1428,49,2798.0,500
1428,1366,2062.99,500
1428,1427,2332.01,500
1428,1429,2332.03,500
1429,50,3141.62,500
1429,1367,2446.2,500
1429,1428,2332.03,500
1429,1430,2332.04,500
1430,51,3455.56,500
1430,1368,2812.84,500
1430,1429,2332.04,500
1430,1431,2332.04,500
1431,52,3735.18,500
1431,1369,3155.33,500
1431,1430,2332.04,500
1431,1432,2332.02,500
1432,53,3976.63,500
1432,1370,3467.93,500
1432,1431,2332.02,500
1432,1433,2331.98,500
1433,54,4176.79,500
1433,1371,3746.02,500
1433,1432,2331.98,500
1433,1434,2331.91,500
1434,55,4333.13,500
1434,1372,3985.82,500
1434,1433,2331.91,500
1434,1435,2331.82,500
1435,56,4443.72,500
1435,1373,4184.2,500
1435,1434,2331.82,500
1435,1436,2331.7,500
1436,57,4507.21,500
1436,1374,4338.66,500
1436,1435,2331.7,500
1436,1437,2331.55,500
1437,58,4522.85,500
1437,1375,4447.31,500
1437,1436,2331.55,500
1437,1438,2331.36,500
1438,59,4490.45,500
1438,1376,4508.82,500
1438,1437,2331.36,500
1438,1439,2331.15,500
1439,0,4410.41,500
1439,1377,4522.46,500
1439,1380,2330.9,500
1439,1438,2331.15,500
1440,1067,1480.47,372.31
1441,1182,1221.18,460.21
