STARLINK-1000
1 60275U 98065A   24 18.70844907 -.00022620  00000-0  13156-2 0  1006
2 60275  50.0000   0.0000 0000000   0.0000   0.0000 15.90864301833696
STARLINK-1001
1 98765U 98065A   24 18.70844907 -.00022620  00000-0  13156-2 0  1000
2 98765  50.0000   0.0000 0000000   0.0000   6.0000 15.90864301105992
STARLINK-1002
1 42298U 98065A   24 18.70844907 -.00022620  00000-0  13156-2 0  1001
2 42298  50.0000   0.0000 0000000   0.0000  12.0000 15.90864301370814
STARLINK-1003
1 25532U 98065A   24 18.70844907 -.00022620  00000-0  13156-2 0  1006
2 25532  50.0000   0.0000 0000000   0.0000  18.0000 15.90864301550360
STARLINK-1004
1 36361U 98065A   24 18.70844907 -.00022620  00000-0  13156-2 0  1004
2 36361  50.0000   0.0000 0000000   0.0000  24.0000 15.90864301662003
STARLINK-1005
1 28709U 98065A   24 18.70844907 -.00022620  00000-0  13156-2 0  1004
2 28709  50.0000   0.0000 0000000   0.0000  30.0000 15.90864301229844
STARLINK-1006
1 14858U 98065A   24 18.70844907 -.00022620  00000-0  13156-2 0  1005
2 14858  50.0000   0.0000 0000000   0.0000  36.0000 15.90864301831081
STARLINK-1007
1 14174U 98065A   24 18.70844907 -.00022620  00000-0  13156-2 0  1001
2 14174  50.0000   0.0000 0000000   0.0000  42.0000 15.90864301137662
STARLINK-1008
1 51267U 98065A   24 18.70844907 -.00022620  00000-0  13156-2 0  1008
2 51267  50.0000   0.0000 0000000   0.0000  48.0000 15.90864301247931
STARLINK-1009
1 80734U 98065A   24 18.70844907 -.00022620  00000-0  13156-2 0  1000
2 80734  50.0000   0.0000 0000000   0.0000  54.0000 15.90864301579314
STARLINK-1010
1 78524U 98065A   24 18.70844907 -.00022620  00000-0  13156-2 0  1004
2 78524  50.0000   0.0000 0000000   0.0000  60.0000 15.90864301673386
STARLINK-1011
1 84536U 98065A   24 18.70844907 -.00022620  00000-0  13156-2 0  1008
2 84536  50.0000   0.0000 0000000   0.0000  66.0000 15.90864301722607
STARLINK-1012
1 65754U 98065A   24 18.70844907 -.00022620  00000-0  13156-2 0  1002
2 65754  50.0000   0.0000 0000000   0.0000  72.0000 15.90864301635871
STARLINK-1013
1 50331U 98065A   24 18.70844907 -.00022620  00000-0  13156-2 0  1005
2 50331  50.0000   0.0000 0000000   0.0000  78.0000 15.90864301436188
STARLINK-1014
1 58667U 98065A   24 18.70844907 -.00022620  00000-0  13156-2 0  1003
2 58667  50.0000   0.0000 0000000   0.0000  84.0000 15.90864301841882
STARLINK-1015
1 93054U 98065A   24 18.70844907 -.00022620  00000-0  13156-2 0  1007
2 93054  50.0000   0.0000 0000000   0.0000  90.0000 15.90864301253536
STARLINK-1016
1 32995U 98065A   24 18.70844907 -.00022620  00000-0  13156-2 0  1007
2 32995  50.0000   0.0000 0000000   0.0000  96.0000 15.90864301353817
STARLINK-1017
1 85472U 98065A   24 18.70844907 -.00022620  00000-0  13156-2 0  1001
2 85472  50.0000   0.0000 0000000   0.0000 102.0000 15.90864301341626
STARLINK-1018
1 53208U 98065A   24 18.70844907 -.00022620  00000-0  13156-2 0  1002
2 53208  50.0000   0.0000 0000000   0.0000 108.0000 15.90864301268193
STARLINK-1019
1 85708U 98065A   24 18.70844907 -.00022620  00000-0  13156-2 0  1005
2 85708  50.0000   0.0000 0000000   0.0000 114.0000 15.90864301100383
STARLINK-1020
1 59504U 98065A   24 18.70844907 -.00022620  00000-0  13156-2 0  1000
2 59504  50.0000   0.0000 0000000   0.0000 120.0000 15.90864301992854
STARLINK-1021
1 42439U 98065A   24 18.70844907 -.00022620  00000-0  13156-2 0  1006
2 42439  50.0000   0.0000 0000000   0.0000 126.0000 15.90864301167768
STARLINK-1022
1 73327U 98065A   24 18.70844907 -.00022620  00000-0  13156-2 0  1005
2 73327  50.0000   0.0000 0000000   0.0000 132.0000 15.90864301773824
STARLINK-1023
1 35147U 98065A   24 18.70844907 -.00022620  00000-0  13156-2 0  1007
2 35147  50.0000   0.0000 0000000   0.0000 138.0000 15.90864301375470
STARLINK-1024
1 27818U 98065A   24 18.70844907 -.00022620  00000-0  13156-2 0  1006
2 27818  50.0000   0.0000 0000000   0.0000 144.0000 15.90864301616731
STARLINK-1025
1 56829U 98065A   24 18.70844907 -.00022620  00000-0  13156-2 0  1001
2 56829  50.0000   0.0000 0000000   0.0000 150.0000 15.90864301816745
STARLINK-1026
1 25376U 98065A   24 18.70844907 -.00022620  00000-0  13156-2 0  1004
2 25376  50.0000   0.0000 0000000   0.0000 156.0000 15.90864301649702
STARLINK-1027
1 61309U 98065A   24 18.70844907 -.00022620  00000-0  13156-2 0  1001
2 61309  50.0000   0.0000 0000000   0.0000 162.0000 15.90864301484692
STARLINK-1028
1 97095U 98065A   24 18.70844907 -.00022620  00000-0  13156-2 0  1002
2 97095  50.0000   0.0000 0000000   0.0000 168.0000 15.90864301851783
STARLINK-1029
1 80554U 98065A   24 18.70844907 -.00022620  00000-0  13156-2 0  1002
2 80554  50.0000   0.0000 0000000   0.0000 174.0000 15.90864301754757
STARLINK-1030
1 20111U 98065A   24 18.70844907 -.00022620  00000-0  13156-2 0  1003
2 20111  50.0000   0.0000 0000000   0.0000 180.0000 15.90864301280566
STARLINK-1031
1 13918U 98065A   24 18.70844907 -.00022620  00000-0  13156-2 0  1004
2 13918  50.0000   0.0000 0000000   0.0000 186.0000 15.90864301139530
STARLINK-1032
1 88128U 98065A   24 18.70844907 -.00022620  00000-0  13156-2 0  1002
2 88128  50.0000   0.0000 0000000   0.0000 192.0000 15.90864301621852
STARLINK-1033
1 33834U 98065A   24 18.70844907 -.00022620  00000-0  13156-2 0  1008
2 33834  50.0000   0.0000 0000000   0.0000 198.0000 15.90864301829448
STARLINK-1034
1 62494U 98065A   24 18.70844907 -.00022620  00000-0  13156-2 0  1001
2 62494  50.0000   0.0000 0000000   0.0000 204.0000 15.90864301323053
STARLINK-1035
1 20280U 98065A   24 18.70844907 -.00022620  00000-0  13156-2 0  1006
2 20280  50.0000   0.0000 0000000   0.0000 210.0000 15.90864301880458
STARLINK-1036
1 68991U 98065A   24 18.70844907 -.00022620  00000-0  13156-2 0  1005
2 68991  50.0000   0.0000 0000000   0.0000 216.0000 15.90864301699563
STARLINK-1037
1 27244U 98065A   24 18.70844907 -.00022620  00000-0  13156-2 0  1003
2 27244  50.0000   0.0000 0000000   0.0000 222.0000 15.90864301174095
STARLINK-1038
1 29959U 98065A   24 18.70844907 -.00022620  00000-0  13156-2 0  1004
2 29959  50.0000   0.0000 0000000   0.0000 228.0000 15.90864301334493
STARLINK-1039
1 38193U 98065A   24 18.70844907 -.00022620  00000-0  13156-2 0  1005
2 38193  50.0000   0.0000 0000000   0.0000 234.0000 15.90864301933171
STARLINK-1040
1 98547U 98065A   24 18.70844907 -.00022620  00000-0  13156-2 0  1005
2 98547  50.0000   0.0000 0000000   0.0000 240.0000 15.90864301369524
STARLINK-1041
1 73521U 98065A   24 18.70844907 -.00022620  00000-0  13156-2 0  1006
2 73521  50.0000   0.0000 0000000   0.0000 246.0000 15.90864301938724
STARLINK-1042
1 53175U 98065A   24 18.70844907 -.00022620  00000-0  13156-2 0  1006
2 53175  50.0000   0.0000 0000000   0.0000 252.0000 15.90864301439753
STARLINK-1043
1 23444U 98065A   24 18.70844907 -.00022620  00000-0  13156-2 0  1008
2 23444  50.0000   0.0000 0000000   0.0000 258.0000 15.90864301991163
STARLINK-1044
1 57715U 98065A   24 18.70844907 -.00022620  00000-0  13156-2 0  1006
2 57715  50.0000   0.0000 0000000   0.0000 264.0000 15.90864301698857
STARLINK-1045
1 51662U 98065A   24 18.70844907 -.00022620  00000-0  13156-2 0  1000
2 51662  50.0000   0.0000 0000000   0.0000 270.0000 15.90864301889097
STARLINK-1046
1 45908U 98065A   24 18.70844907 -.00022620  00000-0  13156-2 0  1000
2 45908  50.0000   0.0000 0000000   0.0000 276.0000 15.90864301800247
STARLINK-1047
1 87593U 98065A   24 18.70844907 -.00022620  00000-0  13156-2 0  1008
2 87593  50.0000   0.0000 0000000   0.0000 282.0000 15.90864301717235
STARLINK-1048
1 20435U 98065A   24 18.70844907 -.00022620  00000-0  13156-2 0  1006
2 20435  50.0000   0.0000 0000000   0.0000 288.0000 15.90864301602308
STARLINK-1049
1 29325U 98065A   24 18.70844907 -.00022620  00000-0  13156-2 0  1002
2 29325  50.0000   0.0000 0000000   0.0000 294.0000 15.90864301973816
STARLINK-1050
1 43837U 98065A   24 18.70844907 -.00022620  00000-0  13156-2 0  1006
2 43837  50.0000   0.0000 0000000   0.0000 300.0000 15.90864301503598
STARLINK-1051
1 66583U 98065A   24 18.70844907 -.00022620  00000-0  13156-2 0  1008
2 66583  50.0000   0.0000 0000000   0.0000 306.0000 15.90864301999553
STARLINK-1052
1 74704U 98065A   24 18.70844907 -.00022620  00000-0  13156-2 0  1004
2 74704  50.0000   0.0000 0000000   0.0000 312.0000 15.90864301957494
STARLINK-1053
1 56153U 98065A   24 18.70844907 -.00022620  00000-0  13156-2 0  1005
2 56153  50.0000   0.0000 0000000   0.0000 318.0000 15.90864301568106
STARLINK-1054
1 85942U 98065A   24 18.70844907 -.00022620  00000-0  13156-2 0  1008
2 85942  50.0000   0.0000 0000000   0.0000 324.0000 15.90864301270235
STARLINK-1055
1 56670U 98065A   24 18.70844907 -.00022620  00000-0  13156-2 0  1005
2 56670  50.0000   0.0000 0000000   0.0000 330.0000 15.90864301724258
STARLINK-1056
1 53020U 98065A   24 18.70844907 -.00022620  00000-0  13156-2 0  1006
2 53020  50.0000   0.0000 0000000   0.0000 336.0000 15.90864301212097
STARLINK-1057
1 22033U 98065A   24 18.70844907 -.00022620  00000-0  13156-2 0  1003
2 22033  50.0000   0.0000 0000000   0.0000 342.0000 15.90864301290880
STARLINK-1058
1 70415U 98065A   24 18.70844907 -.00022620  00000-0  13156-2 0  1001
2 70415  50.0000   0.0000 0000000   0.0000 348.0000 15.90864301978482
STARLINK-1059
1 23343U 98065A   24 18.70844907 -.00022620  00000-0  13156-2 0  1000
2 23343  50.0000   0.0000 0000000   0.0000 354.0000 15.90864301248776
STARLINK-1060
1 59934U 98065A   24 18.70844907 -.00022620  00000-0  13156-2 0  1008
2 59934  50.0000  15.0000 0000000   0.0000   0.2500 15.90864301379965
STARLINK-1061
1 38409U 98065A   24 18.70844907 -.00022620  00000-0  13156-2 0  1003
2 38409  50.0000  15.0000 0000000   0.0000   6.2500 15.90864301258385
STARLINK-1062
1 98753U 98065A   24 18.70844907 -.00022620  00000-0  13156-2 0  1000
2 98753  50.0000  15.0000 0000000   0.0000  12.2500 15.90864301279732
STARLINK-1063
1 58133U 98065A   24 18.70844907 -.00022620  00000-0  13156-2 0  1006
2 58133  50.0000  15.0000 0000000   0.0000  18.2500 15.90864301686402
STARLINK-1064
1 68201U 98065A   24 18.70844907 -.00022620  00000-0  13156-2 0  1005
2 68201  50.0000  15.0000 0000000   0.0000  24.2500 15.90864301715566
STARLINK-1065
1 31168U 98065A   24 18.70844907 -.00022620  00000-0  13156-2 0  1000
2 31168  50.0000  15.0000 0000000   0.0000  30.2500 15.90864301501133
STARLINK-1066
1 30971U 98065A   24 18.70844907 -.00022620  00000-0  13156-2 0  1007
2 30971  50.0000  15.0000 0000000   0.0000  36.2500 15.90864301734202
STARLINK-1067
1 42985U 98065A   24 18.70844907 -.00022620  00000-0  13156-2 0  1007
2 42985  50.0000  15.0000 0000000   0.0000  42.2500 15.90864301732070
STARLINK-1068
1 15114U 98065A   24 18.70844907 -.00022620  00000-0  13156-2 0  1006
2 15114  50.0000  15.0000 0000000   0.0000  48.2500 15.90864301501056
STARLINK-1069
1 63284U 98065A   24 18.70844907 -.00022620  00000-0  13156-2 0  1000
2 63284  50.0000  15.0000 0000000   0.0000  54.2500 15.90864301175864
STARLINK-1070
1 58041U 98065A   24 18.70844907 -.00022620  00000-0  13156-2 0  1002
2 58041  50.0000  15.0000 0000000   0.0000  60.2500 15.90864301374366
STARLINK-1071
1 29112U 98065A   24 18.70844907 -.00022620  00000-0  13156-2 0  1004
2 29112  50.0000  15.0000 0000000   0.0000  66.2500 15.90864301558692
STARLINK-1072
1 94962U 98065A   24 18.70844907 -.00022620  00000-0  13156-2 0  1006
2 94962  50.0000  15.0000 0000000   0.0000  72.2500 15.90864301141767
STARLINK-1073
1 34681U 98065A   24 18.70844907 -.00022620  00000-0  13156-2 0  1001
2 34681  50.0000  15.0000 0000000   0.0000  78.2500 15.90864301327671
STARLINK-1074
1 14169U 98065A   24 18.70844907 -.00022620  00000-0  13156-2 0  1006
2 14169  50.0000  15.0000 0000000   0.0000  84.2500 15.90864301961463
STARLINK-1075
1 44050U 98065A   24 18.70844907 -.00022620  00000-0  13156-2 0  1005
2 44050  50.0000  15.0000 0000000   0.0000  90.2500 15.90864301455412
STARLINK-1076
1 55841U 98065A   24 18.70844907 -.00022620  00000-0  13156-2 0  1008
2 55841  50.0000  15.0000 0000000   0.0000  96.2500 15.90864301263885
STARLINK-1077
1 46141U 98065A   24 18.70844907 -.00022620  00000-0  13156-2 0  1001
2 46141  50.0000  15.0000 0000000   0.0000 102.2500 15.90864301900552
STARLINK-1078
1 53451U 98065A   24 18.70844907 -.00022620  00000-0  13156-2 0  1000
2 53451  50.0000  15.0000 0000000   0.0000 108.2500 15.90864301533272
STARLINK-1079
1 38937U 98065A   24 18.70844907 -.00022620  00000-0  13156-2 0  1001
2 38937  50.0000  15.0000 0000000   0.0000 114.2500 15.90864301620641
STARLINK-1080
1 15132U 98065A   24 18.70844907 -.00022620  00000-0  13156-2 0  1000
2 15132  50.0000  15.0000 0000000   0.0000 120.2500 15.90864301784197
STARLINK-1081
1 62133U 98065A   24 18.70844907 -.00022620  00000-0  13156-2 0  1004
2 62133  50.0000  15.0000 0000000   0.0000 126.2500 15.90864301743692
STARLINK-1082
1 53920U 98065A   24 18.70844907 -.00022620  00000-0  13156-2 0  1001
2 53920  50.0000  15.0000 0000000   0.0000 132.2500 15.90864301776211
STARLINK-1083
1 37375U 98065A   24 18.70844907 -.00022620  00000-0  13156-2 0  1001
2 37375  50.0000  15.0000 0000000   0.0000 138.2500 15.90864301969108
STARLINK-1084
1 73560U 98065A   24 18.70844907 -.00022620  00000-0  13156-2 0  1006
2 73560  50.0000  15.0000 0000000   0.0000 144.2500 15.90864301769917
STARLINK-1085
1 96174U 98065A   24 18.70844907 -.00022620  00000-0  13156-2 0  1001
2 96174  50.0000  15.0000 0000000   0.0000 150.2500 15.90864301920480
STARLINK-1086
1 26016U 98065A   24 18.70844907 -.00022620  00000-0  13156-2 0  1002
2 26016  50.0000  15.0000 0000000   0.0000 156.2500 15.90864301617452
STARLINK-1087
1 44398U 98065A   24 18.70844907 -.00022620  00000-0  13156-2 0  1007
2 44398  50.0000  15.0000 0000000   0.0000 162.2500 15.90864301284827
STARLINK-1088
1 23813U 98065A   24 18.70844907 -.00022620  00000-0  13156-2 0  1008
2 23813  50.0000  15.0000 0000000   0.0000 168.2500 15.90864301307731
STARLINK-1089
1 19881U 98065A   24 18.70844907 -.00022620  00000-0  13156-2 0  1005
2 19881  50.0000  15.0000 0000000   0.0000 174.2500 15.90864301448681
STARLINK-1090
1 30807U 98065A   24 18.70844907 -.00022620  00000-0  13156-2 0  1005
2 30807  50.0000  15.0000 0000000   0.0000 180.2500 15.90864301754933
STARLINK-1091
1 11691U 98065A   24 18.70844907 -.00022620  00000-0  13156-2 0  1006
2 11691  50.0000  15.0000 0000000   0.0000 186.2500 15.90864301149425
STARLINK-1092
1 47336U 98065A   24 18.70844907 -.00022620  00000-0  13156-2 0  1001
2 47336  50.0000  15.0000 0000000   0.0000 192.2500 15.90864301841251
STARLINK-1093
1 65529U 98065A   24 18.70844907 -.00022620  00000-0  13156-2 0  1002
2 65529  50.0000  15.0000 0000000   0.0000 198.2500 15.90864301415594
STARLINK-1094
1 75289U 98065A   24 18.70844907 -.00022620  00000-0  13156-2 0  1004
2 75289  50.0000  15.0000 0000000   0.0000 204.2500 15.90864301881785
STARLINK-1095
1 24747U 98065A   24 18.70844907 -.00022620  00000-0  13156-2 0  1007
2 24747  50.0000  15.0000 0000000   0.0000 210.2500 15.90864301609167
STARLINK-1096
1 10552U 98065A   24 18.70844907 -.00022620  00000-0  13156-2 0  1007
2 10552  50.0000  15.0000 0000000   0.0000 216.2500 15.90864301292488
STARLINK-1097
1 34514U 98065A   24 18.70844907 -.00022620  00000-0  13156-2 0  1000
2 34514  50.0000  15.0000 0000000   0.0000 222.2500 15.90864301264285
STARLINK-1098
1 67520U 98065A   24 18.70844907 -.00022620  00000-0  13156-2 0  1007
2 67520  50.0000  15.0000 0000000   0.0000 228.2500 15.90864301885737
STARLINK-1099
1 58765U 98065A   24 18.70844907 -.00022620  00000-0  13156-2 0  1003
2 58765  50.0000  15.0000 0000000   0.0000 234.2500 15.90864301111558
STARLINK-1100
1 50886U 98065A   24 18.70844907 -.00022620  00000-0  13156-2 0  1003
2 50886  50.0000  15.0000 0000000   0.0000 240.2500 15.90864301334405
STARLINK-1101
1 30608U 98065A   24 18.70844907 -.00022620  00000-0  13156-2 0  1008
2 30608  50.0000  15.0000 0000000   0.0000 246.2500 15.90864301113418
STARLINK-1102
1 78724U 98065A   24 18.70844907 -.00022620  00000-0  13156-2 0  1002
2 78724  50.0000  15.0000 0000000   0.0000 252.2500 15.90864301414531
STARLINK-1103
1 25308U 98065A   24 18.70844907 -.00022620  00000-0  13156-2 0  1001
2 25308  50.0000  15.0000 0000000   0.0000 258.2500 15.90864301354560
STARLINK-1104
1 48671U 98065A   24 18.70844907 -.00022620  00000-0  13156-2 0  1004
2 48671  50.0000  15.0000 0000000   0.0000 264.2500 15.90864301160027
STARLINK-1105
1 16518U 98065A   24 18.70844907 -.00022620  00000-0  13156-2 0  1003
2 16518  50.0000  15.0000 0000000   0.0000 270.2500 15.90864301992646
STARLINK-1106
1 40475U 98065A   24 18.70844907 -.00022620  00000-0  13156-2 0  1008
2 40475  50.0000  15.0000 0000000   0.0000 276.2500 15.90864301384795
STARLINK-1107
1 69467U 98065A   24 18.70844907 -.00022620  00000-0  13156-2 0  1003
2 69467  50.0000  15.0000 0000000   0.0000 282.2500 15.90864301896421
STARLINK-1108
1 80067U 98065A   24 18.70844907 -.00022620  00000-0  13156-2 0  1007
2 80067  50.0000  15.0000 0000000   0.0000 288.2500 15.90864301813772
STARLINK-1109
1 13119U 98065A   24 18.70844907 -.00022620  00000-0  13156-2 0  1000
2 13119  50.0000  15.0000 0000000   0.0000 294.2500 15.90864301842745
STARLINK-1110
1 32799U 98065A   24 18.70844907 -.00022620  00000-0  13156-2 0  1000
2 32799  50.0000  15.0000 0000000   0.0000 300.2500 15.90864301669425
STARLINK-1111
1 10084U 98065A   24 18.70844907 -.00022620  00000-0  13156-2 0  1004
2 10084  50.0000  15.0000 0000000   0.0000 306.2500 15.90864301339485
STARLINK-1112
1 68864U 98065A   24 18.70844907 -.00022620  00000-0  13156-2 0  1007
2 68864  50.0000  15.0000 0000000   0.0000 312.2500 15.90864301596680
STARLINK-1113
1 53353U 98065A   24 18.70844907 -.00022620  00000-0  13156-2 0  1004
2 53353  50.0000  15.0000 0000000   0.0000 318.2500 15.90864301841008
STARLINK-1114
1 59212U 98065A   24 18.70844907 -.00022620  00000-0  13156-2 0  1007
2 59212  50.0000  15.0000 0000000   0.0000 324.2500 15.90864301626232
STARLINK-1115
1 56808U 98065A   24 18.70844907 -.00022620  00000-0  13156-2 0  1005
2 56808  50.0000  15.0000 0000000   0.0000 330.2500 15.90864301603470
STARLINK-1116
1 30182U 98065A   24 18.70844907 -.00022620  00000-0  13156-2 0  1002
2 30182  50.0000  15.0000 0000000   0.0000 336.2500 15.90864301324286
STARLINK-1117
1 46510U 98065A   24 18.70844907 -.00022620  00000-0  13156-2 0  1006
2 46510  50.0000  15.0000 0000000   0.0000 342.2500 15.90864301525800
STARLINK-1118
1 20363U 98065A   24 18.70844907 -.00022620  00000-0  13156-2 0  1005
2 20363  50.0000  15.0000 0000000   0.0000 348.2500 15.90864301737323
STARLINK-1119
1 10294U 98065A   24 18.70844907 -.00022620  00000-0  13156-2 0  1000
2 10294  50.0000  15.0000 0000000   0.0000 354.2500 15.90864301289652
STARLINK-1120
1 58707U 98065A   24 18.70844907 -.00022620  00000-0  13156-2 0  1003
2 58707  50.0000  30.0000 0000000   0.0000   0.5000 15.90864301432120
STARLINK-1121
1 59505U 98065A   24 18.70844907 -.00022620  00000-0  13156-2 0  1005
2 59505  50.0000  30.0000 0000000   0.0000   6.5000 15.90864301766517
STARLINK-1122
1 43794U 98065A   24 18.70844907 -.00022620  00000-0  13156-2 0  1006
2 43794  50.0000  30.0000 0000000   0.0000  12.5000 15.90864301294493
STARLINK-1123
1 69957U 98065A   24 18.70844907 -.00022620  00000-0  13156-2 0  1001
2 69957  50.0000  30.0000 0000000   0.0000  18.5000 15.90864301254736
STARLINK-1124
1 65235U 98065A   24 18.70844907 -.00022620  00000-0  13156-2 0  1007
2 65235  50.0000  30.0000 0000000   0.0000  24.5000 15.90864301833624
STARLINK-1125
1 90878U 98065A   24 18.70844907 -.00022620  00000-0  13156-2 0  1006
2 90878  50.0000  30.0000 0000000   0.0000  30.5000 15.90864301505151
STARLINK-1126
1 55941U 98065A   24 18.70844907 -.00022620  00000-0  13156-2 0  1004
2 55941  50.0000  30.0000 0000000   0.0000  36.5000 15.90864301184808
STARLINK-1127
1 98797U 98065A   24 18.70844907 -.00022620  00000-0  13156-2 0  1005
2 98797  50.0000  30.0000 0000000   0.0000  42.5000 15.90864301151328
STARLINK-1128
1 10699U 98065A   24 18.70844907 -.00022620  00000-0  13156-2 0  1007
2 10699  50.0000  30.0000 0000000   0.0000  48.5000 15.90864301791151
STARLINK-1129
1 11896U 98065A   24 18.70844907 -.00022620  00000-0  13156-2 0  1002
2 11896  50.0000  30.0000 0000000   0.0000  54.5000 15.90864301766893
STARLINK-1130
1 29059U 98065A   24 18.70844907 -.00022620  00000-0  13156-2 0  1004
2 29059  50.0000  30.0000 0000000   0.0000  60.5000 15.90864301316505
STARLINK-1131
1 69856U 98065A   24 18.70844907 -.00022620  00000-0  13156-2 0  1005
2 69856  50.0000  30.0000 0000000   0.0000  66.5000 15.90864301519214
STARLINK-1132
1 46762U 98065A   24 18.70844907 -.00022620  00000-0  13156-2 0  1000
2 46762  50.0000  30.0000 0000000   0.0000  72.5000 15.90864301532270
STARLINK-1133
1 69471U 98065A   24 18.70844907 -.00022620  00000-0  13156-2 0  1007
2 69471  50.0000  30.0000 0000000   0.0000  78.5000 15.90864301482977
STARLINK-1134
1 68150U 98065A   24 18.70844907 -.00022620  00000-0  13156-2 0  1003
2 68150  50.0000  30.0000 0000000   0.0000  84.5000 15.90864301500197
STARLINK-1135
1 63241U 98065A   24 18.70844907 -.00022620  00000-0  13156-2 0  1000
2 63241  50.0000  30.0000 0000000   0.0000  90.5000 15.90864301809313
STARLINK-1136
1 46834U 98065A   24 18.70844907 -.00022620  00000-0  13156-2 0  1008
2 46834  50.0000  30.0000 0000000   0.0000  96.5000 15.90864301942698
STARLINK-1137
1 54722U 98065A   24 18.70844907 -.00022620  00000-0  13156-2 0  1001
2 54722  50.0000  30.0000 0000000   0.0000 102.5000 15.90864301638067
STARLINK-1138
1 44239U 98065A   24 18.70844907 -.00022620  00000-0  13156-2 0  1007
2 44239  50.0000  30.0000 0000000   0.0000 108.5000 15.90864301517458
STARLINK-1139
1 25102U 98065A   24 18.70844907 -.00022620  00000-0  13156-2 0  1000
2 25102  50.0000  30.0000 0000000   0.0000 114.5000 15.90864301656165
STARLINK-1140
1 31048U 98065A   24 18.70844907 -.00022620  00000-0  13156-2 0  1006
2 31048  50.0000  30.0000 0000000   0.0000 120.5000 15.90864301769822
STARLINK-1141
1 47297U 98065A   24 18.70844907 -.00022620  00000-0  13156-2 0  1006
2 47297  50.0000  30.0000 0000000   0.0000 126.5000 15.90864301848756
STARLINK-1142
1 16946U 98065A   24 18.70844907 -.00022620  00000-0  13156-2 0  1005
2 16946  50.0000  30.0000 0000000   0.0000 132.5000 15.90864301227401
STARLINK-1143
1 24423U 98065A   24 18.70844907 -.00022620  00000-0  13156-2 0  1003
2 24423  50.0000  30.0000 0000000   0.0000 138.5000 15.90864301288202
STARLINK-1144
1 21794U 98065A   24 18.70844907 -.00022620  00000-0  13156-2 0  1003
2 21794  50.0000  30.0000 0000000   0.0000 144.5000 15.90864301241828
STARLINK-1145
1 93506U 98065A   24 18.70844907 -.00022620  00000-0  13156-2 0  1006
2 93506  50.0000  30.0000 0000000   0.0000 150.5000 15.90864301625345
STARLINK-1146
1 30931U 98065A   24 18.70844907 -.00022620  00000-0  13156-2 0  1005
2 30931  50.0000  30.0000 0000000   0.0000 156.5000 15.90864301616491
STARLINK-1147
1 53248U 98065A   24 18.70844907 -.00022620  00000-0  13156-2 0  1001
2 53248  50.0000  30.0000 0000000   0.0000 162.5000 15.90864301185091
STARLINK-1148
1 51475U 98065A   24 18.70844907 -.00022620  00000-0  13156-2 0  1000
2 51475  50.0000  30.0000 0000000   0.0000 168.5000 15.90864301616471
STARLINK-1149
1 36870U 98065A   24 18.70844907 -.00022620  00000-0  13156-2 0  1003
2 36870  50.0000  30.0000 0000000   0.0000 174.5000 15.90864301617410
STARLINK-1150
1 54096U 98065A   24 18.70844907 -.00022620  00000-0  13156-2 0  1001
2 54096  50.0000  30.0000 0000000   0.0000 180.5000 15.90864301113675
STARLINK-1151
1 53662U 98065A   24 18.70844907 -.00022620  00000-0  13156-2 0  1002
2 53662  50.0000  30.0000 0000000   0.0000 186.5000 15.90864301905375
STARLINK-1152
1 38991U 98065A   24 18.70844907 -.00022620  00000-0  13156-2 0  1005
2 38991  50.0000  30.0000 0000000   0.0000 192.5000 15.90864301745880
STARLINK-1153
1 72768U 98065A   24 18.70844907 -.00022620  00000-0  13156-2 0  1006
2 72768  50.0000  30.0000 0000000   0.0000 198.5000 15.90864301301501
STARLINK-1154
1 10605U 98065A   24 18.70844907 -.00022620  00000-0  13156-2 0  1005
2 10605  50.0000  30.0000 0000000   0.0000 204.5000 15.90864301517886
STARLINK-1155
1 82715U 98065A   24 18.70844907 -.00022620  00000-0  13156-2 0  1005
2 82715  50.0000  30.0000 0000000   0.0000 210.5000 15.90864301770034
STARLINK-1156
1 50784U 98065A   24 18.70844907 -.00022620  00000-0  13156-2 0  1001
2 50784  50.0000  30.0000 0000000   0.0000 216.5000 15.90864301830503
STARLINK-1157
1 75784U 98065A   24 18.70844907 -.00022620  00000-0  13156-2 0  1006
2 75784  50.0000  30.0000 0000000   0.0000 222.5000 15.90864301112752
STARLINK-1158
1 78205U 98065A   24 18.70844907 -.00022620  00000-0  13156-2 0  1008
2 78205  50.0000  30.0000 0000000   0.0000 228.5000 15.90864301193012
STARLINK-1159
1 80713U 98065A   24 18.70844907 -.00022620  00000-0  13156-2 0  1000
2 80713  50.0000  30.0000 0000000   0.0000 234.5000 15.90864301579984
STARLINK-1160
1 89354U 98065A   24 18.70844907 -.00022620  00000-0  13156-2 0  1008
2 89354  50.0000  30.0000 0000000   0.0000 240.5000 15.90864301213058
STARLINK-1161
1 85927U 98065A   24 18.70844907 -.00022620  00000-0  13156-2 0  1005
2 85927  50.0000  30.0000 0000000   0.0000 246.5000 15.90864301913478
STARLINK-1162
1 26771U 98065A   24 18.70844907 -.00022620  00000-0  13156-2 0  1003
2 26771  50.0000  30.0000 0000000   0.0000 252.5000 15.90864301320158
STARLINK-1163
1 53083U 98065A   24 18.70844907 -.00022620  00000-0  13156-2 0  1002
2 53083  50.0000  30.0000 0000000   0.0000 258.5000 15.90864301388781
STARLINK-1164
1 21196U 98065A   24 18.70844907 -.00022620  00000-0  13156-2 0  1008
2 21196  50.0000  30.0000 0000000   0.0000 264.5000 15.90864301268805
STARLINK-1165
1 86761U 98065A   24 18.70844907 -.00022620  00000-0  13156-2 0  1000
2 86761  50.0000  30.0000 0000000   0.0000 270.5000 15.90864301684114
STARLINK-1166
1 14387U 98065A   24 18.70844907 -.00022620  00000-0  13156-2 0  1000
2 14387  50.0000  30.0000 0000000   0.0000 276.5000 15.90864301180840
STARLINK-1167
1 22754U 98065A   24 18.70844907 -.00022620  00000-0  13156-2 0  1008
2 22754  50.0000  30.0000 0000000   0.0000 282.5000 15.90864301417826
STARLINK-1168
1 57854U 98065A   24 18.70844907 -.00022620  00000-0  13156-2 0  1007
2 57854  50.0000  30.0000 0000000   0.0000 288.5000 15.90864301383942
STARLINK-1169
1 47903U 98065A   24 18.70844907 -.00022620  00000-0  13156-2 0  1005
2 47903  50.0000  30.0000 0000000   0.0000 294.5000 15.90864301199305
STARLINK-1170
1 47627U 98065A   24 18.70844907 -.00022620  00000-0  13156-2 0  1007
2 47627  50.0000  30.0000 0000000   0.0000 300.5000 15.90864301360242
STARLINK-1171
1 91046U 98065A   24 18.70844907 -.00022620  00000-0  13156-2 0  1008
2 91046  50.0000  30.0000 0000000   0.0000 306.5000 15.90864301854127
STARLINK-1172
1 36586U 98065A   24 18.70844907 -.00022620  00000-0  13156-2 0  1008
2 36586  50.0000  30.0000 0000000   0.0000 312.5000 15.90864301997846
STARLINK-1173
1 79273U 98065A   24 18.70844907 -.00022620  00000-0  13156-2 0  1001
2 79273  50.0000  30.0000 0000000   0.0000 318.5000 15.90864301416213
STARLINK-1174
1 59135U 98065A   24 18.70844907 -.00022620  00000-0  13156-2 0  1004
2 59135  50.0000  30.0000 0000000   0.0000 324.5000 15.90864301639096
STARLINK-1175
1 92784U 98065A   24 18.70844907 -.00022620  00000-0  13156-2 0  1008
2 92784  50.0000  30.0000 0000000   0.0000 330.5000 15.90864301733948
STARLINK-1176
1 16017U 98065A   24 18.70844907 -.00022620  00000-0  13156-2 0  1000
2 16017  50.0000  30.0000 0000000   0.0000 336.5000 15.90864301424491
STARLINK-1177
1 42798U 98065A   24 18.70844907 -.00022620  00000-0  13156-2 0  1005
2 42798  50.0000  30.0000 0000000   0.0000 342.5000 15.90864301587891
STARLINK-1178
1 72772U 98065A   24 18.70844907 -.00022620  00000-0  13156-2 0  1003
2 72772  50.0000  30.0000 0000000   0.0000 348.5000 15.90864301258451
STARLINK-1179
1 48742U 98065A   24 18.70844907 -.00022620  00000-0  13156-2 0  1003
2 48742  50.0000  30.0000 0000000   0.0000 354.5000 15.90864301693255
STARLINK-1180
1 78473U 98065A   24 18.70844907 -.00022620  00000-0  13156-2 0  1008
2 78473  50.0000  45.0000 0000000   0.0000   0.7500 15.90864301587773
STARLINK-1181
1 17640U 98065A   24 18.70844907 -.00022620  00000-0  13156-2 0  1002
2 17640  50.0000  45.0000 0000000   0.0000   6.7500 15.90864301115693
STARLINK-1182
1 85928U 98065A   24 18.70844907 -.00022620  00000-0  13156-2 0  1000
2 85928  50.0000  45.0000 0000000   0.0000  12.7500 15.90864301887345
STARLINK-1183
1 14277U 98065A   24 18.70844907 -.00022620  00000-0  13156-2 0  1006
2 14277  50.0000  45.0000 0000000   0.0000  18.7500 15.90864301624086
STARLINK-1184
1 38789U 98065A   24 18.70844907 -.00022620  00000-0  13156-2 0  1006
2 38789  50.0000  45.0000 0000000   0.0000  24.7500 15.90864301544833
STARLINK-1185
1 33869U 98065A   24 18.70844907 -.00022620  00000-0  13156-2 0  1006
2 33869  50.0000  45.0000 0000000   0.0000  30.7500 15.90864301310007
STARLINK-1186
1 33125U 98065A   24 18.70844907 -.00022620  00000-0  13156-2 0  1005
2 33125  50.0000  45.0000 0000000   0.0000  36.7500 15.90864301502804
STARLINK-1187
1 76707U 98065A   24 18.70844907 -.00022620  00000-0  13156-2 0  1001
2 76707  50.0000  45.0000 0000000   0.0000  42.7500 15.90864301738925
STARLINK-1188
1 87467U 98065A   24 18.70844907 -.00022620  00000-0  13156-2 0  1008
2 87467  50.0000  45.0000 0000000   0.0000  48.7500 15.90864301995002
STARLINK-1189
1 70631U 98065A   24 18.70844907 -.00022620  00000-0  13156-2 0  1008
2 70631  50.0000  45.0000 0000000   0.0000  54.7500 15.90864301593110
STARLINK-1190
1 28554U 98065A   24 18.70844907 -.00022620  00000-0  13156-2 0  1008
2 28554  50.0000  45.0000 0000000   0.0000  60.7500 15.90864301436427
STARLINK-1191
1 14412U 98065A   24 18.70844907 -.00022620  00000-0  13156-2 0  1003
2 14412  50.0000  45.0000 0000000   0.0000  66.7500 15.90864301647436
STARLINK-1192
1 48313U 98065A   24 18.70844907 -.00022620  00000-0  13156-2 0  1002
2 48313  50.0000  45.0000 0000000   0.0000  72.7500 15.90864301150443
STARLINK-1193
1 77248U 98065A   24 18.70844907 -.00022620  00000-0  13156-2 0  1004
2 77248  50.0000  45.0000 0000000   0.0000  78.7500 15.90864301305400
STARLINK-1194
1 73316U 98065A   24 18.70844907 -.00022620  00000-0  13156-2 0  1005
2 73316  50.0000  45.0000 0000000   0.0000  84.7500 15.90864301638180
STARLINK-1195
1 64533U 98065A   24 18.70844907 -.00022620  00000-0  13156-2 0  1007
2 64533  50.0000  45.0000 0000000   0.0000  90.7500 15.90864301407038
STARLINK-1196
1 40368U 98065A   24 18.70844907 -.00022620  00000-0  13156-2 0  1004
2 40368  50.0000  45.0000 0000000   0.0000  96.7500 15.90864301679576
STARLINK-1197
1 69398U 98065A   24 18.70844907 -.00022620  00000-0  13156-2 0  1000
2 69398  50.0000  45.0000 0000000   0.0000 102.7500 15.90864301243321
STARLINK-1198
1 58105U 98065A   24 18.70844907 -.00022620  00000-0  13156-2 0  1005
2 58105  50.0000  45.0000 0000000   0.0000 108.7500 15.90864301558212
STARLINK-1199
1 35447U 98065A   24 18.70844907 -.00022620  00000-0  13156-2 0  1007
2 35447  50.0000  45.0000 0000000   0.0000 114.7500 15.90864301764001
STARLINK-1200
1 16569U 98065A   24 18.70844907 -.00022620  00000-0  13156-2 0  1007
2 16569  50.0000  45.0000 0000000   0.0000 120.7500 15.90864301113520
STARLINK-1201
1 41967U 98065A   24 18.70844907 -.00022620  00000-0  13156-2 0  1004
2 41967  50.0000  45.0000 0000000   0.0000 126.7500 15.90864301647371
STARLINK-1202
1 74516U 98065A   24 18.70844907 -.00022620  00000-0  13156-2 0  1000
2 74516  50.0000  45.0000 0000000   0.0000 132.7500 15.90864301318487
STARLINK-1203
1 11967U 98065A   24 18.70844907 -.00022620  00000-0  13156-2 0  1004
2 11967  50.0000  45.0000 0000000   0.0000 138.7500 15.90864301775303
STARLINK-1204
1 41115U 98065A   24 18.70844907 -.00022620  00000-0  13156-2 0  1002
2 41115  50.0000  45.0000 0000000   0.0000 144.7500 15.90864301741697
STARLINK-1205
1 16281U 98065A   24 18.70844907 -.00022620  00000-0  13156-2 0  1006
2 16281  50.0000  45.0000 0000000   0.0000 150.7500 15.90864301200600
STARLINK-1206
1 79179U 98065A   24 18.70844907 -.00022620  00000-0  13156-2 0  1004
2 79179  50.0000  45.0000 0000000   0.0000 156.7500 15.90864301698890
STARLINK-1207
1 87110U 98065A   24 18.70844907 -.00022620  00000-0  13156-2 0  1000
2 87110  50.0000  45.0000 0000000   0.0000 162.7500 15.90864301714353
STARLINK-1208
1 37223U 98065A   24 18.70844907 -.00022620  00000-0  13156-2 0  1005
2 37223  50.0000  45.0000 0000000   0.0000 168.7500 15.90864301289320
STARLINK-1209
1 97321U 98065A   24 18.70844907 -.00022620  00000-0  13156-2 0  1002
2 97321  50.0000  45.0000 0000000   0.0000 174.7500 15.90864301848887
STARLINK-1210
1 26722U 98065A   24 18.70844907 -.00022620  00000-0  13156-2 0  1002
2 26722  50.0000  45.0000 0000000   0.0000 180.7500 15.90864301716690
STARLINK-1211
1 42419U 98065A   24 18.70844907 -.00022620  00000-0  13156-2 0  1003
2 42419  50.0000  45.0000 0000000   0.0000 186.7500 15.90864301900621
STARLINK-1212
1 22008U 98065A   24 18.70844907 -.00022620  00000-0  13156-2 0  1001
2 22008  50.0000  45.0000 0000000   0.0000 192.7500 15.90864301483704
STARLINK-1213
1 44913U 98065A   24 18.70844907 -.00022620  00000-0  13156-2 0  1004
2 44913  50.0000  45.0000 0000000   0.0000 198.7500 15.90864301844402
STARLINK-1214
1 26004U 98065A   24 18.70844907 -.00022620  00000-0  13156-2 0  1003
2 26004  50.0000  45.0000 0000000   0.0000 204.7500 15.90864301645921
STARLINK-1215
1 77394U 98065A   24 18.70844907 -.00022620  00000-0  13156-2 0  1007
2 77394  50.0000  45.0000 0000000   0.0000 210.7500 15.90864301108610
STARLINK-1216
1 33029U 98065A   24 18.70844907 -.00022620  00000-0  13156-2 0  1008
2 33029  50.0000  45.0000 0000000   0.0000 216.7500 15.90864301787296
STARLINK-1217
1 66756U 98065A   24 18.70844907 -.00022620  00000-0  13156-2 0  1005
2 66756  50.0000  45.0000 0000000   0.0000 222.7500 15.90864301190077
STARLINK-1218
1 61989U 98065A   24 18.70844907 -.00022620  00000-0  13156-2 0  1001
2 61989  50.0000  45.0000 0000000   0.0000 228.7500 15.90864301506630
STARLINK-1219
1 89692U 98065A   24 18.70844907 -.00022620  00000-0  13156-2 0  1006
2 89692  50.0000  45.0000 0000000   0.0000 234.7500 15.90864301988828
STARLINK-1220
1 81585U 98065A   24 18.70844907 -.00022620  00000-0  13156-2 0  1002
2 81585  50.0000  45.0000 0000000   0.0000 240.7500 15.90864301620564
STARLINK-1221
1 18140U 98065A   24 18.70844907 -.00022620  00000-0  13156-2 0  1001
2 18140  50.0000  45.0000 0000000   0.0000 246.7500 15.90864301896096
STARLINK-1222
1 46829U 98065A   24 18.70844907 -.00022620  00000-0  13156-2 0  1002
2 46829  50.0000  45.0000 0000000   0.0000 252.7500 15.90864301559284
STARLINK-1223
1 70569U 98065A   24 18.70844907 -.00022620  00000-0  13156-2 0  1000
2 70569  50.0000  45.0000 0000000   0.0000 258.7500 15.90864301613394
STARLINK-1224
1 48436U 98065A   24 18.70844907 -.00022620  00000-0  13156-2 0  1004
2 48436  50.0000  45.0000 0000000   0.0000 264.7500 15.90864301372453
STARLINK-1225
1 85792U 98065A   24 18.70844907 -.00022620  00000-0  13156-2 0  1007
2 85792  50.0000  45.0000 0000000   0.0000 270.7500 15.90864301602951
STARLINK-1226
1 11100U 98065A   24 18.70844907 -.00022620  00000-0  13156-2 0  1008
2 11100  50.0000  45.0000 0000000   0.0000 276.7500 15.90864301979232
STARLINK-1227
1 40496U 98065A   24 18.70844907 -.00022620  00000-0  13156-2 0  1007
2 40496  50.0000  45.0000 0000000   0.0000 282.7500 15.90864301944040
STARLINK-1228
1 44290U 98065A   24 18.70844907 -.00022620  00000-0  13156-2 0  1005
2 44290  50.0000  45.0000 0000000   0.0000 288.7500 15.90864301555224
STARLINK-1229
1 67584U 98065A   24 18.70844907 -.00022620  00000-0  13156-2 0  1004
2 67584  50.0000  45.0000 0000000   0.0000 294.7500 15.90864301233252
STARLINK-1230
1 87298U 98065A   24 18.70844907 -.00022620  00000-0  13156-2 0  1005
2 87298  50.0000  45.0000 0000000   0.0000 300.7500 15.90864301572617
STARLINK-1231
1 36629U 98065A   24 18.70844907 -.00022620  00000-0  13156-2 0  1000
2 36629  50.0000  45.0000 0000000   0.0000 306.7500 15.90864301701491
STARLINK-1232
1 79315U 98065A   24 18.70844907 -.00022620  00000-0  13156-2 0  1007
2 79315  50.0000  45.0000 0000000   0.0000 312.7500 15.90864301797466
STARLINK-1233
1 75829U 98065A   24 18.70844907 -.00022620  00000-0  13156-2 0  1003
2 75829  50.0000  45.0000 0000000   0.0000 318.7500 15.90864301244381
STARLINK-1234
1 91710U 98065A   24 18.70844907 -.00022620  00000-0  13156-2 0  1002
2 91710  50.0000  45.0000 0000000   0.0000 324.7500 15.90864301886594
STARLINK-1235
1 92676U 98065A   24 18.70844907 -.00022620  00000-0  13156-2 0  1007
2 92676  50.0000  45.0000 0000000   0.0000 330.7500 15.90864301354768
STARLINK-1236
1 94900U 98065A   24 18.70844907 -.00022620  00000-0  13156-2 0  1008
2 94900  50.0000  45.0000 0000000   0.0000 336.7500 15.90864301822001
STARLINK-1237
1 17609U 98065A   24 18.70844907 -.00022620  00000-0  13156-2 0  1006
2 17609  50.0000  45.0000 0000000   0.0000 342.7500 15.90864301895442
STARLINK-1238
1 77862U 98065A   24 18.70844907 -.00022620  00000-0  13156-2 0  1000
2 77862  50.0000  45.0000 0000000   0.0000 348.7500 15.90864301504098
STARLINK-1239
1 69712U 98065A   24 18.70844907 -.00022620  00000-0  13156-2 0  1008
2 69712  50.0000  45.0000 0000000   0.0000 354.7500 15.90864301217401
STARLINK-1240
1 61325U 98065A   24 18.70844907 -.00022620  00000-0  13156-2 0  1001
2 61325  50.0000  60.0000 0000000   0.0000   1.0000 15.90864301572697
STARLINK-1241
1 21302U 98065A   24 18.70844907 -.00022620  00000-0  13156-2 0  1003
2 21302  50.0000  60.0000 0000000   0.0000   7.0000 15.90864301442685
STARLINK-1242
1 80178U 98065A   24 18.70844907 -.00022620  00000-0  13156-2 0  1005
2 80178  50.0000  60.0000 0000000   0.0000  13.0000 15.90864301354523
STARLINK-1243
1 83011U 98065A   24 18.70844907 -.00022620  00000-0  13156-2 0  1007
2 83011  50.0000  60.0000 0000000   0.0000  19.0000 15.90864301974580
STARLINK-1244
1 21764U 98065A   24 18.70844907 -.00022620  00000-0  13156-2 0  1000
2 21764  50.0000  60.0000 0000000   0.0000  25.0000 15.90864301500011
STARLINK-1245
1 65785U 98065A   24 18.70844907 -.00022620  00000-0  13156-2 0  1007
2 65785  50.0000  60.0000 0000000   0.0000  31.0000 15.90864301252593
STARLINK-1246
1 87784U 98065A   24 18.70844907 -.00022620  00000-0  13156-2 0  1007
2 87784  50.0000  60.0000 0000000   0.0000  37.0000 15.90864301945236
STARLINK-1247
1 63831U 98065A   24 18.70844907 -.00022620  00000-0  13156-2 0  1006
2 63831  50.0000  60.0000 0000000   0.0000  43.0000 15.90864301896806
STARLINK-1248
1 24393U 98065A   24 18.70844907 -.00022620  00000-0  13156-2 0  1007
2 24393  50.0000  60.0000 0000000   0.0000  49.0000 15.90864301511836
STARLINK-1249
1 99058U 98065A   24 18.70844907 -.00022620  00000-0  13156-2 0  1004
2 99058  50.0000  60.0000 0000000   0.0000  55.0000 15.90864301357346
STARLINK-1250
1 71323U 98065A   24 18.70844907 -.00022620  00000-0  13156-2 0  1008
2 71323  50.0000  60.0000 0000000   0.0000  61.0000 15.90864301755885
STARLINK-1251
1 36644U 98065A   24 18.70844907 -.00022620  00000-0  13156-2 0  1002
2 36644  50.0000  60.0000 0000000   0.0000  67.0000 15.90864301835733
STARLINK-1252
1 17736U 98065A   24 18.70844907 -.00022620  00000-0  13156-2 0  1001
2 17736  50.0000  60.0000 0000000   0.0000  73.0000 15.90864301883481
STARLINK-1253
1 93751U 98065A   24 18.70844907 -.00022620  00000-0  13156-2 0  1008
2 93751  50.0000  60.0000 0000000   0.0000  79.0000 15.90864301942952
STARLINK-1254
1 60793U 98065A   24 18.70844907 -.00022620  00000-0  13156-2 0  1007
2 60793  50.0000  60.0000 0000000   0.0000  85.0000 15.90864301946878
STARLINK-1255
1 22282U 98065A   24 18.70844907 -.00022620  00000-0  13156-2 0  1006
2 22282  50.0000  60.0000 0000000   0.0000  91.0000 15.90864301107614
STARLINK-1256
1 74973U 98065A   24 18.70844907 -.00022620  00000-0  13156-2 0  1003
2 74973  50.0000  60.0000 0000000   0.0000  97.0000 15.90864301133142
STARLINK-1257
1 86325U 98065A   24 18.70844907 -.00022620  00000-0  13156-2 0  1002
2 86325  50.0000  60.0000 0000000   0.0000 103.0000 15.90864301675477
STARLINK-1258
1 50794U 98065A   24 18.70844907 -.00022620  00000-0  13156-2 0  1003
2 50794  50.0000  60.0000 0000000   0.0000 109.0000 15.90864301279283
STARLINK-1259
1 52422U 98065A   24 18.70844907 -.00022620  00000-0  13156-2 0  1006
2 52422  50.0000  60.0000 0000000   0.0000 115.0000 15.90864301446052
STARLINK-1260
1 24693U 98065A   24 18.70844907 -.00022620  00000-0  13156-2 0  1006
2 24693  50.0000  60.0000 0000000   0.0000 121.0000 15.90864301842564
STARLINK-1261
1 92239U 98065A   24 18.70844907 -.00022620  00000-0  13156-2 0  1001
2 92239  50.0000  60.0000 0000000   0.0000 127.0000 15.90864301344603
STARLINK-1262
1 64561U 98065A   24 18.70844907 -.00022620  00000-0  13156-2 0  1008
2 64561  50.0000  60.0000 0000000   0.0000 133.0000 15.90864301351258
STARLINK-1263
1 65198U 98065A   24 18.70844907 -.00022620  00000-0  13156-2 0  1000
2 65198  50.0000  60.0000 0000000   0.0000 139.0000 15.90864301953007
STARLINK-1264
1 30746U 98065A   24 18.70844907 -.00022620  00000-0  13156-2 0  1006
2 30746  50.0000  60.0000 0000000   0.0000 145.0000 15.90864301862168
STARLINK-1265
1 53010U 98065A   24 18.70844907 -.00022620  00000-0  13156-2 0  1006
2 53010  50.0000  60.0000 0000000   0.0000 151.0000 15.90864301872552
STARLINK-1266
1 43104U 98065A   24 18.70844907 -.00022620  00000-0  13156-2 0  1006
2 43104  50.0000  60.0000 0000000   0.0000 157.0000 15.90864301312138
STARLINK-1267
1 13123U 98065A   24 18.70844907 -.00022620  00000-0  13156-2 0  1001
2 13123  50.0000  60.0000 0000000   0.0000 163.0000 15.90864301103421
STARLINK-1268
1 94472U 98065A   24 18.70844907 -.00022620  00000-0  13156-2 0  1004
2 94472  50.0000  60.0000 0000000   0.0000 169.0000 15.90864301513060
STARLINK-1269
1 15294U 98065A   24 18.70844907 -.00022620  00000-0  13156-2 0  1008
2 15294  50.0000  60.0000 0000000   0.0000 175.0000 15.90864301137263
STARLINK-1270
1 63285U 98065A   24 18.70844907 -.00022620  00000-0  13156-2 0  1002
2 63285  50.0000  60.0000 0000000   0.0000 181.0000 15.90864301661634
STARLINK-1271
1 69569U 98065A   24 18.70844907 -.00022620  00000-0  13156-2 0  1007
2 69569  50.0000  60.0000 0000000   0.0000 187.0000 15.90864301544425
STARLINK-1272
1 59916U 98065A   24 18.70844907 -.00022620  00000-0  13156-2 0  1005
2 59916  50.0000  60.0000 0000000   0.0000 193.0000 15.90864301686035
STARLINK-1273
1 43208U 98065A   24 18.70844907 -.00022620  00000-0  13156-2 0  1002
2 43208  50.0000  60.0000 0000000   0.0000 199.0000 15.90864301855663
STARLINK-1274
1 20570U 98065A   24 18.70844907 -.00022620  00000-0  13156-2 0  1004
2 20570  50.0000  60.0000 0000000   0.0000 205.0000 15.90864301848866
STARLINK-1275
1 73641U 98065A   24 18.70844907 -.00022620  00000-0  13156-2 0  1003
2 73641  50.0000  60.0000 0000000   0.0000 211.0000 15.90864301624321
STARLINK-1276
1 29100U 98065A   24 18.70844907 -.00022620  00000-0  13156-2 0  1003
2 29100  50.0000  60.0000 0000000   0.0000 217.0000 15.90864301204587
STARLINK-1277
1 29579U 98065A   24 18.70844907 -.00022620  00000-0  13156-2 0  1002
2 29579  50.0000  60.0000 0000000   0.0000 223.0000 15.90864301290670
STARLINK-1278
1 73885U 98065A   24 18.70844907 -.00022620  00000-0  13156-2 0  1002
2 73885  50.0000  60.0000 0000000   0.0000 229.0000 15.90864301618570
STARLINK-1279
1 37341U 98065A   24 18.70844907 -.00022620  00000-0  13156-2 0  1000
2 37341  50.0000  60.0000 0000000   0.0000 235.0000 15.90864301858440
STARLINK-1280
1 85593U 98065A   24 18.70844907 -.00022620  00000-0  13156-2 0  1003
2 85593  50.0000  60.0000 0000000   0.0000 241.0000 15.90864301104174
STARLINK-1281
1 80913U 98065A   24 18.70844907 -.00022620  00000-0  13156-2 0  1006
2 80913  50.0000  60.0000 0000000   0.0000 247.0000 15.90864301997856
STARLINK-1282
1 66918U 98065A   24 18.70844907 -.00022620  00000-0  13156-2 0  1005
2 66918  50.0000  60.0000 0000000   0.0000 253.0000 15.90864301744071
STARLINK-1283
1 72966U 98065A   24 18.70844907 -.00022620  00000-0  13156-2 0  1008
2 72966  50.0000  60.0000 0000000   0.0000 259.0000 15.90864301269052
STARLINK-1284
1 88864U 98065A   24 18.70844907 -.00022620  00000-0  13156-2 0  1002
2 88864  50.0000  60.0000 0000000   0.0000 265.0000 15.90864301423428
STARLINK-1285
1 92807U 98065A   24 18.70844907 -.00022620  00000-0  13156-2 0  1005
2 92807  50.0000  60.0000 0000000   0.0000 271.0000 15.90864301523658
STARLINK-1286
1 46610U 98065A   24 18.70844907 -.00022620  00000-0  13156-2 0  1008
2 46610  50.0000  60.0000 0000000   0.0000 277.0000 15.90864301741815
STARLINK-1287
1 72989U 98065A   24 18.70844907 -.00022620  00000-0  13156-2 0  1008
2 72989  50.0000  60.0000 0000000   0.0000 283.0000 15.90864301733610
STARLINK-1288
1 80079U 98065A   24 18.70844907 -.00022620  00000-0  13156-2 0  1005
2 80079  50.0000  60.0000 0000000   0.0000 289.0000 15.90864301498027
STARLINK-1289
1 24423U 98065A   24 18.70844907 -.00022620  00000-0  13156-2 0  1002
2 24423  50.0000  60.0000 0000000   0.0000 295.0000 15.90864301359590
STARLINK-1290
1 62423U 98065A   24 18.70844907 -.00022620  00000-0  13156-2 0  1000
2 62423  50.0000  60.0000 0000000   0.0000 301.0000 15.90864301120647
STARLINK-1291
1 53754U 98065A   24 18.70844907 -.00022620  00000-0  13156-2 0  1002
2 53754  50.0000  60.0000 0000000   0.0000 307.0000 15.90864301605643
STARLINK-1292
1 98706U 98065A   24 18.70844907 -.00022620  00000-0  13156-2 0  1001
2 98706  50.0000  60.0000 0000000   0.0000 313.0000 15.90864301348447
STARLINK-1293
1 79611U 98065A   24 18.70844907 -.00022620  00000-0  13156-2 0  1007
2 79611  50.0000  60.0000 0000000   0.0000 319.0000 15.90864301104258
STARLINK-1294
1 71020U 98065A   24 18.70844907 -.00022620  00000-0  13156-2 0  1007
2 71020  50.0000  60.0000 0000000   0.0000 325.0000 15.90864301940887
STARLINK-1295
1 13681U 98065A   24 18.70844907 -.00022620  00000-0  13156-2 0  1000
2 13681  50.0000  60.0000 0000000   0.0000 331.0000 15.90864301226947
STARLINK-1296
1 39456U 98065A   24 18.70844907 -.00022620  00000-0  13156-2 0  1003
2 39456  50.0000  60.0000 0000000   0.0000 337.0000 15.90864301771340
STARLINK-1297
1 53629U 98065A   24 18.70844907 -.00022620  00000-0  13156-2 0  1001
2 53629  50.0000  60.0000 0000000   0.0000 343.0000 15.90864301961394
STARLINK-1298
1 41267U 98065A   24 18.70844907 -.00022620  00000-0  13156-2 0  1005
2 41267  50.0000  60.0000 0000000   0.0000 349.0000 15.90864301927281
STARLINK-1299
1 68227U 98065A   24 18.70844907 -.00022620  00000-0  13156-2 0  1001
2 68227  50.0000  60.0000 0000000   0.0000 355.0000 15.90864301678817
STARLINK-1300
1 58536U 98065A   24 18.70844907 -.00022620  00000-0  13156-2 0  1001
2 58536  50.0000  75.0000 0000000   0.0000   1.2500 15.90864301464817
STARLINK-1301
1 72583U 98065A   24 18.70844907 -.00022620  00000-0  13156-2 0  1004
2 72583  50.0000  75.0000 0000000   0.0000   7.2500 15.90864301361897
STARLINK-1302
1 71421U 98065A   24 18.70844907 -.00022620  00000-0  13156-2 0  1008
2 71421  50.0000  75.0000 0000000   0.0000  13.2500 15.90864301911820
STARLINK-1303
1 62796U 98065A   24 18.70844907 -.00022620  00000-0  13156-2 0  1006
2 62796  50.0000  75.0000 0000000   0.0000  19.2500 15.90864301601931
STARLINK-1304
1 87604U 98065A   24 18.70844907 -.00022620  00000-0  13156-2 0  1005
2 87604  50.0000  75.0000 0000000   0.0000  25.2500 15.90864301596072
STARLINK-1305
1 74434U 98065A   24 18.70844907 -.00022620  00000-0  13156-2 0  1000
2 74434  50.0000  75.0000 0000000   0.0000  31.2500 15.90864301662847
STARLINK-1306
1 41176U 98065A   24 18.70844907 -.00022620  00000-0  13156-2 0  1003
2 41176  50.0000  75.0000 0000000   0.0000  37.2500 15.90864301578412
STARLINK-1307
1 44148U 98065A   24 18.70844907 -.00022620  00000-0  13156-2 0  1007
2 44148  50.0000  75.0000 0000000   0.0000  43.2500 15.90864301660946
STARLINK-1308
1 35020U 98065A   24 18.70844907 -.00022620  00000-0  13156-2 0  1001
2 35020  50.0000  75.0000 0000000   0.0000  49.2500 15.90864301655975
STARLINK-1309
1 73756U 98065A   24 18.70844907 -.00022620  00000-0  13156-2 0  1006
2 73756  50.0000  75.0000 0000000   0.0000  55.2500 15.90864301653185
STARLINK-1310
1 63341U 98065A   24 18.70844907 -.00022620  00000-0  13156-2 0  1008
2 63341  50.0000  75.0000 0000000   0.0000  61.2500 15.90864301984254
STARLINK-1311
1 79606U 98065A   24 18.70844907 -.00022620  00000-0  13156-2 0  1002
2 79606  50.0000  75.0000 0000000   0.0000  67.2500 15.90864301881047
STARLINK-1312
1 81932U 98065A   24 18.70844907 -.00022620  00000-0  13156-2 0  1008
2 81932  50.0000  75.0000 0000000   0.0000  73.2500 15.90864301125787
STARLINK-1313
1 40597U 98065A   24 18.70844907 -.00022620  00000-0  13156-2 0  1004
2 40597  50.0000  75.0000 0000000   0.0000  79.2500 15.90864301880681
STARLINK-1314
1 23439U 98065A   24 18.70844907 -.00022620  00000-0  13156-2 0  1003
2 23439  50.0000  75.0000 0000000   0.0000  85.2500 15.90864301486707
STARLINK-1315
1 20238U 98065A   24 18.70844907 -.00022620  00000-0  13156-2 0  1001
2 20238  50.0000  75.0000 0000000   0.0000  91.2500 15.90864301926512
STARLINK-1316
1 84033U 98065A   24 18.70844907 -.00022620  00000-0  13156-2 0  1005
2 84033  50.0000  75.0000 0000000   0.0000  97.2500 15.90864301925777
STARLINK-1317
1 57950U 98065A   24 18.70844907 -.00022620  00000-0  13156-2 0  1000
2 57950  50.0000  75.0000 0000000   0.0000 103.2500 15.90864301871465
STARLINK-1318
1 28125U 98065A   24 18.70844907 -.00022620  00000-0  13156-2 0  1003
2 28125  50.0000  75.0000 0000000   0.0000 109.2500 15.90864301901047
STARLINK-1319
1 24183U 98065A   24 18.70844907 -.00022620  00000-0  13156-2 0  1004
2 24183  50.0000  75.0000 0000000   0.0000 115.2500 15.90864301124491
STARLINK-1320
1 35490U 98065A   24 18.70844907 -.00022620  00000-0  13156-2 0  1007
2 35490  50.0000  75.0000 0000000   0.0000 121.2500 15.90864301483672
STARLINK-1321
1 23562U 98065A   24 18.70844907 -.00022620  00000-0  13156-2 0  1006
2 23562  50.0000  75.0000 0000000   0.0000 127.2500 15.90864301837144
STARLINK-1322
1 51954U 98065A   24 18.70844907 -.00022620  00000-0  13156-2 0  1008
2 51954  50.0000  75.0000 0000000   0.0000 133.2500 15.90864301493090
STARLINK-1323
1 75368U 98065A   24 18.70844907 -.00022620  00000-0  13156-2 0  1005
2 75368  50.0000  75.0000 0000000   0.0000 139.2500 15.90864301663288
STARLINK-1324
1 26368U 98065A   24 18.70844907 -.00022620  00000-0  13156-2 0  1007
2 26368  50.0000  75.0000 0000000   0.0000 145.2500 15.90864301509530
STARLINK-1325
1 63892U 98065A   24 18.70844907 -.00022620  00000-0  13156-2 0  1003
2 63892  50.0000  75.0000 0000000   0.0000 151.2500 15.90864301869842
STARLINK-1326
1 15320U 98065A   24 18.70844907 -.00022620  00000-0  13156-2 0  1006
2 15320  50.0000  75.0000 0000000   0.0000 157.2500 15.90864301942857
STARLINK-1327
1 98554U 98065A   24 18.70844907 -.00022620  00000-0  13156-2 0  1003
2 98554  50.0000  75.0000 0000000   0.0000 163.2500 15.90864301548132
STARLINK-1328
1 87943U 98065A   24 18.70844907 -.00022620  00000-0  13156-2 0  1007
2 87943  50.0000  75.0000 0000000   0.0000 169.2500 15.90864301121581
STARLINK-1329
1 73898U 98065A   24 18.70844907 -.00022620  00000-0  13156-2 0  1002
2 73898  50.0000  75.0000 0000000   0.0000 175.2500 15.90864301359650
STARLINK-1330
1 56214U 98065A   24 18.70844907 -.00022620  00000-0  13156-2 0  1006
2 56214  50.0000  75.0000 0000000   0.0000 181.2500 15.90864301765387
STARLINK-1331
1 73642U 98065A   24 18.70844907 -.00022620  00000-0  13156-2 0  1000
2 73642  50.0000  75.0000 0000000   0.0000 187.2500 15.90864301793480
STARLINK-1332
1 56925U 98065A   24 18.70844907 -.00022620  00000-0  13156-2 0  1004
2 56925  50.0000  75.0000 0000000   0.0000 193.2500 15.90864301857586
STARLINK-1333
1 51877U 98065A   24 18.70844907 -.00022620  00000-0  13156-2 0  1004
2 51877  50.0000  75.0000 0000000   0.0000 199.2500 15.90864301287205
STARLINK-1334
1 33954U 98065A   24 18.70844907 -.00022620  00000-0  13156-2 0  1000
2 33954  50.0000  75.0000 0000000   0.0000 205.2500 15.90864301937387
STARLINK-1335
1 75503U 98065A   24 18.70844907 -.00022620  00000-0  13156-2 0  1007
2 75503  50.0000  75.0000 0000000   0.0000 211.2500 15.90864301928922
STARLINK-1336
1 61701U 98065A   24 18.70844907 -.00022620  00000-0  13156-2 0  1008
2 61701  50.0000  75.0000 0000000   0.0000 217.2500 15.90864301777203
STARLINK-1337
1 17059U 98065A   24 18.70844907 -.00022620  00000-0  13156-2 0  1006
2 17059  50.0000  75.0000 0000000   0.0000 223.2500 15.90864301560200
STARLINK-1338
1 81249U 98065A   24 18.70844907 -.00022620  00000-0  13156-2 0  1001
2 81249  50.0000  75.0000 0000000   0.0000 229.2500 15.90864301763126
STARLINK-1339
1 25454U 98065A   24 18.70844907 -.00022620  00000-0  13156-2 0  1004
2 25454  50.0000  75.0000 0000000   0.0000 235.2500 15.90864301881935
STARLINK-1340
1 40651U 98065A   24 18.70844907 -.00022620  00000-0  13156-2 0  1006
2 40651  50.0000  75.0000 0000000   0.0000 241.2500 15.90864301464607
STARLINK-1341
1 96868U 98065A   24 18.70844907 -.00022620  00000-0  13156-2 0  1004
2 96868  50.0000  75.0000 0000000   0.0000 247.2500 15.90864301507302
STARLINK-1342
1 17264U 98065A   24 18.70844907 -.00022620  00000-0  13156-2 0  1003
2 17264  50.0000  75.0000 0000000   0.0000 253.2500 15.90864301442848
STARLINK-1343
1 32907U 98065A   24 18.70844907 -.00022620  00000-0  13156-2 0  1005
2 32907  50.0000  75.0000 0000000   0.0000 259.2500 15.90864301345242
STARLINK-1344
1 18472U 98065A   24 18.70844907 -.00022620  00000-0  13156-2 0  1002
2 18472  50.0000  75.0000 0000000   0.0000 265.2500 15.90864301886991
STARLINK-1345
1 79310U 98065A   24 18.70844907 -.00022620  00000-0  13156-2 0  1004
2 79310  50.0000  75.0000 0000000   0.0000 271.2500 15.90864301798342
STARLINK-1346
1 22962U 98065A   24 18.70844907 -.00022620  00000-0  13156-2 0  1002
2 22962  50.0000  75.0000 0000000   0.0000 277.2500 15.90864301859983
STARLINK-1347
1 54229U 98065A   24 18.70844907 -.00022620  00000-0  13156-2 0  1006
2 54229  50.0000  75.0000 0000000   0.0000 283.2500 15.90864301507671
STARLINK-1348
1 94248U 98065A   24 18.70844907 -.00022620  00000-0  13156-2 0  1002
2 94248  50.0000  75.0000 0000000   0.0000 289.2500 15.90864301605066
STARLINK-1349
1 33416U 98065A   24 18.70844907 -.00022620  00000-0  13156-2 0  1000
2 33416  50.0000  75.0000 0000000   0.0000 295.2500 15.90864301652565
STARLINK-1350
1 20874U 98065A   24 18.70844907 -.00022620  00000-0  13156-2 0  1008
2 20874  50.0000  75.0000 0000000   0.0000 301.2500 15.90864301693164
STARLINK-1351
1 98021U 98065A   24 18.70844907 -.00022620  00000-0  13156-2 0  1004
2 98021  50.0000  75.0000 0000000   0.0000 307.2500 15.90864301938794
STARLINK-1352
1 32016U 98065A   24 18.70844907 -.00022620  00000-0  13156-2 0  1005
2 32016  50.0000  75.0000 0000000   0.0000 313.2500 15.90864301324761
STARLINK-1353
1 48601U 98065A   24 18.70844907 -.00022620  00000-0  13156-2 0  1002
2 48601  50.0000  75.0000 0000000   0.0000 319.2500 15.90864301544941
STARLINK-1354
1 44725U 98065A   24 18.70844907 -.00022620  00000-0  13156-2 0  1008
2 44725  50.0000  75.0000 0000000   0.0000 325.2500 15.90864301670094
STARLINK-1355
1 17585U 98065A   24 18.70844907 -.00022620  00000-0  13156-2 0  1006
2 17585  50.0000  75.0000 0000000   0.0000 331.2500 15.90864301297286
STARLINK-1356
1 79041U 98065A   24 18.70844907 -.00022620  00000-0  13156-2 0  1001
2 79041  50.0000  75.0000 0000000   0.0000 337.2500 15.90864301901511
STARLINK-1357
1 45357U 98065A   24 18.70844907 -.00022620  00000-0  13156-2 0  1002
2 45357  50.0000  75.0000 0000000   0.0000 343.2500 15.90864301403627
STARLINK-1358
1 57764U 98065A   24 18.70844907 -.00022620  00000-0  13156-2 0  1003
2 57764  50.0000  75.0000 0000000   0.0000 349.2500 15.90864301822381
STARLINK-1359
1 83783U 98065A   24 18.70844907 -.00022620  00000-0  13156-2 0  1006
2 83783  50.0000  75.0000 0000000   0.0000 355.2500 15.90864301372724
STARLINK-1360
1 92676U 98065A   24 18.70844907 -.00022620  00000-0  13156-2 0  1005
2 92676  50.0000  90.0000 0000000   0.0000   1.5000 15.90864301424646
STARLINK-1361
1 35192U 98065A   24 18.70844907 -.00022620  00000-0  13156-2 0  1007
2 35192  50.0000  90.0000 0000000   0.0000   7.5000 15.90864301239354
STARLINK-1362
1 85785U 98065A   24 18.70844907 -.00022620  00000-0  13156-2 0  1002
2 85785  50.0000  90.0000 0000000   0.0000  13.5000 15.90864301900628
STARLINK-1363
1 81266U 98065A   24 18.70844907 -.00022620  00000-0  13156-2 0  1005
2 81266  50.0000  90.0000 0000000   0.0000  19.5000 15.90864301252778
STARLINK-1364
1 74943U 98065A   24 18.70844907 -.00022620  00000-0  13156-2 0  1007
2 74943  50.0000  90.0000 0000000   0.0000  25.5000 15.90864301149307
STARLINK-1365
1 87720U 98065A   24 18.70844907 -.00022620  00000-0  13156-2 0  1004
2 87720  50.0000  90.0000 0000000   0.0000  31.5000 15.90864301451224
STARLINK-1366
1 60000U 98065A   24 18.70844907 -.00022620  00000-0  13156-2 0  1004
2 60000  50.0000  90.0000 0000000   0.0000  37.5000 15.90864301559111
STARLINK-1367
1 70060U 98065A   24 18.70844907 -.00022620  00000-0  13156-2 0  1006
2 70060  50.0000  90.0000 0000000   0.0000  43.5000 15.90864301541016
STARLINK-1368
1 96389U 98065A   24 18.70844907 -.00022620  00000-0  13156-2 0  1000
2 96389  50.0000  90.0000 0000000   0.0000  49.5000 15.90864301513753
STARLINK-1369
1 37591U 98065A   24 18.70844907 -.00022620  00000-0  13156-2 0  1008
2 37591  50.0000  90.0000 0000000   0.0000  55.5000 15.90864301928817
STARLINK-1370
1 19273U 98065A   24 18.70844907 -.00022620  00000-0  13156-2 0  1008
2 19273  50.0000  90.0000 0000000   0.0000  61.5000 15.90864301301623
STARLINK-1371
1 74470U 98065A   24 18.70844907 -.00022620  00000-0  13156-2 0  1002
2 74470  50.0000  90.0000 0000000   0.0000  67.5000 15.90864301237292
STARLINK-1372
1 52581U 98065A   24 18.70844907 -.00022620  00000-0  13156-2 0  1005
2 52581  50.0000  90.0000 0000000   0.0000  73.5000 15.90864301675310
STARLINK-1373
1 51152U 98065A   24 18.70844907 -.00022620  00000-0  13156-2 0  1000
2 51152  50.0000  90.0000 0000000   0.0000  79.5000 15.90864301424947
STARLINK-1374
1 86949U 98065A   24 18.70844907 -.00022620  00000-0  13156-2 0  1001
2 86949  50.0000  90.0000 0000000   0.0000  85.5000 15.90864301934996
STARLINK-1375
1 50780U 98065A   24 18.70844907 -.00022620  00000-0  13156-2 0  1002
2 50780  50.0000  90.0000 0000000   0.0000  91.5000 15.90864301168672
STARLINK-1376
1 67467U 98065A   24 18.70844907 -.00022620  00000-0  13156-2 0  1008
2 67467  50.0000  90.0000 0000000   0.0000  97.5000 15.90864301157362
STARLINK-1377
1 89063U 98065A   24 18.70844907 -.00022620  00000-0  13156-2 0  1006
2 89063  50.0000  90.0000 0000000   0.0000 103.5000 15.90864301161574
STARLINK-1378
1 81893U 98065A   24 18.70844907 -.00022620  00000-0  13156-2 0  1007
2 81893  50.0000  90.0000 0000000   0.0000 109.5000 15.90864301381234
STARLINK-1379
1 98866U 98065A   24 18.70844907 -.00022620  00000-0  13156-2 0  1000
2 98866  50.0000  90.0000 0000000   0.0000 115.5000 15.90864301952058
STARLINK-1380
1 53383U 98065A   24 18.70844907 -.00022620  00000-0  13156-2 0  1005
2 53383  50.0000  90.0000 0000000   0.0000 121.5000 15.90864301488190
STARLINK-1381
1 23925U 98065A   24 18.70844907 -.00022620  00000-0  13156-2 0  1002
2 23925  50.0000  90.0000 0000000   0.0000 127.5000 15.90864301318140
STARLINK-1382
1 78875U 98065A   24 18.70844907 -.00022620  00000-0  13156-2 0  1002
2 78875  50.0000  90.0000 0000000   0.0000 133.5000 15.90864301399091
STARLINK-1383
1 68054U 98065A   24 18.70844907 -.00022620  00000-0  13156-2 0  1007
2 68054  50.0000  90.0000 0000000   0.0000 139.5000 15.90864301381381
STARLINK-1384
1 22916U 98065A   24 18.70844907 -.00022620  00000-0  13156-2 0  1004
2 22916  50.0000  90.0000 0000000   0.0000 145.5000 15.90864301101273
STARLINK-1385
1 79960U 98065A   24 18.70844907 -.00022620  00000-0  13156-2 0  1006
2 79960  50.0000  90.0000 0000000   0.0000 151.5000 15.90864301548561
STARLINK-1386
1 81439U 98065A   24 18.70844907 -.00022620  00000-0  13156-2 0  1001
2 81439  50.0000  90.0000 0000000   0.0000 157.5000 15.90864301966532
STARLINK-1387
1 33717U 98065A   24 18.70844907 -.00022620  00000-0  13156-2 0  1004
2 33717  50.0000  90.0000 0000000   0.0000 163.5000 15.90864301726375
STARLINK-1388
1 95037U 98065A   24 18.70844907 -.00022620  00000-0  13156-2 0  1006
2 95037  50.0000  90.0000 0000000   0.0000 169.5000 15.90864301408654
STARLINK-1389
1 24579U 98065A   24 18.70844907 -.00022620  00000-0  13156-2 0  1008
2 24579  50.0000  90.0000 0000000   0.0000 175.5000 15.90864301798444
STARLINK-1390
1 51390U 98065A   24 18.70844907 -.00022620  00000-0  13156-2 0  1005
2 51390  50.0000  90.0000 0000000   0.0000 181.5000 15.90864301379195
STARLINK-1391
1 34078U 98065A   24 18.70844907 -.00022620  00000-0  13156-2 0  1007
2 34078  50.0000  90.0000 0000000   0.0000 187.5000 15.90864301737906
STARLINK-1392
1 81202U 98065A   24 18.70844907 -.00022620  00000-0  13156-2 0  1001
2 81202  50.0000  90.0000 0000000   0.0000 193.5000 15.90864301278270
STARLINK-1393
1 45091U 98065A   24 18.70844907 -.00022620  00000-0  13156-2 0  1003
2 45091  50.0000  90.0000 0000000   0.0000 199.5000 15.90864301139711
STARLINK-1394
1 45431U 98065A   24 18.70844907 -.00022620  00000-0  13156-2 0  1007
2 45431  50.0000  90.0000 0000000   0.0000 205.5000 15.90864301217087
STARLINK-1395
1 39790U 98065A   24 18.70844907 -.00022620  00000-0  13156-2 0  1002
2 39790  50.0000  90.0000 0000000   0.0000 211.5000 15.90864301304580
STARLINK-1396
1 40689U 98065A   24 18.70844907 -.00022620  00000-0  13156-2 0  1000
2 40689  50.0000  90.0000 0000000   0.0000 217.5000 15.90864301308733
STARLINK-1397
1 38132U 98065A   24 18.70844907 -.00022620  00000-0  13156-2 0  1002
2 38132  50.0000  90.0000 0000000   0.0000 223.5000 15.90864301983837
STARLINK-1398
1 35366U 98065A   24 18.70844907 -.00022620  00000-0  13156-2 0  1007
2 35366  50.0000  90.0000 0000000   0.0000 229.5000 15.90864301480471
STARLINK-1399
1 56172U 98065A   24 18.70844907 -.00022620  00000-0  13156-2 0  1002
2 56172  50.0000  90.0000 0000000   0.0000 235.5000 15.90864301416164
STARLINK-1400
1 27928U 98065A   24 18.70844907 -.00022620  00000-0  13156-2 0  1003
2 27928  50.0000  90.0000 0000000   0.0000 241.5000 15.90864301340083
STARLINK-1401
1 58265U 98065A   24 18.70844907 -.00022620  00000-0  13156-2 0  1007
2 58265  50.0000  90.0000 0000000   0.0000 247.5000 15.90864301746594
STARLINK-1402
1 13037U 98065A   24 18.70844907 -.00022620  00000-0  13156-2 0  1007
2 13037  50.0000  90.0000 0000000   0.0000 253.5000 15.90864301255282
STARLINK-1403
1 32606U 98065A   24 18.70844907 -.00022620  00000-0  13156-2 0  1008
2 32606  50.0000  90.0000 0000000   0.0000 259.5000 15.90864301770056
STARLINK-1404
1 78171U 98065A   24 18.70844907 -.00022620  00000-0  13156-2 0  1004
2 78171  50.0000  90.0000 0000000   0.0000 265.5000 15.90864301834067
STARLINK-1405
1 32568U 98065A   24 18.70844907 -.00022620  00000-0  13156-2 0  1006
2 32568  50.0000  90.0000 0000000   0.0000 271.5000 15.90864301433775
STARLINK-1406
1 78071U 98065A   24 18.70844907 -.00022620  00000-0  13156-2 0  1001
2 78071  50.0000  90.0000 0000000   0.0000 277.5000 15.90864301662883
STARLINK-1407
1 62088U 98065A   24 18.70844907 -.00022620  00000-0  13156-2 0  1000
2 62088  50.0000  90.0000 0000000   0.0000 283.5000 15.90864301472975
STARLINK-1408
1 77702U 98065A   24 18.70844907 -.00022620  00000-0  13156-2 0  1001
2 77702  50.0000  90.0000 0000000   0.0000 289.5000 15.90864301589446
STARLINK-1409
1 52245U 98065A   24 18.70844907 -.00022620  00000-0  13156-2 0  1005
2 52245  50.0000  90.0000 0000000   0.0000 295.5000 15.90864301923295
STARLINK-1410
1 23405U 98065A   24 18.70844907 -.00022620  00000-0  13156-2 0  1000
2 23405  50.0000  90.0000 0000000   0.0000 301.5000 15.90864301277966
STARLINK-1411
1 20956U 98065A   24 18.70844907 -.00022620  00000-0  13156-2 0  1005
2 20956  50.0000  90.0000 0000000   0.0000 307.5000 15.90864301551495
STARLINK-1412
1 62161U 98065A   24 18.70844907 -.00022620  00000-0  13156-2 0  1004
2 62161  50.0000  90.0000 0000000   0.0000 313.5000 15.90864301553634
STARLINK-1413
1 18007U 98065A   24 18.70844907 -.00022620  00000-0  13156-2 0  1007
2 18007  50.0000  90.0000 0000000   0.0000 319.5000 15.90864301845780
STARLINK-1414
1 44916U 98065A   24 18.70844907 -.00022620  00000-0  13156-2 0  1000
2 44916  50.0000  90.0000 0000000   0.0000 325.5000 15.90864301755941
STARLINK-1415
1 48371U 98065A   24 18.70844907 -.00022620  00000-0  13156-2 0  1003
2 48371  50.0000  90.0000 0000000   0.0000 331.5000 15.90864301759731
STARLINK-1416
1 62310U 98065A   24 18.70844907 -.00022620  00000-0  13156-2 0  1002
2 62310  50.0000  90.0000 0000000   0.0000 337.5000 15.90864301626582
STARLINK-1417
1 36567U 98065A   24 18.70844907 -.00022620  00000-0  13156-2 0  1001
2 36567  50.0000  90.0000 0000000   0.0000 343.5000 15.90864301149010
STARLINK-1418
1 56872U 98065A   24 18.70844907 -.00022620  00000-0  13156-2 0  1004
2 56872  50.0000  90.0000 0000000   0.0000 349.5000 15.90864301360258
STARLINK-1419
1 65087U 98065A   24 18.70844907 -.00022620  00000-0  13156-2 0  1007
2 65087  50.0000  90.0000 0000000   0.0000 355.5000 15.90864301144471
STARLINK-1420
1 43060U 98065A   24 18.70844907 -.00022620  00000-0  13156-2 0  1004
2 43060  50.0000 105.0000 0000000   0.0000   1.7500 15.90864301836798
STARLINK-1421
1 54760U 98065A   24 18.70844907 -.00022620  00000-0  13156-2 0  1000
2 54760  50.0000 105.0000 0000000   0.0000   7.7500 15.90864301588916
STARLINK-1422
1 75031U 98065A   24 18.70844907 -.00022620  00000-0  13156-2 0  1007
2 75031  50.0000 105.0000 0000000   0.0000  13.7500 15.90864301855860
STARLINK-1423
1 31345U 98065A   24 18.70844907 -.00022620  00000-0  13156-2 0  1006
2 31345  50.0000 105.0000 0000000   0.0000  19.7500 15.90864301766657
STARLINK-1424
1 34022U 98065A   24 18.70844907 -.00022620  00000-0  13156-2 0  1001
2 34022  50.0000 105.0000 0000000   0.0000  25.7500 15.90864301930241
STARLINK-1425
1 42125U 98065A   24 18.70844907 -.00022620  00000-0  13156-2 0  1001
2 42125  50.0000 105.0000 0000000   0.0000  31.7500 15.90864301217790
STARLINK-1426
1 70117U 98065A   24 18.70844907 -.00022620  00000-0  13156-2 0  1007
2 70117  50.0000 105.0000 0000000   0.0000  37.7500 15.90864301360391
STARLINK-1427
1 97917U 98065A   24 18.70844907 -.00022620  00000-0  13156-2 0  1002
2 97917  50.0000 105.0000 0000000   0.0000  43.7500 15.90864301410550
STARLINK-1428
1 89185U 98065A   24 18.70844907 -.00022620  00000-0  13156-2 0  1004
2 89185  50.0000 105.0000 0000000   0.0000  49.7500 15.90864301977843
STARLINK-1429
1 13366U 98065A   24 18.70844907 -.00022620  00000-0  13156-2 0  1003
2 13366  50.0000 105.0000 0000000   0.0000  55.7500 15.90864301934062
STARLINK-1430
1 25267U 98065A   24 18.70844907 -.00022620  00000-0  13156-2 0  1002
2 25267  50.0000 105.0000 0000000   0.0000  61.7500 15.90864301983171
STARLINK-1431
1 44341U 98065A   24 18.70844907 -.00022620  00000-0  13156-2 0  1000
2 44341  50.0000 105.0000 0000000   0.0000  67.7500 15.90864301442865
STARLINK-1432
1 38636U 98065A   24 18.70844907 -.00022620  00000-0  13156-2 0  1003
2 38636  50.0000 105.0000 0000000   0.0000  73.7500 15.90864301320941
STARLINK-1433
1 26641U 98065A   24 18.70844907 -.00022620  00000-0  13156-2 0  1004
2 26641  50.0000 105.0000 0000000   0.0000  79.7500 15.90864301886363
STARLINK-1434
1 54574U 98065A   24 18.70844907 -.00022620  00000-0  13156-2 0  1001
2 54574  50.0000 105.0000 0000000   0.0000  85.7500 15.90864301595480
STARLINK-1435
1 41814U 98065A   24 18.70844907 -.00022620  00000-0  13156-2 0  1002
2 41814  50.0000 105.0000 0000000   0.0000  91.7500 15.90864301906312
STARLINK-1436
1 90673U 98065A   24 18.70844907 -.00022620  00000-0  13156-2 0  1008
2 90673  50.0000 105.0000 0000000   0.0000  97.7500 15.90864301696485
STARLINK-1437
1 80634U 98065A   24 18.70844907 -.00022620  00000-0  13156-2 0  1005
2 80634  50.0000 105.0000 0000000   0.0000 103.7500 15.90864301820067
STARLINK-1438
1 47021U 98065A   24 18.70844907 -.00022620  00000-0  13156-2 0  1006
2 47021  50.0000 105.0000 0000000   0.0000 109.7500 15.90864301776128
STARLINK-1439
1 29911U 98065A   24 18.70844907 -.00022620  00000-0  13156-2 0  1003
2 29911  50.0000 105.0000 0000000   0.0000 115.7500 15.90864301464265
STARLINK-1440
1 90434U 98065A   24 18.70844907 -.00022620  00000-0  13156-2 0  1002
2 90434  50.0000 105.0000 0000000   0.0000 121.7500 15.90864301935628
STARLINK-1441
1 16395U 98065A   24 18.70844907 -.00022620  00000-0  13156-2 0  1003
2 16395  50.0000 105.0000 0000000   0.0000 127.7500 15.90864301969067
STARLINK-1442
1 12457U 98065A   24 18.70844907 -.00022620  00000-0  13156-2 0  1001
2 12457  50.0000 105.0000 0000000   0.0000 133.7500 15.90864301266165
STARLINK-1443
1 83183U 98065A   24 18.70844907 -.00022620  00000-0  13156-2 0  1007
2 83183  50.0000 105.0000 0000000   0.0000 139.7500 15.90864301289707
STARLINK-1444
1 71338U 98065A   24 18.70844907 -.00022620  00000-0  13156-2 0  1003
2 71338  50.0000 105.0000 0000000   0.0000 145.7500 15.90864301865601
STARLINK-1445
1 26071U 98065A   24 18.70844907 -.00022620  00000-0  13156-2 0  1000
2 26071  50.0000 105.0000 0000000   0.0000 151.7500 15.90864301567270
STARLINK-1446
1 93854U 98065A   24 18.70844907 -.00022620  00000-0  13156-2 0  1003
2 93854  50.0000 105.0000 0000000   0.0000 157.7500 15.90864301166515
STARLINK-1447
1 82140U 98065A   24 18.70844907 -.00022620  00000-0  13156-2 0  1005
2 82140  50.0000 105.0000 0000000   0.0000 163.7500 15.90864301918057
STARLINK-1448
1 84681U 98065A   24 18.70844907 -.00022620  00000-0  13156-2 0  1008
2 84681  50.0000 105.0000 0000000   0.0000 169.7500 15.90864301823464
STARLINK-1449
1 83162U 98065A   24 18.70844907 -.00022620  00000-0  13156-2 0  1001
2 83162  50.0000 105.0000 0000000   0.0000 175.7500 15.90864301247197
STARLINK-1450
1 42757U 98065A   24 18.70844907 -.00022620  00000-0  13156-2 0  1002
2 42757  50.0000 105.0000 0000000   0.0000 181.7500 15.90864301323082
STARLINK-1451
1 50138U 98065A   24 18.70844907 -.00022620  00000-0  13156-2 0  1004
2 50138  50.0000 105.0000 0000000   0.0000 187.7500 15.90864301744668
STARLINK-1452
1 37820U 98065A   24 18.70844907 -.00022620  00000-0  13156-2 0  1006
2 37820  50.0000 105.0000 0000000   0.0000 193.7500 15.90864301527736
STARLINK-1453
1 62488U 98065A   24 18.70844907 -.00022620  00000-0  13156-2 0  1004
2 62488  50.0000 105.0000 0000000   0.0000 199.7500 15.90864301190316
STARLINK-1454
1 14201U 98065A   24 18.70844907 -.00022620  00000-0  13156-2 0  1007
2 14201  50.0000 105.0000 0000000   0.0000 205.7500 15.90864301241826
STARLINK-1455
1 48855U 98065A   24 18.70844907 -.00022620  00000-0  13156-2 0  1007
2 48855  50.0000 105.0000 0000000   0.0000 211.7500 15.90864301254447
STARLINK-1456
1 98471U 98065A   24 18.70844907 -.00022620  00000-0  13156-2 0  1006
2 98471  50.0000 105.0000 0000000   0.0000 217.7500 15.90864301718727
STARLINK-1457
1 97180U 98065A   24 18.70844907 -.00022620  00000-0  13156-2 0  1002
2 97180  50.0000 105.0000 0000000   0.0000 223.7500 15.90864301923514
STARLINK-1458
1 98020U 98065A   24 18.70844907 -.00022620  00000-0  13156-2 0  1005
2 98020  50.0000 105.0000 0000000   0.0000 229.7500 15.90864301149266
STARLINK-1459
1 71535U 98065A   24 18.70844907 -.00022620  00000-0  13156-2 0  1006
2 71535  50.0000 105.0000 0000000   0.0000 235.7500 15.90864301980583
STARLINK-1460
1 37646U 98065A   24 18.70844907 -.00022620  00000-0  13156-2 0  1005
2 37646  50.0000 105.0000 0000000   0.0000 241.7500 15.90864301860716
STARLINK-1461
1 26224U 98065A   24 18.70844907 -.00022620  00000-0  13156-2 0  1005
2 26224  50.0000 105.0000 0000000   0.0000 247.7500 15.90864301870061
STARLINK-1462
1 79824U 98065A   24 18.70844907 -.00022620  00000-0  13156-2 0  1001
2 79824  50.0000 105.0000 0000000   0.0000 253.7500 15.90864301517785
STARLINK-1463
1 71733U 98065A   24 18.70844907 -.00022620  00000-0  13156-2 0  1004
2 71733  50.0000 105.0000 0000000   0.0000 259.7500 15.90864301711507
STARLINK-1464
1 70973U 98065A   24 18.70844907 -.00022620  00000-0  13156-2 0  1001
2 70973  50.0000 105.0000 0000000   0.0000 265.7500 15.90864301562371
STARLINK-1465
1 27215U 98065A   24 18.70844907 -.00022620  00000-0  13156-2 0  1004
2 27215  50.0000 105.0000 0000000   0.0000 271.7500 15.90864301579512
STARLINK-1466
1 55774U 98065A   24 18.70844907 -.00022620  00000-0  13156-2 0  1007
2 55774  50.0000 105.0000 0000000   0.0000 277.7500 15.90864301690221
STARLINK-1467
1 50984U 98065A   24 18.70844907 -.00022620  00000-0  13156-2 0  1000
2 50984  50.0000 105.0000 0000000   0.0000 283.7500 15.90864301311942
STARLINK-1468
1 57935U 98065A   24 18.70844907 -.00022620  00000-0  13156-2 0  1005
2 57935  50.0000 105.0000 0000000   0.0000 289.7500 15.90864301213297
STARLINK-1469
1 89758U 98065A   24 18.70844907 -.00022620  00000-0  13156-2 0  1002
2 89758  50.0000 105.0000 0000000   0.0000 295.7500 15.90864301974207
STARLINK-1470
1 52641U 98065A   24 18.70844907 -.00022620  00000-0  13156-2 0  1008
2 52641  50.0000 105.0000 0000000   0.0000 301.7500 15.90864301681804
STARLINK-1471
1 24250U 98065A   24 18.70844907 -.00022620  00000-0  13156-2 0  1003
2 24250  50.0000 105.0000 0000000   0.0000 307.7500 15.90864301972832
STARLINK-1472
1 61836U 98065A   24 18.70844907 -.00022620  00000-0  13156-2 0  1003
2 61836  50.0000 105.0000 0000000   0.0000 313.7500 15.90864301874544
STARLINK-1473
1 13313U 98065A   24 18.70844907 -.00022620  00000-0  13156-2 0  1000
2 13313  50.0000 105.0000 0000000   0.0000 319.7500 15.90864301702181
STARLINK-1474
1 78005U 98065A   24 18.70844907 -.00022620  00000-0  13156-2 0  1001
2 78005  50.0000 105.0000 0000000   0.0000 325.7500 15.90864301368427
STARLINK-1475
1 53509U 98065A   24 18.70844907 -.00022620  00000-0  13156-2 0  1007
2 53509  50.0000 105.0000 0000000   0.0000 331.7500 15.90864301459478
STARLINK-1476
1 91820U 98065A   24 18.70844907 -.00022620  00000-0  13156-2 0  1003
2 91820  50.0000 105.0000 0000000   0.0000 337.7500 15.90864301103966
STARLINK-1477
1 96765U 98065A   24 18.70844907 -.00022620  00000-0  13156-2 0  1000
2 96765  50.0000 105.0000 0000000   0.0000 343.7500 15.90864301346047
STARLINK-1478
1 66923U 98065A   24 18.70844907 -.00022620  00000-0  13156-2 0  1001
2 66923  50.0000 105.0000 0000000   0.0000 349.7500 15.90864301852136
STARLINK-1479
1 65314U 98065A   24 18.70844907 -.00022620  00000-0  13156-2 0  1000
2 65314  50.0000 105.0000 0000000   0.0000 355.7500 15.90864301904028
STARLINK-1480
1 50363U 98065A   24 18.70844907 -.00022620  00000-0  13156-2 0  1004
2 50363  50.0000 120.0000 0000000   0.0000   2.0000 15.90864301720746
STARLINK-1481
1 83057U 98065A   24 18.70844907 -.00022620  00000-0  13156-2 0  1007
2 83057  50.0000 120.0000 0000000   0.0000   8.0000 15.90864301437893
STARLINK-1482
1 94729U 98065A   24 18.70844907 -.00022620  00000-0  13156-2 0  1001
2 94729  50.0000 120.0000 0000000   0.0000  14.0000 15.90864301565897
STARLINK-1483
1 87978U 98065A   24 18.70844907 -.00022620  00000-0  13156-2 0  1001
2 87978  50.0000 120.0000 0000000   0.0000  20.0000 15.90864301650151
STARLINK-1484
1 10529U 98065A   24 18.70844907 -.00022620  00000-0  13156-2 0  1003
2 10529  50.0000 120.0000 0000000   0.0000  26.0000 15.90864301787412
STARLINK-1485
1 85150U 98065A   24 18.70844907 -.00022620  00000-0  13156-2 0  1005
2 85150  50.0000 120.0000 0000000   0.0000  32.0000 15.90864301579268
STARLINK-1486
1 40828U 98065A   24 18.70844907 -.00022620  00000-0  13156-2 0  1008
2 40828  50.0000 120.0000 0000000   0.0000  38.0000 15.90864301252047
STARLINK-1487
1 43274U 98065A   24 18.70844907 -.00022620  00000-0  13156-2 0  1007
2 43274  50.0000 120.0000 0000000   0.0000  44.0000 15.90864301871473
STARLINK-1488
1 50753U 98065A   24 18.70844907 -.00022620  00000-0  13156-2 0  1003
2 50753  50.0000 120.0000 0000000   0.0000  50.0000 15.90864301209312
STARLINK-1489
1 57593U 98065A   24 18.70844907 -.00022620  00000-0  13156-2 0  1004
2 57593  50.0000 120.0000 0000000   0.0000  56.0000 15.90864301161098
STARLINK-1490
1 77339U 98065A   24 18.70844907 -.00022620  00000-0  13156-2 0  1007
2 77339  50.0000 120.0000 0000000   0.0000  62.0000 15.90864301960947
STARLINK-1491
1 58760U 98065A   24 18.70844907 -.00022620  00000-0  13156-2 0  1000
2 58760  50.0000 120.0000 0000000   0.0000  68.0000 15.90864301774787
STARLINK-1492
1 39090U 98065A   24 18.70844907 -.00022620  00000-0  13156-2 0  1000
2 39090  50.0000 120.0000 0000000   0.0000  74.0000 15.90864301726884
STARLINK-1493
1 44627U 98065A   24 18.70844907 -.00022620  00000-0  13156-2 0  1007
2 44627  50.0000 120.0000 0000000   0.0000  80.0000 15.90864301941160
STARLINK-1494
1 18664U 98065A   24 18.70844907 -.00022620  00000-0  13156-2 0  1003
2 18664  50.0000 120.0000 0000000   0.0000  86.0000 15.90864301660285
STARLINK-1495
1 86151U 98065A   24 18.70844907 -.00022620  00000-0  13156-2 0  1006
2 86151  50.0000 120.0000 0000000   0.0000  92.0000 15.90864301874010
STARLINK-1496
1 91610U 98065A   24 18.70844907 -.00022620  00000-0  13156-2 0  1006
2 91610  50.0000 120.0000 0000000   0.0000  98.0000 15.90864301840430
STARLINK-1497
1 35336U 98065A   24 18.70844907 -.00022620  00000-0  13156-2 0  1001
2 35336  50.0000 120.0000 0000000   0.0000 104.0000 15.90864301920031
STARLINK-1498
1 12207U 98065A   24 18.70844907 -.00022620  00000-0  13156-2 0  1004
2 12207  50.0000 120.0000 0000000   0.0000 110.0000 15.90864301260510
STARLINK-1499
1 19004U 98065A   24 18.70844907 -.00022620  00000-0  13156-2 0  1005
2 19004  50.0000 120.0000 0000000   0.0000 116.0000 15.90864301623515
STARLINK-1500
1 91950U 98065A   24 18.70844907 -.00022620  00000-0  13156-2 0  1007
2 91950  50.0000 120.0000 0000000   0.0000 122.0000 15.90864301960048
STARLINK-1501
1 53689U 98065A   24 18.70844907 -.00022620  00000-0  13156-2 0  1005
2 53689  50.0000 120.0000 0000000   0.0000 128.0000 15.90864301781485
STARLINK-1502
1 54982U 98065A   24 18.70844907 -.00022620  00000-0  13156-2 0  1002
2 54982  50.0000 120.0000 0000000   0.0000 134.0000 15.90864301621741
STARLINK-1503
1 76123U 98065A   24 18.70844907 -.00022620  00000-0  13156-2 0  1007
2 76123  50.0000 120.0000 0000000   0.0000 140.0000 15.90864301480662
STARLINK-1504
1 89452U 98065A   24 18.70844907 -.00022620  00000-0  13156-2 0  1000
2 89452  50.0000 120.0000 0000000   0.0000 146.0000 15.90864301437047
STARLINK-1505
1 57638U 98065A   24 18.70844907 -.00022620  00000-0  13156-2 0  1000
2 57638  50.0000 120.0000 0000000   0.0000 152.0000 15.90864301617891
STARLINK-1506
1 72253U 98065A   24 18.70844907 -.00022620  00000-0  13156-2 0  1008
2 72253  50.0000 120.0000 0000000   0.0000 158.0000 15.90864301753817
STARLINK-1507
1 58431U 98065A   24 18.70844907 -.00022620  00000-0  13156-2 0  1003
2 58431  50.0000 120.0000 0000000   0.0000 164.0000 15.90864301356331
STARLINK-1508
1 19937U 98065A   24 18.70844907 -.00022620  00000-0  13156-2 0  1008
2 19937  50.0000 120.0000 0000000   0.0000 170.0000 15.90864301310791
STARLINK-1509
1 42138U 98065A   24 18.70844907 -.00022620  00000-0  13156-2 0  1006
2 42138  50.0000 120.0000 0000000   0.0000 176.0000 15.90864301810213
STARLINK-1510
1 78942U 98065A   24 18.70844907 -.00022620  00000-0  13156-2 0  1005
2 78942  50.0000 120.0000 0000000   0.0000 182.0000 15.90864301423810
STARLINK-1511
1 15638U 98065A   24 18.70844907 -.00022620  00000-0  13156-2 0  1002
2 15638  50.0000 120.0000 0000000   0.0000 188.0000 15.90864301574078
STARLINK-1512
1 37551U 98065A   24 18.70844907 -.00022620  00000-0  13156-2 0  1004
2 37551  50.0000 120.0000 0000000   0.0000 194.0000 15.90864301741683
STARLINK-1513
1 59615U 98065A   24 18.70844907 -.00022620  00000-0  13156-2 0  1003
2 59615  50.0000 120.0000 0000000   0.0000 200.0000 15.90864301599783
STARLINK-1514
1 31876U 98065A   24 18.70844907 -.00022620  00000-0  13156-2 0  1002
2 31876  50.0000 120.0000 0000000   0.0000 206.0000 15.90864301570764
STARLINK-1515
1 62720U 98065A   24 18.70844907 -.00022620  00000-0  13156-2 0  1006
2 62720  50.0000 120.0000 0000000   0.0000 212.0000 15.90864301576815
STARLINK-1516
1 21266U 98065A   24 18.70844907 -.00022620  00000-0  13156-2 0  1007
2 21266  50.0000 120.0000 0000000   0.0000 218.0000 15.90864301829192
STARLINK-1517
1 34164U 98065A   24 18.70844907 -.00022620  00000-0  13156-2 0  1002
2 34164  50.0000 120.0000 0000000   0.0000 224.0000 15.90864301705603
STARLINK-1518
1 17040U 98065A   24 18.70844907 -.00022620  00000-0  13156-2 0  1001
2 17040  50.0000 120.0000 0000000   0.0000 230.0000 15.90864301985703
STARLINK-1519
1 30900U 98065A   24 18.70844907 -.00022620  00000-0  13156-2 0  1001
2 30900  50.0000 120.0000 0000000   0.0000 236.0000 15.90864301208217
STARLINK-1520
1 16547U 98065A   24 18.70844907 -.00022620  00000-0  13156-2 0  1005
2 16547  50.0000 120.0000 0000000   0.0000 242.0000 15.90864301817543
STARLINK-1521
1 56237U 98065A   24 18.70844907 -.00022620  00000-0  13156-2 0  1006
2 56237  50.0000 120.0000 0000000   0.0000 248.0000 15.90864301778012
STARLINK-1522
1 18182U 98065A   24 18.70844907 -.00022620  00000-0  13156-2 0  1004
2 18182  50.0000 120.0000 0000000   0.0000 254.0000 15.90864301475562
STARLINK-1523
1 45802U 98065A   24 18.70844907 -.00022620  00000-0  13156-2 0  1007
2 45802  50.0000 120.0000 0000000   0.0000 260.0000 15.90864301677092
STARLINK-1524
1 58604U 98065A   24 18.70844907 -.00022620  00000-0  13156-2 0  1001
2 58604  50.0000 120.0000 0000000   0.0000 266.0000 15.90864301590665
STARLINK-1525
1 35842U 98065A   24 18.70844907 -.00022620  00000-0  13156-2 0  1004
2 35842  50.0000 120.0000 0000000   0.0000 272.0000 15.90864301441820
STARLINK-1526
1 55943U 98065A   24 18.70844907 -.00022620  00000-0  13156-2 0  1008
2 55943  50.0000 120.0000 0000000   0.0000 278.0000 15.90864301478337
STARLINK-1527
1 18944U 98065A   24 18.70844907 -.00022620  00000-0  13156-2 0  1008
2 18944  50.0000 120.0000 0000000   0.0000 284.0000 15.90864301735022
STARLINK-1528
1 81440U 98065A   24 18.70844907 -.00022620  00000-0  13156-2 0  1002
2 81440  50.0000 120.0000 0000000   0.0000 290.0000 15.90864301620481
STARLINK-1529
1 74746U 98065A   24 18.70844907 -.00022620  00000-0  13156-2 0  1006
2 74746  50.0000 120.0000 0000000   0.0000 296.0000 15.90864301616192
STARLINK-1530
1 78231U 98065A   24 18.70844907 -.00022620  00000-0  13156-2 0  1004
2 78231  50.0000 120.0000 0000000   0.0000 302.0000 15.90864301673104
STARLINK-1531
1 96762U 98065A   24 18.70844907 -.00022620  00000-0  13156-2 0  1007
2 96762  50.0000 120.0000 0000000   0.0000 308.0000 15.90864301343968
STARLINK-1532
1 28984U 98065A   24 18.70844907 -.00022620  00000-0  13156-2 0  1002
2 28984  50.0000 120.0000 0000000   0.0000 314.0000 15.90864301698665
STARLINK-1533
1 68697U 98065A   24 18.70844907 -.00022620  00000-0  13156-2 0  1006
2 68697  50.0000 120.0000 0000000   0.0000 320.0000 15.90864301328220
STARLINK-1534
1 70875U 98065A   24 18.70844907 -.00022620  00000-0  13156-2 0  1000
2 70875  50.0000 120.0000 0000000   0.0000 326.0000 15.90864301395135
STARLINK-1535
1 80417U 98065A   24 18.70844907 -.00022620  00000-0  13156-2 0  1007
2 80417  50.0000 120.0000 0000000   0.0000 332.0000 15.90864301104828
STARLINK-1536
1 55715U 98065A   24 18.70844907 -.00022620  00000-0  13156-2 0  1001
2 55715  50.0000 120.0000 0000000   0.0000 338.0000 15.90864301970780
STARLINK-1537
1 16903U 98065A   24 18.70844907 -.00022620  00000-0  13156-2 0  1004
2 16903  50.0000 120.0000 0000000   0.0000 344.0000 15.90864301862077
STARLINK-1538
1 57235U 98065A   24 18.70844907 -.00022620  00000-0  13156-2 0  1007
2 57235  50.0000 120.0000 0000000   0.0000 350.0000 15.90864301214126
STARLINK-1539
1 46839U 98065A   24 18.70844907 -.00022620  00000-0  13156-2 0  1005
2 46839  50.0000 120.0000 0000000   0.0000 356.0000 15.90864301681976
STARLINK-1540
1 89122U 98065A   24 18.70844907 -.00022620  00000-0  13156-2 0  1003
2 89122  50.0000 135.0000 0000000   0.0000   2.2500 15.90864301356866
STARLINK-1541
1 39135U 98065A   24 18.70844907 -.00022620  00000-0  13156-2 0  1005
2 39135  50.0000 135.0000 0000000   0.0000   8.2500 15.90864301211127
STARLINK-1542
1 61957U 98065A   24 18.70844907 -.00022620  00000-0  13156-2 0  1002
2 61957  50.0000 135.0000 0000000   0.0000  14.2500 15.90864301458500
STARLINK-1543
1 21784U 98065A   24 18.70844907 -.00022620  00000-0  13156-2 0  1008
2 21784  50.0000 135.0000 0000000   0.0000  20.2500 15.90864301544946
STARLINK-1544
1 25408U 98065A   24 18.70844907 -.00022620  00000-0  13156-2 0  1007
2 25408  50.0000 135.0000 0000000   0.0000  26.2500 15.90864301642025
STARLINK-1545
1 68296U 98065A   24 18.70844907 -.00022620  00000-0  13156-2 0  1003
2 68296  50.0000 135.0000 0000000   0.0000  32.2500 15.90864301892682
STARLINK-1546
1 60410U 98065A   24 18.70844907 -.00022620  00000-0  13156-2 0  1001
2 60410  50.0000 135.0000 0000000   0.0000  38.2500 15.90864301227311
STARLINK-1547
1 48875U 98065A   24 18.70844907 -.00022620  00000-0  13156-2 0  1004
2 48875  50.0000 135.0000 0000000   0.0000  44.2500 15.90864301952628
STARLINK-1548
1 11887U 98065A   24 18.70844907 -.00022620  00000-0  13156-2 0  1004
2 11887  50.0000 135.0000 0000000   0.0000  50.2500 15.90864301657137
STARLINK-1549
1 93713U 98065A   24 18.70844907 -.00022620  00000-0  13156-2 0  1008
2 93713  50.0000 135.0000 0000000   0.0000  56.2500 15.90864301693642
STARLINK-1550
1 23704U 98065A   24 18.70844907 -.00022620  00000-0  13156-2 0  1001
2 23704  50.0000 135.0000 0000000   0.0000  62.2500 15.90864301490261
STARLINK-1551
1 13732U 98065A   24 18.70844907 -.00022620  00000-0  13156-2 0  1008
2 13732  50.0000 135.0000 0000000   0.0000  68.2500 15.90864301801946
STARLINK-1552
1 83010U 98065A   24 18.70844907 -.00022620  00000-0  13156-2 0  1005
2 83010  50.0000 135.0000 0000000   0.0000  74.2500 15.90864301771551
STARLINK-1553
1 53502U 98065A   24 18.70844907 -.00022620  00000-0  13156-2 0  1008
2 53502  50.0000 135.0000 0000000   0.0000  80.2500 15.90864301626558
STARLINK-1554
1 76914U 98065A   24 18.70844907 -.00022620  00000-0  13156-2 0  1002
2 76914  50.0000 135.0000 0000000   0.0000  86.2500 15.90864301592426
STARLINK-1555
1 27281U 98065A   24 18.70844907 -.00022620  00000-0  13156-2 0  1002
2 27281  50.0000 135.0000 0000000   0.0000  92.2500 15.90864301554695
STARLINK-1556
1 82254U 98065A   24 18.70844907 -.00022620  00000-0  13156-2 0  1003
2 82254  50.0000 135.0000 0000000   0.0000  98.2500 15.90864301274533
STARLINK-1557
1 83912U 98065A   24 18.70844907 -.00022620  00000-0  13156-2 0  1001
2 83912  50.0000 135.0000 0000000   0.0000 104.2500 15.90864301587876
STARLINK-1558
1 24388U 98065A   24 18.70844907 -.00022620  00000-0  13156-2 0  1000
2 24388  50.0000 135.0000 0000000   0.0000 110.2500 15.90864301343038
STARLINK-1559
1 20746U 98065A   24 18.70844907 -.00022620  00000-0  13156-2 0  1004
2 20746  50.0000 135.0000 0000000   0.0000 116.2500 15.90864301924650
STARLINK-1560
1 75191U 98065A   24 18.70844907 -.00022620  00000-0  13156-2 0  1001
2 75191  50.0000 135.0000 0000000   0.0000 122.2500 15.90864301859134
STARLINK-1561
1 75223U 98065A   24 18.70844907 -.00022620  00000-0  13156-2 0  1007
2 75223  50.0000 135.0000 0000000   0.0000 128.2500 15.90864301863116
STARLINK-1562
1 87054U 98065A   24 18.70844907 -.00022620  00000-0  13156-2 0  1002
2 87054  50.0000 135.0000 0000000   0.0000 134.2500 15.90864301563516
STARLINK-1563
1 16468U 98065A   24 18.70844907 -.00022620  00000-0  13156-2 0  1001
2 16468  50.0000 135.0000 0000000   0.0000 140.2500 15.90864301382450
STARLINK-1564
1 54645U 98065A   24 18.70844907 -.00022620  00000-0  13156-2 0  1001
2 54645  50.0000 135.0000 0000000   0.0000 146.2500 15.90864301430803
STARLINK-1565
1 52027U 98065A   24 18.70844907 -.00022620  00000-0  13156-2 0  1006
2 52027  50.0000 135.0000 0000000   0.0000 152.2500 15.90864301275422
STARLINK-1566
1 71254U 98065A   24 18.70844907 -.00022620  00000-0  13156-2 0  1004
2 71254  50.0000 135.0000 0000000   0.0000 158.2500 15.90864301675458
STARLINK-1567
1 80995U 98065A   24 18.70844907 -.00022620  00000-0  13156-2 0  1004
2 80995  50.0000 135.0000 0000000   0.0000 164.2500 15.90864301353947
STARLINK-1568
1 64640U 98065A   24 18.70844907 -.00022620  00000-0  13156-2 0  1008
2 64640  50.0000 135.0000 0000000   0.0000 170.2500 15.90864301970134
STARLINK-1569
1 11733U 98065A   24 18.70844907 -.00022620  00000-0  13156-2 0  1002
2 11733  50.0000 135.0000 0000000   0.0000 176.2500 15.90864301818765
STARLINK-1570
1 84458U 98065A   24 18.70844907 -.00022620  00000-0  13156-2 0  1001
2 84458  50.0000 135.0000 0000000   0.0000 182.2500 15.90864301519216
STARLINK-1571
1 23508U 98065A   24 18.70844907 -.00022620  00000-0  13156-2 0  1008
2 23508  50.0000 135.0000 0000000   0.0000 188.2500 15.90864301412924
STARLINK-1572
1 75328U 98065A   24 18.70844907 -.00022620  00000-0  13156-2 0  1002
2 75328  50.0000 135.0000 0000000   0.0000 194.2500 15.90864301510195
STARLINK-1573
1 50149U 98065A   24 18.70844907 -.00022620  00000-0  13156-2 0  1006
2 50149  50.0000 135.0000 0000000   0.0000 200.2500 15.90864301504235
STARLINK-1574
1 62465U 98065A   24 18.70844907 -.00022620  00000-0  13156-2 0  1001
2 62465  50.0000 135.0000 0000000   0.0000 206.2500 15.90864301335745
STARLINK-1575
1 81127U 98065A   24 18.70844907 -.00022620  00000-0  13156-2 0  1003
2 81127  50.0000 135.0000 0000000   0.0000 212.2500 15.90864301180558
STARLINK-1576
1 55557U 98065A   24 18.70844907 -.00022620  00000-0  13156-2 0  1003
2 55557  50.0000 135.0000 0000000   0.0000 218.2500 15.90864301769252
STARLINK-1577
1 59354U 98065A   24 18.70844907 -.00022620  00000-0  13156-2 0  1005
2 59354  50.0000 135.0000 0000000   0.0000 224.2500 15.90864301413470
STARLINK-1578
1 16166U 98065A   24 18.70844907 -.00022620  00000-0  13156-2 0  1004
2 16166  50.0000 135.0000 0000000   0.0000 230.2500 15.90864301436397
STARLINK-1579
1 31786U 98065A   24 18.70844907 -.00022620  00000-0  13156-2 0  1003
2 31786  50.0000 135.0000 0000000   0.0000 236.2500 15.90864301574117
STARLINK-1580
1 49453U 98065A   24 18.70844907 -.00022620  00000-0  13156-2 0  1000
2 49453  50.0000 135.0000 0000000   0.0000 242.2500 15.90864301687375
STARLINK-1581
1 86645U 98065A   24 18.70844907 -.00022620  00000-0  13156-2 0  1003
2 86645  50.0000 135.0000 0000000   0.0000 248.2500 15.90864301539403
STARLINK-1582
1 70235U 98065A   24 18.70844907 -.00022620  00000-0  13156-2 0  1003
2 70235  50.0000 135.0000 0000000   0.0000 254.2500 15.90864301378240
STARLINK-1583
1 86273U 98065A   24 18.70844907 -.00022620  00000-0  13156-2 0  1000
2 86273  50.0000 135.0000 0000000   0.0000 260.2500 15.90864301137834
STARLINK-1584
1 69685U 98065A   24 18.70844907 -.00022620  00000-0  13156-2 0  1001
2 69685  50.0000 135.0000 0000000   0.0000 266.2500 15.90864301931696
STARLINK-1585
1 82227U 98065A   24 18.70844907 -.00022620  00000-0  13156-2 0  1005
2 82227  50.0000 135.0000 0000000   0.0000 272.2500 15.90864301460028
STARLINK-1586
1 93573U 98065A   24 18.70844907 -.00022620  00000-0  13156-2 0  1003
2 93573  50.0000 135.0000 0000000   0.0000 278.2500 15.90864301871128
STARLINK-1587
1 82881U 98065A   24 18.70844907 -.00022620  00000-0  13156-2 0  1006
2 82881  50.0000 135.0000 0000000   0.0000 284.2500 15.90864301784414
STARLINK-1588
1 19301U 98065A   24 18.70844907 -.00022620  00000-0  13156-2 0  1008
2 19301  50.0000 135.0000 0000000   0.0000 290.2500 15.90864301722536
STARLINK-1589
1 29284U 98065A   24 18.70844907 -.00022620  00000-0  13156-2 0  1008
2 29284  50.0000 135.0000 0000000   0.0000 296.2500 15.90864301960618
STARLINK-1590
1 47424U 98065A   24 18.70844907 -.00022620  00000-0  13156-2 0  1000
2 47424  50.0000 135.0000 0000000   0.0000 302.2500 15.90864301458905
STARLINK-1591
1 21077U 98065A   24 18.70844907 -.00022620  00000-0  13156-2 0  1000
2 21077  50.0000 135.0000 0000000   0.0000 308.2500 15.90864301957491
STARLINK-1592
1 76058U 98065A   24 18.70844907 -.00022620  00000-0  13156-2 0  1007
2 76058  50.0000 135.0000 0000000   0.0000 314.2500 15.90864301863734
STARLINK-1593
1 54412U 98065A   24 18.70844907 -.00022620  00000-0  13156-2 0  1002
2 54412  50.0000 135.0000 0000000   0.0000 320.2500 15.90864301240568
STARLINK-1594
1 77192U 98065A   24 18.70844907 -.00022620  00000-0  13156-2 0  1005
2 77192  50.0000 135.0000 0000000   0.0000 326.2500 15.90864301202288
STARLINK-1595
1 52858U 98065A   24 18.70844907 -.00022620  00000-0  13156-2 0  1000
2 52858  50.0000 135.0000 0000000   0.0000 332.2500 15.90864301696273
STARLINK-1596
1 79966U 98065A   24 18.70844907 -.00022620  00000-0  13156-2 0  1004
2 79966  50.0000 135.0000 0000000   0.0000 338.2500 15.90864301147115
STARLINK-1597
1 46971U 98065A   24 18.70844907 -.00022620  00000-0  13156-2 0  1001
2 46971  50.0000 135.0000 0000000   0.0000 344.2500 15.90864301472570
STARLINK-1598
1 49022U 98065A   24 18.70844907 -.00022620  00000-0  13156-2 0  1005
2 49022  50.0000 135.0000 0000000   0.0000 350.2500 15.90864301489778
STARLINK-1599
1 63206U 98065A   24 18.70844907 -.00022620  00000-0  13156-2 0  1005
2 63206  50.0000 135.0000 0000000   0.0000 356.2500 15.90864301684843
STARLINK-1600
1 10822U 98065A   24 18.70844907 -.00022620  00000-0  13156-2 0  1007
2 10822  50.0000 150.0000 0000000   0.0000   2.5000 15.90864301485583
STARLINK-1601
1 12317U 98065A   24 18.70844907 -.00022620  00000-0  13156-2 0  1006
2 12317  50.0000 150.0000 0000000   0.0000   8.5000 15.90864301261707
STARLINK-1602
1 81481U 98065A   24 18.70844907 -.00022620  00000-0  13156-2 0  1004
2 81481  50.0000 150.0000 0000000   0.0000  14.5000 15.90864301613607
STARLINK-1603
1 33250U 98065A   24 18.70844907 -.00022620  00000-0  13156-2 0  1001
2 33250  50.0000 150.0000 0000000   0.0000  20.5000 15.90864301900398
STARLINK-1604
1 24264U 98065A   24 18.70844907 -.00022620  00000-0  13156-2 0  1004
2 24264  50.0000 150.0000 0000000   0.0000  26.5000 15.90864301654580
STARLINK-1605
1 16346U 98065A   24 18.70844907 -.00022620  00000-0  13156-2 0  1003
2 16346  50.0000 150.0000 0000000   0.0000  32.5000 15.90864301323584
STARLINK-1606
1 77787U 98065A   24 18.70844907 -.00022620  00000-0  13156-2 0  1008
2 77787  50.0000 150.0000 0000000   0.0000  38.5000 15.90864301879535
STARLINK-1607
1 55412U 98065A   24 18.70844907 -.00022620  00000-0  13156-2 0  1001
2 55412  50.0000 150.0000 0000000   0.0000  44.5000 15.90864301634720
STARLINK-1608
1 79879U 98065A   24 18.70844907 -.00022620  00000-0  13156-2 0  1000
2 79879  50.0000 150.0000 0000000   0.0000  50.5000 15.90864301409335
STARLINK-1609
1 90968U 98065A   24 18.70844907 -.00022620  00000-0  13156-2 0  1002
2 90968  50.0000 150.0000 0000000   0.0000  56.5000 15.90864301645656
STARLINK-1610
1 32597U 98065A   24 18.70844907 -.00022620  00000-0  13156-2 0  1004
2 32597  50.0000 150.0000 0000000   0.0000  62.5000 15.90864301641844
STARLINK-1611
1 22542U 98065A   24 18.70844907 -.00022620  00000-0  13156-2 0  1001
2 22542  50.0000 150.0000 0000000   0.0000  68.5000 15.90864301408303
STARLINK-1612
1 61773U 98065A   24 18.70844907 -.00022620  00000-0  13156-2 0  1000
2 61773  50.0000 150.0000 0000000   0.0000  74.5000 15.90864301118628
STARLINK-1613
1 95982U 98065A   24 18.70844907 -.00022620  00000-0  13156-2 0  1004
2 95982  50.0000 150.0000 0000000   0.0000  80.5000 15.90864301565384
STARLINK-1614
1 40797U 98065A   24 18.70844907 -.00022620  00000-0  13156-2 0  1004
2 40797  50.0000 150.0000 0000000   0.0000  86.5000 15.90864301651505
STARLINK-1615
1 78353U 98065A   24 18.70844907 -.00022620  00000-0  13156-2 0  1007
2 78353  50.0000 150.0000 0000000   0.0000  92.5000 15.90864301225887
STARLINK-1616
1 97985U 98065A   24 18.70844907 -.00022620  00000-0  13156-2 0  1002
2 97985  50.0000 150.0000 0000000   0.0000  98.5000 15.90864301845940
STARLINK-1617
1 50116U 98065A   24 18.70844907 -.00022620  00000-0  13156-2 0  1000
2 50116  50.0000 150.0000 0000000   0.0000 104.5000 15.90864301135590
STARLINK-1618
1 26149U 98065A   24 18.70844907 -.00022620  00000-0  13156-2 0  1001
2 26149  50.0000 150.0000 0000000   0.0000 110.5000 15.90864301609066
STARLINK-1619
1 52691U 98065A   24 18.70844907 -.00022620  00000-0  13156-2 0  1003
2 52691  50.0000 150.0000 0000000   0.0000 116.5000 15.90864301256998
STARLINK-1620
1 47353U 98065A   24 18.70844907 -.00022620  00000-0  13156-2 0  1003
2 47353  50.0000 150.0000 0000000   0.0000 122.5000 15.90864301242450
STARLINK-1621
1 69906U 98065A   24 18.70844907 -.00022620  00000-0  13156-2 0  1002
2 69906  50.0000 150.0000 0000000   0.0000 128.5000 15.90864301425114
STARLINK-1622
1 21548U 98065A   24 18.70844907 -.00022620  00000-0  13156-2 0  1005
2 21548  50.0000 150.0000 0000000   0.0000 134.5000 15.90864301458105
STARLINK-1623
1 97310U 98065A   24 18.70844907 -.00022620  00000-0  13156-2 0  1006
2 97310  50.0000 150.0000 0000000   0.0000 140.5000 15.90864301640923
STARLINK-1624
1 32608U 98065A   24 18.70844907 -.00022620  00000-0  13156-2 0  1006
2 32608  50.0000 150.0000 0000000   0.0000 146.5000 15.90864301580612
STARLINK-1625
1 21137U 98065A   24 18.70844907 -.00022620  00000-0  13156-2 0  1003
2 21137  50.0000 150.0000 0000000   0.0000 152.5000 15.90864301940231
STARLINK-1626
1 65197U 98065A   24 18.70844907 -.00022620  00000-0  13156-2 0  1004
2 65197  50.0000 150.0000 0000000   0.0000 158.5000 15.90864301155036
STARLINK-1627
1 93005U 98065A   24 18.70844907 -.00022620  00000-0  13156-2 0  1000
2 93005  50.0000 150.0000 0000000   0.0000 164.5000 15.90864301115586
STARLINK-1628
1 25823U 98065A   24 18.70844907 -.00022620  00000-0  13156-2 0  1003
2 25823  50.0000 150.0000 0000000   0.0000 170.5000 15.90864301985398
STARLINK-1629
1 58535U 98065A   24 18.70844907 -.00022620  00000-0  13156-2 0  1001
2 58535  50.0000 150.0000 0000000   0.0000 176.5000 15.90864301841212
STARLINK-1630
1 68560U 98065A   24 18.70844907 -.00022620  00000-0  13156-2 0  1000
2 68560  50.0000 150.0000 0000000   0.0000 182.5000 15.90864301271874
STARLINK-1631
1 32704U 98065A   24 18.70844907 -.00022620  00000-0  13156-2 0  1000
2 32704  50.0000 150.0000 0000000   0.0000 188.5000 15.90864301218005
STARLINK-1632
1 35099U 98065A   24 18.70844907 -.00022620  00000-0  13156-2 0  1005
2 35099  50.0000 150.0000 0000000   0.0000 194.5000 15.90864301895028
STARLINK-1633
1 51904U 98065A   24 18.70844907 -.00022620  00000-0  13156-2 0  1004
2 51904  50.0000 150.0000 0000000   0.0000 200.5000 15.90864301162461
STARLINK-1634
1 62347U 98065A   24 18.70844907 -.00022620  00000-0  13156-2 0  1007
2 62347  50.0000 150.0000 0000000   0.0000 206.5000 15.90864301272806
STARLINK-1635
1 72796U 98065A   24 18.70844907 -.00022620  00000-0  13156-2 0  1000
2 72796  50.0000 150.0000 0000000   0.0000 212.5000 15.90864301213217
STARLINK-1636
1 63499U 98065A   24 18.70844907 -.00022620  00000-0  13156-2 0  1008
2 63499  50.0000 150.0000 0000000   0.0000 218.5000 15.90864301280864
STARLINK-1637
1 92031U 98065A   24 18.70844907 -.00022620  00000-0  13156-2 0  1006
2 92031  50.0000 150.0000 0000000   0.0000 224.5000 15.90864301450010
STARLINK-1638
1 57450U 98065A   24 18.70844907 -.00022620  00000-0  13156-2 0  1007
2 57450  50.0000 150.0000 0000000   0.0000 230.5000 15.90864301585554
STARLINK-1639
1 26687U 98065A   24 18.70844907 -.00022620  00000-0  13156-2 0  1004
2 26687  50.0000 150.0000 0000000   0.0000 236.5000 15.90864301702852
STARLINK-1640
1 53566U 98065A   24 18.70844907 -.00022620  00000-0  13156-2 0  1003
2 53566  50.0000 150.0000 0000000   0.0000 242.5000 15.90864301551691
STARLINK-1641
1 96306U 98065A   24 18.70844907 -.00022620  00000-0  13156-2 0  1004
2 96306  50.0000 150.0000 0000000   0.0000 248.5000 15.90864301982252
STARLINK-1642
1 49797U 98065A   24 18.70844907 -.00022620  00000-0  13156-2 0  1002
2 49797  50.0000 150.0000 0000000   0.0000 254.5000 15.90864301262075
STARLINK-1643
1 30281U 98065A   24 18.70844907 -.00022620  00000-0  13156-2 0  1007
2 30281  50.0000 150.0000 0000000   0.0000 260.5000 15.90864301385324
STARLINK-1644
1 19308U 98065A   24 18.70844907 -.00022620  00000-0  13156-2 0  1008
2 19308  50.0000 150.0000 0000000   0.0000 266.5000 15.90864301983101
STARLINK-1645
1 65000U 98065A   24 18.70844907 -.00022620  00000-0  13156-2 0  1008
2 65000  50.0000 150.0000 0000000   0.0000 272.5000 15.90864301540128
STARLINK-1646
1 41598U 98065A   24 18.70844907 -.00022620  00000-0  13156-2 0  1000
2 41598  50.0000 150.0000 0000000   0.0000 278.5000 15.90864301449135
STARLINK-1647
1 46602U 98065A   24 18.70844907 -.00022620  00000-0  13156-2 0  1003
2 46602  50.0000 150.0000 0000000   0.0000 284.5000 15.90864301704395
STARLINK-1648
1 26533U 98065A   24 18.70844907 -.00022620  00000-0  13156-2 0  1005
2 26533  50.0000 150.0000 0000000   0.0000 290.5000 15.90864301792694
STARLINK-1649
1 81186U 98065A   24 18.70844907 -.00022620  00000-0  13156-2 0  1002
2 81186  50.0000 150.0000 0000000   0.0000 296.5000 15.90864301313537
STARLINK-1650
1 41548U 98065A   24 18.70844907 -.00022620  00000-0  13156-2 0  1008
2 41548  50.0000 150.0000 0000000   0.0000 302.5000 15.90864301660065
STARLINK-1651
1 66954U 98065A   24 18.70844907 -.00022620  00000-0  13156-2 0  1004
2 66954  50.0000 150.0000 0000000   0.0000 308.5000 15.90864301761321
STARLINK-1652
1 52500U 98065A   24 18.70844907 -.00022620  00000-0  13156-2 0  1000
2 52500  50.0000 150.0000 0000000   0.0000 314.5000 15.90864301418927
STARLINK-1653
1 51769U 98065A   24 18.70844907 -.00022620  00000-0  13156-2 0  1004
2 51769  50.0000 150.0000 0000000   0.0000 320.5000 15.90864301958148
STARLINK-1654
1 27815U 98065A   24 18.70844907 -.00022620  00000-0  13156-2 0  1004
2 27815  50.0000 150.0000 0000000   0.0000 326.5000 15.90864301411836
STARLINK-1655
1 20412U 98065A   24 18.70844907 -.00022620  00000-0  13156-2 0  1001
2 20412  50.0000 150.0000 0000000   0.0000 332.5000 15.90864301994273
STARLINK-1656
1 74358U 98065A   24 18.70844907 -.00022620  00000-0  13156-2 0  1002
2 74358  50.0000 150.0000 0000000   0.0000 338.5000 15.90864301686818
STARLINK-1657
1 43029U 98065A   24 18.70844907 -.00022620  00000-0  13156-2 0  1008
2 43029  50.0000 150.0000 0000000   0.0000 344.5000 15.90864301962768
STARLINK-1658
1 23461U 98065A   24 18.70844907 -.00022620  00000-0  13156-2 0  1002
2 23461  50.0000 150.0000 0000000   0.0000 350.5000 15.90864301196740
STARLINK-1659
1 43433U 98065A   24 18.70844907 -.00022620  00000-0  13156-2 0  1002
2 43433  50.0000 150.0000 0000000   0.0000 356.5000 15.90864301916993
STARLINK-1660
1 44744U 98065A   24 18.70844907 -.00022620  00000-0  13156-2 0  1002
2 44744  50.0000 165.0000 0000000   0.0000   2.7500 15.90864301980036
STARLINK-1661
1 58337U 98065A   24 18.70844907 -.00022620  00000-0  13156-2 0  1000
2 58337  50.0000 165.0000 0000000   0.0000   8.7500 15.90864301377761
STARLINK-1662
1 94059U 98065A   24 18.70844907 -.00022620  00000-0  13156-2 0  1007
2 94059  50.0000 165.0000 0000000   0.0000  14.7500 15.90864301527776
STARLINK-1663
1 86894U 98065A   24 18.70844907 -.00022620  00000-0  13156-2 0  1007
2 86894  50.0000 165.0000 0000000   0.0000  20.7500 15.90864301958385
STARLINK-1664
1 25021U 98065A   24 18.70844907 -.00022620  00000-0  13156-2 0  1000
2 25021  50.0000 165.0000 0000000   0.0000  26.7500 15.90864301771811
STARLINK-1665
1 96981U 98065A   24 18.70844907 -.00022620  00000-0  13156-2 0  1004
2 96981  50.0000 165.0000 0000000   0.0000  32.7500 15.90864301372450
STARLINK-1666
1 66034U 98065A   24 18.70844907 -.00022620  00000-0  13156-2 0  1001
2 66034  50.0000 165.0000 0000000   0.0000  38.7500 15.90864301634675
STARLINK-1667
1 80937U 98065A   24 18.70844907 -.00022620  00000-0  13156-2 0  1001
2 80937  50.0000 165.0000 0000000   0.0000  44.7500 15.90864301536311
STARLINK-1668
1 69453U 98065A   24 18.70844907 -.00022620  00000-0  13156-2 0  1003
2 69453  50.0000 165.0000 0000000   0.0000  50.7500 15.90864301150464
STARLINK-1669
1 23233U 98065A   24 18.70844907 -.00022620  00000-0  13156-2 0  1005
2 23233  50.0000 165.0000 0000000   0.0000  56.7500 15.90864301957498
STARLINK-1670
1 64100U 98065A   24 18.70844907 -.00022620  00000-0  13156-2 0  1007
2 64100  50.0000 165.0000 0000000   0.0000  62.7500 15.90864301722154
STARLINK-1671
1 93022U 98065A   24 18.70844907 -.00022620  00000-0  13156-2 0  1007
2 93022  50.0000 165.0000 0000000   0.0000  68.7500 15.90864301531196
STARLINK-1672
1 39853U 98065A   24 18.70844907 -.00022620  00000-0  13156-2 0  1005
2 39853  50.0000 165.0000 0000000   0.0000  74.7500 15.90864301183882
STARLINK-1673
1 67537U 98065A   24 18.70844907 -.00022620  00000-0  13156-2 0  1003
2 67537  50.0000 165.0000 0000000   0.0000  80.7500 15.90864301936465
STARLINK-1674
1 58353U 98065A   24 18.70844907 -.00022620  00000-0  13156-2 0  1000
2 58353  50.0000 165.0000 0000000   0.0000  86.7500 15.90864301501178
STARLINK-1675
1 31561U 98065A   24 18.70844907 -.00022620  00000-0  13156-2 0  1007
2 31561  50.0000 165.0000 0000000   0.0000  92.7500 15.90864301237987
STARLINK-1676
1 47954U 98065A   24 18.70844907 -.00022620  00000-0  13156-2 0  1001
2 47954  50.0000 165.0000 0000000   0.0000  98.7500 15.90864301288823
STARLINK-1677
1 69774U 98065A   24 18.70844907 -.00022620  00000-0  13156-2 0  1005
2 69774  50.0000 165.0000 0000000   0.0000 104.7500 15.90864301489064
STARLINK-1678
1 87246U 98065A   24 18.70844907 -.00022620  00000-0  13156-2 0  1007
2 87246  50.0000 165.0000 0000000   0.0000 110.7500 15.90864301934320
STARLINK-1679
1 58784U 98065A   24 18.70844907 -.00022620  00000-0  13156-2 0  1007
2 58784  50.0000 165.0000 0000000   0.0000 116.7500 15.90864301244404
STARLINK-1680
1 11600U 98065A   24 18.70844907 -.00022620  00000-0  13156-2 0  1001
2 11600  50.0000 165.0000 0000000   0.0000 122.7500 15.90864301858517
STARLINK-1681
1 17097U 98065A   24 18.70844907 -.00022620  00000-0  13156-2 0  1008
2 17097  50.0000 165.0000 0000000   0.0000 128.7500 15.90864301565243
STARLINK-1682
1 14993U 98065A   24 18.70844907 -.00022620  00000-0  13156-2 0  1002
2 14993  50.0000 165.0000 0000000   0.0000 134.7500 15.90864301978463
STARLINK-1683
1 13271U 98065A   24 18.70844907 -.00022620  00000-0  13156-2 0  1005
2 13271  50.0000 165.0000 0000000   0.0000 140.7500 15.90864301340440
STARLINK-1684
1 93569U 98065A   24 18.70844907 -.00022620  00000-0  13156-2 0  1008
2 93569  50.0000 165.0000 0000000   0.0000 146.7500 15.90864301660134
STARLINK-1685
1 99276U 98065A   24 18.70844907 -.00022620  00000-0  13156-2 0  1000
2 99276  50.0000 165.0000 0000000   0.0000 152.7500 15.90864301309663
STARLINK-1686
1 32765U 98065A   24 18.70844907 -.00022620  00000-0  13156-2 0  1001
2 32765  50.0000 165.0000 0000000   0.0000 158.7500 15.90864301376796
STARLINK-1687
1 53081U 98065A   24 18.70844907 -.00022620  00000-0  13156-2 0  1008
2 53081  50.0000 165.0000 0000000   0.0000 164.7500 15.90864301881314
STARLINK-1688
1 23767U 98065A   24 18.70844907 -.00022620  00000-0  13156-2 0  1008
2 23767  50.0000 165.0000 0000000   0.0000 170.7500 15.90864301882831
STARLINK-1689
1 53595U 98065A   24 18.70844907 -.00022620  00000-0  13156-2 0  1007
2 53595  50.0000 165.0000 0000000   0.0000 176.7500 15.90864301328287
STARLINK-1690
1 49397U 98065A   24 18.70844907 -.00022620  00000-0  13156-2 0  1006
2 49397  50.0000 165.0000 0000000   0.0000 182.7500 15.90864301440145
STARLINK-1691
1 51132U 98065A   24 18.70844907 -.00022620  00000-0  13156-2 0  1004
2 51132  50.0000 165.0000 0000000   0.0000 188.7500 15.90864301935856
STARLINK-1692
1 64918U 98065A   24 18.70844907 -.00022620  00000-0  13156-2 0  1000
2 64918  50.0000 165.0000 0000000   0.0000 194.7500 15.90864301479681
STARLINK-1693
1 25879U 98065A   24 18.70844907 -.00022620  00000-0  13156-2 0  1006
2 25879  50.0000 165.0000 0000000   0.0000 200.7500 15.90864301307327
STARLINK-1694
1 36754U 98065A   24 18.70844907 -.00022620  00000-0  13156-2 0  1001
2 36754  50.0000 165.0000 0000000   0.0000 206.7500 15.90864301584698
STARLINK-1695
1 40840U 98065A   24 18.70844907 -.00022620  00000-0  13156-2 0  1001
2 40840  50.0000 165.0000 0000000   0.0000 212.7500 15.90864301217753
STARLINK-1696
1 13262U 98065A   24 18.70844907 -.00022620  00000-0  13156-2 0  1008
2 13262  50.0000 165.0000 0000000   0.0000 218.7500 15.90864301530252
STARLINK-1697
1 73514U 98065A   24 18.70844907 -.00022620  00000-0  13156-2 0  1004
2 73514  50.0000 165.0000 0000000   0.0000 224.7500 15.90864301348585
STARLINK-1698
1 82983U 98065A   24 18.70844907 -.00022620  00000-0  13156-2 0  1001
2 82983  50.0000 165.0000 0000000   0.0000 230.7500 15.90864301613847
STARLINK-1699
1 92428U 98065A   24 18.70844907 -.00022620  00000-0  13156-2 0  1002
2 92428  50.0000 165.0000 0000000   0.0000 236.7500 15.90864301818951
STARLINK-1700
1 28403U 98065A   24 18.70844907 -.00022620  00000-0  13156-2 0  1005
2 28403  50.0000 165.0000 0000000   0.0000 242.7500 15.90864301295412
STARLINK-1701
1 43802U 98065A   24 18.70844907 -.00022620  00000-0  13156-2 0  1001
2 43802  50.0000 165.0000 0000000   0.0000 248.7500 15.90864301389260
STARLINK-1702
1 62148U 98065A   24 18.70844907 -.00022620  00000-0  13156-2 0  1005
2 62148  50.0000 165.0000 0000000   0.0000 254.7500 15.90864301898527
STARLINK-1703
1 12258U 98065A   24 18.70844907 -.00022620  00000-0  13156-2 0  1008
2 12258  50.0000 165.0000 0000000   0.0000 260.7500 15.90864301698823
STARLINK-1704
1 31408U 98065A   24 18.70844907 -.00022620  00000-0  13156-2 0  1006
2 31408  50.0000 165.0000 0000000   0.0000 266.7500 15.90864301415358
STARLINK-1705
1 11917U 98065A   24 18.70844907 -.00022620  00000-0  13156-2 0  1005
2 11917  50.0000 165.0000 0000000   0.0000 272.7500 15.90864301433266
STARLINK-1706
1 32076U 98065A   24 18.70844907 -.00022620  00000-0  13156-2 0  1003
2 32076  50.0000 165.0000 0000000   0.0000 278.7500 15.90864301943950
STARLINK-1707
1 38076U 98065A   24 18.70844907 -.00022620  00000-0  13156-2 0  1003
2 38076  50.0000 165.0000 0000000   0.0000 284.7500 15.90864301282837
STARLINK-1708
1 63304U 98065A   24 18.70844907 -.00022620  00000-0  13156-2 0  1003
2 63304  50.0000 165.0000 0000000   0.0000 290.7500 15.90864301642227
STARLINK-1709
1 35159U 98065A   24 18.70844907 -.00022620  00000-0  13156-2 0  1006
2 35159  50.0000 165.0000 0000000   0.0000 296.7500 15.90864301453182
STARLINK-1710
1 76133U 98065A   24 18.70844907 -.00022620  00000-0  13156-2 0  1003
2 76133  50.0000 165.0000 0000000   0.0000 302.7500 15.90864301317653
STARLINK-1711
1 15612U 98065A   24 18.70844907 -.00022620  00000-0  13156-2 0  1004
2 15612  50.0000 165.0000 0000000   0.0000 308.7500 15.90864301116428
STARLINK-1712
1 78688U 98065A   24 18.70844907 -.00022620  00000-0  13156-2 0  1000
2 78688  50.0000 165.0000 0000000   0.0000 314.7500 15.90864301426717
STARLINK-1713
1 91726U 98065A   24 18.70844907 -.00022620  00000-0  13156-2 0  1000
2 91726  50.0000 165.0000 0000000   0.0000 320.7500 15.90864301405787
STARLINK-1714
1 36219U 98065A   24 18.70844907 -.00022620  00000-0  13156-2 0  1003
2 36219  50.0000 165.0000 0000000   0.0000 326.7500 15.90864301877683
STARLINK-1715
1 69707U 98065A   24 18.70844907 -.00022620  00000-0  13156-2 0  1000
2 69707  50.0000 165.0000 0000000   0.0000 332.7500 15.90864301653733
STARLINK-1716
1 51802U 98065A   24 18.70844907 -.00022620  00000-0  13156-2 0  1008
2 51802  50.0000 165.0000 0000000   0.0000 338.7500 15.90864301718891
STARLINK-1717
1 99555U 98065A   24 18.70844907 -.00022620  00000-0  13156-2 0  1003
2 99555  50.0000 165.0000 0000000   0.0000 344.7500 15.90864301898244
STARLINK-1718
1 95944U 98065A   24 18.70844907 -.00022620  00000-0  13156-2 0  1000
2 95944  50.0000 165.0000 0000000   0.0000 350.7500 15.90864301155672
STARLINK-1719
1 21341U 98065A   24 18.70844907 -.00022620  00000-0  13156-2 0  1001
2 21341  50.0000 165.0000 0000000   0.0000 356.7500 15.90864301558668
STARLINK-1720
1 17160U 98065A   24 18.70844907 -.00022620  00000-0  13156-2 0  1005
2 17160  50.0000 180.0000 0000000   0.0000   3.0000 15.90864301935007
STARLINK-1721
1 12729U 98065A   24 18.70844907 -.00022620  00000-0  13156-2 0  1004
2 12729  50.0000 180.0000 0000000   0.0000   9.0000 15.90864301856714
STARLINK-1722
1 11467U 98065A   24 18.70844907 -.00022620  00000-0  13156-2 0  1005
2 11467  50.0000 180.0000 0000000   0.0000  15.0000 15.90864301522772
STARLINK-1723
1 73278U 98065A   24 18.70844907 -.00022620  00000-0  13156-2 0  1006
2 73278  50.0000 180.0000 0000000   0.0000  21.0000 15.90864301552887
STARLINK-1724
1 57108U 98065A   24 18.70844907 -.00022620  00000-0  13156-2 0  1007
2 57108  50.0000 180.0000 0000000   0.0000  27.0000 15.90864301109008
STARLINK-1725
1 42697U 98065A   24 18.70844907 -.00022620  00000-0  13156-2 0  1006
2 42697  50.0000 180.0000 0000000   0.0000  33.0000 15.90864301749491
STARLINK-1726
1 34071U 98065A   24 18.70844907 -.00022620  00000-0  13156-2 0  1004
2 34071  50.0000 180.0000 0000000   0.0000  39.0000 15.90864301728886
STARLINK-1727
1 25881U 98065A   24 18.70844907 -.00022620  00000-0  13156-2 0  1002
2 25881  50.0000 180.0000 0000000   0.0000  45.0000 15.90864301856863
STARLINK-1728
1 24083U 98065A   24 18.70844907 -.00022620  00000-0  13156-2 0  1004
2 24083  50.0000 180.0000 0000000   0.0000  51.0000 15.90864301266270
STARLINK-1729
1 33869U 98065A   24 18.70844907 -.00022620  00000-0  13156-2 0  1002
2 33869  50.0000 180.0000 0000000   0.0000  57.0000 15.90864301844528
STARLINK-1730
1 93297U 98065A   24 18.70844907 -.00022620  00000-0  13156-2 0  1004
2 93297  50.0000 180.0000 0000000   0.0000  63.0000 15.90864301134360
STARLINK-1731
1 77305U 98065A   24 18.70844907 -.00022620  00000-0  13156-2 0  1005
2 77305  50.0000 180.0000 0000000   0.0000  69.0000 15.90864301501733
STARLINK-1732
1 60175U 98065A   24 18.70844907 -.00022620  00000-0  13156-2 0  1008
2 60175  50.0000 180.0000 0000000   0.0000  75.0000 15.90864301148323
STARLINK-1733
1 91829U 98065A   24 18.70844907 -.00022620  00000-0  13156-2 0  1007
2 91829  50.0000 180.0000 0000000   0.0000  81.0000 15.90864301801634
STARLINK-1734
1 38947U 98065A   24 18.70844907 -.00022620  00000-0  13156-2 0  1000
2 38947  50.0000 180.0000 0000000   0.0000  87.0000 15.90864301713243
STARLINK-1735
1 73814U 98065A   24 18.70844907 -.00022620  00000-0  13156-2 0  1003
2 73814  50.0000 180.0000 0000000   0.0000  93.0000 15.90864301612066
STARLINK-1736
1 51065U 98065A   24 18.70844907 -.00022620  00000-0  13156-2 0  1006
2 51065  50.0000 180.0000 0000000   0.0000  99.0000 15.90864301139777
STARLINK-1737
1 26240U 98065A   24 18.70844907 -.00022620  00000-0  13156-2 0  1004
2 26240  50.0000 180.0000 0000000   0.0000 105.0000 15.90864301705057
STARLINK-1738
1 73488U 98065A   24 18.70844907 -.00022620  00000-0  13156-2 0  1007
2 73488  50.0000 180.0000 0000000   0.0000 111.0000 15.90864301286378
STARLINK-1739
1 79778U 98065A   24 18.70844907 -.00022620  00000-0  13156-2 0  1000
2 79778  50.0000 180.0000 0000000   0.0000 117.0000 15.90864301962208
STARLINK-1740
1 77751U 98065A   24 18.70844907 -.00022620  00000-0  13156-2 0  1005
2 77751  50.0000 180.0000 0000000   0.0000 123.0000 15.90864301371362
STARLINK-1741
1 42233U 98065A   24 18.70844907 -.00022620  00000-0  13156-2 0  1006
2 42233  50.0000 180.0000 0000000   0.0000 129.0000 15.90864301759365
STARLINK-1742
1 81227U 98065A   24 18.70844907 -.00022620  00000-0  13156-2 0  1000
2 81227  50.0000 180.0000 0000000   0.0000 135.0000 15.90864301372861
STARLINK-1743
1 51658U 98065A   24 18.70844907 -.00022620  00000-0  13156-2 0  1001
2 51658  50.0000 180.0000 0000000   0.0000 141.0000 15.90864301129896
STARLINK-1744
1 96341U 98065A   24 18.70844907 -.00022620  00000-0  13156-2 0  1001
2 96341  50.0000 180.0000 0000000   0.0000 147.0000 15.90864301294583
STARLINK-1745
1 82145U 98065A   24 18.70844907 -.00022620  00000-0  13156-2 0  1006
2 82145  50.0000 180.0000 0000000   0.0000 153.0000 15.90864301209362
STARLINK-1746
1 48079U 98065A   24 18.70844907 -.00022620  00000-0  13156-2 0  1005
2 48079  50.0000 180.0000 0000000   0.0000 159.0000 15.90864301213294
STARLINK-1747
1 57101U 98065A   24 18.70844907 -.00022620  00000-0  13156-2 0  1007
2 57101  50.0000 180.0000 0000000   0.0000 165.0000 15.90864301635900
STARLINK-1748
1 77144U 98065A   24 18.70844907 -.00022620  00000-0  13156-2 0  1008
2 77144  50.0000 180.0000 0000000   0.0000 171.0000 15.90864301121523
STARLINK-1749
1 92217U 98065A   24 18.70844907 -.00022620  00000-0  13156-2 0  1008
2 92217  50.0000 180.0000 0000000   0.0000 177.0000 15.90864301300315
STARLINK-1750
1 76412U 98065A   24 18.70844907 -.00022620  00000-0  13156-2 0  1008
2 76412  50.0000 180.0000 0000000   0.0000 183.0000 15.90864301281325
STARLINK-1751
1 61230U 98065A   24 18.70844907 -.00022620  00000-0  13156-2 0  1004
2 61230  50.0000 180.0000 0000000   0.0000 189.0000 15.90864301722967
STARLINK-1752
1 81105U 98065A   24 18.70844907 -.00022620  00000-0  13156-2 0  1006
2 81105  50.0000 180.0000 0000000   0.0000 195.0000 15.90864301468620
STARLINK-1753
1 30518U 98065A   24 18.70844907 -.00022620  00000-0  13156-2 0  1000
2 30518  50.0000 180.0000 0000000   0.0000 201.0000 15.90864301746747
STARLINK-1754
1 29999U 98065A   24 18.70844907 -.00022620  00000-0  13156-2 0  1003
2 29999  50.0000 180.0000 0000000   0.0000 207.0000 15.90864301813107
STARLINK-1755
1 57605U 98065A   24 18.70844907 -.00022620  00000-0  13156-2 0  1004
2 57605  50.0000 180.0000 0000000   0.0000 213.0000 15.90864301139515
STARLINK-1756
1 77918U 98065A   24 18.70844907 -.00022620  00000-0  13156-2 0  1005
2 77918  50.0000 180.0000 0000000   0.0000 219.0000 15.90864301690601
STARLINK-1757
1 61177U 98065A   24 18.70844907 -.00022620  00000-0  13156-2 0  1002
2 61177  50.0000 180.0000 0000000   0.0000 225.0000 15.90864301920248
STARLINK-1758
1 52030U 98065A   24 18.70844907 -.00022620  00000-0  13156-2 0  1004
2 52030  50.0000 180.0000 0000000   0.0000 231.0000 15.90864301155850
STARLINK-1759
1 74934U 98065A   24 18.70844907 -.00022620  00000-0  13156-2 0  1006
2 74934  50.0000 180.0000 0000000   0.0000 237.0000 15.90864301915436
STARLINK-1760
1 93696U 98065A   24 18.70844907 -.00022620  00000-0  13156-2 0  1007
2 93696  50.0000 180.0000 0000000   0.0000 243.0000 15.90864301704018
STARLINK-1761
1 69111U 98065A   24 18.70844907 -.00022620  00000-0  13156-2 0  1001
2 69111  50.0000 180.0000 0000000   0.0000 249.0000 15.90864301419598
STARLINK-1762
1 98272U 98065A   24 18.70844907 -.00022620  00000-0  13156-2 0  1001
2 98272  50.0000 180.0000 0000000   0.0000 255.0000 15.90864301978636
STARLINK-1763
1 72341U 98065A   24 18.70844907 -.00022620  00000-0  13156-2 0  1008
2 72341  50.0000 180.0000 0000000   0.0000 261.0000 15.90864301670101
STARLINK-1764
1 53463U 98065A   24 18.70844907 -.00022620  00000-0  13156-2 0  1001
2 53463  50.0000 180.0000 0000000   0.0000 267.0000 15.90864301795715
STARLINK-1765
1 83737U 98065A   24 18.70844907 -.00022620  00000-0  13156-2 0  1006
2 83737  50.0000 180.0000 0000000   0.0000 273.0000 15.90864301844216
STARLINK-1766
1 38001U 98065A   24 18.70844907 -.00022620  00000-0  13156-2 0  1002
2 38001  50.0000 180.0000 0000000   0.0000 279.0000 15.90864301782445
STARLINK-1767
1 74645U 98065A   24 18.70844907 -.00022620  00000-0  13156-2 0  1004
2 74645  50.0000 180.0000 0000000   0.0000 285.0000 15.90864301155196
STARLINK-1768
1 15494U 98065A   24 18.70844907 -.00022620  00000-0  13156-2 0  1002
2 15494  50.0000 180.0000 0000000   0.0000 291.0000 15.90864301216707
STARLINK-1769
1 42943U 98065A   24 18.70844907 -.00022620  00000-0  13156-2 0  1004
2 42943  50.0000 180.0000 0000000   0.0000 297.0000 15.90864301157217
STARLINK-1770
1 20766U 98065A   24 18.70844907 -.00022620  00000-0  13156-2 0  1002
2 20766  50.0000 180.0000 0000000   0.0000 303.0000 15.90864301255071
STARLINK-1771
1 93830U 98065A   24 18.70844907 -.00022620  00000-0  13156-2 0  1003
2 93830  50.0000 180.0000 0000000   0.0000 309.0000 15.90864301212742
STARLINK-1772
1 59949U 98065A   24 18.70844907 -.00022620  00000-0  13156-2 0  1002
2 59949  50.0000 180.0000 0000000   0.0000 315.0000 15.90864301542223
STARLINK-1773
1 59507U 98065A   24 18.70844907 -.00022620  00000-0  13156-2 0  1000
2 59507  50.0000 180.0000 0000000   0.0000 321.0000 15.90864301478093
STARLINK-1774
1 62168U 98065A   24 18.70844907 -.00022620  00000-0  13156-2 0  1007
2 62168  50.0000 180.0000 0000000   0.0000 327.0000 15.90864301643850
STARLINK-1775
1 64047U 98065A   24 18.70844907 -.00022620  00000-0  13156-2 0  1003
2 64047  50.0000 180.0000 0000000   0.0000 333.0000 15.90864301943066
STARLINK-1776
1 96763U 98065A   24 18.70844907 -.00022620  00000-0  13156-2 0  1000
2 96763  50.0000 180.0000 0000000   0.0000 339.0000 15.90864301566888
STARLINK-1777
1 94952U 98065A   24 18.70844907 -.00022620  00000-0  13156-2 0  1003
2 94952  50.0000 180.0000 0000000   0.0000 345.0000 15.90864301930197
STARLINK-1778
1 38370U 98065A   24 18.70844907 -.00022620  00000-0  13156-2 0  1007
2 38370  50.0000 180.0000 0000000   0.0000 351.0000 15.90864301930142
STARLINK-1779
1 75013U 98065A   24 18.70844907 -.00022620  00000-0  13156-2 0  1006
2 75013  50.0000 180.0000 0000000   0.0000 357.0000 15.90864301959508
STARLINK-1780
1 81622U 98065A   24 18.70844907 -.00022620  00000-0  13156-2 0  1006
2 81622  50.0000 195.0000 0000000   0.0000   3.2500 15.90864301586187
STARLINK-1781
1 49879U 98065A   24 18.70844907 -.00022620  00000-0  13156-2 0  1008
2 49879  50.0000 195.0000 0000000   0.0000   9.2500 15.90864301842933
STARLINK-1782
1 80269U 98065A   24 18.70844907 -.00022620  00000-0  13156-2 0  1008
2 80269  50.0000 195.0000 0000000   0.0000  15.2500 15.90864301294792
STARLINK-1783
1 69815U 98065A   24 18.70844907 -.00022620  00000-0  13156-2 0  1007
2 69815  50.0000 195.0000 0000000   0.0000  21.2500 15.90864301140323
STARLINK-1784
1 45285U 98065A   24 18.70844907 -.00022620  00000-0  13156-2 0  1004
2 45285  50.0000 195.0000 0000000   0.0000  27.2500 15.90864301624496
STARLINK-1785
1 41040U 98065A   24 18.70844907 -.00022620  00000-0  13156-2 0  1004
2 41040  50.0000 195.0000 0000000   0.0000  33.2500 15.90864301567837
STARLINK-1786
1 24130U 98065A   24 18.70844907 -.00022620  00000-0  13156-2 0  1005
2 24130  50.0000 195.0000 0000000   0.0000  39.2500 15.90864301359375
STARLINK-1787
1 20743U 98065A   24 18.70844907 -.00022620  00000-0  13156-2 0  1004
2 20743  50.0000 195.0000 0000000   0.0000  45.2500 15.90864301960501
STARLINK-1788
1 56531U 98065A   24 18.70844907 -.00022620  00000-0  13156-2 0  1001
2 56531  50.0000 195.0000 0000000   0.0000  51.2500 15.90864301481880
STARLINK-1789
1 89112U 98065A   24 18.70844907 -.00022620  00000-0  13156-2 0  1005
2 89112  50.0000 195.0000 0000000   0.0000  57.2500 15.90864301961558
STARLINK-1790
1 10695U 98065A   24 18.70844907 -.00022620  00000-0  13156-2 0  1008
2 10695  50.0000 195.0000 0000000   0.0000  63.2500 15.90864301856864
STARLINK-1791
1 24806U 98065A   24 18.70844907 -.00022620  00000-0  13156-2 0  1002
2 24806  50.0000 195.0000 0000000   0.0000  69.2500 15.90864301418051
STARLINK-1792
1 28327U 98065A   24 18.70844907 -.00022620  00000-0  13156-2 0  1002
2 28327  50.0000 195.0000 0000000   0.0000  75.2500 15.90864301280097
STARLINK-1793
1 55108U 98065A   24 18.70844907 -.00022620  00000-0  13156-2 0  1005
2 55108  50.0000 195.0000 0000000   0.0000  81.2500 15.90864301679274
STARLINK-1794
1 25989U 98065A   24 18.70844907 -.00022620  00000-0  13156-2 0  1003
2 25989  50.0000 195.0000 0000000   0.0000  87.2500 15.90864301396650
STARLINK-1795
1 28840U 98065A   24 18.70844907 -.00022620  00000-0  13156-2 0  1007
2 28840  50.0000 195.0000 0000000   0.0000  93.2500 15.90864301556193
STARLINK-1796
1 18469U 98065A   24 18.70844907 -.00022620  00000-0  13156-2 0  1007
2 18469  50.0000 195.0000 0000000   0.0000  99.2500 15.90864301268157
STARLINK-1797
1 27920U 98065A   24 18.70844907 -.00022620  00000-0  13156-2 0  1000
2 27920  50.0000 195.0000 0000000   0.0000 105.2500 15.90864301655457
STARLINK-1798
1 96366U 98065A   24 18.70844907 -.00022620  00000-0  13156-2 0  1008
2 96366  50.0000 195.0000 0000000   0.0000 111.2500 15.90864301718431
STARLINK-1799
1 88618U 98065A   24 18.70844907 -.00022620  00000-0  13156-2 0  1006
2 88618  50.0000 195.0000 0000000   0.0000 117.2500 15.90864301891710
STARLINK-1800
1 80298U 98065A   24 18.70844907 -.00022620  00000-0  13156-2 0  1002
2 80298  50.0000 195.0000 0000000   0.0000 123.2500 15.90864301294041
STARLINK-1801
1 71775U 98065A   24 18.70844907 -.00022620  00000-0  13156-2 0  1008
2 71775  50.0000 195.0000 0000000   0.0000 129.2500 15.90864301367167
STARLINK-1802
1 55248U 98065A   24 18.70844907 -.00022620  00000-0  13156-2 0  1003
2 55248  50.0000 195.0000 0000000   0.0000 135.2500 15.90864301408898
STARLINK-1803
1 78443U 98065A   24 18.70844907 -.00022620  00000-0  13156-2 0  1006
2 78443  50.0000 195.0000 0000000   0.0000 141.2500 15.90864301712093
STARLINK-1804
1 76631U 98065A   24 18.70844907 -.00022620  00000-0  13156-2 0  1005
2 76631  50.0000 195.0000 0000000   0.0000 147.2500 15.90864301655888
STARLINK-1805
1 80699U 98065A   24 18.70844907 -.00022620  00000-0  13156-2 0  1003
2 80699  50.0000 195.0000 0000000   0.0000 153.2500 15.90864301676766
STARLINK-1806
1 30301U 98065A   24 18.70844907 -.00022620  00000-0  13156-2 0  1003
2 30301  50.0000 195.0000 0000000   0.0000 159.2500 15.90864301495620
STARLINK-1807
1 43940U 98065A   24 18.70844907 -.00022620  00000-0  13156-2 0  1006
2 43940  50.0000 195.0000 0000000   0.0000 165.2500 15.90864301585887
STARLINK-1808
1 76305U 98065A   24 18.70844907 -.00022620  00000-0  13156-2 0  1002
2 76305  50.0000 195.0000 0000000   0.0000 171.2500 15.90864301376748
STARLINK-1809
1 11902U 98065A   24 18.70844907 -.00022620  00000-0  13156-2 0  1007
2 11902  50.0000 195.0000 0000000   0.0000 177.2500 15.90864301870912
STARLINK-1810
1 38682U 98065A   24 18.70844907 -.00022620  00000-0  13156-2 0  1000
2 38682  50.0000 195.0000 0000000   0.0000 183.2500 15.90864301887248
STARLINK-1811
1 75199U 98065A   24 18.70844907 -.00022620  00000-0  13156-2 0  1007
2 75199  50.0000 195.0000 0000000   0.0000 189.2500 15.90864301563600
STARLINK-1812
1 68818U 98065A   24 18.70844907 -.00022620  00000-0  13156-2 0  1006
2 68818  50.0000 195.0000 0000000   0.0000 195.2500 15.90864301976376
STARLINK-1813
1 54843U 98065A   24 18.70844907 -.00022620  00000-0  13156-2 0  1008
2 54843  50.0000 195.0000 0000000   0.0000 201.2500 15.90864301748087
STARLINK-1814
1 71142U 98065A   24 18.70844907 -.00022620  00000-0  13156-2 0  1004
2 71142  50.0000 195.0000 0000000   0.0000 207.2500 15.90864301559716
STARLINK-1815
1 38343U 98065A   24 18.70844907 -.00022620  00000-0  13156-2 0  1005
2 38343  50.0000 195.0000 0000000   0.0000 213.2500 15.90864301196738
STARLINK-1816
1 35936U 98065A   24 18.70844907 -.00022620  00000-0  13156-2 0  1005
2 35936  50.0000 195.0000 0000000   0.0000 219.2500 15.90864301362625
STARLINK-1817
1 17815U 98065A   24 18.70844907 -.00022620  00000-0  13156-2 0  1001
2 17815  50.0000 195.0000 0000000   0.0000 225.2500 15.90864301875876
STARLINK-1818
1 30665U 98065A   24 18.70844907 -.00022620  00000-0  13156-2 0  1005
2 30665  50.0000 195.0000 0000000   0.0000 231.2500 15.90864301214876
STARLINK-1819
1 68264U 98065A   24 18.70844907 -.00022620  00000-0  13156-2 0  1004
2 68264  50.0000 195.0000 0000000   0.0000 237.2500 15.90864301822265
STARLINK-1820
1 19025U 98065A   24 18.70844907 -.00022620  00000-0  13156-2 0  1008
2 19025  50.0000 195.0000 0000000   0.0000 243.2500 15.90864301459051
STARLINK-1821
1 47317U 98065A   24 18.70844907 -.00022620  00000-0  13156-2 0  1001
2 47317  50.0000 195.0000 0000000   0.0000 249.2500 15.90864301171927
STARLINK-1822
1 59571U 98065A   24 18.70844907 -.00022620  00000-0  13156-2 0  1008
2 59571  50.0000 195.0000 0000000   0.0000 255.2500 15.90864301396084
STARLINK-1823
1 23603U 98065A   24 18.70844907 -.00022620  00000-0  13156-2 0  1001
2 23603  50.0000 195.0000 0000000   0.0000 261.2500 15.90864301777493
STARLINK-1824
1 37034U 98065A   24 18.70844907 -.00022620  00000-0  13156-2 0  1002
2 37034  50.0000 195.0000 0000000   0.0000 267.2500 15.90864301367873
STARLINK-1825
1 47151U 98065A   24 18.70844907 -.00022620  00000-0  13156-2 0  1000
2 47151  50.0000 195.0000 0000000   0.0000 273.2500 15.90864301967658
STARLINK-1826
1 75428U 98065A   24 18.70844907 -.00022620  00000-0  13156-2 0  1005
2 75428  50.0000 195.0000 0000000   0.0000 279.2500 15.90864301673888
STARLINK-1827
1 16520U 98065A   24 18.70844907 -.00022620  00000-0  13156-2 0  1002
2 16520  50.0000 195.0000 0000000   0.0000 285.2500 15.90864301557908
STARLINK-1828
1 24006U 98065A   24 18.70844907 -.00022620  00000-0  13156-2 0  1007
2 24006  50.0000 195.0000 0000000   0.0000 291.2500 15.90864301965643
STARLINK-1829
1 95353U 98065A   24 18.70844907 -.00022620  00000-0  13156-2 0  1004
2 95353  50.0000 195.0000 0000000   0.0000 297.2500 15.90864301401107
STARLINK-1830
1 31421U 98065A   24 18.70844907 -.00022620  00000-0  13156-2 0  1008
2 31421  50.0000 195.0000 0000000   0.0000 303.2500 15.90864301232555
STARLINK-1831
1 51863U 98065A   24 18.70844907 -.00022620  00000-0  13156-2 0  1008
2 51863  50.0000 195.0000 0000000   0.0000 309.2500 15.90864301870525
STARLINK-1832
1 63896U 98065A   24 18.70844907 -.00022620  00000-0  13156-2 0  1006
2 63896  50.0000 195.0000 0000000   0.0000 315.2500 15.90864301805400
STARLINK-1833
1 42874U 98065A   24 18.70844907 -.00022620  00000-0  13156-2 0  1003
2 42874  50.0000 195.0000 0000000   0.0000 321.2500 15.90864301958333
STARLINK-1834
1 33868U 98065A   24 18.70844907 -.00022620  00000-0  13156-2 0  1000
2 33868  50.0000 195.0000 0000000   0.0000 327.2500 15.90864301370282
STARLINK-1835
1 92997U 98065A   24 18.70844907 -.00022620  00000-0  13156-2 0  1004
2 92997  50.0000 195.0000 0000000   0.0000 333.2500 15.90864301365432
STARLINK-1836
1 69464U 98065A   24 18.70844907 -.00022620  00000-0  13156-2 0  1008
2 69464  50.0000 195.0000 0000000   0.0000 339.2500 15.90864301271145
STARLINK-1837
1 20430U 98065A   24 18.70844907 -.00022620  00000-0  13156-2 0  1007
2 20430  50.0000 195.0000 0000000   0.0000 345.2500 15.90864301275980
STARLINK-1838
1 33597U 98065A   24 18.70844907 -.00022620  00000-0  13156-2 0  1003
2 33597  50.0000 195.0000 0000000   0.0000 351.2500 15.90864301419702
STARLINK-1839
1 47578U 98065A   24 18.70844907 -.00022620  00000-0  13156-2 0  1002
2 47578  50.0000 195.0000 0000000   0.0000 357.2500 15.90864301114692
STARLINK-1840
1 92142U 98065A   24 18.70844907 -.00022620  00000-0  13156-2 0  1000
2 92142  50.0000 210.0000 0000000   0.0000   3.5000 15.90864301380315
STARLINK-1841
1 17789U 98065A   24 18.70844907 -.00022620  00000-0  13156-2 0  1007
2 17789  50.0000 210.0000 0000000   0.0000   9.5000 15.90864301422632
STARLINK-1842
1 20651U 98065A   24 18.70844907 -.00022620  00000-0  13156-2 0  1002
2 20651  50.0000 210.0000 0000000   0.0000  15.5000 15.90864301185262
STARLINK-1843
1 64734U 98065A   24 18.70844907 -.00022620  00000-0  13156-2 0  1003
2 64734  50.0000 210.0000 0000000   0.0000  21.5000 15.90864301194010
STARLINK-1844
1 75140U 98065A   24 18.70844907 -.00022620  00000-0  13156-2 0  1005
2 75140  50.0000 210.0000 0000000   0.0000  27.5000 15.90864301132807
STARLINK-1845
1 84359U 98065A   24 18.70844907 -.00022620  00000-0  13156-2 0  1008
2 84359  50.0000 210.0000 0000000   0.0000  33.5000 15.90864301866984
STARLINK-1846
1 50958U 98065A   24 18.70844907 -.00022620  00000-0  13156-2 0  1002
2 50958  50.0000 210.0000 0000000   0.0000  39.5000 15.90864301651808
STARLINK-1847
1 87590U 98065A   24 18.70844907 -.00022620  00000-0  13156-2 0  1002
2 87590  50.0000 210.0000 0000000   0.0000  45.5000 15.90864301683160
STARLINK-1848
1 13173U 98065A   24 18.70844907 -.00022620  00000-0  13156-2 0  1003
2 13173  50.0000 210.0000 0000000   0.0000  51.5000 15.90864301784943
STARLINK-1849
1 37907U 98065A   24 18.70844907 -.00022620  00000-0  13156-2 0  1004
2 37907  50.0000 210.0000 0000000   0.0000  57.5000 15.90864301970564
STARLINK-1850
1 69799U 98065A   24 18.70844907 -.00022620  00000-0  13156-2 0  1004
2 69799  50.0000 210.0000 0000000   0.0000  63.5000 15.90864301718211
STARLINK-1851
1 85299U 98065A   24 18.70844907 -.00022620  00000-0  13156-2 0  1006
2 85299  50.0000 210.0000 0000000   0.0000  69.5000 15.90864301268975
STARLINK-1852
1 99759U 98065A   24 18.70844907 -.00022620  00000-0  13156-2 0  1008
2 99759  50.0000 210.0000 0000000   0.0000  75.5000 15.90864301740603
STARLINK-1853
1 15816U 98065A   24 18.70844907 -.00022620  00000-0  13156-2 0  1008
2 15816  50.0000 210.0000 0000000   0.0000  81.5000 15.90864301318143
STARLINK-1854
1 48869U 98065A   24 18.70844907 -.00022620  00000-0  13156-2 0  1005
2 48869  50.0000 210.0000 0000000   0.0000  87.5000 15.90864301355364
STARLINK-1855
1 71199U 98065A   24 18.70844907 -.00022620  00000-0  13156-2 0  1003
2 71199  50.0000 210.0000 0000000   0.0000  93.5000 15.90864301718723
STARLINK-1856
1 47255U 98065A   24 18.70844907 -.00022620  00000-0  13156-2 0  1000
2 47255  50.0000 210.0000 0000000   0.0000  99.5000 15.90864301455276
STARLINK-1857
1 78517U 98065A   24 18.70844907 -.00022620  00000-0  13156-2 0  1005
2 78517  50.0000 210.0000 0000000   0.0000 105.5000 15.90864301313825
STARLINK-1858
1 73911U 98065A   24 18.70844907 -.00022620  00000-0  13156-2 0  1008
2 73911  50.0000 210.0000 0000000   0.0000 111.5000 15.90864301718431
STARLINK-1859
1 90698U 98065A   24 18.70844907 -.00022620  00000-0  13156-2 0  1000
2 90698  50.0000 210.0000 0000000   0.0000 117.5000 15.90864301390376
STARLINK-1860
1 92537U 98065A   24 18.70844907 -.00022620  00000-0  13156-2 0  1000
2 92537  50.0000 210.0000 0000000   0.0000 123.5000 15.90864301598800
STARLINK-1861
1 24474U 98065A   24 18.70844907 -.00022620  00000-0  13156-2 0  1008
2 24474  50.0000 210.0000 0000000   0.0000 129.5000 15.90864301434538
STARLINK-1862
1 37621U 98065A   24 18.70844907 -.00022620  00000-0  13156-2 0  1000
2 37621  50.0000 210.0000 0000000   0.0000 135.5000 15.90864301973416
STARLINK-1863
1 36841U 98065A   24 18.70844907 -.00022620  00000-0  13156-2 0  1005
2 36841  50.0000 210.0000 0000000   0.0000 141.5000 15.90864301514441
STARLINK-1864
1 77730U 98065A   24 18.70844907 -.00022620  00000-0  13156-2 0  1002
2 77730  50.0000 210.0000 0000000   0.0000 147.5000 15.90864301807890
STARLINK-1865
1 88593U 98065A   24 18.70844907 -.00022620  00000-0  13156-2 0  1007
2 88593  50.0000 210.0000 0000000   0.0000 153.5000 15.90864301122230
STARLINK-1866
1 51095U 98065A   24 18.70844907 -.00022620  00000-0  13156-2 0  1000
2 51095  50.0000 210.0000 0000000   0.0000 159.5000 15.90864301757483
STARLINK-1867
1 73983U 98065A   24 18.70844907 -.00022620  00000-0  13156-2 0  1002
2 73983  50.0000 210.0000 0000000   0.0000 165.5000 15.90864301320984
STARLINK-1868
1 61262U 98065A   24 18.70844907 -.00022620  00000-0  13156-2 0  1004
2 61262  50.0000 210.0000 0000000   0.0000 171.5000 15.90864301243853
STARLINK-1869
1 18914U 98065A   24 18.70844907 -.00022620  00000-0  13156-2 0  1007
2 18914  50.0000 210.0000 0000000   0.0000 177.5000 15.90864301926812
STARLINK-1870
1 86668U 98065A   24 18.70844907 -.00022620  00000-0  13156-2 0  1001
2 86668  50.0000 210.0000 0000000   0.0000 183.5000 15.90864301693178
STARLINK-1871
1 64654U 98065A   24 18.70844907 -.00022620  00000-0  13156-2 0  1004
2 64654  50.0000 210.0000 0000000   0.0000 189.5000 15.90864301798003
STARLINK-1872
1 27734U 98065A   24 18.70844907 -.00022620  00000-0  13156-2 0  1006
2 27734  50.0000 210.0000 0000000   0.0000 195.5000 15.90864301125155
STARLINK-1873
1 12834U 98065A   24 18.70844907 -.00022620  00000-0  13156-2 0  1001
2 12834  50.0000 210.0000 0000000   0.0000 201.5000 15.90864301818361
STARLINK-1874
1 67151U 98065A   24 18.70844907 -.00022620  00000-0  13156-2 0  1002
2 67151  50.0000 210.0000 0000000   0.0000 207.5000 15.90864301867248
STARLINK-1875
1 95131U 98065A   24 18.70844907 -.00022620  00000-0  13156-2 0  1004
2 95131  50.0000 210.0000 0000000   0.0000 213.5000 15.90864301631218
STARLINK-1876
1 76696U 98065A   24 18.70844907 -.00022620  00000-0  13156-2 0  1005
2 76696  50.0000 210.0000 0000000   0.0000 219.5000 15.90864301230373
STARLINK-1877
1 21994U 98065A   24 18.70844907 -.00022620  00000-0  13156-2 0  1003
2 21994  50.0000 210.0000 0000000   0.0000 225.5000 15.90864301881091
STARLINK-1878
1 79901U 98065A   24 18.70844907 -.00022620  00000-0  13156-2 0  1003
2 79901  50.0000 210.0000 0000000   0.0000 231.5000 15.90864301410071
STARLINK-1879
1 59602U 98065A   24 18.70844907 -.00022620  00000-0  13156-2 0  1005
2 59602  50.0000 210.0000 0000000   0.0000 237.5000 15.90864301233086
STARLINK-1880
1 46676U 98065A   24 18.70844907 -.00022620  00000-0  13156-2 0  1008
2 46676  50.0000 210.0000 0000000   0.0000 243.5000 15.90864301496602
STARLINK-1881
1 36756U 98065A   24 18.70844907 -.00022620  00000-0  13156-2 0  1005
2 36756  50.0000 210.0000 0000000   0.0000 249.5000 15.90864301526704
STARLINK-1882
1 68765U 98065A   24 18.70844907 -.00022620  00000-0  13156-2 0  1006
2 68765  50.0000 210.0000 0000000   0.0000 255.5000 15.90864301542242
STARLINK-1883
1 49227U 98065A   24 18.70844907 -.00022620  00000-0  13156-2 0  1008
2 49227  50.0000 210.0000 0000000   0.0000 261.5000 15.90864301650846
STARLINK-1884
1 12014U 98065A   24 18.70844907 -.00022620  00000-0  13156-2 0  1007
2 12014  50.0000 210.0000 0000000   0.0000 267.5000 15.90864301736556
STARLINK-1885
1 23486U 98065A   24 18.70844907 -.00022620  00000-0  13156-2 0  1000
2 23486  50.0000 210.0000 0000000   0.0000 273.5000 15.90864301615816
STARLINK-1886
1 42083U 98065A   24 18.70844907 -.00022620  00000-0  13156-2 0  1000
2 42083  50.0000 210.0000 0000000   0.0000 279.5000 15.90864301500850
STARLINK-1887
1 38745U 98065A   24 18.70844907 -.00022620  00000-0  13156-2 0  1003
2 38745  50.0000 210.0000 0000000   0.0000 285.5000 15.90864301406283
STARLINK-1888
1 43503U 98065A   24 18.70844907 -.00022620  00000-0  13156-2 0  1006
2 43503  50.0000 210.0000 0000000   0.0000 291.5000 15.90864301207223
STARLINK-1889
1 92577U 98065A   24 18.70844907 -.00022620  00000-0  13156-2 0  1002
2 92577  50.0000 210.0000 0000000   0.0000 297.5000 15.90864301563868
STARLINK-1890
1 61468U 98065A   24 18.70844907 -.00022620  00000-0  13156-2 0  1002
2 61468  50.0000 210.0000 0000000   0.0000 303.5000 15.90864301695188
STARLINK-1891
1 56758U 98065A   24 18.70844907 -.00022620  00000-0  13156-2 0  1004
2 56758  50.0000 210.0000 0000000   0.0000 309.5000 15.90864301152485
STARLINK-1892
1 51960U 98065A   24 18.70844907 -.00022620  00000-0  13156-2 0  1005
2 51960  50.0000 210.0000 0000000   0.0000 315.5000 15.90864301584180
STARLINK-1893
1 19224U 98065A   24 18.70844907 -.00022620  00000-0  13156-2 0  1000
2 19224  50.0000 210.0000 0000000   0.0000 321.5000 15.90864301514891
STARLINK-1894
1 13906U 98065A   24 18.70844907 -.00022620  00000-0  13156-2 0  1001
2 13906  50.0000 210.0000 0000000   0.0000 327.5000 15.90864301580015
STARLINK-1895
1 67006U 98065A   24 18.70844907 -.00022620  00000-0  13156-2 0  1007
2 67006  50.0000 210.0000 0000000   0.0000 333.5000 15.90864301471347
STARLINK-1896
1 10918U 98065A   24 18.70844907 -.00022620  00000-0  13156-2 0  1001
2 10918  50.0000 210.0000 0000000   0.0000 339.5000 15.90864301814735
STARLINK-1897
1 33918U 98065A   24 18.70844907 -.00022620  00000-0  13156-2 0  1000
2 33918  50.0000 210.0000 0000000   0.0000 345.5000 15.90864301675696
STARLINK-1898
1 12671U 98065A   24 18.70844907 -.00022620  00000-0  13156-2 0  1004
2 12671  50.0000 210.0000 0000000   0.0000 351.5000 15.90864301456895
STARLINK-1899
1 45540U 98065A   24 18.70844907 -.00022620  00000-0  13156-2 0  1008
2 45540  50.0000 210.0000 0000000   0.0000 357.5000 15.90864301544341
STARLINK-1900
1 99822U 98065A   24 18.70844907 -.00022620  00000-0  13156-2 0  1005
2 99822  50.0000 225.0000 0000000   0.0000   3.7500 15.90864301696427
STARLINK-1901
1 77355U 98065A   24 18.70844907 -.00022620  00000-0  13156-2 0  1002
2 77355  50.0000 225.0000 0000000   0.0000   9.7500 15.90864301261896
STARLINK-1902
1 81546U 98065A   24 18.70844907 -.00022620  00000-0  13156-2 0  1002
2 81546  50.0000 225.0000 0000000   0.0000  15.7500 15.90864301518818
STARLINK-1903
1 22018U 98065A   24 18.70844907 -.00022620  00000-0  13156-2 0  1003
2 22018  50.0000 225.0000 0000000   0.0000  21.7500 15.90864301692434
STARLINK-1904
1 91436U 98065A   24 18.70844907 -.00022620  00000-0  13156-2 0  1003
2 91436  50.0000 225.0000 0000000   0.0000  27.7500 15.90864301416802
STARLINK-1905
1 41586U 98065A   24 18.70844907 -.00022620  00000-0  13156-2 0  1001
2 41586  50.0000 225.0000 0000000   0.0000  33.7500 15.90864301435127
STARLINK-1906
1 50741U 98065A   24 18.70844907 -.00022620  00000-0  13156-2 0  1000
2 50741  50.0000 225.0000 0000000   0.0000  39.7500 15.90864301467358
STARLINK-1907
1 73432U 98065A   24 18.70844907 -.00022620  00000-0  13156-2 0  1008
2 73432  50.0000 225.0000 0000000   0.0000  45.7500 15.90864301155607
STARLINK-1908
1 35358U 98065A   24 18.70844907 -.00022620  00000-0  13156-2 0  1005
2 35358  50.0000 225.0000 0000000   0.0000  51.7500 15.90864301923628
STARLINK-1909
1 70971U 98065A   24 18.70844907 -.00022620  00000-0  13156-2 0  1006
2 70971  50.0000 225.0000 0000000   0.0000  57.7500 15.90864301348998
STARLINK-1910
1 11911U 98065A   24 18.70844907 -.00022620  00000-0  13156-2 0  1001
2 11911  50.0000 225.0000 0000000   0.0000  63.7500 15.90864301650447
STARLINK-1911
1 63311U 98065A   24 18.70844907 -.00022620  00000-0  13156-2 0  1007
2 63311  50.0000 225.0000 0000000   0.0000  69.7500 15.90864301239050
STARLINK-1912
1 51102U 98065A   24 18.70844907 -.00022620  00000-0  13156-2 0  1008
2 51102  50.0000 225.0000 0000000   0.0000  75.7500 15.90864301445422
STARLINK-1913
1 67210U 98065A   24 18.70844907 -.00022620  00000-0  13156-2 0  1007
2 67210  50.0000 225.0000 0000000   0.0000  81.7500 15.90864301887213
STARLINK-1914
1 11734U 98065A   24 18.70844907 -.00022620  00000-0  13156-2 0  1002
2 11734  50.0000 225.0000 0000000   0.0000  87.7500 15.90864301527248
STARLINK-1915
1 31476U 98065A   24 18.70844907 -.00022620  00000-0  13156-2 0  1004
2 31476  50.0000 225.0000 0000000   0.0000  93.7500 15.90864301699068
STARLINK-1916
1 64823U 98065A   24 18.70844907 -.00022620  00000-0  13156-2 0  1000
2 64823  50.0000 225.0000 0000000   0.0000  99.7500 15.90864301260304
STARLINK-1917
1 13366U 98065A   24 18.70844907 -.00022620  00000-0  13156-2 0  1002
2 13366  50.0000 225.0000 0000000   0.0000 105.7500 15.90864301672637
STARLINK-1918
1 56418U 98065A   24 18.70844907 -.00022620  00000-0  13156-2 0  1003
2 56418  50.0000 225.0000 0000000   0.0000 111.7500 15.90864301601177
STARLINK-1919
1 92460U 98065A   24 18.70844907 -.00022620  00000-0  13156-2 0  1002
2 92460  50.0000 225.0000 0000000   0.0000 117.7500 15.90864301123257
STARLINK-1920
1 46002U 98065A   24 18.70844907 -.00022620  00000-0  13156-2 0  1008
2 46002  50.0000 225.0000 0000000   0.0000 123.7500 15.90864301630954
STARLINK-1921
1 45006U 98065A   24 18.70844907 -.00022620  00000-0  13156-2 0  1008
2 45006  50.0000 225.0000 0000000   0.0000 129.7500 15.90864301341237
STARLINK-1922
1 14926U 98065A   24 18.70844907 -.00022620  00000-0  13156-2 0  1006
2 14926  50.0000 225.0000 0000000   0.0000 135.7500 15.90864301457618
STARLINK-1923
1 91206U 98065A   24 18.70844907 -.00022620  00000-0  13156-2 0  1000
2 91206  50.0000 225.0000 0000000   0.0000 141.7500 15.90864301825148
STARLINK-1924
1 76352U 98065A   24 18.70844907 -.00022620  00000-0  13156-2 0  1003
2 76352  50.0000 225.0000 0000000   0.0000 147.7500 15.90864301698696
STARLINK-1925
1 38592U 98065A   24 18.70844907 -.00022620  00000-0  13156-2 0  1001
2 38592  50.0000 225.0000 0000000   0.0000 153.7500 15.90864301569435
STARLINK-1926
1 74877U 98065A   24 18.70844907 -.00022620  00000-0  13156-2 0  1005
2 74877  50.0000 225.0000 0000000   0.0000 159.7500 15.90864301717970
STARLINK-1927
1 51967U 98065A   24 18.70844907 -.00022620  00000-0  13156-2 0  1005
2 51967  50.0000 225.0000 0000000   0.0000 165.7500 15.90864301411543
STARLINK-1928
1 78447U 98065A   24 18.70844907 -.00022620  00000-0  13156-2 0  1004
2 78447  50.0000 225.0000 0000000   0.0000 171.7500 15.90864301659635
STARLINK-1929
1 72254U 98065A   24 18.70844907 -.00022620  00000-0  13156-2 0  1008
2 72254  50.0000 225.0000 0000000   0.0000 177.7500 15.90864301263133
STARLINK-1930
1 47966U 98065A   24 18.70844907 -.00022620  00000-0  13156-2 0  1005
2 47966  50.0000 225.0000 0000000   0.0000 183.7500 15.90864301349382
STARLINK-1931
1 90369U 98065A   24 18.70844907 -.00022620  00000-0  13156-2 0  1000
2 90369  50.0000 225.0000 0000000   0.0000 189.7500 15.90864301433658
STARLINK-1932
1 81114U 98065A   24 18.70844907 -.00022620  00000-0  13156-2 0  1004
2 81114  50.0000 225.0000 0000000   0.0000 195.7500 15.90864301102477
STARLINK-1933
1 11217U 98065A   24 18.70844907 -.00022620  00000-0  13156-2 0  1006
2 11217  50.0000 225.0000 0000000   0.0000 201.7500 15.90864301180303
STARLINK-1934
1 43436U 98065A   24 18.70844907 -.00022620  00000-0  13156-2 0  1006
2 43436  50.0000 225.0000 0000000   0.0000 207.7500 15.90864301333991
STARLINK-1935
1 60075U 98065A   24 18.70844907 -.00022620  00000-0  13156-2 0  1003
2 60075  50.0000 225.0000 0000000   0.0000 213.7500 15.90864301947437
STARLINK-1936
1 68238U 98065A   24 18.70844907 -.00022620  00000-0  13156-2 0  1008
2 68238  50.0000 225.0000 0000000   0.0000 219.7500 15.90864301367361
STARLINK-1937
1 48700U 98065A   24 18.70844907 -.00022620  00000-0  13156-2 0  1004
2 48700  50.0000 225.0000 0000000   0.0000 225.7500 15.90864301463900
STARLINK-1938
1 62260U 98065A   24 18.70844907 -.00022620  00000-0  13156-2 0  1003
2 62260  50.0000 225.0000 0000000   0.0000 231.7500 15.90864301354595
STARLINK-1939
1 28804U 98065A   24 18.70844907 -.00022620  00000-0  13156-2 0  1001
2 28804  50.0000 225.0000 0000000   0.0000 237.7500 15.90864301567434
STARLINK-1940
1 75089U 98065A   24 18.70844907 -.00022620  00000-0  13156-2 0  1006
2 75089  50.0000 225.0000 0000000   0.0000 243.7500 15.90864301486292
STARLINK-1941
1 49922U 98065A   24 18.70844907 -.00022620  00000-0  13156-2 0  1001
2 49922  50.0000 225.0000 0000000   0.0000 249.7500 15.90864301190902
STARLINK-1942
1 83723U 98065A   24 18.70844907 -.00022620  00000-0  13156-2 0  1002
2 83723  50.0000 225.0000 0000000   0.0000 255.7500 15.90864301205665
STARLINK-1943
1 24881U 98065A   24 18.70844907 -.00022620  00000-0  13156-2 0  1001
2 24881  50.0000 225.0000 0000000   0.0000 261.7500 15.90864301903790
STARLINK-1944
1 81656U 98065A   24 18.70844907 -.00022620  00000-0  13156-2 0  1004
2 81656  50.0000 225.0000 0000000   0.0000 267.7500 15.90864301687201
STARLINK-1945
1 52554U 98065A   24 18.70844907 -.00022620  00000-0  13156-2 0  1000
2 52554  50.0000 225.0000 0000000   0.0000 273.7500 15.90864301653472
STARLINK-1946
1 32277U 98065A   24 18.70844907 -.00022620  00000-0  13156-2 0  1008
2 32277  50.0000 225.0000 0000000   0.0000 279.7500 15.90864301699053
STARLINK-1947
1 48818U 98065A   24 18.70844907 -.00022620  00000-0  13156-2 0  1006
2 48818  50.0000 225.0000 0000000   0.0000 285.7500 15.90864301482467
STARLINK-1948
1 59672U 98065A   24 18.70844907 -.00022620  00000-0  13156-2 0  1004
2 59672  50.0000 225.0000 0000000   0.0000 291.7500 15.90864301571857
STARLINK-1949
1 82933U 98065A   24 18.70844907 -.00022620  00000-0  13156-2 0  1004
2 82933  50.0000 225.0000 0000000   0.0000 297.7500 15.90864301574005
STARLINK-1950
1 92256U 98065A   24 18.70844907 -.00022620  00000-0  13156-2 0  1000
2 92256  50.0000 225.0000 0000000   0.0000 303.7500 15.90864301725714
STARLINK-1951
1 20725U 98065A   24 18.70844907 -.00022620  00000-0  13156-2 0  1008
2 20725  50.0000 225.0000 0000000   0.0000 309.7500 15.90864301778588
STARLINK-1952
1 80360U 98065A   24 18.70844907 -.00022620  00000-0  13156-2 0  1001
2 80360  50.0000 225.0000 0000000   0.0000 315.7500 15.90864301985835
STARLINK-1953
1 90170U 98065A   24 18.70844907 -.00022620  00000-0  13156-2 0  1004
2 90170  50.0000 225.0000 0000000   0.0000 321.7500 15.90864301141845
STARLINK-1954
1 89974U 98065A   24 18.70844907 -.00022620  00000-0  13156-2 0  1001
2 89974  50.0000 225.0000 0000000   0.0000 327.7500 15.90864301358132
STARLINK-1955
1 59558U 98065A   24 18.70844907 -.00022620  00000-0  13156-2 0  1007
2 59558  50.0000 225.0000 0000000   0.0000 333.7500 15.90864301540838
STARLINK-1956
1 96456U 98065A   24 18.70844907 -.00022620  00000-0  13156-2 0  1005
2 96456  50.0000 225.0000 0000000   0.0000 339.7500 15.90864301365878
STARLINK-1957
1 97400U 98065A   24 18.70844907 -.00022620  00000-0  13156-2 0  1004
2 97400  50.0000 225.0000 0000000   0.0000 345.7500 15.90864301686361
STARLINK-1958
1 33362U 98065A   24 18.70844907 -.00022620  00000-0  13156-2 0  1007
2 33362  50.0000 225.0000 0000000   0.0000 351.7500 15.90864301843331
STARLINK-1959
1 42027U 98065A   24 18.70844907 -.00022620  00000-0  13156-2 0  1000
2 42027  50.0000 225.0000 0000000   0.0000 357.7500 15.90864301456667
STARLINK-1960
1 66481U 98065A   24 18.70844907 -.00022620  00000-0  13156-2 0  1006
2 66481  50.0000 240.0000 0000000   0.0000   4.0000 15.90864301269373
STARLINK-1961
1 54616U 98065A   24 18.70844907 -.00022620  00000-0  13156-2 0  1001
2 54616  50.0000 240.0000 0000000   0.0000  10.0000 15.90864301648606
STARLINK-1962
1 13024U 98065A   24 18.70844907 -.00022620  00000-0  13156-2 0  1008
2 13024  50.0000 240.0000 0000000   0.0000  16.0000 15.90864301767132
STARLINK-1963
1 48434U 98065A   24 18.70844907 -.00022620  00000-0  13156-2 0  1003
2 48434  50.0000 240.0000 0000000   0.0000  22.0000 15.90864301938992
STARLINK-1964
1 64781U 98065A   24 18.70844907 -.00022620  00000-0  13156-2 0  1005
2 64781  50.0000 240.0000 0000000   0.0000  28.0000 15.90864301206925
STARLINK-1965
1 45804U 98065A   24 18.70844907 -.00022620  00000-0  13156-2 0  1006
2 45804  50.0000 240.0000 0000000   0.0000  34.0000 15.90864301551278
STARLINK-1966
1 80859U 98065A   24 18.70844907 -.00022620  00000-0  13156-2 0  1002
2 80859  50.0000 240.0000 0000000   0.0000  40.0000 15.90864301798444
STARLINK-1967
1 31569U 98065A   24 18.70844907 -.00022620  00000-0  13156-2 0  1002
2 31569  50.0000 240.0000 0000000   0.0000  46.0000 15.90864301297884
STARLINK-1968
1 51323U 98065A   24 18.70844907 -.00022620  00000-0  13156-2 0  1008
2 51323  50.0000 240.0000 0000000   0.0000  52.0000 15.90864301795546
STARLINK-1969
1 19279U 98065A   24 18.70844907 -.00022620  00000-0  13156-2 0  1001
2 19279  50.0000 240.0000 0000000   0.0000  58.0000 15.90864301537638
STARLINK-1970
1 11650U 98065A   24 18.70844907 -.00022620  00000-0  13156-2 0  1006
2 11650  50.0000 240.0000 0000000   0.0000  64.0000 15.90864301918597
STARLINK-1971
1 14001U 98065A   24 18.70844907 -.00022620  00000-0  13156-2 0  1003
2 14001  50.0000 240.0000 0000000   0.0000  70.0000 15.90864301763367
STARLINK-1972
1 36189U 98065A   24 18.70844907 -.00022620  00000-0  13156-2 0  1006
2 36189  50.0000 240.0000 0000000   0.0000  76.0000 15.90864301848985
STARLINK-1973
1 37023U 98065A   24 18.70844907 -.00022620  00000-0  13156-2 0  1007
2 37023  50.0000 240.0000 0000000   0.0000  82.0000 15.90864301334606
STARLINK-1974
1 73522U 98065A   24 18.70844907 -.00022620  00000-0  13156-2 0  1004
2 73522  50.0000 240.0000 0000000   0.0000  88.0000 15.90864301264353
STARLINK-1975
1 79052U 98065A   24 18.70844907 -.00022620  00000-0  13156-2 0  1008
2 79052  50.0000 240.0000 0000000   0.0000  94.0000 15.90864301256173
STARLINK-1976
1 72341U 98065A   24 18.70844907 -.00022620  00000-0  13156-2 0  1002
2 72341  50.0000 240.0000 0000000   0.0000 100.0000 15.90864301549694
STARLINK-1977
1 86893U 98065A   24 18.70844907 -.00022620  00000-0  13156-2 0  1001
2 86893  50.0000 240.0000 0000000   0.0000 106.0000 15.90864301704293
STARLINK-1978
1 70198U 98065A   24 18.70844907 -.00022620  00000-0  13156-2 0  1006
2 70198  50.0000 240.0000 0000000   0.0000 112.0000 15.90864301467325
STARLINK-1979
1 73586U 98065A   24 18.70844907 -.00022620  00000-0  13156-2 0  1002
2 73586  50.0000 240.0000 0000000   0.0000 118.0000 15.90864301634820
STARLINK-1980
1 34368U 98065A   24 18.70844907 -.00022620  00000-0  13156-2 0  1007
2 34368  50.0000 240.0000 0000000   0.0000 124.0000 15.90864301480256
STARLINK-1981
1 21278U 98065A   24 18.70844907 -.00022620  00000-0  13156-2 0  1006
2 21278  50.0000 240.0000 0000000   0.0000 130.0000 15.90864301375467
STARLINK-1982
1 27321U 98065A   24 18.70844907 -.00022620  00000-0  13156-2 0  1006
2 27321  50.0000 240.0000 0000000   0.0000 136.0000 15.90864301214090
STARLINK-1983
1 73691U 98065A   24 18.70844907 -.00022620  00000-0  13156-2 0  1002
2 73691  50.0000 240.0000 0000000   0.0000 142.0000 15.90864301669712
STARLINK-1984
1 89453U 98065A   24 18.70844907 -.00022620  00000-0  13156-2 0  1001
2 89453  50.0000 240.0000 0000000   0.0000 148.0000 15.90864301789953
STARLINK-1985
1 19153U 98065A   24 18.70844907 -.00022620  00000-0  13156-2 0  1005
2 19153  50.0000 240.0000 0000000   0.0000 154.0000 15.90864301179263
STARLINK-1986
1 75353U 98065A   24 18.70844907 -.00022620  00000-0  13156-2 0  1003
2 75353  50.0000 240.0000 0000000   0.0000 160.0000 15.90864301188887
STARLINK-1987
1 79880U 98065A   24 18.70844907 -.00022620  00000-0  13156-2 0  1005
2 79880  50.0000 240.0000 0000000   0.0000 166.0000 15.90864301969117
STARLINK-1988
1 74769U 98065A   24 18.70844907 -.00022620  00000-0  13156-2 0  1008
2 74769  50.0000 240.0000 0000000   0.0000 172.0000 15.90864301807971
STARLINK-1989
1 57317U 98065A   24 18.70844907 -.00022620  00000-0  13156-2 0  1000
2 57317  50.0000 240.0000 0000000   0.0000 178.0000 15.90864301564332
STARLINK-1990
1 96254U 98065A   24 18.70844907 -.00022620  00000-0  13156-2 0  1008
2 96254  50.0000 240.0000 0000000   0.0000 184.0000 15.90864301290500
STARLINK-1991
1 64920U 98065A   24 18.70844907 -.00022620  00000-0  13156-2 0  1000
2 64920  50.0000 240.0000 0000000   0.0000 190.0000 15.90864301414390
STARLINK-1992
1 64706U 98065A   24 18.70844907 -.00022620  00000-0  13156-2 0  1003
2 64706  50.0000 240.0000 0000000   0.0000 196.0000 15.90864301410981
STARLINK-1993
1 77376U 98065A   24 18.70844907 -.00022620  00000-0  13156-2 0  1000
2 77376  50.0000 240.0000 0000000   0.0000 202.0000 15.90864301923374
STARLINK-1994
1 89440U 98065A   24 18.70844907 -.00022620  00000-0  13156-2 0  1007
2 89440  50.0000 240.0000 0000000   0.0000 208.0000 15.90864301582646
STARLINK-1995
1 74232U 98065A   24 18.70844907 -.00022620  00000-0  13156-2 0  1007
2 74232  50.0000 240.0000 0000000   0.0000 214.0000 15.90864301686341
STARLINK-1996
1 46822U 98065A   24 18.70844907 -.00022620  00000-0  13156-2 0  1007
2 46822  50.0000 240.0000 0000000   0.0000 220.0000 15.90864301946756
STARLINK-1997
1 66020U 98065A   24 18.70844907 -.00022620  00000-0  13156-2 0  1006
2 66020  50.0000 240.0000 0000000   0.0000 226.0000 15.90864301680193
STARLINK-1998
1 35626U 98065A   24 18.70844907 -.00022620  00000-0  13156-2 0  1005
2 35626  50.0000 240.0000 0000000   0.0000 232.0000 15.90864301629798
STARLINK-1999
1 55822U 98065A   24 18.70844907 -.00022620  00000-0  13156-2 0  1002
2 55822  50.0000 240.0000 0000000   0.0000 238.0000 15.90864301694575
STARLINK-2000
1 84115U 98065A   24 18.70844907 -.00022620  00000-0  13156-2 0  1005
2 84115  50.0000 240.0000 0000000   0.0000 244.0000 15.90864301599153
STARLINK-2001
1 10263U 98065A   24 18.70844907 -.00022620  00000-0  13156-2 0  1003
2 10263  50.0000 240.0000 0000000   0.0000 250.0000 15.90864301325901
STARLINK-2002
1 43950U 98065A   24 18.70844907 -.00022620  00000-0  13156-2 0  1003
2 43950  50.0000 240.0000 0000000   0.0000 256.0000 15.90864301876016
STARLINK-2003
1 26542U 98065A   24 18.70844907 -.00022620  00000-0  13156-2 0  1005
2 26542  50.0000 240.0000 0000000   0.0000 262.0000 15.90864301573972
STARLINK-2004
1 71984U 98065A   24 18.70844907 -.00022620  00000-0  13156-2 0  1004
2 71984  50.0000 240.0000 0000000   0.0000 268.0000 15.90864301680484
STARLINK-2005
1 93383U 98065A   24 18.70844907 -.00022620  00000-0  13156-2 0  1001
2 93383  50.0000 240.0000 0000000   0.0000 274.0000 15.90864301416996
STARLINK-2006
1 39289U 98065A   24 18.70844907 -.00022620  00000-0  13156-2 0  1008
2 39289  50.0000 240.0000 0000000   0.0000 280.0000 15.90864301800626
STARLINK-2007
1 19024U 98065A   24 18.70844907 -.00022620  00000-0  13156-2 0  1006
2 19024  50.0000 240.0000 0000000   0.0000 286.0000 15.90864301143883
STARLINK-2008
1 15829U 98065A   24 18.70844907 -.00022620  00000-0  13156-2 0  1001
2 15829  50.0000 240.0000 0000000   0.0000 292.0000 15.90864301125346
STARLINK-2009
1 49913U 98065A   24 18.70844907 -.00022620  00000-0  13156-2 0  1006
2 49913  50.0000 240.0000 0000000   0.0000 298.0000 15.90864301393835
STARLINK-2010
1 77627U 98065A   24 18.70844907 -.00022620  00000-0  13156-2 0  1007
2 77627  50.0000 240.0000 0000000   0.0000 304.0000 15.90864301437703
STARLINK-2011
1 49497U 98065A   24 18.70844907 -.00022620  00000-0  13156-2 0  1002
2 49497  50.0000 240.0000 0000000   0.0000 310.0000 15.90864301565373
STARLINK-2012
1 73658U 98065A   24 18.70844907 -.00022620  00000-0  13156-2 0  1002
2 73658  50.0000 240.0000 0000000   0.0000 316.0000 15.90864301506072
STARLINK-2013
1 23793U 98065A   24 18.70844907 -.00022620  00000-0  13156-2 0  1002
2 23793  50.0000 240.0000 0000000   0.0000 322.0000 15.90864301693317
STARLINK-2014
1 48781U 98065A   24 18.70844907 -.00022620  00000-0  13156-2 0  1001
2 48781  50.0000 240.0000 0000000   0.0000 328.0000 15.90864301522307
STARLINK-2015
1 18344U 98065A   24 18.70844907 -.00022620  00000-0  13156-2 0  1007
2 18344  50.0000 240.0000 0000000   0.0000 334.0000 15.90864301402207
STARLINK-2016
1 50990U 98065A   24 18.70844907 -.00022620  00000-0  13156-2 0  1008
2 50990  50.0000 240.0000 0000000   0.0000 340.0000 15.90864301345917
STARLINK-2017
1 65349U 98065A   24 18.70844907 -.00022620  00000-0  13156-2 0  1002
2 65349  50.0000 240.0000 0000000   0.0000 346.0000 15.90864301105595
STARLINK-2018
1 60783U 98065A   24 18.70844907 -.00022620  00000-0  13156-2 0  1008
2 60783  50.0000 240.0000 0000000   0.0000 352.0000 15.90864301289466
STARLINK-2019
1 69360U 98065A   24 18.70844907 -.00022620  00000-0  13156-2 0  1001
2 69360  50.0000 240.0000 0000000   0.0000 358.0000 15.90864301812333
STARLINK-2020
1 20324U 98065A   24 18.70844907 -.00022620  00000-0  13156-2 0  1005
2 20324  50.0000 255.0000 0000000   0.0000   4.2500 15.90864301500405
STARLINK-2021
1 73735U 98065A   24 18.70844907 -.00022620  00000-0  13156-2 0  1008
2 73735  50.0000 255.0000 0000000   0.0000  10.2500 15.90864301171792
STARLINK-2022
1 29940U 98065A   24 18.70844907 -.00022620  00000-0  13156-2 0  1003
2 29940  50.0000 255.0000 0000000   0.0000  16.2500 15.90864301984951
STARLINK-2023
1 95637U 98065A   24 18.70844907 -.00022620  00000-0  13156-2 0  1007
2 95637  50.0000 255.0000 0000000   0.0000  22.2500 15.90864301166383
STARLINK-2024
1 14825U 98065A   24 18.70844907 -.00022620  00000-0  13156-2 0  1006
2 14825  50.0000 255.0000 0000000   0.0000  28.2500 15.90864301840931
STARLINK-2025
1 32693U 98065A   24 18.70844907 -.00022620  00000-0  13156-2 0  1006
2 32693  50.0000 255.0000 0000000   0.0000  34.2500 15.90864301497590
STARLINK-2026
1 90875U 98065A   24 18.70844907 -.00022620  00000-0  13156-2 0  1002
2 90875  50.0000 255.0000 0000000   0.0000  40.2500 15.90864301465125
STARLINK-2027
1 19671U 98065A   24 18.70844907 -.00022620  00000-0  13156-2 0  1008
2 19671  50.0000 255.0000 0000000   0.0000  46.2500 15.90864301279404
STARLINK-2028
1 85285U 98065A   24 18.70844907 -.00022620  00000-0  13156-2 0  1001
2 85285  50.0000 255.0000 0000000   0.0000  52.2500 15.90864301932707
STARLINK-2029
1 36932U 98065A   24 18.70844907 -.00022620  00000-0  13156-2 0  1000
2 36932  50.0000 255.0000 0000000   0.0000  58.2500 15.90864301791631
STARLINK-2030
1 49655U 98065A   24 18.70844907 -.00022620  00000-0  13156-2 0  1000
2 49655  50.0000 255.0000 0000000   0.0000  64.2500 15.90864301580232
STARLINK-2031
1 24968U 98065A   24 18.70844907 -.00022620  00000-0  13156-2 0  1006
2 24968  50.0000 255.0000 0000000   0.0000  70.2500 15.90864301722148
STARLINK-2032
1 76379U 98065A   24 18.70844907 -.00022620  00000-0  13156-2 0  1002
2 76379  50.0000 255.0000 0000000   0.0000  76.2500 15.90864301657048
STARLINK-2033
1 15249U 98065A   24 18.70844907 -.00022620  00000-0  13156-2 0  1004
2 15249  50.0000 255.0000 0000000   0.0000  82.2500 15.90864301671860
STARLINK-2034
1 72213U 98065A   24 18.70844907 -.00022620  00000-0  13156-2 0  1004
2 72213  50.0000 255.0000 0000000   0.0000  88.2500 15.90864301665604
STARLINK-2035
1 97613U 98065A   24 18.70844907 -.00022620  00000-0  13156-2 0  1003
2 97613  50.0000 255.0000 0000000   0.0000  94.2500 15.90864301314683
STARLINK-2036
1 17808U 98065A   24 18.70844907 -.00022620  00000-0  13156-2 0  1002
2 17808  50.0000 255.0000 0000000   0.0000 100.2500 15.90864301447961
STARLINK-2037
1 27210U 98065A   24 18.70844907 -.00022620  00000-0  13156-2 0  1006
2 27210  50.0000 255.0000 0000000   0.0000 106.2500 15.90864301213544
STARLINK-2038
1 80400U 98065A   24 18.70844907 -.00022620  00000-0  13156-2 0  1006
2 80400  50.0000 255.0000 0000000   0.0000 112.2500 15.90864301485161
STARLINK-2039
1 62716U 98065A   24 18.70844907 -.00022620  00000-0  13156-2 0  1001
2 62716  50.0000 255.0000 0000000   0.0000 118.2500 15.90864301705004
STARLINK-2040
1 64675U 98065A   24 18.70844907 -.00022620  00000-0  13156-2 0  1004
2 64675  50.0000 255.0000 0000000   0.0000 124.2500 15.90864301613965
STARLINK-2041
1 21637U 98065A   24 18.70844907 -.00022620  00000-0  13156-2 0  1000
2 21637  50.0000 255.0000 0000000   0.0000 130.2500 15.90864301236995
STARLINK-2042
1 26366U 98065A   24 18.70844907 -.00022620  00000-0  13156-2 0  1002
2 26366  50.0000 255.0000 0000000   0.0000 136.2500 15.90864301746894
STARLINK-2043
1 98986U 98065A   24 18.70844907 -.00022620  00000-0  13156-2 0  1006
2 98986  50.0000 255.0000 0000000   0.0000 142.2500 15.90864301932141
STARLINK-2044
1 67262U 98065A   24 18.70844907 -.00022620  00000-0  13156-2 0  1004
2 67262  50.0000 255.0000 0000000   0.0000 148.2500 15.90864301470172
STARLINK-2045
1 57588U 98065A   24 18.70844907 -.00022620  00000-0  13156-2 0  1001
2 57588  50.0000 255.0000 0000000   0.0000 154.2500 15.90864301947580
STARLINK-2046
1 62680U 98065A   24 18.70844907 -.00022620  00000-0  13156-2 0  1001
2 62680  50.0000 255.0000 0000000   0.0000 160.2500 15.90864301285337
STARLINK-2047
1 95387U 98065A   24 18.70844907 -.00022620  00000-0  13156-2 0  1007
2 95387  50.0000 255.0000 0000000   0.0000 166.2500 15.90864301712742
STARLINK-2048
1 50174U 98065A   24 18.70844907 -.00022620  00000-0  13156-2 0  1007
2 50174  50.0000 255.0000 0000000   0.0000 172.2500 15.90864301604477
STARLINK-2049
1 56847U 98065A   24 18.70844907 -.00022620  00000-0  13156-2 0  1003
2 56847  50.0000 255.0000 0000000   0.0000 178.2500 15.90864301318151
STARLINK-2050
1 72905U 98065A   24 18.70844907 -.00022620  00000-0  13156-2 0  1003
2 72905  50.0000 255.0000 0000000   0.0000 184.2500 15.90864301340500
STARLINK-2051
1 35435U 98065A   24 18.70844907 -.00022620  00000-0  13156-2 0  1000
2 35435  50.0000 255.0000 0000000   0.0000 190.2500 15.90864301520861
STARLINK-2052
1 71265U 98065A   24 18.70844907 -.00022620  00000-0  13156-2 0  1000
2 71265  50.0000 255.0000 0000000   0.0000 196.2500 15.90864301288550
STARLINK-2053
1 68696U 98065A   24 18.70844907 -.00022620  00000-0  13156-2 0  1000
2 68696  50.0000 255.0000 0000000   0.0000 202.2500 15.90864301903007
STARLINK-2054
1 96456U 98065A   24 18.70844907 -.00022620  00000-0  13156-2 0  1005
2 96456  50.0000 255.0000 0000000   0.0000 208.2500 15.90864301159846
STARLINK-2055
1 34488U 98065A   24 18.70844907 -.00022620  00000-0  13156-2 0  1006
2 34488  50.0000 255.0000 0000000   0.0000 214.2500 15.90864301978312
STARLINK-2056
1 71717U 98065A   24 18.70844907 -.00022620  00000-0  13156-2 0  1007
2 71717  50.0000 255.0000 0000000   0.0000 220.2500 15.90864301647497
STARLINK-2057
1 84645U 98065A   24 18.70844907 -.00022620  00000-0  13156-2 0  1000
2 84645  50.0000 255.0000 0000000   0.0000 226.2500 15.90864301374422
STARLINK-2058
1 52606U 98065A   24 18.70844907 -.00022620  00000-0  13156-2 0  1003
2 52606  50.0000 255.0000 0000000   0.0000 232.2500 15.90864301565573
STARLINK-2059
1 91518U 98065A   24 18.70844907 -.00022620  00000-0  13156-2 0  1006
2 91518  50.0000 255.0000 0000000   0.0000 238.2500 15.90864301913916
STARLINK-2060
1 18910U 98065A   24 18.70844907 -.00022620  00000-0  13156-2 0  1006
2 18910  50.0000 255.0000 0000000   0.0000 244.2500 15.90864301458420
STARLINK-2061
1 15967U 98065A   24 18.70844907 -.00022620  00000-0  13156-2 0  1000
2 15967  50.0000 255.0000 0000000   0.0000 250.2500 15.90864301102298
STARLINK-2062
1 14978U 98065A   24 18.70844907 -.00022620  00000-0  13156-2 0  1007
2 14978  50.0000 255.0000 0000000   0.0000 256.2500 15.90864301244091
STARLINK-2063
1 10704U 98065A   24 18.70844907 -.00022620  00000-0  13156-2 0  1006
2 10704  50.0000 255.0000 0000000   0.0000 262.2500 15.90864301942547
STARLINK-2064
1 80526U 98065A   24 18.70844907 -.00022620  00000-0  13156-2 0  1001
2 80526  50.0000 255.0000 0000000   0.0000 268.2500 15.90864301526126
STARLINK-2065
1 40713U 98065A   24 18.70844907 -.00022620  00000-0  13156-2 0  1006
2 40713  50.0000 255.0000 0000000   0.0000 274.2500 15.90864301521015
STARLINK-2066
1 48557U 98065A   24 18.70844907 -.00022620  00000-0  13156-2 0  1000
2 48557  50.0000 255.0000 0000000   0.0000 280.2500 15.90864301716711
STARLINK-2067
1 52600U 98065A   24 18.70844907 -.00022620  00000-0  13156-2 0  1007
2 52600  50.0000 255.0000 0000000   0.0000 286.2500 15.90864301427823
STARLINK-2068
1 61841U 98065A   24 18.70844907 -.00022620  00000-0  13156-2 0  1002
2 61841  50.0000 255.0000 0000000   0.0000 292.2500 15.90864301260705
STARLINK-2069
1 69844U 98065A   24 18.70844907 -.00022620  00000-0  13156-2 0  1002
2 69844  50.0000 255.0000 0000000   0.0000 298.2500 15.90864301164512
STARLINK-2070
1 25680U 98065A   24 18.70844907 -.00022620  00000-0  13156-2 0  1001
2 25680  50.0000 255.0000 0000000   0.0000 304.2500 15.90864301379954
STARLINK-2071
1 34282U 98065A   24 18.70844907 -.00022620  00000-0  13156-2 0  1008
2 34282  50.0000 255.0000 0000000   0.0000 310.2500 15.90864301365523
STARLINK-2072
1 54399U 98065A   24 18.70844907 -.00022620  00000-0  13156-2 0  1004
2 54399  50.0000 255.0000 0000000   0.0000 316.2500 15.90864301511613
STARLINK-2073
1 82262U 98065A   24 18.70844907 -.00022620  00000-0  13156-2 0  1008
2 82262  50.0000 255.0000 0000000   0.0000 322.2500 15.90864301732106
STARLINK-2074
1 92701U 98065A   24 18.70844907 -.00022620  00000-0  13156-2 0  1006
2 92701  50.0000 255.0000 0000000   0.0000 328.2500 15.90864301232852
STARLINK-2075
1 65868U 98065A   24 18.70844907 -.00022620  00000-0  13156-2 0  1004
2 65868  50.0000 255.0000 0000000   0.0000 334.2500 15.90864301445366
STARLINK-2076
1 28454U 98065A   24 18.70844907 -.00022620  00000-0  13156-2 0  1007
2 28454  50.0000 255.0000 0000000   0.0000 340.2500 15.90864301103751
STARLINK-2077
1 44738U 98065A   24 18.70844907 -.00022620  00000-0  13156-2 0  1008
2 44738  50.0000 255.0000 0000000   0.0000 346.2500 15.90864301769268
STARLINK-2078
1 73055U 98065A   24 18.70844907 -.00022620  00000-0  13156-2 0  1001
2 73055  50.0000 255.0000 0000000   0.0000 352.2500 15.90864301695070
STARLINK-2079
1 85040U 98065A   24 18.70844907 -.00022620  00000-0  13156-2 0  1007
2 85040  50.0000 255.0000 0000000   0.0000 358.2500 15.90864301686808
STARLINK-2080
1 36923U 98065A   24 18.70844907 -.00022620  00000-0  13156-2 0  1000
2 36923  50.0000 270.0000 0000000   0.0000   4.5000 15.90864301241427
STARLINK-2081
1 25211U 98065A   24 18.70844907 -.00022620  00000-0  13156-2 0  1006
2 25211  50.0000 270.0000 0000000   0.0000  10.5000 15.90864301542264
STARLINK-2082
1 89334U 98065A   24 18.70844907 -.00022620  00000-0  13156-2 0  1004
2 89334  50.0000 270.0000 0000000   0.0000  16.5000 15.90864301821716
STARLINK-2083
1 80023U 98065A   24 18.70844907 -.00022620  00000-0  13156-2 0  1000
2 80023  50.0000 270.0000 0000000   0.0000  22.5000 15.90864301937657
STARLINK-2084
1 35862U 98065A   24 18.70844907 -.00022620  00000-0  13156-2 0  1005
2 35862  50.0000 270.0000 0000000   0.0000  28.5000 15.90864301719483
STARLINK-2085
1 76763U 98065A   24 18.70844907 -.00022620  00000-0  13156-2 0  1007
2 76763  50.0000 270.0000 0000000   0.0000  34.5000 15.90864301914541
STARLINK-2086
1 88513U 98065A   24 18.70844907 -.00022620  00000-0  13156-2 0  1004
2 88513  50.0000 270.0000 0000000   0.0000  40.5000 15.90864301516122
STARLINK-2087
1 32200U 98065A   24 18.70844907 -.00022620  00000-0  13156-2 0  1006
2 32200  50.0000 270.0000 0000000   0.0000  46.5000 15.90864301725098
STARLINK-2088
1 76782U 98065A   24 18.70844907 -.00022620  00000-0  13156-2 0  1001
2 76782  50.0000 270.0000 0000000   0.0000  52.5000 15.90864301718114
STARLINK-2089
1 82683U 98065A   24 18.70844907 -.00022620  00000-0  13156-2 0  1000
2 82683  50.0000 270.0000 0000000   0.0000  58.5000 15.90864301196867
STARLINK-2090
1 37859U 98065A   24 18.70844907 -.00022620  00000-0  13156-2 0  1008
2 37859  50.0000 270.0000 0000000   0.0000  64.5000 15.90864301752667
STARLINK-2091
1 34997U 98065A   24 18.70844907 -.00022620  00000-0  13156-2 0  1006
2 34997  50.0000 270.0000 0000000   0.0000  70.5000 15.90864301494443
STARLINK-2092
1 90453U 98065A   24 18.70844907 -.00022620  00000-0  13156-2 0  1000
2 90453  50.0000 270.0000 0000000   0.0000  76.5000 15.90864301774890
STARLINK-2093
1 32828U 98065A   24 18.70844907 -.00022620  00000-0  13156-2 0  1002
2 32828  50.0000 270.0000 0000000   0.0000  82.5000 15.90864301499413
STARLINK-2094
1 23971U 98065A   24 18.70844907 -.00022620  00000-0  13156-2 0  1004
2 23971  50.0000 270.0000 0000000   0.0000  88.5000 15.90864301283404
STARLINK-2095
1 13461U 98065A   24 18.70844907 -.00022620  00000-0  13156-2 0  1004
2 13461  50.0000 270.0000 0000000   0.0000  94.5000 15.90864301933987
STARLINK-2096
1 74872U 98065A   24 18.70844907 -.00022620  00000-0  13156-2 0  1006
2 74872  50.0000 270.0000 0000000   0.0000 100.5000 15.90864301111904
STARLINK-2097
1 27161U 98065A   24 18.70844907 -.00022620  00000-0  13156-2 0  1007
2 27161  50.0000 270.0000 0000000   0.0000 106.5000 15.90864301378723
STARLINK-2098
1 25907U 98065A   24 18.70844907 -.00022620  00000-0  13156-2 0  1001
2 25907  50.0000 270.0000 0000000   0.0000 112.5000 15.90864301509762
STARLINK-2099
1 83179U 98065A   24 18.70844907 -.00022620  00000-0  13156-2 0  1006
2 83179  50.0000 270.0000 0000000   0.0000 118.5000 15.90864301565985
STARLINK-2100
1 90630U 98065A   24 18.70844907 -.00022620  00000-0  13156-2 0  1000
2 90630  50.0000 270.0000 0000000   0.0000 124.5000 15.90864301624111
STARLINK-2101
1 36786U 98065A   24 18.70844907 -.00022620  00000-0  13156-2 0  1004
2 36786  50.0000 270.0000 0000000   0.0000 130.5000 15.90864301256384
STARLINK-2102
1 27826U 98065A   24 18.70844907 -.00022620  00000-0  13156-2 0  1003
2 27826  50.0000 270.0000 0000000   0.0000 136.5000 15.90864301901265
STARLINK-2103
1 45178U 98065A   24 18.70844907 -.00022620  00000-0  13156-2 0  1008
2 45178  50.0000 270.0000 0000000   0.0000 142.5000 15.90864301601217
STARLINK-2104
1 21324U 98065A   24 18.70844907 -.00022620  00000-0  13156-2 0  1000
2 21324  50.0000 270.0000 0000000   0.0000 148.5000 15.90864301610707
STARLINK-2105
1 11244U 98065A   24 18.70844907 -.00022620  00000-0  13156-2 0  1004
2 11244  50.0000 270.0000 0000000   0.0000 154.5000 15.90864301690157
STARLINK-2106
1 95310U 98065A   24 18.70844907 -.00022620  00000-0  13156-2 0  1008
2 95310  50.0000 270.0000 0000000   0.0000 160.5000 15.90864301992834
STARLINK-2107
1 57575U 98065A   24 18.70844907 -.00022620  00000-0  13156-2 0  1004
2 57575  50.0000 270.0000 0000000   0.0000 166.5000 15.90864301598607
STARLINK-2108
1 58254U 98065A   24 18.70844907 -.00022620  00000-0  13156-2 0  1008
2 58254  50.0000 270.0000 0000000   0.0000 172.5000 15.90864301886453
STARLINK-2109
1 98186U 98065A   24 18.70844907 -.00022620  00000-0  13156-2 0  1002
2 98186  50.0000 270.0000 0000000   0.0000 178.5000 15.90864301749720
STARLINK-2110
1 91282U 98065A   24 18.70844907 -.00022620  00000-0  13156-2 0  1007
2 91282  50.0000 270.0000 0000000   0.0000 184.5000 15.90864301153544
STARLINK-2111
1 37167U 98065A   24 18.70844907 -.00022620  00000-0  13156-2 0  1006
2 37167  50.0000 270.0000 0000000   0.0000 190.5000 15.90864301147136
STARLINK-2112
1 26798U 98065A   24 18.70844907 -.00022620  00000-0  13156-2 0  1008
2 26798  50.0000 270.0000 0000000   0.0000 196.5000 15.90864301631415
STARLINK-2113
1 70527U 98065A   24 18.70844907 -.00022620  00000-0  13156-2 0  1006
2 70527  50.0000 270.0000 0000000   0.0000 202.5000 15.90864301678566
STARLINK-2114
1 70263U 98065A   24 18.70844907 -.00022620  00000-0  13156-2 0  1006
2 70263  50.0000 270.0000 0000000   0.0000 208.5000 15.90864301937444
STARLINK-2115
1 23747U 98065A   24 18.70844907 -.00022620  00000-0  13156-2 0  1000
2 23747  50.0000 270.0000 0000000   0.0000 214.5000 15.90864301635881
STARLINK-2116
1 73363U 98065A   24 18.70844907 -.00022620  00000-0  13156-2 0  1005
2 73363  50.0000 270.0000 0000000   0.0000 220.5000 15.90864301969628
STARLINK-2117
1 44412U 98065A   24 18.70844907 -.00022620  00000-0  13156-2 0  1001
2 44412  50.0000 270.0000 0000000   0.0000 226.5000 15.90864301898753
STARLINK-2118
1 84693U 98065A   24 18.70844907 -.00022620  00000-0  13156-2 0  1002
2 84693  50.0000 270.0000 0000000   0.0000 232.5000 15.90864301323548
STARLINK-2119
1 50064U 98065A   24 18.70844907 -.00022620  00000-0  13156-2 0  1005
2 50064  50.0000 270.0000 0000000   0.0000 238.5000 15.90864301438456
STARLINK-2120
1 45731U 98065A   24 18.70844907 -.00022620  00000-0  13156-2 0  1001
2 45731  50.0000 270.0000 0000000   0.0000 244.5000 15.90864301231800
STARLINK-2121
1 91077U 98065A   24 18.70844907 -.00022620  00000-0  13156-2 0  1007
2 91077  50.0000 270.0000 0000000   0.0000 250.5000 15.90864301195556
STARLINK-2122
1 31764U 98065A   24 18.70844907 -.00022620  00000-0  13156-2 0  1006
2 31764  50.0000 270.0000 0000000   0.0000 256.5000 15.90864301811714
STARLINK-2123
1 18332U 98065A   24 18.70844907 -.00022620  00000-0  13156-2 0  1007
2 18332  50.0000 270.0000 0000000   0.0000 262.5000 15.90864301282506
STARLINK-2124
1 50668U 98065A   24 18.70844907 -.00022620  00000-0  13156-2 0  1002
2 50668  50.0000 270.0000 0000000   0.0000 268.5000 15.90864301602305
STARLINK-2125
1 29741U 98065A   24 18.70844907 -.00022620  00000-0  13156-2 0  1007
2 29741  50.0000 270.0000 0000000   0.0000 274.5000 15.90864301892954
STARLINK-2126
1 37904U 98065A   24 18.70844907 -.00022620  00000-0  13156-2 0  1006
2 37904  50.0000 270.0000 0000000   0.0000 280.5000 15.90864301959172
STARLINK-2127
1 79905U 98065A   24 18.70844907 -.00022620  00000-0  13156-2 0  1000
2 79905  50.0000 270.0000 0000000   0.0000 286.5000 15.90864301250293
STARLINK-2128
1 77415U 98065A   24 18.70844907 -.00022620  00000-0  13156-2 0  1006
2 77415  50.0000 270.0000 0000000   0.0000 292.5000 15.90864301497117
STARLINK-2129
1 15193U 98065A   24 18.70844907 -.00022620  00000-0  13156-2 0  1004
2 15193  50.0000 270.0000 0000000   0.0000 298.5000 15.90864301104048
STARLINK-2130
1 56029U 98065A   24 18.70844907 -.00022620  00000-0  13156-2 0  1001
2 56029  50.0000 270.0000 0000000   0.0000 304.5000 15.90864301129782
STARLINK-2131
1 30102U 98065A   24 18.70844907 -.00022620  00000-0  13156-2 0  1002
2 30102  50.0000 270.0000 0000000   0.0000 310.5000 15.90864301704196
STARLINK-2132
1 81922U 98065A   24 18.70844907 -.00022620  00000-0  13156-2 0  1000
2 81922  50.0000 270.0000 0000000   0.0000 316.5000 15.90864301765766
STARLINK-2133
1 67714U 98065A   24 18.70844907 -.00022620  00000-0  13156-2 0  1005
2 67714  50.0000 270.0000 0000000   0.0000 322.5000 15.90864301422074
STARLINK-2134
1 38956U 98065A   24 18.70844907 -.00022620  00000-0  13156-2 0  1005
2 38956  50.0000 270.0000 0000000   0.0000 328.5000 15.90864301803916
STARLINK-2135
1 56861U 98065A   24 18.70844907 -.00022620  00000-0  13156-2 0  1002
2 56861  50.0000 270.0000 0000000   0.0000 334.5000 15.90864301728345
STARLINK-2136
1 93024U 98065A   24 18.70844907 -.00022620  00000-0  13156-2 0  1004
2 93024  50.0000 270.0000 0000000   0.0000 340.5000 15.90864301766261
STARLINK-2137
1 22242U 98065A   24 18.70844907 -.00022620  00000-0  13156-2 0  1003
2 22242  50.0000 270.0000 0000000   0.0000 346.5000 15.90864301555400
STARLINK-2138
1 91208U 98065A   24 18.70844907 -.00022620  00000-0  13156-2 0  1004
2 91208  50.0000 270.0000 0000000   0.0000 352.5000 15.90864301115334
STARLINK-2139
1 44473U 98065A   24 18.70844907 -.00022620  00000-0  13156-2 0  1005
2 44473  50.0000 270.0000 0000000   0.0000 358.5000 15.90864301375178
STARLINK-2140
1 71460U 98065A   24 18.70844907 -.00022620  00000-0  13156-2 0  1003
2 71460  50.0000 285.0000 0000000   0.0000   4.7500 15.90864301933533
STARLINK-2141
1 22410U 98065A   24 18.70844907 -.00022620  00000-0  13156-2 0  1004
2 22410  50.0000 285.0000 0000000   0.0000  10.7500 15.90864301280380
STARLINK-2142
1 59955U 98065A   24 18.70844907 -.00022620  00000-0  13156-2 0  1007
2 59955  50.0000 285.0000 0000000   0.0000  16.7500 15.90864301895885
STARLINK-2143
1 41691U 98065A   24 18.70844907 -.00022620  00000-0  13156-2 0  1007
2 41691  50.0000 285.0000 0000000   0.0000  22.7500 15.90864301115595
STARLINK-2144
1 16795U 98065A   24 18.70844907 -.00022620  00000-0  13156-2 0  1001
2 16795  50.0000 285.0000 0000000   0.0000  28.7500 15.90864301311207
STARLINK-2145
1 47005U 98065A   24 18.70844907 -.00022620  00000-0  13156-2 0  1002
2 47005  50.0000 285.0000 0000000   0.0000  34.7500 15.90864301790712
STARLINK-2146
1 39890U 98065A   24 18.70844907 -.00022620  00000-0  13156-2 0  1005
2 39890  50.0000 285.0000 0000000   0.0000  40.7500 15.90864301710635
STARLINK-2147
1 60356U 98065A   24 18.70844907 -.00022620  00000-0  13156-2 0  1003
2 60356  50.0000 285.0000 0000000   0.0000  46.7500 15.90864301344161
STARLINK-2148
1 88398U 98065A   24 18.70844907 -.00022620  00000-0  13156-2 0  1006
2 88398  50.0000 285.0000 0000000   0.0000  52.7500 15.90864301938703
STARLINK-2149
1 62446U 98065A   24 18.70844907 -.00022620  00000-0  13156-2 0  1002
2 62446  50.0000 285.0000 0000000   0.0000  58.7500 15.90864301746676
STARLINK-2150
1 40293U 98065A   24 18.70844907 -.00022620  00000-0  13156-2 0  1001
2 40293  50.0000 285.0000 0000000   0.0000  64.7500 15.90864301420190
STARLINK-2151
1 58950U 98065A   24 18.70844907 -.00022620  00000-0  13156-2 0  1007
2 58950  50.0000 285.0000 0000000   0.0000  70.7500 15.90864301443083
STARLINK-2152
1 75846U 98065A   24 18.70844907 -.00022620  00000-0  13156-2 0  1000
2 75846  50.0000 285.0000 0000000   0.0000  76.7500 15.90864301853490
STARLINK-2153
1 70861U 98065A   24 18.70844907 -.00022620  00000-0  13156-2 0  1008
2 70861  50.0000 285.0000 0000000   0.0000  82.7500 15.90864301324258
STARLINK-2154
1 51860U 98065A   24 18.70844907 -.00022620  00000-0  13156-2 0  1000
2 51860  50.0000 285.0000 0000000   0.0000  88.7500 15.90864301135091
STARLINK-2155
1 95567U 98065A   24 18.70844907 -.00022620  00000-0  13156-2 0  1007
2 95567  50.0000 285.0000 0000000   0.0000  94.7500 15.90864301607140
STARLINK-2156
1 72587U 98065A   24 18.70844907 -.00022620  00000-0  13156-2 0  1000
2 72587  50.0000 285.0000 0000000   0.0000 100.7500 15.90864301905385
STARLINK-2157
1 62434U 98065A   24 18.70844907 -.00022620  00000-0  13156-2 0  1003
2 62434  50.0000 285.0000 0000000   0.0000 106.7500 15.90864301723023
STARLINK-2158
1 72632U 98065A   24 18.70844907 -.00022620  00000-0  13156-2 0  1002
2 72632  50.0000 285.0000 0000000   0.0000 112.7500 15.90864301230253
STARLINK-2159
1 10035U 98065A   24 18.70844907 -.00022620  00000-0  13156-2 0  1003
2 10035  50.0000 285.0000 0000000   0.0000 118.7500 15.90864301732824
STARLINK-2160
1 42778U 98065A   24 18.70844907 -.00022620  00000-0  13156-2 0  1007
2 42778  50.0000 285.0000 0000000   0.0000 124.7500 15.90864301746183
STARLINK-2161
1 88042U 98065A   24 18.70844907 -.00022620  00000-0  13156-2 0  1008
2 88042  50.0000 285.0000 0000000   0.0000 130.7500 15.90864301281986
STARLINK-2162
1 54635U 98065A   24 18.70844907 -.00022620  00000-0  13156-2 0  1007
2 54635  50.0000 285.0000 0000000   0.0000 136.7500 15.90864301364424
STARLINK-2163
1 78657U 98065A   24 18.70844907 -.00022620  00000-0  13156-2 0  1007
2 78657  50.0000 285.0000 0000000   0.0000 142.7500 15.90864301649004
STARLINK-2164
1 55281U 98065A   24 18.70844907 -.00022620  00000-0  13156-2 0  1000
2 55281  50.0000 285.0000 0000000   0.0000 148.7500 15.90864301848941
STARLINK-2165
1 15359U 98065A   24 18.70844907 -.00022620  00000-0  13156-2 0  1001
2 15359  50.0000 285.0000 0000000   0.0000 154.7500 15.90864301142995
STARLINK-2166
1 67734U 98065A   24 18.70844907 -.00022620  00000-0  13156-2 0  1005
2 67734  50.0000 285.0000 0000000   0.0000 160.7500 15.90864301367000
STARLINK-2167
1 22950U 98065A   24 18.70844907 -.00022620  00000-0  13156-2 0  1000
2 22950  50.0000 285.0000 0000000   0.0000 166.7500 15.90864301431125
STARLINK-2168
1 77482U 98065A   24 18.70844907 -.00022620  00000-0  13156-2 0  1006
2 77482  50.0000 285.0000 0000000   0.0000 172.7500 15.90864301867676
STARLINK-2169
1 20788U 98065A   24 18.70844907 -.00022620  00000-0  13156-2 0  1005
2 20788  50.0000 285.0000 0000000   0.0000 178.7500 15.90864301494275
STARLINK-2170
1 20011U 98065A   24 18.70844907 -.00022620  00000-0  13156-2 0  1006
2 20011  50.0000 285.0000 0000000   0.0000 184.7500 15.90864301679010
STARLINK-2171
1 16918U 98065A   24 18.70844907 -.00022620  00000-0  13156-2 0  1003
2 16918  50.0000 285.0000 0000000   0.0000 190.7500 15.90864301729821
STARLINK-2172
1 96919U 98065A   24 18.70844907 -.00022620  00000-0  13156-2 0  1006
2 96919  50.0000 285.0000 0000000   0.0000 196.7500 15.90864301860814
STARLINK-2173
1 76538U 98065A   24 18.70844907 -.00022620  00000-0  13156-2 0  1007
2 76538  50.0000 285.0000 0000000   0.0000 202.7500 15.90864301124171
STARLINK-2174
1 87183U 98065A   24 18.70844907 -.00022620  00000-0  13156-2 0  1007
2 87183  50.0000 285.0000 0000000   0.0000 208.7500 15.90864301489751
STARLINK-2175
1 23302U 98065A   24 18.70844907 -.00022620  00000-0  13156-2 0  1005
2 23302  50.0000 285.0000 0000000   0.0000 214.7500 15.90864301540531
STARLINK-2176
1 49278U 98065A   24 18.70844907 -.00022620  00000-0  13156-2 0  1005
2 49278  50.0000 285.0000 0000000   0.0000 220.7500 15.90864301593622
STARLINK-2177
1 48238U 98065A   24 18.70844907 -.00022620  00000-0  13156-2 0  1003
2 48238  50.0000 285.0000 0000000   0.0000 226.7500 15.90864301502237
STARLINK-2178
1 87579U 98065A   24 18.70844907 -.00022620  00000-0  13156-2 0  1000
2 87579  50.0000 285.0000 0000000   0.0000 232.7500 15.90864301618692
STARLINK-2179
1 62838U 98065A   24 18.70844907 -.00022620  00000-0  13156-2 0  1004
2 62838  50.0000 285.0000 0000000   0.0000 238.7500 15.90864301879794
STARLINK-2180
1 71935U 98065A   24 18.70844907 -.00022620  00000-0  13156-2 0  1005
2 71935  50.0000 285.0000 0000000   0.0000 244.7500 15.90864301328291
STARLINK-2181
1 65524U 98065A   24 18.70844907 -.00022620  00000-0  13156-2 0  1005
2 65524  50.0000 285.0000 0000000   0.0000 250.7500 15.90864301341434
STARLINK-2182
1 25268U 98065A   24 18.70844907 -.00022620  00000-0  13156-2 0  1007
2 25268  50.0000 285.0000 0000000   0.0000 256.7500 15.90864301861987
STARLINK-2183
1 38641U 98065A   24 18.70844907 -.00022620  00000-0  13156-2 0  1003
2 38641  50.0000 285.0000 0000000   0.0000 262.7500 15.90864301924520
STARLINK-2184
1 22627U 98065A   24 18.70844907 -.00022620  00000-0  13156-2 0  1003
2 22627  50.0000 285.0000 0000000   0.0000 268.7500 15.90864301467034
STARLINK-2185
1 93036U 98065A   24 18.70844907 -.00022620  00000-0  13156-2 0  1001
2 93036  50.0000 285.0000 0000000   0.0000 274.7500 15.90864301930790
STARLINK-2186
1 53066U 98065A   24 18.70844907 -.00022620  00000-0  13156-2 0  1004
2 53066  50.0000 285.0000 0000000   0.0000 280.7500 15.90864301176773
STARLINK-2187
1 78124U 98065A   24 18.70844907 -.00022620  00000-0  13156-2 0  1007
2 78124  50.0000 285.0000 0000000   0.0000 286.7500 15.90864301470453
STARLINK-2188
1 73431U 98065A   24 18.70844907 -.00022620  00000-0  13156-2 0  1000
2 73431  50.0000 285.0000 0000000   0.0000 292.7500 15.90864301917701
STARLINK-2189
1 62843U 98065A   24 18.70844907 -.00022620  00000-0  13156-2 0  1008
2 62843  50.0000 285.0000 0000000   0.0000 298.7500 15.90864301233916
STARLINK-2190
1 34092U 98065A   24 18.70844907 -.00022620  00000-0  13156-2 0  1001
2 34092  50.0000 285.0000 0000000   0.0000 304.7500 15.90864301937372
STARLINK-2191
1 57319U 98065A   24 18.70844907 -.00022620  00000-0  13156-2 0  1001
2 57319  50.0000 285.0000 0000000   0.0000 310.7500 15.90864301329428
STARLINK-2192
1 44919U 98065A   24 18.70844907 -.00022620  00000-0  13156-2 0  1006
2 44919  50.0000 285.0000 0000000   0.0000 316.7500 15.90864301455636
STARLINK-2193
1 30348U 98065A   24 18.70844907 -.00022620  00000-0  13156-2 0  1000
2 30348  50.0000 285.0000 0000000   0.0000 322.7500 15.90864301366341
STARLINK-2194
1 64998U 98065A   24 18.70844907 -.00022620  00000-0  13156-2 0  1000
2 64998  50.0000 285.0000 0000000   0.0000 328.7500 15.90864301190613
STARLINK-2195
1 42656U 98065A   24 18.70844907 -.00022620  00000-0  13156-2 0  1001
2 42656  50.0000 285.0000 0000000   0.0000 334.7500 15.90864301266980
STARLINK-2196
1 80553U 98065A   24 18.70844907 -.00022620  00000-0  13156-2 0  1005
2 80553  50.0000 285.0000 0000000   0.0000 340.7500 15.90864301487783
STARLINK-2197
1 12134U 98065A   24 18.70844907 -.00022620  00000-0  13156-2 0  1000
2 12134  50.0000 285.0000 0000000   0.0000 346.7500 15.90864301627292
STARLINK-2198
1 74052U 98065A   24 18.70844907 -.00022620  00000-0  13156-2 0  1002
2 74052  50.0000 285.0000 0000000   0.0000 352.7500 15.90864301307903
STARLINK-2199
1 68499U 98065A   24 18.70844907 -.00022620  00000-0  13156-2 0  1008
2 68499  50.0000 285.0000 0000000   0.0000 358.7500 15.90864301395378
STARLINK-2200
1 12732U 98065A   24 18.70844907 -.00022620  00000-0  13156-2 0  1004
2 12732  50.0000 300.0000 0000000   0.0000   5.0000 15.90864301667752
STARLINK-2201
1 86574U 98065A   24 18.70844907 -.00022620  00000-0  13156-2 0  1004
2 86574  50.0000 300.0000 0000000   0.0000  11.0000 15.90864301320313
STARLINK-2202
1 95292U 98065A   24 18.70844907 -.00022620  00000-0  13156-2 0  1008
2 95292  50.0000 300.0000 0000000   0.0000  17.0000 15.90864301484100
STARLINK-2203
1 87642U 98065A   24 18.70844907 -.00022620  00000-0  13156-2 0  1003
2 87642  50.0000 300.0000 0000000   0.0000  23.0000 15.90864301193364
STARLINK-2204
1 95141U 98065A   24 18.70844907 -.00022620  00000-0  13156-2 0  1000
2 95141  50.0000 300.0000 0000000   0.0000  29.0000 15.90864301626358
STARLINK-2205
1 99346U 98065A   24 18.70844907 -.00022620  00000-0  13156-2 0  1002
2 99346  50.0000 300.0000 0000000   0.0000  35.0000 15.90864301773371
STARLINK-2206
1 39404U 98065A   24 18.70844907 -.00022620  00000-0  13156-2 0  1007
2 39404  50.0000 300.0000 0000000   0.0000  41.0000 15.90864301371443
STARLINK-2207
1 14495U 98065A   24 18.70844907 -.00022620  00000-0  13156-2 0  1005
2 14495  50.0000 300.0000 0000000   0.0000  47.0000 15.90864301113623
STARLINK-2208
1 73713U 98065A   24 18.70844907 -.00022620  00000-0  13156-2 0  1000
2 73713  50.0000 300.0000 0000000   0.0000  53.0000 15.90864301533576
STARLINK-2209
1 52488U 98065A   24 18.70844907 -.00022620  00000-0  13156-2 0  1006
2 52488  50.0000 300.0000 0000000   0.0000  59.0000 15.90864301136930
STARLINK-2210
1 98859U 98065A   24 18.70844907 -.00022620  00000-0  13156-2 0  1007
2 98859  50.0000 300.0000 0000000   0.0000  65.0000 15.90864301624095
STARLINK-2211
1 29578U 98065A   24 18.70844907 -.00022620  00000-0  13156-2 0  1008
2 29578  50.0000 300.0000 0000000   0.0000  71.0000 15.90864301567435
STARLINK-2212
1 63266U 98065A   24 18.70844907 -.00022620  00000-0  13156-2 0  1008
2 63266  50.0000 300.0000 0000000   0.0000  77.0000 15.90864301357780
STARLINK-2213
1 53696U 98065A   24 18.70844907 -.00022620  00000-0  13156-2 0  1006
2 53696  50.0000 300.0000 0000000   0.0000  83.0000 15.90864301710960
STARLINK-2214
1 21241U 98065A   24 18.70844907 -.00022620  00000-0  13156-2 0  1004
2 21241  50.0000 300.0000 0000000   0.0000  89.0000 15.90864301370873
STARLINK-2215
1 72881U 98065A   24 18.70844907 -.00022620  00000-0  13156-2 0  1001
2 72881  50.0000 300.0000 0000000   0.0000  95.0000 15.90864301605105
STARLINK-2216
1 62667U 98065A   24 18.70844907 -.00022620  00000-0  13156-2 0  1008
2 62667  50.0000 300.0000 0000000   0.0000 101.0000 15.90864301870227
STARLINK-2217
1 43761U 98065A   24 18.70844907 -.00022620  00000-0  13156-2 0  1005
2 43761  50.0000 300.0000 0000000   0.0000 107.0000 15.90864301300728
STARLINK-2218
1 14361U 98065A   24 18.70844907 -.00022620  00000-0  13156-2 0  1003
2 14361  50.0000 300.0000 0000000   0.0000 113.0000 15.90864301964965
STARLINK-2219
1 39989U 98065A   24 18.70844907 -.00022620  00000-0  13156-2 0  1005
2 39989  50.0000 300.0000 0000000   0.0000 119.0000 15.90864301190950
STARLINK-2220
1 80529U 98065A   24 18.70844907 -.00022620  00000-0  13156-2 0  1008
2 80529  50.0000 300.0000 0000000   0.0000 125.0000 15.90864301603078
STARLINK-2221
1 73945U 98065A   24 18.70844907 -.00022620  00000-0  13156-2 0  1008
2 73945  50.0000 300.0000 0000000   0.0000 131.0000 15.90864301547821
STARLINK-2222
1 38772U 98065A   24 18.70844907 -.00022620  00000-0  13156-2 0  1002
2 38772  50.0000 300.0000 0000000   0.0000 137.0000 15.90864301873770
STARLINK-2223
1 36333U 98065A   24 18.70844907 -.00022620  00000-0  13156-2 0  1003
2 36333  50.0000 300.0000 0000000   0.0000 143.0000 15.90864301726577
STARLINK-2224
1 11594U 98065A   24 18.70844907 -.00022620  00000-0  13156-2 0  1001
2 11594  50.0000 300.0000 0000000   0.0000 149.0000 15.90864301624618
STARLINK-2225
1 64096U 98065A   24 18.70844907 -.00022620  00000-0  13156-2 0  1005
2 64096  50.0000 300.0000 0000000   0.0000 155.0000 15.90864301555043
STARLINK-2226
1 83005U 98065A   24 18.70844907 -.00022620  00000-0  13156-2 0  1007
2 83005  50.0000 300.0000 0000000   0.0000 161.0000 15.90864301202266
STARLINK-2227
1 11722U 98065A   24 18.70844907 -.00022620  00000-0  13156-2 0  1006
2 11722  50.0000 300.0000 0000000   0.0000 167.0000 15.90864301292324
STARLINK-2228
1 58939U 98065A   24 18.70844907 -.00022620  00000-0  13156-2 0  1007
2 58939  50.0000 300.0000 0000000   0.0000 173.0000 15.90864301631096
STARLINK-2229
1 33910U 98065A   24 18.70844907 -.00022620  00000-0  13156-2 0  1006
2 33910  50.0000 300.0000 0000000   0.0000 179.0000 15.90864301941094
STARLINK-2230
1 93862U 98065A   24 18.70844907 -.00022620  00000-0  13156-2 0  1003
2 93862  50.0000 300.0000 0000000   0.0000 185.0000 15.90864301365587
STARLINK-2231
1 55957U 98065A   24 18.70844907 -.00022620  00000-0  13156-2 0  1003
2 55957  50.0000 300.0000 0000000   0.0000 191.0000 15.90864301118972
STARLINK-2232
1 50960U 98065A   24 18.70844907 -.00022620  00000-0  13156-2 0  1004
2 50960  50.0000 300.0000 0000000   0.0000 197.0000 15.90864301893614
STARLINK-2233
1 32506U 98065A   24 18.70844907 -.00022620  00000-0  13156-2 0  1003
2 32506  50.0000 300.0000 0000000   0.0000 203.0000 15.90864301311706
STARLINK-2234
1 36009U 98065A   24 18.70844907 -.00022620  00000-0  13156-2 0  1000
2 36009  50.0000 300.0000 0000000   0.0000 209.0000 15.90864301137005
STARLINK-2235
1 23750U 98065A   24 18.70844907 -.00022620  00000-0  13156-2 0  1004
2 23750  50.0000 300.0000 0000000   0.0000 215.0000 15.90864301948753
STARLINK-2236
1 53048U 98065A   24 18.70844907 -.00022620  00000-0  13156-2 0  1008
2 53048  50.0000 300.0000 0000000   0.0000 221.0000 15.90864301459786
STARLINK-2237
1 18473U 98065A   24 18.70844907 -.00022620  00000-0  13156-2 0  1008
2 18473  50.0000 300.0000 0000000   0.0000 227.0000 15.90864301724124
STARLINK-2238
1 99050U 98065A   24 18.70844907 -.00022620  00000-0  13156-2 0  1004
2 99050  50.0000 300.0000 0000000   0.0000 233.0000 15.90864301352148
STARLINK-2239
1 65149U 98065A   24 18.70844907 -.00022620  00000-0  13156-2 0  1001
2 65149  50.0000 300.0000 0000000   0.0000 239.0000 15.90864301649873
STARLINK-2240
1 84648U 98065A   24 18.70844907 -.00022620  00000-0  13156-2 0  1007
2 84648  50.0000 300.0000 0000000   0.0000 245.0000 15.90864301442132
STARLINK-2241
1 49391U 98065A   24 18.70844907 -.00022620  00000-0  13156-2 0  1002
2 49391  50.0000 300.0000 0000000   0.0000 251.0000 15.90864301471756
STARLINK-2242
1 22010U 98065A   24 18.70844907 -.00022620  00000-0  13156-2 0  1002
2 22010  50.0000 300.0000 0000000   0.0000 257.0000 15.90864301152286
STARLINK-2243
1 44766U 98065A   24 18.70844907 -.00022620  00000-0  13156-2 0  1003
2 44766  50.0000 300.0000 0000000   0.0000 263.0000 15.90864301437878
STARLINK-2244
1 90709U 98065A   24 18.70844907 -.00022620  00000-0  13156-2 0  1003
2 90709  50.0000 300.0000 0000000   0.0000 269.0000 15.90864301841007
STARLINK-2245
1 96759U 98065A   24 18.70844907 -.00022620  00000-0  13156-2 0  1005
2 96759  50.0000 300.0000 0000000   0.0000 275.0000 15.90864301299418
STARLINK-2246
1 71660U 98065A   24 18.70844907 -.00022620  00000-0  13156-2 0  1005
2 71660  50.0000 300.0000 0000000   0.0000 281.0000 15.90864301481382
STARLINK-2247
1 22513U 98065A   24 18.70844907 -.00022620  00000-0  13156-2 0  1007
2 22513  50.0000 300.0000 0000000   0.0000 287.0000 15.90864301378146
STARLINK-2248
1 19313U 98065A   24 18.70844907 -.00022620  00000-0  13156-2 0  1002
2 19313  50.0000 300.0000 0000000   0.0000 293.0000 15.90864301424317
STARLINK-2249
1 85568U 98065A   24 18.70844907 -.00022620  00000-0  13156-2 0  1003
2 85568  50.0000 300.0000 0000000   0.0000 299.0000 15.90864301170348
STARLINK-2250
1 16625U 98065A   24 18.70844907 -.00022620  00000-0  13156-2 0  1006
2 16625  50.0000 300.0000 0000000   0.0000 305.0000 15.90864301883921
STARLINK-2251
1 95093U 98065A   24 18.70844907 -.00022620  00000-0  13156-2 0  1005
2 95093  50.0000 300.0000 0000000   0.0000 311.0000 15.90864301497313
STARLINK-2252
1 23896U 98065A   24 18.70844907 -.00022620  00000-0  13156-2 0  1002
2 23896  50.0000 300.0000 0000000   0.0000 317.0000 15.90864301958914
STARLINK-2253
1 79485U 98065A   24 18.70844907 -.00022620  00000-0  13156-2 0  1008
2 79485  50.0000 300.0000 0000000   0.0000 323.0000 15.90864301844952
STARLINK-2254
1 67634U 98065A   24 18.70844907 -.00022620  00000-0  13156-2 0  1005
2 67634  50.0000 300.0000 0000000   0.0000 329.0000 15.90864301952518
STARLINK-2255
1 10986U 98065A   24 18.70844907 -.00022620  00000-0  13156-2 0  1003
2 10986  50.0000 300.0000 0000000   0.0000 335.0000 15.90864301396430
STARLINK-2256
1 82545U 98065A   24 18.70844907 -.00022620  00000-0  13156-2 0  1002
2 82545  50.0000 300.0000 0000000   0.0000 341.0000 15.90864301461301
STARLINK-2257
1 69934U 98065A   24 18.70844907 -.00022620  00000-0  13156-2 0  1003
2 69934  50.0000 300.0000 0000000   0.0000 347.0000 15.90864301272973
STARLINK-2258
1 35564U 98065A   24 18.70844907 -.00022620  00000-0  13156-2 0  1005
2 35564  50.0000 300.0000 0000000   0.0000 353.0000 15.90864301601832
STARLINK-2259
1 17502U 98065A   24 18.70844907 -.00022620  00000-0  13156-2 0  1002
2 17502  50.0000 300.0000 0000000   0.0000 359.0000 15.90864301408391
STARLINK-2260
1 47121U 98065A   24 18.70844907 -.00022620  00000-0  13156-2 0  1002
2 47121  50.0000 315.0000 0000000   0.0000   5.2500 15.90864301280671
STARLINK-2261
1 29615U 98065A   24 18.70844907 -.00022620  00000-0  13156-2 0  1005
2 29615  50.0000 315.0000 0000000   0.0000  11.2500 15.90864301600462
STARLINK-2262
1 97174U 98065A   24 18.70844907 -.00022620  00000-0  13156-2 0  1008
2 97174  50.0000 315.0000 0000000   0.0000  17.2500 15.90864301348358
STARLINK-2263
1 36637U 98065A   24 18.70844907 -.00022620  00000-0  13156-2 0  1004
2 36637  50.0000 315.0000 0000000   0.0000  23.2500 15.90864301811957
STARLINK-2264
1 63795U 98065A   24 18.70844907 -.00022620  00000-0  13156-2 0  1001
2 63795  50.0000 315.0000 0000000   0.0000  29.2500 15.90864301674572
STARLINK-2265
1 43864U 98065A   24 18.70844907 -.00022620  00000-0  13156-2 0  1003
2 43864  50.0000 315.0000 0000000   0.0000  35.2500 15.90864301214482
STARLINK-2266
1 65044U 98065A   24 18.70844907 -.00022620  00000-0  13156-2 0  1003
2 65044  50.0000 315.0000 0000000   0.0000  41.2500 15.90864301296914
STARLINK-2267
1 22699U 98065A   24 18.70844907 -.00022620  00000-0  13156-2 0  1002
2 22699  50.0000 315.0000 0000000   0.0000  47.2500 15.90864301349765
STARLINK-2268
1 48932U 98065A   24 18.70844907 -.00022620  00000-0  13156-2 0  1001
2 48932  50.0000 315.0000 0000000   0.0000  53.2500 15.90864301394708
STARLINK-2269
1 70947U 98065A   24 18.70844907 -.00022620  00000-0  13156-2 0  1001
2 70947  50.0000 315.0000 0000000   0.0000  59.2500 15.90864301872982
STARLINK-2270
1 29447U 98065A   24 18.70844907 -.00022620  00000-0  13156-2 0  1000
2 29447  50.0000 315.0000 0000000   0.0000  65.2500 15.90864301317600
STARLINK-2271
1 49309U 98065A   24 18.70844907 -.00022620  00000-0  13156-2 0  1000
2 49309  50.0000 315.0000 0000000   0.0000  71.2500 15.90864301515791
STARLINK-2272
1 41570U 98065A   24 18.70844907 -.00022620  00000-0  13156-2 0  1005
2 41570  50.0000 315.0000 0000000   0.0000  77.2500 15.90864301728728
STARLINK-2273
1 42133U 98065A   24 18.70844907 -.00022620  00000-0  13156-2 0  1003
2 42133  50.0000 315.0000 0000000   0.0000  83.2500 15.90864301886024
STARLINK-2274
1 94320U 98065A   24 18.70844907 -.00022620  00000-0  13156-2 0  1003
2 94320  50.0000 315.0000 0000000   0.0000  89.2500 15.90864301157721
STARLINK-2275
1 46737U 98065A   24 18.70844907 -.00022620  00000-0  13156-2 0  1001
2 46737  50.0000 315.0000 0000000   0.0000  95.2500 15.90864301373987
STARLINK-2276
1 55508U 98065A   24 18.70844907 -.00022620  00000-0  13156-2 0  1006
2 55508  50.0000 315.0000 0000000   0.0000 101.2500 15.90864301408480
STARLINK-2277
1 58124U 98065A   24 18.70844907 -.00022620  00000-0  13156-2 0  1000
2 58124  50.0000 315.0000 0000000   0.0000 107.2500 15.90864301553752
STARLINK-2278
1 80661U 98065A   24 18.70844907 -.00022620  00000-0  13156-2 0  1007
2 80661  50.0000 315.0000 0000000   0.0000 113.2500 15.90864301583924
STARLINK-2279
1 31497U 98065A   24 18.70844907 -.00022620  00000-0  13156-2 0  1005
2 31497  50.0000 315.0000 0000000   0.0000 119.2500 15.90864301768231
STARLINK-2280
1 92003U 98065A   24 18.70844907 -.00022620  00000-0  13156-2 0  1006
2 92003  50.0000 315.0000 0000000   0.0000 125.2500 15.90864301444461
STARLINK-2281
1 96255U 98065A   24 18.70844907 -.00022620  00000-0  13156-2 0  1001
2 96255  50.0000 315.0000 0000000   0.0000 131.2500 15.90864301864815
STARLINK-2282
1 61831U 98065A   24 18.70844907 -.00022620  00000-0  13156-2 0  1002
2 61831  50.0000 315.0000 0000000   0.0000 137.2500 15.90864301719993
STARLINK-2283
1 97923U 98065A   24 18.70844907 -.00022620  00000-0  13156-2 0  1002
2 97923  50.0000 315.0000 0000000   0.0000 143.2500 15.90864301955082
STARLINK-2284
1 15579U 98065A   24 18.70844907 -.00022620  00000-0  13156-2 0  1001
2 15579  50.0000 315.0000 0000000   0.0000 149.2500 15.90864301624328
STARLINK-2285
1 29911U 98065A   24 18.70844907 -.00022620  00000-0  13156-2 0  1008
2 29911  50.0000 315.0000 0000000   0.0000 155.2500 15.90864301253272
STARLINK-2286
1 11267U 98065A   24 18.70844907 -.00022620  00000-0  13156-2 0  1003
2 11267  50.0000 315.0000 0000000   0.0000 161.2500 15.90864301267368
STARLINK-2287
1 38026U 98065A   24 18.70844907 -.00022620  00000-0  13156-2 0  1002
2 38026  50.0000 315.0000 0000000   0.0000 167.2500 15.90864301691706
STARLINK-2288
1 19850U 98065A   24 18.70844907 -.00022620  00000-0  13156-2 0  1002
2 19850  50.0000 315.0000 0000000   0.0000 173.2500 15.90864301795964
STARLINK-2289
1 26895U 98065A   24 18.70844907 -.00022620  00000-0  13156-2 0  1004
2 26895  50.0000 315.0000 0000000   0.0000 179.2500 15.90864301557934
STARLINK-2290
1 34529U 98065A   24 18.70844907 -.00022620  00000-0  13156-2 0  1002
2 34529  50.0000 315.0000 0000000   0.0000 185.2500 15.90864301601796
STARLINK-2291
1 22478U 98065A   24 18.70844907 -.00022620  00000-0  13156-2 0  1006
2 22478  50.0000 315.0000 0000000   0.0000 191.2500 15.90864301871192
STARLINK-2292
1 81745U 98065A   24 18.70844907 -.00022620  00000-0  13156-2 0  1002
2 81745  50.0000 315.0000 0000000   0.0000 197.2500 15.90864301858323
STARLINK-2293
1 78258U 98065A   24 18.70844907 -.00022620  00000-0  13156-2 0  1004
2 78258  50.0000 315.0000 0000000   0.0000 203.2500 15.90864301435302
STARLINK-2294
1 30513U 98065A   24 18.70844907 -.00022620  00000-0  13156-2 0  1005
2 30513  50.0000 315.0000 0000000   0.0000 209.2500 15.90864301976603
STARLINK-2295
1 24249U 98065A   24 18.70844907 -.00022620  00000-0  13156-2 0  1003
2 24249  50.0000 315.0000 0000000   0.0000 215.2500 15.90864301121502
STARLINK-2296
1 74259U 98065A   24 18.70844907 -.00022620  00000-0  13156-2 0  1007
2 74259  50.0000 315.0000 0000000   0.0000 221.2500 15.90864301507842
STARLINK-2297
1 34753U 98065A   24 18.70844907 -.00022620  00000-0  13156-2 0  1003
2 34753  50.0000 315.0000 0000000   0.0000 227.2500 15.90864301813123
STARLINK-2298
1 29925U 98065A   24 18.70844907 -.00022620  00000-0  13156-2 0  1004
2 29925  50.0000 315.0000 0000000   0.0000 233.2500 15.90864301360000
STARLINK-2299
1 25198U 98065A   24 18.70844907 -.00022620  00000-0  13156-2 0  1006
2 25198  50.0000 315.0000 0000000   0.0000 239.2500 15.90864301246710
STARLINK-2300
1 80911U 98065A   24 18.70844907 -.00022620  00000-0  13156-2 0  1001
2 80911  50.0000 315.0000 0000000   0.0000 245.2500 15.90864301972593
STARLINK-2301
1 12675U 98065A   24 18.70844907 -.00022620  00000-0  13156-2 0  1001
2 12675  50.0000 315.0000 0000000   0.0000 251.2500 15.90864301673571
STARLINK-2302
1 81407U 98065A   24 18.70844907 -.00022620  00000-0  13156-2 0  1003
2 81407  50.0000 315.0000 0000000   0.0000 257.2500 15.90864301589607
STARLINK-2303
1 31605U 98065A   24 18.70844907 -.00022620  00000-0  13156-2 0  1007
2 31605  50.0000 315.0000 0000000   0.0000 263.2500 15.90864301703138
STARLINK-2304
1 84777U 98065A   24 18.70844907 -.00022620  00000-0  13156-2 0  1002
2 84777  50.0000 315.0000 0000000   0.0000 269.2500 15.90864301917662
STARLINK-2305
1 44840U 98065A   24 18.70844907 -.00022620  00000-0  13156-2 0  1004
2 44840  50.0000 315.0000 0000000   0.0000 275.2500 15.90864301675228
STARLINK-2306
1 38730U 98065A   24 18.70844907 -.00022620  00000-0  13156-2 0  1006
2 38730  50.0000 315.0000 0000000   0.0000 281.2500 15.90864301871337
STARLINK-2307
1 31380U 98065A   24 18.70844907 -.00022620  00000-0  13156-2 0  1001
2 31380  50.0000 315.0000 0000000   0.0000 287.2500 15.90864301434121
STARLINK-2308
1 85582U 98065A   24 18.70844907 -.00022620  00000-0  13156-2 0  1000
2 85582  50.0000 315.0000 0000000   0.0000 293.2500 15.90864301433306
STARLINK-2309
1 28508U 98065A   24 18.70844907 -.00022620  00000-0  13156-2 0  1005
2 28508  50.0000 315.0000 0000000   0.0000 299.2500 15.90864301675047
STARLINK-2310
1 76392U 98065A   24 18.70844907 -.00022620  00000-0  13156-2 0  1007
2 76392  50.0000 315.0000 0000000   0.0000 305.2500 15.90864301263807
STARLINK-2311
1 81164U 98065A   24 18.70844907 -.00022620  00000-0  13156-2 0  1001
2 81164  50.0000 315.0000 0000000   0.0000 311.2500 15.90864301868781
STARLINK-2312
1 22462U 98065A   24 18.70844907 -.00022620  00000-0  13156-2 0  1004
2 22462  50.0000 315.0000 0000000   0.0000 317.2500 15.90864301108977
STARLINK-2313
1 31205U 98065A   24 18.70844907 -.00022620  00000-0  13156-2 0  1007
2 31205  50.0000 315.0000 0000000   0.0000 323.2500 15.90864301448701
STARLINK-2314
1 55513U 98065A   24 18.70844907 -.00022620  00000-0  13156-2 0  1004
2 55513  50.0000 315.0000 0000000   0.0000 329.2500 15.90864301330862
STARLINK-2315
1 86038U 98065A   24 18.70844907 -.00022620  00000-0  13156-2 0  1003
2 86038  50.0000 315.0000 0000000   0.0000 335.2500 15.90864301375595
STARLINK-2316
1 46391U 98065A   24 18.70844907 -.00022620  00000-0  13156-2 0  1000
2 46391  50.0000 315.0000 0000000   0.0000 341.2500 15.90864301236846
STARLINK-2317
1 34698U 98065A   24 18.70844907 -.00022620  00000-0  13156-2 0  1005
2 34698  50.0000 315.0000 0000000   0.0000 347.2500 15.90864301782680
STARLINK-2318
1 55106U 98065A   24 18.70844907 -.00022620  00000-0  13156-2 0  1007
2 55106  50.0000 315.0000 0000000   0.0000 353.2500 15.90864301621056
STARLINK-2319
1 26797U 98065A   24 18.70844907 -.00022620  00000-0  13156-2 0  1007
2 26797  50.0000 315.0000 0000000   0.0000 359.2500 15.90864301508034
STARLINK-2320
1 97687U 98065A   24 18.70844907 -.00022620  00000-0  13156-2 0  1002
2 97687  50.0000 330.0000 0000000   0.0000   5.5000 15.90864301928446
STARLINK-2321
1 31873U 98065A   24 18.70844907 -.00022620  00000-0  13156-2 0  1000
2 31873  50.0000 330.0000 0000000   0.0000  11.5000 15.90864301775212
STARLINK-2322
1 83025U 98065A   24 18.70844907 -.00022620  00000-0  13156-2 0  1007
2 83025  50.0000 330.0000 0000000   0.0000  17.5000 15.90864301264998
STARLINK-2323
1 92899U 98065A   24 18.70844907 -.00022620  00000-0  13156-2 0  1008
2 92899  50.0000 330.0000 0000000   0.0000  23.5000 15.90864301316554
STARLINK-2324
1 23246U 98065A   24 18.70844907 -.00022620  00000-0  13156-2 0  1005
2 23246  50.0000 330.0000 0000000   0.0000  29.5000 15.90864301439711
STARLINK-2325
1 75092U 98065A   24 18.70844907 -.00022620  00000-0  13156-2 0  1004
2 75092  50.0000 330.0000 0000000   0.0000  35.5000 15.90864301449436
STARLINK-2326
1 61913U 98065A   24 18.70844907 -.00022620  00000-0  13156-2 0  1006
2 61913  50.0000 330.0000 0000000   0.0000  41.5000 15.90864301913413
STARLINK-2327
1 85754U 98065A   24 18.70844907 -.00022620  00000-0  13156-2 0  1002
2 85754  50.0000 330.0000 0000000   0.0000  47.5000 15.90864301756630
STARLINK-2328
1 10393U 98065A   24 18.70844907 -.00022620  00000-0  13156-2 0  1004
2 10393  50.0000 330.0000 0000000   0.0000  53.5000 15.90864301292030
STARLINK-2329
1 60165U 98065A   24 18.70844907 -.00022620  00000-0  13156-2 0  1001
2 60165  50.0000 330.0000 0000000   0.0000  59.5000 15.90864301437782
STARLINK-2330
1 98924U 98065A   24 18.70844907 -.00022620  00000-0  13156-2 0  1004
2 98924  50.0000 330.0000 0000000   0.0000  65.5000 15.90864301202996
STARLINK-2331
1 84002U 98065A   24 18.70844907 -.00022620  00000-0  13156-2 0  1006
2 84002  50.0000 330.0000 0000000   0.0000  71.5000 15.90864301158440
STARLINK-2332
1 98281U 98065A   24 18.70844907 -.00022620  00000-0  13156-2 0  1001
2 98281  50.0000 330.0000 0000000   0.0000  77.5000 15.90864301783538
STARLINK-2333
1 29983U 98065A   24 18.70844907 -.00022620  00000-0  13156-2 0  1006
2 29983  50.0000 330.0000 0000000   0.0000  83.5000 15.90864301871836
STARLINK-2334
1 84088U 98065A   24 18.70844907 -.00022620  00000-0  13156-2 0  1005
2 84088  50.0000 330.0000 0000000   0.0000  89.5000 15.90864301497808
STARLINK-2335
1 97535U 98065A   24 18.70844907 -.00022620  00000-0  13156-2 0  1005
2 97535  50.0000 330.0000 0000000   0.0000  95.5000 15.90864301342636
STARLINK-2336
1 57033U 98065A   24 18.70844907 -.00022620  00000-0  13156-2 0  1002
2 57033  50.0000 330.0000 0000000   0.0000 101.5000 15.90864301816317
STARLINK-2337
1 49240U 98065A   24 18.70844907 -.00022620  00000-0  13156-2 0  1003
2 49240  50.0000 330.0000 0000000   0.0000 107.5000 15.90864301138101
STARLINK-2338
1 38499U 98065A   24 18.70844907 -.00022620  00000-0  13156-2 0  1000
2 38499  50.0000 330.0000 0000000   0.0000 113.5000 15.90864301498631
STARLINK-2339
1 20512U 98065A   24 18.70844907 -.00022620  00000-0  13156-2 0  1008
2 20512  50.0000 330.0000 0000000   0.0000 119.5000 15.90864301372142
STARLINK-2340
1 91000U 98065A   24 18.70844907 -.00022620  00000-0  13156-2 0  1000
2 91000  50.0000 330.0000 0000000   0.0000 125.5000 15.90864301120617
STARLINK-2341
1 51020U 98065A   24 18.70844907 -.00022620  00000-0  13156-2 0  1000
2 51020  50.0000 330.0000 0000000   0.0000 131.5000 15.90864301590663
STARLINK-2342
1 49557U 98065A   24 18.70844907 -.00022620  00000-0  13156-2 0  1006
2 49557  50.0000 330.0000 0000000   0.0000 137.5000 15.90864301596627
STARLINK-2343
1 64570U 98065A   24 18.70844907 -.00022620  00000-0  13156-2 0  1008
2 64570  50.0000 330.0000 0000000   0.0000 143.5000 15.90864301938491
STARLINK-2344
1 94913U 98065A   24 18.70844907 -.00022620  00000-0  13156-2 0  1005
2 94913  50.0000 330.0000 0000000   0.0000 149.5000 15.90864301303208
STARLINK-2345
1 14212U 98065A   24 18.70844907 -.00022620  00000-0  13156-2 0  1003
2 14212  50.0000 330.0000 0000000   0.0000 155.5000 15.90864301820915
STARLINK-2346
1 14663U 98065A   24 18.70844907 -.00022620  00000-0  13156-2 0  1000
2 14663  50.0000 330.0000 0000000   0.0000 161.5000 15.90864301341312
STARLINK-2347
1 70503U 98065A   24 18.70844907 -.00022620  00000-0  13156-2 0  1005
2 70503  50.0000 330.0000 0000000   0.0000 167.5000 15.90864301647992
STARLINK-2348
1 83610U 98065A   24 18.70844907 -.00022620  00000-0  13156-2 0  1001
2 83610  50.0000 330.0000 0000000   0.0000 173.5000 15.90864301220674
STARLINK-2349
1 16430U 98065A   24 18.70844907 -.00022620  00000-0  13156-2 0  1005
2 16430  50.0000 330.0000 0000000   0.0000 179.5000 15.90864301752105
STARLINK-2350
1 74049U 98065A   24 18.70844907 -.00022620  00000-0  13156-2 0  1003
2 74049  50.0000 330.0000 0000000   0.0000 185.5000 15.90864301703643
STARLINK-2351
1 56322U 98065A   24 18.70844907 -.00022620  00000-0  13156-2 0  1008
2 56322  50.0000 330.0000 0000000   0.0000 191.5000 15.90864301156996
STARLINK-2352
1 48877U 98065A   24 18.70844907 -.00022620  00000-0  13156-2 0  1001
2 48877  50.0000 330.0000 0000000   0.0000 197.5000 15.90864301187783
STARLINK-2353
1 47175U 98065A   24 18.70844907 -.00022620  00000-0  13156-2 0  1007
2 47175  50.0000 330.0000 0000000   0.0000 203.5000 15.90864301153317
STARLINK-2354
1 18898U 98065A   24 18.70844907 -.00022620  00000-0  13156-2 0  1005
2 18898  50.0000 330.0000 0000000   0.0000 209.5000 15.90864301804230
STARLINK-2355
1 66064U 98065A   24 18.70844907 -.00022620  00000-0  13156-2 0  1001
2 66064  50.0000 330.0000 0000000   0.0000 215.5000 15.90864301637333
STARLINK-2356
1 88783U 98065A   24 18.70844907 -.00022620  00000-0  13156-2 0  1005
2 88783  50.0000 330.0000 0000000   0.0000 221.5000 15.90864301232915
STARLINK-2357
1 62381U 98065A   24 18.70844907 -.00022620  00000-0  13156-2 0  1000
2 62381  50.0000 330.0000 0000000   0.0000 227.5000 15.90864301179605
STARLINK-2358
1 32042U 98065A   24 18.70844907 -.00022620  00000-0  13156-2 0  1003
2 32042  50.0000 330.0000 0000000   0.0000 233.5000 15.90864301901203
STARLINK-2359
1 21735U 98065A   24 18.70844907 -.00022620  00000-0  13156-2 0  1005
2 21735  50.0000 330.0000 0000000   0.0000 239.5000 15.90864301106572
STARLINK-2360
1 47195U 98065A   24 18.70844907 -.00022620  00000-0  13156-2 0  1008
2 47195  50.0000 330.0000 0000000   0.0000 245.5000 15.90864301261560
STARLINK-2361
1 47442U 98065A   24 18.70844907 -.00022620  00000-0  13156-2 0  1005
2 47442  50.0000 330.0000 0000000   0.0000 251.5000 15.90864301111820
STARLINK-2362
1 32002U 98065A   24 18.70844907 -.00022620  00000-0  13156-2 0  1003
2 32002  50.0000 330.0000 0000000   0.0000 257.5000 15.90864301533400
STARLINK-2363
1 41236U 98065A   24 18.70844907 -.00022620  00000-0  13156-2 0  1002
2 41236  50.0000 330.0000 0000000   0.0000 263.5000 15.90864301854852
STARLINK-2364
1 95027U 98065A   24 18.70844907 -.00022620  00000-0  13156-2 0  1000
2 95027  50.0000 330.0000 0000000   0.0000 269.5000 15.90864301425000
STARLINK-2365
1 36260U 98065A   24 18.70844907 -.00022620  00000-0  13156-2 0  1008
2 36260  50.0000 330.0000 0000000   0.0000 275.5000 15.90864301618533
STARLINK-2366
1 30412U 98065A   24 18.70844907 -.00022620  00000-0  13156-2 0  1000
2 30412  50.0000 330.0000 0000000   0.0000 281.5000 15.90864301760675
STARLINK-2367
1 38211U 98065A   24 18.70844907 -.00022620  00000-0  13156-2 0  1008
2 38211  50.0000 330.0000 0000000   0.0000 287.5000 15.90864301489853
STARLINK-2368
1 40830U 98065A   24 18.70844907 -.00022620  00000-0  13156-2 0  1008
2 40830  50.0000 330.0000 0000000   0.0000 293.5000 15.90864301652300
STARLINK-2369
1 26224U 98065A   24 18.70844907 -.00022620  00000-0  13156-2 0  1002
2 26224  50.0000 330.0000 0000000   0.0000 299.5000 15.90864301193906
STARLINK-2370
1 98531U 98065A   24 18.70844907 -.00022620  00000-0  13156-2 0  1005
2 98531  50.0000 330.0000 0000000   0.0000 305.5000 15.90864301485748
STARLINK-2371
1 31336U 98065A   24 18.70844907 -.00022620  00000-0  13156-2 0  1002
2 31336  50.0000 330.0000 0000000   0.0000 311.5000 15.90864301280432
STARLINK-2372
1 89013U 98065A   24 18.70844907 -.00022620  00000-0  13156-2 0  1003
2 89013  50.0000 330.0000 0000000   0.0000 317.5000 15.90864301465736
STARLINK-2373
1 49674U 98065A   24 18.70844907 -.00022620  00000-0  13156-2 0  1004
2 49674  50.0000 330.0000 0000000   0.0000 323.5000 15.90864301539358
STARLINK-2374
1 41512U 98065A   24 18.70844907 -.00022620  00000-0  13156-2 0  1005
2 41512  50.0000 330.0000 0000000   0.0000 329.5000 15.90864301507826
STARLINK-2375
1 45191U 98065A   24 18.70844907 -.00022620  00000-0  13156-2 0  1008
2 45191  50.0000 330.0000 0000000   0.0000 335.5000 15.90864301467564
STARLINK-2376
1 65123U 98065A   24 18.70844907 -.00022620  00000-0  13156-2 0  1007
2 65123  50.0000 330.0000 0000000   0.0000 341.5000 15.90864301711054
STARLINK-2377
1 44553U 98065A   24 18.70844907 -.00022620  00000-0  13156-2 0  1002
2 44553  50.0000 330.0000 0000000   0.0000 347.5000 15.90864301436830
STARLINK-2378
1 65567U 98065A   24 18.70844907 -.00022620  00000-0  13156-2 0  1006
2 65567  50.0000 330.0000 0000000   0.0000 353.5000 15.90864301169920
STARLINK-2379
1 63905U 98065A   24 18.70844907 -.00022620  00000-0  13156-2 0  1001
2 63905  50.0000 330.0000 0000000   0.0000 359.5000 15.90864301571891
STARLINK-2380
1 27240U 98065A   24 18.70844907 -.00022620  00000-0  13156-2 0  1006
2 27240  50.0000 345.0000 0000000   0.0000   5.7500 15.90864301472003
STARLINK-2381
1 84224U 98065A   24 18.70844907 -.00022620  00000-0  13156-2 0  1006
2 84224  50.0000 345.0000 0000000   0.0000  11.7500 15.90864301455025
STARLINK-2382
1 92258U 98065A   24 18.70844907 -.00022620  00000-0  13156-2 0  1002
2 92258  50.0000 345.0000 0000000   0.0000  17.7500 15.90864301204551
STARLINK-2383
1 84484U 98065A   24 18.70844907 -.00022620  00000-0  13156-2 0  1002
2 84484  50.0000 345.0000 0000000   0.0000  23.7500 15.90864301205675
STARLINK-2384
1 17806U 98065A   24 18.70844907 -.00022620  00000-0  13156-2 0  1007
2 17806  50.0000 345.0000 0000000   0.0000  29.7500 15.90864301321153
STARLINK-2385
1 10039U 98065A   24 18.70844907 -.00022620  00000-0  13156-2 0  1003
2 10039  50.0000 345.0000 0000000   0.0000  35.7500 15.90864301396497
STARLINK-2386
1 32769U 98065A   24 18.70844907 -.00022620  00000-0  13156-2 0  1004
2 32769  50.0000 345.0000 0000000   0.0000  41.7500 15.90864301359992
STARLINK-2387
1 45616U 98065A   24 18.70844907 -.00022620  00000-0  13156-2 0  1003
2 45616  50.0000 345.0000 0000000   0.0000  47.7500 15.90864301611273
STARLINK-2388
1 58109U 98065A   24 18.70844907 -.00022620  00000-0  13156-2 0  1004
2 58109  50.0000 345.0000 0000000   0.0000  53.7500 15.90864301539776
STARLINK-2389
1 22225U 98065A   24 18.70844907 -.00022620  00000-0  13156-2 0  1006
2 22225  50.0000 345.0000 0000000   0.0000  59.7500 15.90864301297261
STARLINK-2390
1 98621U 98065A   24 18.70844907 -.00022620  00000-0  13156-2 0  1006
2 98621  50.0000 345.0000 0000000   0.0000  65.7500 15.90864301359653
STARLINK-2391
1 79723U 98065A   24 18.70844907 -.00022620  00000-0  13156-2 0  1008
2 79723  50.0000 345.0000 0000000   0.0000  71.7500 15.90864301251722
STARLINK-2392
1 33245U 98065A   24 18.70844907 -.00022620  00000-0  13156-2 0  1007
2 33245  50.0000 345.0000 0000000   0.0000  77.7500 15.90864301481258
STARLINK-2393
1 94214U 98065A   24 18.70844907 -.00022620  00000-0  13156-2 0  1005
2 94214  50.0000 345.0000 0000000   0.0000  83.7500 15.90864301404438
STARLINK-2394
1 78344U 98065A   24 18.70844907 -.00022620  00000-0  13156-2 0  1003
2 78344  50.0000 345.0000 0000000   0.0000  89.7500 15.90864301930767
STARLINK-2395
1 96777U 98065A   24 18.70844907 -.00022620  00000-0  13156-2 0  1003
2 96777  50.0000 345.0000 0000000   0.0000  95.7500 15.90864301637591
STARLINK-2396
1 67165U 98065A   24 18.70844907 -.00022620  00000-0  13156-2 0  1006
2 67165  50.0000 345.0000 0000000   0.0000 101.7500 15.90864301258412
STARLINK-2397
1 81119U 98065A   24 18.70844907 -.00022620  00000-0  13156-2 0  1004
2 81119  50.0000 345.0000 0000000   0.0000 107.7500 15.90864301602746
STARLINK-2398
1 10725U 98065A   24 18.70844907 -.00022620  00000-0  13156-2 0  1001
2 10725  50.0000 345.0000 0000000   0.0000 113.7500 15.90864301602842
STARLINK-2399
1 69293U 98065A   24 18.70844907 -.00022620  00000-0  13156-2 0  1005
2 69293  50.0000 345.0000 0000000   0.0000 119.7500 15.90864301997956
STARLINK-2400
1 26175U 98065A   24 18.70844907 -.00022620  00000-0  13156-2 0  1003
2 26175  50.0000 345.0000 0000000   0.0000 125.7500 15.90864301356258
STARLINK-2401
1 87071U 98065A   24 18.70844907 -.00022620  00000-0  13156-2 0  1004
2 87071  50.0000 345.0000 0000000   0.0000 131.7500 15.90864301767191
STARLINK-2402
1 71834U 98065A   24 18.70844907 -.00022620  00000-0  13156-2 0  1004
2 71834  50.0000 345.0000 0000000   0.0000 137.7500 15.90864301838851
STARLINK-2403
1 52518U 98065A   24 18.70844907 -.00022620  00000-0  13156-2 0  1005
2 52518  50.0000 345.0000 0000000   0.0000 143.7500 15.90864301553993
STARLINK-2404
1 10513U 98065A   24 18.70844907 -.00022620  00000-0  13156-2 0  1003
2 10513  50.0000 345.0000 0000000   0.0000 149.7500 15.90864301371881
STARLINK-2405
1 17060U 98065A   24 18.70844907 -.00022620  00000-0  13156-2 0  1004
2 17060  50.0000 345.0000 0000000   0.0000 155.7500 15.90864301212516
STARLINK-2406
1 87041U 98065A   24 18.70844907 -.00022620  00000-0  13156-2 0  1005
2 87041  50.0000 345.0000 0000000   0.0000 161.7500 15.90864301786801
STARLINK-2407
1 36662U 98065A   24 18.70844907 -.00022620  00000-0  13156-2 0  1002
2 36662  50.0000 345.0000 0000000   0.0000 167.7500 15.90864301296401
STARLINK-2408
1 71126U 98065A   24 18.70844907 -.00022620  00000-0  13156-2 0  1003
2 71126  50.0000 345.0000 0000000   0.0000 173.7500 15.90864301319092
STARLINK-2409
1 63291U 98065A   24 18.70844907 -.00022620  00000-0  13156-2 0  1008
2 63291  50.0000 345.0000 0000000   0.0000 179.7500 15.90864301724805
STARLINK-2410
1 92728U 98065A   24 18.70844907 -.00022620  00000-0  13156-2 0  1007
2 92728  50.0000 345.0000 0000000   0.0000 185.7500 15.90864301246353
STARLINK-2411
1 22128U 98065A   24 18.70844907 -.00022620  00000-0  13156-2 0  1000
2 22128  50.0000 345.0000 0000000   0.0000 191.7500 15.90864301126047
STARLINK-2412
1 66393U 98065A   24 18.70844907 -.00022620  00000-0  13156-2 0  1004
2 66393  50.0000 345.0000 0000000   0.0000 197.7500 15.90864301738243
STARLINK-2413
1 90206U 98065A   24 18.70844907 -.00022620  00000-0  13156-2 0  1008
2 90206  50.0000 345.0000 0000000   0.0000 203.7500 15.90864301985127
STARLINK-2414
1 86902U 98065A   24 18.70844907 -.00022620  00000-0  13156-2 0  1006
2 86902  50.0000 345.0000 0000000   0.0000 209.7500 15.90864301923783
STARLINK-2415
1 62640U 98065A   24 18.70844907 -.00022620  00000-0  13156-2 0  1005
2 62640  50.0000 345.0000 0000000   0.0000 215.7500 15.90864301751874
STARLINK-2416
1 57147U 98065A   24 18.70844907 -.00022620  00000-0  13156-2 0  1007
2 57147  50.0000 345.0000 0000000   0.0000 221.7500 15.90864301444985
STARLINK-2417
1 62287U 98065A   24 18.70844907 -.00022620  00000-0  13156-2 0  1002
2 62287  50.0000 345.0000 0000000   0.0000 227.7500 15.90864301181387
STARLINK-2418
1 70707U 98065A   24 18.70844907 -.00022620  00000-0  13156-2 0  1007
2 70707  50.0000 345.0000 0000000   0.0000 233.7500 15.90864301240988
STARLINK-2419
1 70776U 98065A   24 18.70844907 -.00022620  00000-0  13156-2 0  1006
2 70776  50.0000 345.0000 0000000   0.0000 239.7500 15.90864301107505
STARLINK-2420
1 26855U 98065A   24 18.70844907 -.00022620  00000-0  13156-2 0  1001
2 26855  50.0000 345.0000 0000000   0.0000 245.7500 15.90864301318351
STARLINK-2421
1 80923U 98065A   24 18.70844907 -.00022620  00000-0  13156-2 0  1004
2 80923  50.0000 345.0000 0000000   0.0000 251.7500 15.90864301942692
STARLINK-2422
1 66063U 98065A   24 18.70844907 -.00022620  00000-0  13156-2 0  1007
2 66063  50.0000 345.0000 0000000   0.0000 257.7500 15.90864301725360
STARLINK-2423
1 18094U 98065A   24 18.70844907 -.00022620  00000-0  13156-2 0  1004
2 18094  50.0000 345.0000 0000000   0.0000 263.7500 15.90864301560211
STARLINK-2424
1 65956U 98065A   24 18.70844907 -.00022620  00000-0  13156-2 0  1000
2 65956  50.0000 345.0000 0000000   0.0000 269.7500 15.90864301959618
STARLINK-2425
1 58109U 98065A   24 18.70844907 -.00022620  00000-0  13156-2 0  1000
2 58109  50.0000 345.0000 0000000   0.0000 275.7500 15.90864301615084
STARLINK-2426
1 90030U 98065A   24 18.70844907 -.00022620  00000-0  13156-2 0  1000
2 90030  50.0000 345.0000 0000000   0.0000 281.7500 15.90864301866911
STARLINK-2427
1 60296U 98065A   24 18.70844907 -.00022620  00000-0  13156-2 0  1004
2 60296  50.0000 345.0000 0000000   0.0000 287.7500 15.90864301346095
STARLINK-2428
1 91517U 98065A   24 18.70844907 -.00022620  00000-0  13156-2 0  1004
2 91517  50.0000 345.0000 0000000   0.0000 293.7500 15.90864301505223
STARLINK-2429
1 62530U 98065A   24 18.70844907 -.00022620  00000-0  13156-2 0  1008
2 62530  50.0000 345.0000 0000000   0.0000 299.7500 15.90864301687993
STARLINK-2430
1 59080U 98065A   24 18.70844907 -.00022620  00000-0  13156-2 0  1006
2 59080  50.0000 345.0000 0000000   0.0000 305.7500 15.90864301314718
STARLINK-2431
1 68547U 98065A   24 18.70844907 -.00022620  00000-0  13156-2 0  1005
2 68547  50.0000 345.0000 0000000   0.0000 311.7500 15.90864301492557
STARLINK-2432
1 46409U 98065A   24 18.70844907 -.00022620  00000-0  13156-2 0  1001
2 46409  50.0000 345.0000 0000000   0.0000 317.7500 15.90864301675637
STARLINK-2433
1 12622U 98065A   24 18.70844907 -.00022620  00000-0  13156-2 0  1004
2 12622  50.0000 345.0000 0000000   0.0000 323.7500 15.90864301274147
STARLINK-2434
1 70323U 98065A   24 18.70844907 -.00022620  00000-0  13156-2 0  1002
2 70323  50.0000 345.0000 0000000   0.0000 329.7500 15.90864301231984
STARLINK-2435
1 92118U 98065A   24 18.70844907 -.00022620  00000-0  13156-2 0  1008
2 92118  50.0000 345.0000 0000000   0.0000 335.7500 15.90864301305353
STARLINK-2436
1 86053U 98065A   24 18.70844907 -.00022620  00000-0  13156-2 0  1005
2 86053  50.0000 345.0000 0000000   0.0000 341.7500 15.90864301611384
STARLINK-2437
1 71361U 98065A   24 18.70844907 -.00022620  00000-0  13156-2 0  1003
2 71361  50.0000 345.0000 0000000   0.0000 347.7500 15.90864301860496
STARLINK-2438
1 90633U 98065A   24 18.70844907 -.00022620  00000-0  13156-2 0  1005
2 90633  50.0000 345.0000 0000000   0.0000 353.7500 15.90864301503721
STARLINK-2439
1 64636U 98065A   24 18.70844907 -.00022620  00000-0  13156-2 0  1002
2 64636  50.0000 345.0000 0000000   0.0000 359.7500 15.90864301866073
