STARLINK-1000
1 88482U 98065A   24217.50000000 -.00022620  00000-0  13156-2 0  1006
2 88482  53.0000   0.0000 0000000   0.0000   0.0000 15.12078246487748
STARLINK-1001
1 44477U 98065A   24217.50000000 -.00022620  00000-0  13156-2 0  1002
2 44477  53.0000   0.0000 0000000   0.0000  18.0000 15.12078246750494
STARLINK-1002
1 60866U 98065A   24217.50000000 -.00022620  00000-0  13156-2 0  1004
2 60866  53.0000   0.0000 0000000   0.0000  36.0000 15.12078246970478
STARLINK-1003
1 16165U 98065A   24217.50000000 -.00022620  00000-0  13156-2 0  1008
2 16165  53.0000   0.0000 0000000   0.0000  54.0000 15.12078246521554
STARLINK-1004
1 94047U 98065A   24217.50000000 -.00022620  00000-0  13156-2 0  1001
2 94047  53.0000   0.0000 0000000   0.0000  72.0000 15.12078246788944
STARLINK-1005
1 63985U 98065A   24217.50000000 -.00022620  00000-0  13156-2 0  1000
2 63985  53.0000   0.0000 0000000   0.0000  90.0000 15.12078246986015
STARLINK-1006
1 29779U 98065A   24217.50000000 -.00022620  00000-0  13156-2 0  1008
2 29779  53.0000   0.0000 0000000   0.0000 108.0000 15.12078246281673
STARLINK-1007
1 39385U 98065A   24217.50000000 -.00022620  00000-0  13156-2 0  1006
2 39385  53.0000   0.0000 0000000   0.0000 126.0000 15.12078246451503
STARLINK-1008
1 85936U 98065A   24217.50000000 -.00022620  00000-0  13156-2 0  1007
2 85936  53.0000   0.0000 0000000   0.0000 144.0000 15.12078246262517
STARLINK-1009
1 50861U 98065A   24217.50000000 -.00022620  00000-0  13156-2 0  1006
2 50861  53.0000   0.0000 0000000   0.0000 162.0000 15.12078246527314
STARLINK-1010
1 84640U 98065A   24217.50000000 -.00022620  00000-0  13156-2 0  1005
2 84640  53.0000   0.0000 0000000   0.0000 180.0000 15.12078246874057
STARLINK-1011
1 43163U 98065A   24217.50000000 -.00022620  00000-0  13156-2 0  1003
2 43163  53.0000   0.0000 0000000   0.0000 198.0000 15.12078246130596
STARLINK-1012
1 13819U 98065A   24217.50000000 -.00022620  00000-0  13156-2 0  1000
2 13819  53.0000   0.0000 0000000   0.0000 216.0000 15.12078246884720
STARLINK-1013
1 34643U 98065A   24217.50000000 -.00022620  00000-0  13156-2 0  1005
2 34643  53.0000   0.0000 0000000   0.0000 234.0000 15.12078246980467
STARLINK-1014
1 63905U 98065A   24217.50000000 -.00022620  00000-0  13156-2 0  1003
2 63905  53.0000   0.0000 0000000   0.0000 252.0000 15.12078246571122
STARLINK-1015
1 40993U 98065A   24217.50000000 -.00022620  00000-0  13156-2 0  1005
2 40993  53.0000   0.0000 0000000   0.0000 270.0000 15.12078246824271
STARLINK-1016
1 90914U 98065A   24217.50000000 -.00022620  00000-0  13156-2 0  1002
2 90914  53.0000   0.0000 0000000   0.0000 288.0000 15.12078246594266
STARLINK-1017
1 75057U 98065A   24217.50000000 -.00022620  00000-0  13156-2 0  1004
2 75057  53.0000   0.0000 0000000   0.0000 306.0000 15.12078246833363
STARLINK-1018
1 29887U 98065A   24217.50000000 -.00022620  00000-0  13156-2 0  1008
2 29887  53.0000   0.0000 0000000   0.0000 324.0000 15.12078246291581
STARLINK-1019
1 59069U 98065A   24217.50000000 -.00022620  00000-0  13156-2 0  1008
2 59069  53.0000   0.0000 0000000   0.0000 342.0000 15.12078246190298
STARLINK-1020
1 60473U 98065A   24217.50000000 -.00022620  00000-0  13156-2 0  1000
2 60473  53.0000   7.2000 0000000   0.0000   0.3600 15.12078246126642
STARLINK-1021
1 49435U 98065A   24217.50000000 -.00022620  00000-0  13156-2 0  1007
2 49435  53.0000   7.2000 0000000   0.0000  18.3600 15.12078246883848
STARLINK-1022
1 82902U 98065A   24217.50000000 -.00022620  00000-0  13156-2 0  1003
2 82902  53.0000   7.2000 0000000   0.0000  36.3600 15.12078246609074
STARLINK-1023
1 56507U 98065A   24217.50000000 -.00022620  00000-0  13156-2 0  1005
2 56507  53.0000   7.2000 0000000   0.0000  54.3600 15.12078246356883
STARLINK-1024
1 25694U 98065A   24217.50000000 -.00022620  00000-0  13156-2 0  1001
2 25694  53.0000   7.2000 0000000   0.0000  72.3600 15.12078246821107
STARLINK-1025
1 67147U 98065A   24217.50000000 -.00022620  00000-0  13156-2 0  1005
2 67147  53.0000   7.2000 0000000   0.0000  90.3600 15.12078246959128
STARLINK-1026
1 35290U 98065A   24217.50000000 -.00022620  00000-0  13156-2 0  1007
2 35290  53.0000   7.2000 0000000   0.0000 108.3600 15.12078246934010
STARLINK-1027
1 47190U 98065A   24217.50000000 -.00022620  00000-0  13156-2 0  1003
2 47190  53.0000   7.2000 0000000   0.0000 126.3600 15.12078246359910
STARLINK-1028
1 39160U 98065A   24217.50000000 -.00022620  00000-0  13156-2 0  1007
2 39160  53.0000   7.2000 0000000   0.0000 144.3600 15.12078246198740
STARLINK-1029
1 22653U 98065A   24217.50000000 -.00022620  00000-0  13156-2 0  1002
2 22653  53.0000   7.2000 0000000   0.0000 162.3600 15.12078246998706
STARLINK-1030
1 28059U 98065A   24217.50000000 -.00022620  00000-0  13156-2 0  1005
2 28059  53.0000   7.2000 0000000   0.0000 180.3600 15.12078246584756
STARLINK-1031
1 21239U 98065A   24217.50000000 -.00022620  00000-0  13156-2 0  1007
2 21239  53.0000   7.2000 0000000   0.0000 198.3600 15.12078246448111
STARLINK-1032
1 47699U 98065A   24217.50000000 -.00022620  00000-0  13156-2 0  1000
2 47699  53.0000   7.2000 0000000   0.0000 216.3600 15.12078246513451
STARLINK-1033
1 92857U 98065A   24217.50000000 -.00022620  00000-0  13156-2 0  1006
2 92857  53.0000   7.2000 0000000   0.0000 234.3600 15.12078246654796
STARLINK-1034
1 45588U 98065A   24217.50000000 -.00022620  00000-0  13156-2 0  1005
2 45588  53.0000   7.2000 0000000   0.0000 252.3600 15.12078246287852
STARLINK-1035
1 41463U 98065A   24217.50000000 -.00022620  00000-0  13156-2 0  1005
2 41463  53.0000   7.2000 0000000   0.0000 270.3600 15.12078246316310
STARLINK-1036
1 58617U 98065A   24217.50000000 -.00022620  00000-0  13156-2 0  1000
2 58617  53.0000   7.2000 0000000   0.0000 288.3600 15.12078246643142
STARLINK-1037
1 52609U 98065A   24217.50000000 -.00022620  00000-0  13156-2 0  1008
2 52609  53.0000   7.2000 0000000   0.0000 306.3600 15.12078246669695
STARLINK-1038
1 66596U 98065A   24217.50000000 -.00022620  00000-0  13156-2 0  1001
2 66596  53.0000   7.2000 0000000   0.0000 324.3600 15.12078246756434
STARLINK-1039
1 99095U 98065A   24217.50000000 -.00022620  00000-0  13156-2 0  1004
2 99095  53.0000   7.2000 0000000   0.0000 342.3600 15.12078246100384
STARLINK-1040
1 58945U 98065A   24217.50000000 -.00022620  00000-0  13156-2 0  1008
2 58945  53.0000  14.4000 0000000   0.0000   0.7200 15.12078246998542
STARLINK-1041
1 89317U 98065A   24217.50000000 -.00022620  00000-0  13156-2 0  1002
2 89317  53.0000  14.4000 0000000   0.0000  18.7200 15.12078246564558
STARLINK-1042
1 49205U 98065A   24217.50000000 -.00022620  00000-0  13156-2 0  1006
2 49205  53.0000  14.4000 0000000   0.0000  36.7200 15.12078246561831
STARLINK-1043
1 89011U 98065A   24217.50000000 -.00022620  00000-0  13156-2 0  1002
2 89011  53.0000  14.4000 0000000   0.0000  54.7200 15.12078246288002
STARLINK-1044
1 25960U 98065A   24217.50000000 -.00022620  00000-0  13156-2 0  1005
2 25960  53.0000  14.4000 0000000   0.0000  72.7200 15.12078246853955
STARLINK-1045
1 74641U 98065A   24217.50000000 -.00022620  00000-0  13156-2 0  1006
2 74641  53.0000  14.4000 0000000   0.0000  90.7200 15.12078246473466
STARLINK-1046
1 97862U 98065A   24217.50000000 -.00022620  00000-0  13156-2 0  1008
2 97862  53.0000  14.4000 0000000   0.0000 108.7200 15.12078246451256
STARLINK-1047
1 61616U 98065A   24217.50000000 -.00022620  00000-0  13156-2 0  1003
2 61616  53.0000  14.4000 0000000   0.0000 126.7200 15.12078246162212
STARLINK-1048
1 76112U 98065A   24217.50000000 -.00022620  00000-0  13156-2 0  1005
2 76112  53.0000  14.4000 0000000   0.0000 144.7200 15.12078246826724
STARLINK-1049
1 74717U 98065A   24217.50000000 -.00022620  00000-0  13156-2 0  1001
2 74717  53.0000  14.4000 0000000   0.0000 162.7200 15.12078246968161
STARLINK-1050
1 70534U 98065A   24217.50000000 -.00022620  00000-0  13156-2 0  1003
2 70534  53.0000  14.4000 0000000   0.0000 180.7200 15.12078246584487
STARLINK-1051
1 37822U 98065A   24217.50000000 -.00022620  00000-0  13156-2 0  1006
2 37822  53.0000  14.4000 0000000   0.0000 198.7200 15.12078246237614
STARLINK-1052
1 93736U 98065A   24217.50000000 -.00022620  00000-0  13156-2 0  1007
2 93736  53.0000  14.4000 0000000   0.0000 216.7200 15.12078246408973
STARLINK-1053
1 70905U 98065A   24217.50000000 -.00022620  00000-0  13156-2 0  1002
2 70905  53.0000  14.4000 0000000   0.0000 234.7200 15.12078246136107
STARLINK-1054
1 73113U 98065A   24217.50000000 -.00022620  00000-0  13156-2 0  1002
2 73113  53.0000  14.4000 0000000   0.0000 252.7200 15.12078246609475
STARLINK-1055
1 11325U 98065A   24217.50000000 -.00022620  00000-0  13156-2 0  1003
2 11325  53.0000  14.4000 0000000   0.0000 270.7200 15.12078246773573
STARLINK-1056
1 15033U 98065A   24217.50000000 -.00022620  00000-0  13156-2 0  1002
2 15033  53.0000  14.4000 0000000   0.0000 288.7200 15.12078246772348
STARLINK-1057
1 58125U 98065A   24217.50000000 -.00022620  00000-0  13156-2 0  1008
2 58125  53.0000  14.4000 0000000   0.0000 306.7200 15.12078246760916
STARLINK-1058
1 59822U 98065A   24217.50000000 -.00022620  00000-0  13156-2 0  1002
2 59822  53.0000  14.4000 0000000   0.0000 324.7200 15.12078246141786
STARLINK-1059
1 62546U 98065A   24217.50000000 -.00022620  00000-0  13156-2 0  1006
2 62546  53.0000  14.4000 0000000   0.0000 342.7200 15.12078246575051
STARLINK-1060
1 77190U 98065A   24217.50000000 -.00022620  00000-0  13156-2 0  1006
2 77190  53.0000  21.6000 0000000   0.0000   1.0800 15.12078246481460
STARLINK-1061
1 14596U 98065A   24217.50000000 -.00022620  00000-0  13156-2 0  1007
2 14596  53.0000  21.6000 0000000   0.0000  19.0800 15.12078246543788
STARLINK-1062
1 47530U 98065A   24217.50000000 -.00022620  00000-0  13156-2 0  1007
2 47530  53.0000  21.6000 0000000   0.0000  37.0800 15.12078246338834
STARLINK-1063
1 12281U 98065A   24217.50000000 -.00022620  00000-0  13156-2 0  1001
2 12281  53.0000  21.6000 0000000   0.0000  55.0800 15.12078246678937
STARLINK-1064
1 66067U 98065A   24217.50000000 -.00022620  00000-0  13156-2 0  1000
2 66067  53.0000  21.6000 0000000   0.0000  73.0800 15.12078246537537
STARLINK-1065
1 69494U 98065A   24217.50000000 -.00022620  00000-0  13156-2 0  1003
2 69494  53.0000  21.6000 0000000   0.0000  91.0800 15.12078246953550
STARLINK-1066
1 76777U 98065A   24217.50000000 -.00022620  00000-0  13156-2 0  1007
2 76777  53.0000  21.6000 0000000   0.0000 109.0800 15.12078246578404
STARLINK-1067
1 46330U 98065A   24217.50000000 -.00022620  00000-0  13156-2 0  1006
2 46330  53.0000  21.6000 0000000   0.0000 127.0800 15.12078246301636
STARLINK-1068
1 44881U 98065A   24217.50000000 -.00022620  00000-0  13156-2 0  1004
2 44881  53.0000  21.6000 0000000   0.0000 145.0800 15.12078246928623
STARLINK-1069
1 64185U 98065A   24217.50000000 -.00022620  00000-0  13156-2 0  1005
2 64185  53.0000  21.6000 0000000   0.0000 163.0800 15.12078246856974
STARLINK-1070
1 50644U 98065A   24217.50000000 -.00022620  00000-0  13156-2 0  1001
2 50644  53.0000  21.6000 0000000   0.0000 181.0800 15.12078246649416
STARLINK-1071
1 27196U 98065A   24217.50000000 -.00022620  00000-0  13156-2 0  1006
2 27196  53.0000  21.6000 0000000   0.0000 199.0800 15.12078246468674
STARLINK-1072
1 85841U 98065A   24217.50000000 -.00022620  00000-0  13156-2 0  1006
2 85841  53.0000  21.6000 0000000   0.0000 217.0800 15.12078246775636
STARLINK-1073
1 20337U 98065A   24217.50000000 -.00022620  00000-0  13156-2 0  1001
2 20337  53.0000  21.6000 0000000   0.0000 235.0800 15.12078246722134
STARLINK-1074
1 72215U 98065A   24217.50000000 -.00022620  00000-0  13156-2 0  1001
2 72215  53.0000  21.6000 0000000   0.0000 253.0800 15.12078246153055
STARLINK-1075
1 78521U 98065A   24217.50000000 -.00022620  00000-0  13156-2 0  1008
2 78521  53.0000  21.6000 0000000   0.0000 271.0800 15.12078246675838
STARLINK-1076
1 78441U 98065A   24217.50000000 -.00022620  00000-0  13156-2 0  1004
2 78441  53.0000  21.6000 0000000   0.0000 289.0800 15.12078246362552
STARLINK-1077
1 69438U 98065A   24217.50000000 -.00022620  00000-0  13156-2 0  1000
2 69438  53.0000  21.6000 0000000   0.0000 307.0800 15.12078246496898
STARLINK-1078
1 65969U 98065A   24217.50000000 -.00022620  00000-0  13156-2 0  1001
2 65969  53.0000  21.6000 0000000   0.0000 325.0800 15.12078246153694
STARLINK-1079
1 55321U 98065A   24217.50000000 -.00022620  00000-0  13156-2 0  1000
2 55321  53.0000  21.6000 0000000   0.0000 343.0800 15.12078246880453
STARLINK-1080
1 51899U 98065A   24217.50000000 -.00022620  00000-0  13156-2 0  1000
2 51899  53.0000  28.8000 0000000   0.0000   1.4400 15.12078246974681
STARLINK-1081
1 99760U 98065A   24217.50000000 -.00022620  00000-0  13156-2 0  1003
2 99760  53.0000  28.8000 0000000   0.0000  19.4400 15.12078246644496
STARLINK-1082
1 16776U 98065A   24217.50000000 -.00022620  00000-0  13156-2 0  1000
2 16776  53.0000  28.8000 0000000   0.0000  37.4400 15.12078246768893
STARLINK-1083
1 78427U 98065A   24217.50000000 -.00022620  00000-0  13156-2 0  1001
2 78427  53.0000  28.8000 0000000   0.0000  55.4400 15.12078246605881
STARLINK-1084
1 98339U 98065A   24217.50000000 -.00022620  00000-0  13156-2 0  1002
2 98339  53.0000  28.8000 0000000   0.0000  73.4400 15.12078246194866
STARLINK-1085
1 32979U 98065A   24217.50000000 -.00022620  00000-0  13156-2 0  1001
2 32979  53.0000  28.8000 0000000   0.0000  91.4400 15.12078246157903
STARLINK-1086
1 94465U 98065A   24217.50000000 -.00022620  00000-0  13156-2 0  1007
2 94465  53.0000  28.8000 0000000   0.0000 109.4400 15.12078246193297
STARLINK-1087
1 69324U 98065A   24217.50000000 -.00022620  00000-0  13156-2 0  1007
2 69324  53.0000  28.8000 0000000   0.0000 127.4400 15.12078246911063
STARLINK-1088
1 80731U 98065A   24217.50000000 -.00022620  00000-0  13156-2 0  1008
2 80731  53.0000  28.8000 0000000   0.0000 145.4400 15.12078246907525
STARLINK-1089
1 66573U 98065A   24217.50000000 -.00022620  00000-0  13156-2 0  1008
2 66573  53.0000  28.8000 0000000   0.0000 163.4400 15.12078246769243
STARLINK-1090
1 74767U 98065A   24217.50000000 -.00022620  00000-0  13156-2 0  1005
2 74767  53.0000  28.8000 0000000   0.0000 181.4400 15.12078246982710
STARLINK-1091
1 80054U 98065A   24217.50000000 -.00022620  00000-0  13156-2 0  1002
2 80054  53.0000  28.8000 0000000   0.0000 199.4400 15.12078246720588
STARLINK-1092
1 15424U 98065A   24217.50000000 -.00022620  00000-0  13156-2 0  1002
2 15424  53.0000  28.8000 0000000   0.0000 217.4400 15.12078246682388
STARLINK-1093
1 18805U 98065A   24217.50000000 -.00022620  00000-0  13156-2 0  1005
2 18805  53.0000  28.8000 0000000   0.0000 235.4400 15.12078246800835
STARLINK-1094
1 80403U 98065A   24217.50000000 -.00022620  00000-0  13156-2 0  1001
2 80403  53.0000  28.8000 0000000   0.0000 253.4400 15.12078246819877
STARLINK-1095
1 38855U 98065A   24217.50000000 -.00022620  00000-0  13156-2 0  1000
2 38855  53.0000  28.8000 0000000   0.0000 271.4400 15.12078246969145
STARLINK-1096
1 43451U 98065A   24217.50000000 -.00022620  00000-0  13156-2 0  1005
2 43451  53.0000  28.8000 0000000   0.0000 289.4400 15.12078246183054
STARLINK-1097
1 39816U 98065A   24217.50000000 -.00022620  00000-0  13156-2 0  1007
2 39816  53.0000  28.8000 0000000   0.0000 307.4400 15.12078246395116
STARLINK-1098
1 25109U 98065A   24217.50000000 -.00022620  00000-0  13156-2 0  1004
2 25109  53.0000  28.8000 0000000   0.0000 325.4400 15.12078246308846
STARLINK-1099
1 30260U 98065A   24217.50000000 -.00022620  00000-0  13156-2 0  1007
2 30260  53.0000  28.8000 0000000   0.0000 343.4400 15.12078246142951
STARLINK-1100
1 87847U 98065A   24217.50000000 -.00022620  00000-0  13156-2 0  1003
2 87847  53.0000  36.0000 0000000   0.0000   1.8000 15.12078246523912
STARLINK-1101
1 62706U 98065A   24217.50000000 -.00022620  00000-0  13156-2 0  1003
2 62706  53.0000  36.0000 0000000   0.0000  19.8000 15.12078246162480
STARLINK-1102
1 87101U 98065A   24217.50000000 -.00022620  00000-0  13156-2 0  1006
2 87101  53.0000  36.0000 0000000   0.0000  37.8000 15.12078246974268
STARLINK-1103
1 20543U 98065A   24217.50000000 -.00022620  00000-0  13156-2 0  1002
2 20543  53.0000  36.0000 0000000   0.0000  55.8000 15.12078246352293
STARLINK-1104
1 50239U 98065A   24217.50000000 -.00022620  00000-0  13156-2 0  1008
2 50239  53.0000  36.0000 0000000   0.0000  73.8000 15.12078246141314
STARLINK-1105
1 86448U 98065A   24217.50000000 -.00022620  00000-0  13156-2 0  1000
2 86448  53.0000  36.0000 0000000   0.0000  91.8000 15.12078246440870
STARLINK-1106
1 21159U 98065A   24217.50000000 -.00022620  00000-0  13156-2 0  1007
2 21159  53.0000  36.0000 0000000   0.0000 109.8000 15.12078246614965
STARLINK-1107
1 75615U 98065A   24217.50000000 -.00022620  00000-0  13156-2 0  1000
2 75615  53.0000  36.0000 0000000   0.0000 127.8000 15.12078246602323
STARLINK-1108
1 49182U 98065A   24217.50000000 -.00022620  00000-0  13156-2 0  1000
2 49182  53.0000  36.0000 0000000   0.0000 145.8000 15.12078246347206
STARLINK-1109
1 36492U 98065A   24217.50000000 -.00022620  00000-0  13156-2 0  1002
2 36492  53.0000  36.0000 0000000   0.0000 163.8000 15.12078246780486
STARLINK-1110
1 41585U 98065A   24217.50000000 -.00022620  00000-0  13156-2 0  1008
2 41585  53.0000  36.0000 0000000   0.0000 181.8000 15.12078246313844
STARLINK-1111
1 97792U 98065A   24217.50000000 -.00022620  00000-0  13156-2 0  1006
2 97792  53.0000  36.0000 0000000   0.0000 199.8000 15.12078246947280
STARLINK-1112
1 89253U 98065A   24217.50000000 -.00022620  00000-0  13156-2 0  1008
2 89253  53.0000  36.0000 0000000   0.0000 217.8000 15.12078246193248
STARLINK-1113
1 22735U 98065A   24217.50000000 -.00022620  00000-0  13156-2 0  1008
2 22735  53.0000  36.0000 0000000   0.0000 235.8000 15.12078246531125
STARLINK-1114
1 16540U 98065A   24217.50000000 -.00022620  00000-0  13156-2 0  1003
2 16540  53.0000  36.0000 0000000   0.0000 253.8000 15.12078246600434
STARLINK-1115
1 97397U 98065A   24217.50000000 -.00022620  00000-0  13156-2 0  1003
2 97397  53.0000  36.0000 0000000   0.0000 271.8000 15.12078246258680
STARLINK-1116
1 50164U 98065A   24217.50000000 -.00022620  00000-0  13156-2 0  1002
2 50164  53.0000  36.0000 0000000   0.0000 289.8000 15.12078246921511
STARLINK-1117
1 82767U 98065A   24217.50000000 -.00022620  00000-0  13156-2 0  1002
2 82767  53.0000  36.0000 0000000   0.0000 307.8000 15.12078246594200
STARLINK-1118
1 27197U 98065A   24217.50000000 -.00022620  00000-0  13156-2 0  1005
2 27197  53.0000  36.0000 0000000   0.0000 325.8000 15.12078246823246
STARLINK-1119
1 65137U 98065A   24217.50000000 -.00022620  00000-0  13156-2 0  1006
2 65137  53.0000  36.0000 0000000   0.0000 343.8000 15.12078246200664
STARLINK-1120
1 65419U 98065A   24217.50000000 -.00022620  00000-0  13156-2 0  1002
2 65419  53.0000  43.2000 0000000   0.0000   2.1600 15.12078246884528
STARLINK-1121
1 31108U 98065A   24217.50000000 -.00022620  00000-0  13156-2 0  1004
2 31108  53.0000  43.2000 0000000   0.0000  20.1600 15.12078246796136
STARLINK-1122
1 43980U 98065A   24217.50000000 -.00022620  00000-0  13156-2 0  1002
2 43980  53.0000  43.2000 0000000   0.0000  38.1600 15.12078246280790
STARLINK-1123
1 32870U 98065A   24217.50000000 -.00022620  00000-0  13156-2 0  1008
2 32870  53.0000  43.2000 0000000   0.0000  56.1600 15.12078246694145
STARLINK-1124
1 16305U 98065A   24217.50000000 -.00022620  00000-0  13156-2 0  1003
2 16305  53.0000  43.2000 0000000   0.0000  74.1600 15.12078246584824
STARLINK-1125
1 45083U 98065A   24217.50000000 -.00022620  00000-0  13156-2 0  1005
2 45083  53.0000  43.2000 0000000   0.0000  92.1600 15.12078246302027
STARLINK-1126
1 86441U 98065A   24217.50000000 -.00022620  00000-0  13156-2 0  1000
2 86441  53.0000  43.2000 0000000   0.0000 110.1600 15.12078246976592
STARLINK-1127
1 48661U 98065A   24217.50000000 -.00022620  00000-0  13156-2 0  1001
2 48661  53.0000  43.2000 0000000   0.0000 128.1600 15.12078246899876
STARLINK-1128
1 77898U 98065A   24217.50000000 -.00022620  00000-0  13156-2 0  1001
2 77898  53.0000  43.2000 0000000   0.0000 146.1600 15.12078246238570
STARLINK-1129
1 42966U 98065A   24217.50000000 -.00022620  00000-0  13156-2 0  1007
2 42966  53.0000  43.2000 0000000   0.0000 164.1600 15.12078246484745
STARLINK-1130
1 30101U 98065A   24217.50000000 -.00022620  00000-0  13156-2 0  1001
2 30101  53.0000  43.2000 0000000   0.0000 182.1600 15.12078246109905
STARLINK-1131
1 38507U 98065A   24217.50000000 -.00022620  00000-0  13156-2 0  1000
2 38507  53.0000  43.2000 0000000   0.0000 200.1600 15.12078246412165
STARLINK-1132
1 75823U 98065A   24217.50000000 -.00022620  00000-0  13156-2 0  1004
2 75823  53.0000  43.2000 0000000   0.0000 218.1600 15.12078246631236
STARLINK-1133
1 53478U 98065A   24217.50000000 -.00022620  00000-0  13156-2 0  1006
2 53478  53.0000  43.2000 0000000   0.0000 236.1600 15.12078246918746
STARLINK-1134
1 48645U 98065A   24217.50000000 -.00022620  00000-0  13156-2 0  1001
2 48645  53.0000  43.2000 0000000   0.0000 254.1600 15.12078246644243
STARLINK-1135
1 21274U 98065A   24217.50000000 -.00022620  00000-0  13156-2 0  1002
2 21274  53.0000  43.2000 0000000   0.0000 272.1600 15.12078246881724
STARLINK-1136
1 86710U 98065A   24217.50000000 -.00022620  00000-0  13156-2 0  1004
2 86710  53.0000  43.2000 0000000   0.0000 290.1600 15.12078246581840
STARLINK-1137
1 12172U 98065A   24217.50000000 -.00022620  00000-0  13156-2 0  1002
2 12172  53.0000  43.2000 0000000   0.0000 308.1600 15.12078246357567
STARLINK-1138
1 49503U 98065A   24217.50000000 -.00022620  00000-0  13156-2 0  1003
2 49503  53.0000  43.2000 0000000   0.0000 326.1600 15.12078246209161
STARLINK-1139
1 41332U 98065A   24217.50000000 -.00022620  00000-0  13156-2 0  1005
2 41332  53.0000  43.2000 0000000   0.0000 344.1600 15.12078246739820
STARLINK-1140
1 72611U 98065A   24217.50000000 -.00022620  00000-0  13156-2 0  1008
2 72611  53.0000  50.4000 0000000   0.0000   2.5200 15.12078246970238
STARLINK-1141
1 25268U 98065A   24217.50000000 -.00022620  00000-0  13156-2 0  1004
2 25268  53.0000  50.4000 0000000   0.0000  20.5200 15.12078246879036
STARLINK-1142
1 94463U 98065A   24217.50000000 -.00022620  00000-0  13156-2 0  1000
2 94463  53.0000  50.4000 0000000   0.0000  38.5200 15.12078246592770
STARLINK-1143
1 99401U 98065A   24217.50000000 -.00022620  00000-0  13156-2 0  1007
2 99401  53.0000  50.4000 0000000   0.0000  56.5200 15.12078246753923
STARLINK-1144
1 80156U 98065A   24217.50000000 -.00022620  00000-0  13156-2 0  1007
2 80156  53.0000  50.4000 0000000   0.0000  74.5200 15.12078246613508
STARLINK-1145
1 90585U 98065A   24217.50000000 -.00022620  00000-0  13156-2 0  1003
2 90585  53.0000  50.4000 0000000   0.0000  92.5200 15.12078246554278
STARLINK-1146
1 95599U 98065A   24217.50000000 -.00022620  00000-0  13156-2 0  1003
2 95599  53.0000  50.4000 0000000   0.0000 110.5200 15.12078246180916
STARLINK-1147
1 59065U 98065A   24217.50000000 -.00022620  00000-0  13156-2 0  1006
2 59065  53.0000  50.4000 0000000   0.0000 128.5200 15.12078246177773
STARLINK-1148
1 43522U 98065A   24217.50000000 -.00022620  00000-0  13156-2 0  1004
2 43522  53.0000  50.4000 0000000   0.0000 146.5200 15.12078246775375
STARLINK-1149
1 90514U 98065A   24217.50000000 -.00022620  00000-0  13156-2 0  1004
2 90514  53.0000  50.4000 0000000   0.0000 164.5200 15.12078246488125
STARLINK-1150
1 95537U 98065A   24217.50000000 -.00022620  00000-0  13156-2 0  1007
2 95537  53.0000  50.4000 0000000   0.0000 182.5200 15.12078246975528
STARLINK-1151
1 95491U 98065A   24217.50000000 -.00022620  00000-0  13156-2 0  1006
2 95491  53.0000  50.4000 0000000   0.0000 200.5200 15.12078246700571
STARLINK-1152
1 77911U 98065A   24217.50000000 -.00022620  00000-0  13156-2 0  1002
2 77911  53.0000  50.4000 0000000   0.0000 218.5200 15.12078246465727
STARLINK-1153
1 94239U 98065A   24217.50000000 -.00022620  00000-0  13156-2 0  1007
2 94239  53.0000  50.4000 0000000   0.0000 236.5200 15.12078246395296
STARLINK-1154
1 23160U 98065A   24217.50000000 -.00022620  00000-0  13156-2 0  1004
2 23160  53.0000  50.4000 0000000   0.0000 254.5200 15.12078246308757
STARLINK-1155
1 29571U 98065A   24217.50000000 -.00022620  00000-0  13156-2 0  1000
2 29571  53.0000  50.4000 0000000   0.0000 272.5200 15.12078246830490
STARLINK-1156
1 51189U 98065A   24217.50000000 -.00022620  00000-0  13156-2 0  1001
2 51189  53.0000  50.4000 0000000   0.0000 290.5200 15.12078246265111
STARLINK-1157
1 11794U 98065A   24217.50000000 -.00022620  00000-0  13156-2 0  1000
2 11794  53.0000  50.4000 0000000   0.0000 308.5200 15.12078246104038
STARLINK-1158
1 86520U 98065A   24217.50000000 -.00022620  00000-0  13156-2 0  1007
2 86520  53.0000  50.4000 0000000   0.0000 326.5200 15.12078246199721
STARLINK-1159
1 30967U 98065A   24217.50000000 -.00022620  00000-0  13156-2 0  1001
2 30967  53.0000  50.4000 0000000   0.0000 344.5200 15.12078246302293
STARLINK-1160
1 21931U 98065A   24217.50000000 -.00022620  00000-0  13156-2 0  1004
2 21931  53.0000  57.6000 0000000   0.0000   2.8800 15.12078246569703
STARLINK-1161
1 13599U 98065A   24217.50000000 -.00022620  00000-0  13156-2 0  1001
2 13599  53.0000  57.6000 0000000   0.0000  20.8800 15.12078246733646
STARLINK-1162
1 39196U 98065A   24217.50000000 -.00022620  00000-0  13156-2 0  1005
2 39196  53.0000  57.6000 0000000   0.0000  38.8800 15.12078246944677
STARLINK-1163
1 58030U 98065A   24217.50000000 -.00022620  00000-0  13156-2 0  1006
2 58030  53.0000  57.6000 0000000   0.0000  56.8800 15.12078246530731
STARLINK-1164
1 87878U 98065A   24217.50000000 -.00022620  00000-0  13156-2 0  1008
2 87878  53.0000  57.6000 0000000   0.0000  74.8800 15.12078246917418
STARLINK-1165
1 56934U 98065A   24217.50000000 -.00022620  00000-0  13156-2 0  1002
2 56934  53.0000  57.6000 0000000   0.0000  92.8800 15.12078246761780
STARLINK-1166
1 29584U 98065A   24217.50000000 -.00022620  00000-0  13156-2 0  1004
2 29584  53.0000  57.6000 0000000   0.0000 110.8800 15.12078246248954
STARLINK-1167
1 89973U 98065A   24217.50000000 -.00022620  00000-0  13156-2 0  1001
2 89973  53.0000  57.6000 0000000   0.0000 128.8800 15.12078246499660
STARLINK-1168
1 32831U 98065A   24217.50000000 -.00022620  00000-0  13156-2 0  1002
2 32831  53.0000  57.6000 0000000   0.0000 146.8800 15.12078246104521
STARLINK-1169
1 34944U 98065A   24217.50000000 -.00022620  00000-0  13156-2 0  1005
2 34944  53.0000  57.6000 0000000   0.0000 164.8800 15.12078246799545
STARLINK-1170
1 44034U 98065A   24217.50000000 -.00022620  00000-0  13156-2 0  1000
2 44034  53.0000  57.6000 0000000   0.0000 182.8800 15.12078246454452
STARLINK-1171
1 26017U 98065A   24217.50000000 -.00022620  00000-0  13156-2 0  1002
2 26017  53.0000  57.6000 0000000   0.0000 200.8800 15.12078246936008
STARLINK-1172
1 46012U 98065A   24217.50000000 -.00022620  00000-0  13156-2 0  1003
2 46012  53.0000  57.6000 0000000   0.0000 218.8800 15.12078246154015
STARLINK-1173
1 82521U 98065A   24217.50000000 -.00022620  00000-0  13156-2 0  1006
2 82521  53.0000  57.6000 0000000   0.0000 236.8800 15.12078246202052
STARLINK-1174
1 23680U 98065A   24217.50000000 -.00022620  00000-0  13156-2 0  1002
2 23680  53.0000  57.6000 0000000   0.0000 254.8800 15.12078246562820
STARLINK-1175
1 77134U 98065A   24217.50000000 -.00022620  00000-0  13156-2 0  1005
2 77134  53.0000  57.6000 0000000   0.0000 272.8800 15.12078246226217
STARLINK-1176
1 86290U 98065A   24217.50000000 -.00022620  00000-0  13156-2 0  1007
2 86290  53.0000  57.6000 0000000   0.0000 290.8800 15.12078246663434
STARLINK-1177
1 45948U 98065A   24217.50000000 -.00022620  00000-0  13156-2 0  1002
2 45948  53.0000  57.6000 0000000   0.0000 308.8800 15.12078246941295
STARLINK-1178
1 82210U 98065A   24217.50000000 -.00022620  00000-0  13156-2 0  1002
2 82210  53.0000  57.6000 0000000   0.0000 326.8800 15.12078246523937
STARLINK-1179
1 10583U 98065A   24217.50000000 -.00022620  00000-0  13156-2 0  1004
2 10583  53.0000  57.6000 0000000   0.0000 344.8800 15.12078246122697
STARLINK-1180
1 90578U 98065A   24217.50000000 -.00022620  00000-0  13156-2 0  1006
2 90578  53.0000  64.8000 0000000   0.0000   3.2400 15.12078246262600
STARLINK-1181
1 80453U 98065A   24217.50000000 -.00022620  00000-0  13156-2 0  1005
2 80453  53.0000  64.8000 0000000   0.0000  21.2400 15.12078246229242
STARLINK-1182
1 82939U 98065A   24217.50000000 -.00022620  00000-0  13156-2 0  1008
2 82939  53.0000  64.8000 0000000   0.0000  39.2400 15.12078246935653
STARLINK-1183
1 98786U 98065A   24217.50000000 -.00022620  00000-0  13156-2 0  1001
2 98786  53.0000  64.8000 0000000   0.0000  57.2400 15.12078246288980
STARLINK-1184
1 80923U 98065A   24217.50000000 -.00022620  00000-0  13156-2 0  1004
2 80923  53.0000  64.8000 0000000   0.0000  75.2400 15.12078246382034
STARLINK-1185
1 28958U 98065A   24217.50000000 -.00022620  00000-0  13156-2 0  1008
2 28958  53.0000  64.8000 0000000   0.0000  93.2400 15.12078246263316
STARLINK-1186
1 34067U 98065A   24217.50000000 -.00022620  00000-0  13156-2 0  1003
2 34067  53.0000  64.8000 0000000   0.0000 111.2400 15.12078246922356
STARLINK-1187
1 13420U 98065A   24217.50000000 -.00022620  00000-0  13156-2 0  1007
2 13420  53.0000  64.8000 0000000   0.0000 129.2400 15.12078246271151
STARLINK-1188
1 58040U 98065A   24217.50000000 -.00022620  00000-0  13156-2 0  1000
2 58040  53.0000  64.8000 0000000   0.0000 147.2400 15.12078246670278
STARLINK-1189
1 83171U 98065A   24217.50000000 -.00022620  00000-0  13156-2 0  1003
2 83171  53.0000  64.8000 0000000   0.0000 165.2400 15.12078246992848
STARLINK-1190
1 27487U 98065A   24217.50000000 -.00022620  00000-0  13156-2 0  1008
2 27487  53.0000  64.8000 0000000   0.0000 183.2400 15.12078246389458
STARLINK-1191
1 62948U 98065A   24217.50000000 -.00022620  00000-0  13156-2 0  1001
2 62948  53.0000  64.8000 0000000   0.0000 201.2400 15.12078246806638
STARLINK-1192
1 64848U 98065A   24217.50000000 -.00022620  00000-0  13156-2 0  1007
2 64848  53.0000  64.8000 0000000   0.0000 219.2400 15.12078246388957
STARLINK-1193
1 16870U 98065A   24217.50000000 -.00022620  00000-0  13156-2 0  1002
2 16870  53.0000  64.8000 0000000   0.0000 237.2400 15.12078246547523
STARLINK-1194
1 33084U 98065A   24217.50000000 -.00022620  00000-0  13156-2 0  1000
2 33084  53.0000  64.8000 0000000   0.0000 255.2400 15.12078246131868
STARLINK-1195
1 15157U 98065A   24217.50000000 -.00022620  00000-0  13156-2 0  1004
2 15157  53.0000  64.8000 0000000   0.0000 273.2400 15.12078246617364
STARLINK-1196
1 28342U 98065A   24217.50000000 -.00022620  00000-0  13156-2 0  1000
2 28342  53.0000  64.8000 0000000   0.0000 291.2400 15.12078246275521
STARLINK-1197
1 91471U 98065A   24217.50000000 -.00022620  00000-0  13156-2 0  1005
2 91471  53.0000  64.8000 0000000   0.0000 309.2400 15.12078246882000
STARLINK-1198
1 48051U 98065A   24217.50000000 -.00022620  00000-0  13156-2 0  1000
2 48051  53.0000  64.8000 0000000   0.0000 327.2400 15.12078246701305
STARLINK-1199
1 14070U 98065A   24217.50000000 -.00022620  00000-0  13156-2 0  1007
2 14070  53.0000  64.8000 0000000   0.0000 345.2400 15.12078246680966
STARLINK-1200
1 24945U 98065A   24217.50000000 -.00022620  00000-0  13156-2 0  1005
2 24945  53.0000  72.0000 0000000   0.0000   3.6000 15.12078246658257
STARLINK-1201
1 42138U 98065A   24217.50000000 -.00022620  00000-0  13156-2 0  1001
2 42138  53.0000  72.0000 0000000   0.0000  21.6000 15.12078246872457
STARLINK-1202
1 38669U 98065A   24217.50000000 -.00022620  00000-0  13156-2 0  1006
2 38669  53.0000  72.0000 0000000   0.0000  39.6000 15.12078246568714
STARLINK-1203
1 82974U 98065A   24217.50000000 -.00022620  00000-0  13156-2 0  1008
2 82974  53.0000  72.0000 0000000   0.0000  57.6000 15.12078246439620
STARLINK-1204
1 55596U 98065A   24217.50000000 -.00022620  00000-0  13156-2 0  1007
2 55596  53.0000  72.0000 0000000   0.0000  75.6000 15.12078246225623
STARLINK-1205
1 72940U 98065A   24217.50000000 -.00022620  00000-0  13156-2 0  1007
2 72940  53.0000  72.0000 0000000   0.0000  93.6000 15.12078246232563
STARLINK-1206
1 46565U 98065A   24217.50000000 -.00022620  00000-0  13156-2 0  1007
2 46565  53.0000  72.0000 0000000   0.0000 111.6000 15.12078246301252
STARLINK-1207
1 21000U 98065A   24217.50000000 -.00022620  00000-0  13156-2 0  1002
2 21000  53.0000  72.0000 0000000   0.0000 129.6000 15.12078246606611
STARLINK-1208
1 58347U 98065A   24217.50000000 -.00022620  00000-0  13156-2 0  1003
2 58347  53.0000  72.0000 0000000   0.0000 147.6000 15.12078246347304
STARLINK-1209
1 98708U 98065A   24217.50000000 -.00022620  00000-0  13156-2 0  1008
2 98708  53.0000  72.0000 0000000   0.0000 165.6000 15.12078246104783
STARLINK-1210
1 52943U 98065A   24217.50000000 -.00022620  00000-0  13156-2 0  1000
2 52943  53.0000  72.0000 0000000   0.0000 183.6000 15.12078246255862
STARLINK-1211
1 60133U 98065A   24217.50000000 -.00022620  00000-0  13156-2 0  1008
2 60133  53.0000  72.0000 0000000   0.0000 201.6000 15.12078246251044
STARLINK-1212
1 26481U 98065A   24217.50000000 -.00022620  00000-0  13156-2 0  1001
2 26481  53.0000  72.0000 0000000   0.0000 219.6000 15.12078246887048
STARLINK-1213
1 15632U 98065A   24217.50000000 -.00022620  00000-0  13156-2 0  1004
2 15632  53.0000  72.0000 0000000   0.0000 237.6000 15.12078246154247
STARLINK-1214
1 77999U 98065A   24217.50000000 -.00022620  00000-0  13156-2 0  1001
2 77999  53.0000  72.0000 0000000   0.0000 255.6000 15.12078246507660
STARLINK-1215
1 30626U 98065A   24217.50000000 -.00022620  00000-0  13156-2 0  1007
2 30626  53.0000  72.0000 0000000   0.0000 273.6000 15.12078246958360
STARLINK-1216
1 96991U 98065A   24217.50000000 -.00022620  00000-0  13156-2 0  1007
2 96991  53.0000  72.0000 0000000   0.0000 291.6000 15.12078246953284
STARLINK-1217
1 22407U 98065A   24217.50000000 -.00022620  00000-0  13156-2 0  1006
2 22407  53.0000  72.0000 0000000   0.0000 309.6000 15.12078246457140
STARLINK-1218
1 43857U 98065A   24217.50000000 -.00022620  00000-0  13156-2 0  1002
2 43857  53.0000  72.0000 0000000   0.0000 327.6000 15.12078246189490
STARLINK-1219
1 79252U 98065A   24217.50000000 -.00022620  00000-0  13156-2 0  1003
2 79252  53.0000  72.0000 0000000   0.0000 345.6000 15.12078246456156
STARLINK-1220
1 43499U 98065A   24217.50000000 -.00022620  00000-0  13156-2 0  1006
2 43499  53.0000  79.2000 0000000   0.0000   3.9600 15.12078246612114
STARLINK-1221
1 54217U 98065A   24217.50000000 -.00022620  00000-0  13156-2 0  1000
2 54217  53.0000  79.2000 0000000   0.0000  21.9600 15.12078246176846
STARLINK-1222
1 45714U 98065A   24217.50000000 -.00022620  00000-0  13156-2 0  1004
2 45714  53.0000  79.2000 0000000   0.0000  39.9600 15.12078246214421
STARLINK-1223
1 86458U 98065A   24217.50000000 -.00022620  00000-0  13156-2 0  1004
2 86458  53.0000  79.2000 0000000   0.0000  57.9600 15.12078246193422
STARLINK-1224
1 23482U 98065A   24217.50000000 -.00022620  00000-0  13156-2 0  1007
2 23482  53.0000  79.2000 0000000   0.0000  75.9600 15.12078246818503
STARLINK-1225
1 14721U 98065A   24217.50000000 -.00022620  00000-0  13156-2 0  1004
2 14721  53.0000  79.2000 0000000   0.0000  93.9600 15.12078246343035
STARLINK-1226
1 94301U 98065A   24217.50000000 -.00022620  00000-0  13156-2 0  1005
2 94301  53.0000  79.2000 0000000   0.0000 111.9600 15.12078246173323
STARLINK-1227
1 60013U 98065A   24217.50000000 -.00022620  00000-0  13156-2 0  1007
2 60013  53.0000  79.2000 0000000   0.0000 129.9600 15.12078246669188
STARLINK-1228
1 78047U 98065A   24217.50000000 -.00022620  00000-0  13156-2 0  1004
2 78047  53.0000  79.2000 0000000   0.0000 147.9600 15.12078246898696
STARLINK-1229
1 93474U 98065A   24217.50000000 -.00022620  00000-0  13156-2 0  1004
2 93474  53.0000  79.2000 0000000   0.0000 165.9600 15.12078246774047
STARLINK-1230
1 69528U 98065A   24217.50000000 -.00022620  00000-0  13156-2 0  1005
2 69528  53.0000  79.2000 0000000   0.0000 183.9600 15.12078246454723
STARLINK-1231
1 65001U 98065A   24217.50000000 -.00022620  00000-0  13156-2 0  1002
2 65001  53.0000  79.2000 0000000   0.0000 201.9600 15.12078246597835
STARLINK-1232
1 88552U 98065A   24217.50000000 -.00022620  00000-0  13156-2 0  1005
2 88552  53.0000  79.2000 0000000   0.0000 219.9600 15.12078246657633
STARLINK-1233
1 89160U 98065A   24217.50000000 -.00022620  00000-0  13156-2 0  1004
2 89160  53.0000  79.2000 0000000   0.0000 237.9600 15.12078246889740
STARLINK-1234
1 84788U 98065A   24217.50000000 -.00022620  00000-0  13156-2 0  1008
2 84788  53.0000  79.2000 0000000   0.0000 255.9600 15.12078246358441
STARLINK-1235
1 36252U 98065A   24217.50000000 -.00022620  00000-0  13156-2 0  1005
2 36252  53.0000  79.2000 0000000   0.0000 273.9600 15.12078246179816
STARLINK-1236
1 83924U 98065A   24217.50000000 -.00022620  00000-0  13156-2 0  1008
2 83924  53.0000  79.2000 0000000   0.0000 291.9600 15.12078246137343
STARLINK-1237
1 16218U 98065A   24217.50000000 -.00022620  00000-0  13156-2 0  1001
2 16218  53.0000  79.2000 0000000   0.0000 309.9600 15.12078246308460
STARLINK-1238
1 78646U 98065A   24217.50000000 -.00022620  00000-0  13156-2 0  1008
2 78646  53.0000  79.2000 0000000   0.0000 327.9600 15.12078246207175
STARLINK-1239
1 43965U 98065A   24217.50000000 -.00022620  00000-0  13156-2 0  1008
2 43965  53.0000  79.2000 0000000   0.0000 345.9600 15.12078246559353
STARLINK-1240
1 62108U 98065A   24217.50000000 -.00022620  00000-0  13156-2 0  1001
2 62108  53.0000  86.4000 0000000   0.0000   4.3200 15.12078246466473
STARLINK-1241
1 11691U 98065A   24217.50000000 -.00022620  00000-0  13156-2 0  1006
2 11691  53.0000  86.4000 0000000   0.0000  22.3200 15.12078246503191
STARLINK-1242
1 95467U 98065A   24217.50000000 -.00022620  00000-0  13156-2 0  1000
2 95467  53.0000  86.4000 0000000   0.0000  40.3200 15.12078246777774
STARLINK-1243
1 64160U 98065A   24217.50000000 -.00022620  00000-0  13156-2 0  1003
2 64160  53.0000  86.4000 0000000   0.0000  58.3200 15.12078246949511
STARLINK-1244
1 20621U 98065A   24217.50000000 -.00022620  00000-0  13156-2 0  1005
2 20621  53.0000  86.4000 0000000   0.0000  76.3200 15.12078246882613
STARLINK-1245
1 10952U 98065A   24217.50000000 -.00022620  00000-0  13156-2 0  1004
2 10952  53.0000  86.4000 0000000   0.0000  94.3200 15.12078246614447
STARLINK-1246
1 88862U 98065A   24217.50000000 -.00022620  00000-0  13156-2 0  1008
2 88862  53.0000  86.4000 0000000   0.0000 112.3200 15.12078246618946
STARLINK-1247
1 11672U 98065A   24217.50000000 -.00022620  00000-0  13156-2 0  1007
2 11672  53.0000  86.4000 0000000   0.0000 130.3200 15.12078246484667
STARLINK-1248
1 27054U 98065A   24217.50000000 -.00022620  00000-0  13156-2 0  1003
2 27054  53.0000  86.4000 0000000   0.0000 148.3200 15.12078246454413
STARLINK-1249
1 46230U 98065A   24217.50000000 -.00022620  00000-0  13156-2 0  1003
2 46230  53.0000  86.4000 0000000   0.0000 166.3200 15.12078246279337
STARLINK-1250
1 74433U 98065A   24217.50000000 -.00022620  00000-0  13156-2 0  1004
2 74433  53.0000  86.4000 0000000   0.0000 184.3200 15.12078246956220
STARLINK-1251
1 82467U 98065A   24217.50000000 -.00022620  00000-0  13156-2 0  1005
2 82467  53.0000  86.4000 0000000   0.0000 202.3200 15.12078246411168
STARLINK-1252
1 71558U 98065A   24217.50000000 -.00022620  00000-0  13156-2 0  1000
2 71558  53.0000  86.4000 0000000   0.0000 220.3200 15.12078246706334
STARLINK-1253
1 62267U 98065A   24217.50000000 -.00022620  00000-0  13156-2 0  1003
2 62267  53.0000  86.4000 0000000   0.0000 238.3200 15.12078246392248
STARLINK-1254
1 78423U 98065A   24217.50000000 -.00022620  00000-0  13156-2 0  1003
2 78423  53.0000  86.4000 0000000   0.0000 256.3200 15.12078246431092
STARLINK-1255
1 50830U 98065A   24217.50000000 -.00022620  00000-0  13156-2 0  1000
2 50830  53.0000  86.4000 0000000   0.0000 274.3200 15.12078246776321
STARLINK-1256
1 79954U 98065A   24217.50000000 -.00022620  00000-0  13156-2 0  1006
2 79954  53.0000  86.4000 0000000   0.0000 292.3200 15.12078246339802
STARLINK-1257
1 22607U 98065A   24217.50000000 -.00022620  00000-0  13156-2 0  1003
2 22607  53.0000  86.4000 0000000   0.0000 310.3200 15.12078246757902
STARLINK-1258
1 53558U 98065A   24217.50000000 -.00022620  00000-0  13156-2 0  1000
2 53558  53.0000  86.4000 0000000   0.0000 328.3200 15.12078246485382
STARLINK-1259
1 35631U 98065A   24217.50000000 -.00022620  00000-0  13156-2 0  1000
2 35631  53.0000  86.4000 0000000   0.0000 346.3200 15.12078246592216
STARLINK-1260
1 39682U 98065A   24217.50000000 -.00022620  00000-0  13156-2 0  1005
2 39682  53.0000  93.6000 0000000   0.0000   4.6800 15.12078246308768
STARLINK-1261
1 61814U 98065A   24217.50000000 -.00022620  00000-0  13156-2 0  1007
2 61814  53.0000  93.6000 0000000   0.0000  22.6800 15.12078246730175
STARLINK-1262
1 63408U 98065A   24217.50000000 -.00022620  00000-0  13156-2 0  1003
2 63408  53.0000  93.6000 0000000   0.0000  40.6800 15.12078246383487
STARLINK-1263
1 48231U 98065A   24217.50000000 -.00022620  00000-0  13156-2 0  1004
2 48231  53.0000  93.6000 0000000   0.0000  58.6800 15.12078246464038
STARLINK-1264
1 10919U 98065A   24217.50000000 -.00022620  00000-0  13156-2 0  1005
2 10919  53.0000  93.6000 0000000   0.0000  76.6800 15.12078246136921
STARLINK-1265
1 40193U 98065A   24217.50000000 -.00022620  00000-0  13156-2 0  1008
2 40193  53.0000  93.6000 0000000   0.0000  94.6800 15.12078246898934
STARLINK-1266
1 74980U 98065A   24217.50000000 -.00022620  00000-0  13156-2 0  1006
2 74980  53.0000  93.6000 0000000   0.0000 112.6800 15.12078246882974
STARLINK-1267
1 36978U 98065A   24217.50000000 -.00022620  00000-0  13156-2 0  1004
2 36978  53.0000  93.6000 0000000   0.0000 130.6800 15.12078246637996
STARLINK-1268
1 92946U 98065A   24217.50000000 -.00022620  00000-0  13156-2 0  1005
2 92946  53.0000  93.6000 0000000   0.0000 148.6800 15.12078246612026
STARLINK-1269
1 89618U 98065A   24217.50000000 -.00022620  00000-0  13156-2 0  1006
2 89618  53.0000  93.6000 0000000   0.0000 166.6800 15.12078246524371
STARLINK-1270
1 12345U 98065A   24217.50000000 -.00022620  00000-0  13156-2 0  1005
2 12345  53.0000  93.6000 0000000   0.0000 184.6800 15.12078246449654
STARLINK-1271
1 51042U 98065A   24217.50000000 -.00022620  00000-0  13156-2 0  1005
2 51042  53.0000  93.6000 0000000   0.0000 202.6800 15.12078246801411
STARLINK-1272
1 46841U 98065A   24217.50000000 -.00022620  00000-0  13156-2 0  1008
2 46841  53.0000  93.6000 0000000   0.0000 220.6800 15.12078246926195
STARLINK-1273
1 69161U 98065A   24217.50000000 -.00022620  00000-0  13156-2 0  1002
2 69161  53.0000  93.6000 0000000   0.0000 238.6800 15.12078246601921
STARLINK-1274
1 15183U 98065A   24217.50000000 -.00022620  00000-0  13156-2 0  1000
2 15183  53.0000  93.6000 0000000   0.0000 256.6800 15.12078246748454
STARLINK-1275
1 63410U 98065A   24217.50000000 -.00022620  00000-0  13156-2 0  1001
2 63410  53.0000  93.6000 0000000   0.0000 274.6800 15.12078246247845
STARLINK-1276
1 82759U 98065A   24217.50000000 -.00022620  00000-0  13156-2 0  1000
2 82759  53.0000  93.6000 0000000   0.0000 292.6800 15.12078246165077
STARLINK-1277
1 54621U 98065A   24217.50000000 -.00022620  00000-0  13156-2 0  1007
2 54621  53.0000  93.6000 0000000   0.0000 310.6800 15.12078246551876
STARLINK-1278
1 48314U 98065A   24217.50000000 -.00022620  00000-0  13156-2 0  1002
2 48314  53.0000  93.6000 0000000   0.0000 328.6800 15.12078246801643
STARLINK-1279
1 76683U 98065A   24217.50000000 -.00022620  00000-0  13156-2 0  1000
2 76683  53.0000  93.6000 0000000   0.0000 346.6800 15.12078246636542
STARLINK-1280
1 88048U 98065A   24217.50000000 -.00022620  00000-0  13156-2 0  1007
2 88048  53.0000 100.8000 0000000   0.0000   5.0400 15.12078246619504
STARLINK-1281
1 38444U 98065A   24217.50000000 -.00022620  00000-0  13156-2 0  1007
2 38444  53.0000 100.8000 0000000   0.0000  23.0400 15.12078246884554
STARLINK-1282
1 56944U 98065A   24217.50000000 -.00022620  00000-0  13156-2 0  1007
2 56944  53.0000 100.8000 0000000   0.0000  41.0400 15.12078246742480
STARLINK-1283
1 56501U 98065A   24217.50000000 -.00022620  00000-0  13156-2 0  1005
2 56501  53.0000 100.8000 0000000   0.0000  59.0400 15.12078246488968
STARLINK-1284
1 20099U 98065A   24217.50000000 -.00022620  00000-0  13156-2 0  1007
2 20099  53.0000 100.8000 0000000   0.0000  77.0400 15.12078246577246
STARLINK-1285
1 96307U 98065A   24217.50000000 -.00022620  00000-0  13156-2 0  1006
2 96307  53.0000 100.8000 0000000   0.0000  95.0400 15.12078246960842
STARLINK-1286
1 77974U 98065A   24217.50000000 -.00022620  00000-0  13156-2 0  1006
2 77974  53.0000 100.8000 0000000   0.0000 113.0400 15.12078246750170
STARLINK-1287
1 92228U 98065A   24217.50000000 -.00022620  00000-0  13156-2 0  1003
2 92228  53.0000 100.8000 0000000   0.0000 131.0400 15.12078246210072
STARLINK-1288
1 69532U 98065A   24217.50000000 -.00022620  00000-0  13156-2 0  1000
2 69532  53.0000 100.8000 0000000   0.0000 149.0400 15.12078246438277
STARLINK-1289
1 90955U 98065A   24217.50000000 -.00022620  00000-0  13156-2 0  1005
2 90955  53.0000 100.8000 0000000   0.0000 167.0400 15.12078246808114
STARLINK-1290
1 29792U 98065A   24217.50000000 -.00022620  00000-0  13156-2 0  1006
2 29792  53.0000 100.8000 0000000   0.0000 185.0400 15.12078246786196
STARLINK-1291
1 51237U 98065A   24217.50000000 -.00022620  00000-0  13156-2 0  1005
2 51237  53.0000 100.8000 0000000   0.0000 203.0400 15.12078246579626
STARLINK-1292
1 74801U 98065A   24217.50000000 -.00022620  00000-0  13156-2 0  1000
2 74801  53.0000 100.8000 0000000   0.0000 221.0400 15.12078246506547
STARLINK-1293
1 18627U 98065A   24217.50000000 -.00022620  00000-0  13156-2 0  1004
2 18627  53.0000 100.8000 0000000   0.0000 239.0400 15.12078246208896
STARLINK-1294
1 59855U 98065A   24217.50000000 -.00022620  00000-0  13156-2 0  1000
2 59855  53.0000 100.8000 0000000   0.0000 257.0400 15.12078246491987
STARLINK-1295
1 32916U 98065A   24217.50000000 -.00022620  00000-0  13156-2 0  1000
2 32916  53.0000 100.8000 0000000   0.0000 275.0400 15.12078246145541
STARLINK-1296
1 33269U 98065A   24217.50000000 -.00022620  00000-0  13156-2 0  1008
2 33269  53.0000 100.8000 0000000   0.0000 293.0400 15.12078246229402
STARLINK-1297
1 92657U 98065A   24217.50000000 -.00022620  00000-0  13156-2 0  1005
2 92657  53.0000 100.8000 0000000   0.0000 311.0400 15.12078246807522
STARLINK-1298
1 99894U 98065A   24217.50000000 -.00022620  00000-0  13156-2 0  1005
2 99894  53.0000 100.8000 0000000   0.0000 329.0400 15.12078246409086
STARLINK-1299
1 99707U 98065A   24217.50000000 -.00022620  00000-0  13156-2 0  1006
2 99707  53.0000 100.8000 0000000   0.0000 347.0400 15.12078246566626
STARLINK-1300
1 92937U 98065A   24217.50000000 -.00022620  00000-0  13156-2 0  1000
2 92937  53.0000 108.0000 0000000   0.0000   5.4000 15.12078246434012
STARLINK-1301
1 16157U 98065A   24217.50000000 -.00022620  00000-0  13156-2 0  1002
2 16157  53.0000 108.0000 0000000   0.0000  23.4000 15.12078246725527
STARLINK-1302
1 10830U 98065A   24217.50000000 -.00022620  00000-0  13156-2 0  1006
2 10830  53.0000 108.0000 0000000   0.0000  41.4000 15.12078246685574
STARLINK-1303
1 51222U 98065A   24217.50000000 -.00022620  00000-0  13156-2 0  1004
2 51222  53.0000 108.0000 0000000   0.0000  59.4000 15.12078246622538
STARLINK-1304
1 85810U 98065A   24217.50000000 -.00022620  00000-0  13156-2 0  1000
2 85810  53.0000 108.0000 0000000   0.0000  77.4000 15.12078246506441
STARLINK-1305
1 33014U 98065A   24217.50000000 -.00022620  00000-0  13156-2 0  1003
2 33014  53.0000 108.0000 0000000   0.0000  95.4000 15.12078246661648
STARLINK-1306
1 79192U 98065A   24217.50000000 -.00022620  00000-0  13156-2 0  1001
2 79192  53.0000 108.0000 0000000   0.0000 113.4000 15.12078246184398
STARLINK-1307
1 36751U 98065A   24217.50000000 -.00022620  00000-0  13156-2 0  1008
2 36751  53.0000 108.0000 0000000   0.0000 131.4000 15.12078246868222
STARLINK-1308
1 71149U 98065A   24217.50000000 -.00022620  00000-0  13156-2 0  1002
2 71149  53.0000 108.0000 0000000   0.0000 149.4000 15.12078246420555
STARLINK-1309
1 61534U 98065A   24217.50000000 -.00022620  00000-0  13156-2 0  1006
2 61534  53.0000 108.0000 0000000   0.0000 167.4000 15.12078246971683
STARLINK-1310
1 17266U 98065A   24217.50000000 -.00022620  00000-0  13156-2 0  1004
2 17266  53.0000 108.0000 0000000   0.0000 185.4000 15.12078246409494
STARLINK-1311
1 18722U 98065A   24217.50000000 -.00022620  00000-0  13156-2 0  1005
2 18722  53.0000 108.0000 0000000   0.0000 203.4000 15.12078246420521
STARLINK-1312
1 43391U 98065A   24217.50000000 -.00022620  00000-0  13156-2 0  1005
2 43391  53.0000 108.0000 0000000   0.0000 221.4000 15.12078246771675
STARLINK-1313
1 38063U 98065A   24217.50000000 -.00022620  00000-0  13156-2 0  1003
2 38063  53.0000 108.0000 0000000   0.0000 239.4000 15.12078246842477
STARLINK-1314
1 89793U 98065A   24217.50000000 -.00022620  00000-0  13156-2 0  1008
2 89793  53.0000 108.0000 0000000   0.0000 257.4000 15.12078246945111
STARLINK-1315
1 42101U 98065A   24217.50000000 -.00022620  00000-0  13156-2 0  1007
2 42101  53.0000 108.0000 0000000   0.0000 275.4000 15.12078246571200
STARLINK-1316
1 95599U 98065A   24217.50000000 -.00022620  00000-0  13156-2 0  1007
2 95599  53.0000 108.0000 0000000   0.0000 293.4000 15.12078246763386
STARLINK-1317
1 62523U 98065A   24217.50000000 -.00022620  00000-0  13156-2 0  1006
2 62523  53.0000 108.0000 0000000   0.0000 311.4000 15.12078246502148
STARLINK-1318
1 29916U 98065A   24217.50000000 -.00022620  00000-0  13156-2 0  1003
2 29916  53.0000 108.0000 0000000   0.0000 329.4000 15.12078246659243
STARLINK-1319
1 51790U 98065A   24217.50000000 -.00022620  00000-0  13156-2 0  1004
2 51790  53.0000 108.0000 0000000   0.0000 347.4000 15.12078246715668
STARLINK-1320
1 48472U 98065A   24217.50000000 -.00022620  00000-0  13156-2 0  1007
2 48472  53.0000 115.2000 0000000   0.0000   5.7600 15.12078246274796
STARLINK-1321
1 37925U 98065A   24217.50000000 -.00022620  00000-0  13156-2 0  1002
2 37925  53.0000 115.2000 0000000   0.0000  23.7600 15.12078246273845
STARLINK-1322
1 94771U 98065A   24217.50000000 -.00022620  00000-0  13156-2 0  1006
2 94771  53.0000 115.2000 0000000   0.0000  41.7600 15.12078246505972
STARLINK-1323
1 58824U 98065A   24217.50000000 -.00022620  00000-0  13156-2 0  1002
2 58824  53.0000 115.2000 0000000   0.0000  59.7600 15.12078246649692
STARLINK-1324
1 82262U 98065A   24217.50000000 -.00022620  00000-0  13156-2 0  1001
2 82262  53.0000 115.2000 0000000   0.0000  77.7600 15.12078246947333
STARLINK-1325
1 95190U 98065A   24217.50000000 -.00022620  00000-0  13156-2 0  1002
2 95190  53.0000 115.2000 0000000   0.0000  95.7600 15.12078246745705
STARLINK-1326
1 10909U 98065A   24217.50000000 -.00022620  00000-0  13156-2 0  1001
2 10909  53.0000 115.2000 0000000   0.0000 113.7600 15.12078246128116
STARLINK-1327
1 44512U 98065A   24217.50000000 -.00022620  00000-0  13156-2 0  1002
2 44512  53.0000 115.2000 0000000   0.0000 131.7600 15.12078246631372
STARLINK-1328
1 17537U 98065A   24217.50000000 -.00022620  00000-0  13156-2 0  1007
2 17537  53.0000 115.2000 0000000   0.0000 149.7600 15.12078246554221
STARLINK-1329
1 18696U 98065A   24217.50000000 -.00022620  00000-0  13156-2 0  1006
2 18696  53.0000 115.2000 0000000   0.0000 167.7600 15.12078246865347
STARLINK-1330
1 64308U 98065A   24217.50000000 -.00022620  00000-0  13156-2 0  1007
2 64308  53.0000 115.2000 0000000   0.0000 185.7600 15.12078246718495
STARLINK-1331
1 78331U 98065A   24217.50000000 -.00022620  00000-0  13156-2 0  1001
2 78331  53.0000 115.2000 0000000   0.0000 203.7600 15.12078246302520
STARLINK-1332
1 57105U 98065A   24217.50000000 -.00022620  00000-0  13156-2 0  1006
2 57105  53.0000 115.2000 0000000   0.0000 221.7600 15.12078246754425
STARLINK-1333
1 40780U 98065A   24217.50000000 -.00022620  00000-0  13156-2 0  1004
2 40780  53.0000 115.2000 0000000   0.0000 239.7600 15.12078246217213
STARLINK-1334
1 21758U 98065A   24217.50000000 -.00022620  00000-0  13156-2 0  1008
2 21758  53.0000 115.2000 0000000   0.0000 257.7600 15.12078246889756
STARLINK-1335
1 76184U 98065A   24217.50000000 -.00022620  00000-0  13156-2 0  1001
2 76184  53.0000 115.2000 0000000   0.0000 275.7600 15.12078246616962
STARLINK-1336
1 68696U 98065A   24217.50000000 -.00022620  00000-0  13156-2 0  1007
2 68696  53.0000 115.2000 0000000   0.0000 293.7600 15.12078246541406
STARLINK-1337
1 61893U 98065A   24217.50000000 -.00022620  00000-0  13156-2 0  1003
2 61893  53.0000 115.2000 0000000   0.0000 311.7600 15.12078246981782
STARLINK-1338
1 95974U 98065A   24217.50000000 -.00022620  00000-0  13156-2 0  1007
2 95974  53.0000 115.2000 0000000   0.0000 329.7600 15.12078246616630
STARLINK-1339
1 23707U 98065A   24217.50000000 -.00022620  00000-0  13156-2 0  1002
2 23707  53.0000 115.2000 0000000   0.0000 347.7600 15.12078246342294
STARLINK-1340
1 21553U 98065A   24217.50000000 -.00022620  00000-0  13156-2 0  1005
2 21553  53.0000 122.4000 0000000   0.0000   6.1200 15.12078246693725
STARLINK-1341
1 58712U 98065A   24217.50000000 -.00022620  00000-0  13156-2 0  1002
2 58712  53.0000 122.4000 0000000   0.0000  24.1200 15.12078246637477
STARLINK-1342
1 61748U 98065A   24217.50000000 -.00022620  00000-0  13156-2 0  1003
2 61748  53.0000 122.4000 0000000   0.0000  42.1200 15.12078246810790
STARLINK-1343
1 50793U 98065A   24217.50000000 -.00022620  00000-0  13156-2 0  1001
2 50793  53.0000 122.4000 0000000   0.0000  60.1200 15.12078246131700
STARLINK-1344
1 29112U 98065A   24217.50000000 -.00022620  00000-0  13156-2 0  1003
2 29112  53.0000 122.4000 0000000   0.0000  78.1200 15.12078246684494
STARLINK-1345
1 85518U 98065A   24217.50000000 -.00022620  00000-0  13156-2 0  1008
2 85518  53.0000 122.4000 0000000   0.0000  96.1200 15.12078246256946
STARLINK-1346
1 42670U 98065A   24217.50000000 -.00022620  00000-0  13156-2 0  1004
2 42670  53.0000 122.4000 0000000   0.0000 114.1200 15.12078246706592
STARLINK-1347
1 94894U 98065A   24217.50000000 -.00022620  00000-0  13156-2 0  1006
2 94894  53.0000 122.4000 0000000   0.0000 132.1200 15.12078246438818
STARLINK-1348
1 89667U 98065A   24217.50000000 -.00022620  00000-0  13156-2 0  1003
2 89667  53.0000 122.4000 0000000   0.0000 150.1200 15.12078246223187
STARLINK-1349
1 19340U 98065A   24217.50000000 -.00022620  00000-0  13156-2 0  1001
2 19340  53.0000 122.4000 0000000   0.0000 168.1200 15.12078246911491
STARLINK-1350
1 75545U 98065A   24217.50000000 -.00022620  00000-0  13156-2 0  1004
2 75545  53.0000 122.4000 0000000   0.0000 186.1200 15.12078246786161
STARLINK-1351
1 82860U 98065A   24217.50000000 -.00022620  00000-0  13156-2 0  1007
2 82860  53.0000 122.4000 0000000   0.0000 204.1200 15.12078246997864
STARLINK-1352
1 24648U 98065A   24217.50000000 -.00022620  00000-0  13156-2 0  1005
2 24648  53.0000 122.4000 0000000   0.0000 222.1200 15.12078246828106
STARLINK-1353
1 83627U 98065A   24217.50000000 -.00022620  00000-0  13156-2 0  1002
2 83627  53.0000 122.4000 0000000   0.0000 240.1200 15.12078246417866
STARLINK-1354
1 21500U 98065A   24217.50000000 -.00022620  00000-0  13156-2 0  1002
2 21500  53.0000 122.4000 0000000   0.0000 258.1200 15.12078246382251
STARLINK-1355
1 63561U 98065A   24217.50000000 -.00022620  00000-0  13156-2 0  1004
2 63561  53.0000 122.4000 0000000   0.0000 276.1200 15.12078246162538
STARLINK-1356
1 14124U 98065A   24217.50000000 -.00022620  00000-0  13156-2 0  1001
2 14124  53.0000 122.4000 0000000   0.0000 294.1200 15.12078246791534
STARLINK-1357
1 77484U 98065A   24217.50000000 -.00022620  00000-0  13156-2 0  1000
2 77484  53.0000 122.4000 0000000   0.0000 312.1200 15.12078246776033
STARLINK-1358
1 39559U 98065A   24217.50000000 -.00022620  00000-0  13156-2 0  1000
2 39559  53.0000 122.4000 0000000   0.0000 330.1200 15.12078246123953
STARLINK-1359
1 92292U 98065A   24217.50000000 -.00022620  00000-0  13156-2 0  1007
2 92292  53.0000 122.4000 0000000   0.0000 348.1200 15.12078246507414
STARLINK-1360
1 68534U 98065A   24217.50000000 -.00022620  00000-0  13156-2 0  1000
2 68534  53.0000 129.6000 0000000   0.0000   6.4800 15.12078246759281
STARLINK-1361
1 66534U 98065A   24217.50000000 -.00022620  00000-0  13156-2 0  1002
2 66534  53.0000 129.6000 0000000   0.0000  24.4800 15.12078246837570
STARLINK-1362
1 64189U 98065A   24217.50000000 -.00022620  00000-0  13156-2 0  1003
2 64189  53.0000 129.6000 0000000   0.0000  42.4800 15.12078246949881
STARLINK-1363
1 57521U 98065A   24217.50000000 -.00022620  00000-0  13156-2 0  1000
2 57521  53.0000 129.6000 0000000   0.0000  60.4800 15.12078246581167
STARLINK-1364
1 23530U 98065A   24217.50000000 -.00022620  00000-0  13156-2 0  1003
2 23530  53.0000 129.6000 0000000   0.0000  78.4800 15.12078246976976
STARLINK-1365
1 15768U 98065A   24217.50000000 -.00022620  00000-0  13156-2 0  1008
2 15768  53.0000 129.6000 0000000   0.0000  96.4800 15.12078246477811
STARLINK-1366
1 97510U 98065A   24217.50000000 -.00022620  00000-0  13156-2 0  1003
2 97510  53.0000 129.6000 0000000   0.0000 114.4800 15.12078246145116
STARLINK-1367
1 73753U 98065A   24217.50000000 -.00022620  00000-0  13156-2 0  1006
2 73753  53.0000 129.6000 0000000   0.0000 132.4800 15.12078246148206
STARLINK-1368
1 12552U 98065A   24217.50000000 -.00022620  00000-0  13156-2 0  1005
2 12552  53.0000 129.6000 0000000   0.0000 150.4800 15.12078246206667
STARLINK-1369
1 85744U 98065A   24217.50000000 -.00022620  00000-0  13156-2 0  1007
2 85744  53.0000 129.6000 0000000   0.0000 168.4800 15.12078246170004
STARLINK-1370
1 64066U 98065A   24217.50000000 -.00022620  00000-0  13156-2 0  1006
2 64066  53.0000 129.6000 0000000   0.0000 186.4800 15.12078246685547
STARLINK-1371
1 72898U 98065A   24217.50000000 -.00022620  00000-0  13156-2 0  1004
2 72898  53.0000 129.6000 0000000   0.0000 204.4800 15.12078246512975
STARLINK-1372
1 84146U 98065A   24217.50000000 -.00022620  00000-0  13156-2 0  1003
2 84146  53.0000 129.6000 0000000   0.0000 222.4800 15.12078246327830
STARLINK-1373
1 79047U 98065A   24217.50000000 -.00022620  00000-0  13156-2 0  1004
2 79047  53.0000 129.6000 0000000   0.0000 240.4800 15.12078246120504
STARLINK-1374
1 59406U 98065A   24217.50000000 -.00022620  00000-0  13156-2 0  1003
2 59406  53.0000 129.6000 0000000   0.0000 258.4800 15.12078246850946
STARLINK-1375
1 70131U 98065A   24217.50000000 -.00022620  00000-0  13156-2 0  1000
2 70131  53.0000 129.6000 0000000   0.0000 276.4800 15.12078246525992
STARLINK-1376
1 96555U 98065A   24217.50000000 -.00022620  00000-0  13156-2 0  1008
2 96555  53.0000 129.6000 0000000   0.0000 294.4800 15.12078246543778
STARLINK-1377
1 10998U 98065A   24217.50000000 -.00022620  00000-0  13156-2 0  1000
2 10998  53.0000 129.6000 0000000   0.0000 312.4800 15.12078246990647
STARLINK-1378
1 91836U 98065A   24217.50000000 -.00022620  00000-0  13156-2 0  1003
2 91836  53.0000 129.6000 0000000   0.0000 330.4800 15.12078246993330
STARLINK-1379
1 93234U 98065A   24217.50000000 -.00022620  00000-0  13156-2 0  1001
2 93234  53.0000 129.6000 0000000   0.0000 348.4800 15.12078246595568
STARLINK-1380
1 79650U 98065A   24217.50000000 -.00022620  00000-0  13156-2 0  1006
2 79650  53.0000 136.8000 0000000   0.0000   6.8400 15.12078246678696
STARLINK-1381
1 14954U 98065A   24217.50000000 -.00022620  00000-0  13156-2 0  1003
2 14954  53.0000 136.8000 0000000   0.0000  24.8400 15.12078246368438
STARLINK-1382
1 16792U 98065A   24217.50000000 -.00022620  00000-0  13156-2 0  1006
2 16792  53.0000 136.8000 0000000   0.0000  42.8400 15.12078246212773
STARLINK-1383
1 99409U 98065A   24217.50000000 -.00022620  00000-0  13156-2 0  1003
2 99409  53.0000 136.8000 0000000   0.0000  60.8400 15.12078246633527
STARLINK-1384
1 56360U 98065A   24217.50000000 -.00022620  00000-0  13156-2 0  1008
2 56360  53.0000 136.8000 0000000   0.0000  78.8400 15.12078246763882
STARLINK-1385
1 43682U 98065A   24217.50000000 -.00022620  00000-0  13156-2 0  1000
2 43682  53.0000 136.8000 0000000   0.0000  96.8400 15.12078246213172
STARLINK-1386
1 99431U 98065A   24217.50000000 -.00022620  00000-0  13156-2 0  1004
2 99431  53.0000 136.8000 0000000   0.0000 114.8400 15.12078246871933
STARLINK-1387
1 86565U 98065A   24217.50000000 -.00022620  00000-0  13156-2 0  1001
2 86565  53.0000 136.8000 0000000   0.0000 132.8400 15.12078246212792
STARLINK-1388
1 61491U 98065A   24217.50000000 -.00022620  00000-0  13156-2 0  1000
2 61491  53.0000 136.8000 0000000   0.0000 150.8400 15.12078246469966
STARLINK-1389
1 74011U 98065A   24217.50000000 -.00022620  00000-0  13156-2 0  1000
2 74011  53.0000 136.8000 0000000   0.0000 168.8400 15.12078246818878
STARLINK-1390
1 21569U 98065A   24217.50000000 -.00022620  00000-0  13156-2 0  1005
2 21569  53.0000 136.8000 0000000   0.0000 186.8400 15.12078246887736
STARLINK-1391
1 78213U 98065A   24217.50000000 -.00022620  00000-0  13156-2 0  1007
2 78213  53.0000 136.8000 0000000   0.0000 204.8400 15.12078246905787
STARLINK-1392
1 61673U 98065A   24217.50000000 -.00022620  00000-0  13156-2 0  1008
2 61673  53.0000 136.8000 0000000   0.0000 222.8400 15.12078246727011
STARLINK-1393
1 18368U 98065A   24217.50000000 -.00022620  00000-0  13156-2 0  1003
2 18368  53.0000 136.8000 0000000   0.0000 240.8400 15.12078246383735
STARLINK-1394
1 78019U 98065A   24217.50000000 -.00022620  00000-0  13156-2 0  1006
2 78019  53.0000 136.8000 0000000   0.0000 258.8400 15.12078246501926
STARLINK-1395
1 90207U 98065A   24217.50000000 -.00022620  00000-0  13156-2 0  1007
2 90207  53.0000 136.8000 0000000   0.0000 276.8400 15.12078246537763
STARLINK-1396
1 46264U 98065A   24217.50000000 -.00022620  00000-0  13156-2 0  1000
2 46264  53.0000 136.8000 0000000   0.0000 294.8400 15.12078246576172
STARLINK-1397
1 82912U 98065A   24217.50000000 -.00022620  00000-0  13156-2 0  1008
2 82912  53.0000 136.8000 0000000   0.0000 312.8400 15.12078246592472
STARLINK-1398
1 58905U 98065A   24217.50000000 -.00022620  00000-0  13156-2 0  1001
2 58905  53.0000 136.8000 0000000   0.0000 330.8400 15.12078246383342
STARLINK-1399
1 95903U 98065A   24217.50000000 -.00022620  00000-0  13156-2 0  1005
2 95903  53.0000 136.8000 0000000   0.0000 348.8400 15.12078246584972
STARLINK-1400
1 36151U 98065A   24217.50000000 -.00022620  00000-0  13156-2 0  1004
2 36151  53.0000 144.0000 0000000   0.0000   7.2000 15.12078246985978
STARLINK-1401
1 78406U 98065A   24217.50000000 -.00022620  00000-0  13156-2 0  1004
2 78406  53.0000 144.0000 0000000   0.0000  25.2000 15.12078246246873
STARLINK-1402
1 69035U 98065A   24217.50000000 -.00022620  00000-0  13156-2 0  1000
2 69035  53.0000 144.0000 0000000   0.0000  43.2000 15.12078246488133
STARLINK-1403
1 57973U 98065A   24217.50000000 -.00022620  00000-0  13156-2 0  1001
2 57973  53.0000 144.0000 0000000   0.0000  61.2000 15.12078246812292
STARLINK-1404
1 11867U 98065A   24217.50000000 -.00022620  00000-0  13156-2 0  1008
2 11867  53.0000 144.0000 0000000   0.0000  79.2000 15.12078246636020
STARLINK-1405
1 10791U 98065A   24217.50000000 -.00022620  00000-0  13156-2 0  1004
2 10791  53.0000 144.0000 0000000   0.0000  97.2000 15.12078246504963
STARLINK-1406
1 61564U 98065A   24217.50000000 -.00022620  00000-0  13156-2 0  1004
2 61564  53.0000 144.0000 0000000   0.0000 115.2000 15.12078246122494
STARLINK-1407
1 46061U 98065A   24217.50000000 -.00022620  00000-0  13156-2 0  1002
2 46061  53.0000 144.0000 0000000   0.0000 133.2000 15.12078246359815
STARLINK-1408
1 80028U 98065A   24217.50000000 -.00022620  00000-0  13156-2 0  1006
2 80028  53.0000 144.0000 0000000   0.0000 151.2000 15.12078246814686
STARLINK-1409
1 85188U 98065A   24217.50000000 -.00022620  00000-0  13156-2 0  1008
2 85188  53.0000 144.0000 0000000   0.0000 169.2000 15.12078246896005
STARLINK-1410
1 89878U 98065A   24217.50000000 -.00022620  00000-0  13156-2 0  1006
2 89878  53.0000 144.0000 0000000   0.0000 187.2000 15.12078246333402
STARLINK-1411
1 13497U 98065A   24217.50000000 -.00022620  00000-0  13156-2 0  1005
2 13497  53.0000 144.0000 0000000   0.0000 205.2000 15.12078246571300
STARLINK-1412
1 97180U 98065A   24217.50000000 -.00022620  00000-0  13156-2 0  1008
2 97180  53.0000 144.0000 0000000   0.0000 223.2000 15.12078246127925
STARLINK-1413
1 86027U 98065A   24217.50000000 -.00022620  00000-0  13156-2 0  1003
2 86027  53.0000 144.0000 0000000   0.0000 241.2000 15.12078246723902
STARLINK-1414
1 55714U 98065A   24217.50000000 -.00022620  00000-0  13156-2 0  1008
2 55714  53.0000 144.0000 0000000   0.0000 259.2000 15.12078246927540
STARLINK-1415
1 96847U 98065A   24217.50000000 -.00022620  00000-0  13156-2 0  1002
2 96847  53.0000 144.0000 0000000   0.0000 277.2000 15.12078246891504
STARLINK-1416
1 91344U 98065A   24217.50000000 -.00022620  00000-0  13156-2 0  1000
2 91344  53.0000 144.0000 0000000   0.0000 295.2000 15.12078246713564
STARLINK-1417
1 50347U 98065A   24217.50000000 -.00022620  00000-0  13156-2 0  1000
2 50347  53.0000 144.0000 0000000   0.0000 313.2000 15.12078246707662
STARLINK-1418
1 91320U 98065A   24217.50000000 -.00022620  00000-0  13156-2 0  1000
2 91320  53.0000 144.0000 0000000   0.0000 331.2000 15.12078246153158
STARLINK-1419
1 98888U 98065A   24217.50000000 -.00022620  00000-0  13156-2 0  1006
2 98888  53.0000 144.0000 0000000   0.0000 349.2000 15.12078246597236
STARLINK-1420
1 72773U 98065A   24217.50000000 -.00022620  00000-0  13156-2 0  1008
2 72773  53.0000 151.2000 0000000   0.0000   7.5600 15.12078246501936
STARLINK-1421
1 27684U 98065A   24217.50000000 -.00022620  00000-0  13156-2 0  1004
2 27684  53.0000 151.2000 0000000   0.0000  25.5600 15.12078246818497
STARLINK-1422
1 77142U 98065A   24217.50000000 -.00022620  00000-0  13156-2 0  1000
2 77142  53.0000 151.2000 0000000   0.0000  43.5600 15.12078246782257
STARLINK-1423
1 94696U 98065A   24217.50000000 -.00022620  00000-0  13156-2 0  1002
2 94696  53.0000 151.2000 0000000   0.0000  61.5600 15.12078246747100
STARLINK-1424
1 40926U 98065A   24217.50000000 -.00022620  00000-0  13156-2 0  1002
2 40926  53.0000 151.2000 0000000   0.0000  79.5600 15.12078246677287
STARLINK-1425
1 48353U 98065A   24217.50000000 -.00022620  00000-0  13156-2 0  1005
2 48353  53.0000 151.2000 0000000   0.0000  97.5600 15.12078246926235
STARLINK-1426
1 49291U 98065A   24217.50000000 -.00022620  00000-0  13156-2 0  1002
2 49291  53.0000 151.2000 0000000   0.0000 115.5600 15.12078246727734
STARLINK-1427
1 49944U 98065A   24217.50000000 -.00022620  00000-0  13156-2 0  1008
2 49944  53.0000 151.2000 0000000   0.0000 133.5600 15.12078246779632
STARLINK-1428
1 75105U 98065A   24217.50000000 -.00022620  00000-0  13156-2 0  1003
2 75105  53.0000 151.2000 0000000   0.0000 151.5600 15.12078246303951
STARLINK-1429
1 46230U 98065A   24217.50000000 -.00022620  00000-0  13156-2 0  1005
2 46230  53.0000 151.2000 0000000   0.0000 169.5600 15.12078246778230
STARLINK-1430
1 84525U 98065A   24217.50000000 -.00022620  00000-0  13156-2 0  1004
2 84525  53.0000 151.2000 0000000   0.0000 187.5600 15.12078246979831
STARLINK-1431
1 14359U 98065A   24217.50000000 -.00022620  00000-0  13156-2 0  1001
2 14359  53.0000 151.2000 0000000   0.0000 205.5600 15.12078246490847
STARLINK-1432
1 50839U 98065A   24217.50000000 -.00022620  00000-0  13156-2 0  1008
2 50839  53.0000 151.2000 0000000   0.0000 223.5600 15.12078246976526
STARLINK-1433
1 65247U 98065A   24217.50000000 -.00022620  00000-0  13156-2 0  1006
2 65247  53.0000 151.2000 0000000   0.0000 241.5600 15.12078246874110
STARLINK-1434
1 33163U 98065A   24217.50000000 -.00022620  00000-0  13156-2 0  1006
2 33163  53.0000 151.2000 0000000   0.0000 259.5600 15.12078246920244
STARLINK-1435
1 87397U 98065A   24217.50000000 -.00022620  00000-0  13156-2 0  1005
2 87397  53.0000 151.2000 0000000   0.0000 277.5600 15.12078246534281
STARLINK-1436
1 40609U 98065A   24217.50000000 -.00022620  00000-0  13156-2 0  1001
2 40609  53.0000 151.2000 0000000   0.0000 295.5600 15.12078246994721
STARLINK-1437
1 72558U 98065A   24217.50000000 -.00022620  00000-0  13156-2 0  1005
2 72558  53.0000 151.2000 0000000   0.0000 313.5600 15.12078246119044
STARLINK-1438
1 94121U 98065A   24217.50000000 -.00022620  00000-0  13156-2 0  1000
2 94121  53.0000 151.2000 0000000   0.0000 331.5600 15.12078246480620
STARLINK-1439
1 82008U 98065A   24217.50000000 -.00022620  00000-0  13156-2 0  1005
2 82008  53.0000 151.2000 0000000   0.0000 349.5600 15.12078246271496
STARLINK-1440
1 33821U 98065A   24217.50000000 -.00022620  00000-0  13156-2 0  1006
2 33821  53.0000 158.4000 0000000   0.0000   7.9200 15.12078246740436
STARLINK-1441
1 84373U 98065A   24217.50000000 -.00022620  00000-0  13156-2 0  1008
2 84373  53.0000 158.4000 0000000   0.0000  25.9200 15.12078246527782
STARLINK-1442
1 54114U 98065A   24217.50000000 -.00022620  00000-0  13156-2 0  1005
2 54114  53.0000 158.4000 0000000   0.0000  43.9200 15.12078246512255
STARLINK-1443
1 12248U 98065A   24217.50000000 -.00022620  00000-0  13156-2 0  1007
2 12248  53.0000 158.4000 0000000   0.0000  61.9200 15.12078246471768
STARLINK-1444
1 67914U 98065A   24217.50000000 -.00022620  00000-0  13156-2 0  1007
2 67914  53.0000 158.4000 0000000   0.0000  79.9200 15.12078246308565
STARLINK-1445
1 19226U 98065A   24217.50000000 -.00022620  00000-0  13156-2 0  1005
2 19226  53.0000 158.4000 0000000   0.0000  97.9200 15.12078246142905
STARLINK-1446
1 89615U 98065A   24217.50000000 -.00022620  00000-0  13156-2 0  1003
2 89615  53.0000 158.4000 0000000   0.0000 115.9200 15.12078246207665
STARLINK-1447
1 42380U 98065A   24217.50000000 -.00022620  00000-0  13156-2 0  1003
2 42380  53.0000 158.4000 0000000   0.0000 133.9200 15.12078246599721
STARLINK-1448
1 95764U 98065A   24217.50000000 -.00022620  00000-0  13156-2 0  1002
2 95764  53.0000 158.4000 0000000   0.0000 151.9200 15.12078246506734
STARLINK-1449
1 58527U 98065A   24217.50000000 -.00022620  00000-0  13156-2 0  1003
2 58527  53.0000 158.4000 0000000   0.0000 169.9200 15.12078246621754
STARLINK-1450
1 97812U 98065A   24217.50000000 -.00022620  00000-0  13156-2 0  1000
2 97812  53.0000 158.4000 0000000   0.0000 187.9200 15.12078246241244
STARLINK-1451
1 43044U 98065A   24217.50000000 -.00022620  00000-0  13156-2 0  1000
2 43044  53.0000 158.4000 0000000   0.0000 205.9200 15.12078246908780
STARLINK-1452
1 30838U 98065A   24217.50000000 -.00022620  00000-0  13156-2 0  1005
2 30838  53.0000 158.4000 0000000   0.0000 223.9200 15.12078246321241
STARLINK-1453
1 98870U 98065A   24217.50000000 -.00022620  00000-0  13156-2 0  1008
2 98870  53.0000 158.4000 0000000   0.0000 241.9200 15.12078246369162
STARLINK-1454
1 49775U 98065A   24217.50000000 -.00022620  00000-0  13156-2 0  1000
2 49775  53.0000 158.4000 0000000   0.0000 259.9200 15.12078246469216
STARLINK-1455
1 39719U 98065A   24217.50000000 -.00022620  00000-0  13156-2 0  1001
2 39719  53.0000 158.4000 0000000   0.0000 277.9200 15.12078246230092
STARLINK-1456
1 25518U 98065A   24217.50000000 -.00022620  00000-0  13156-2 0  1006
2 25518  53.0000 158.4000 0000000   0.0000 295.9200 15.12078246106000
STARLINK-1457
1 53491U 98065A   24217.50000000 -.00022620  00000-0  13156-2 0  1000
2 53491  53.0000 158.4000 0000000   0.0000 313.9200 15.12078246544843
STARLINK-1458
1 73661U 98065A   24217.50000000 -.00022620  00000-0  13156-2 0  1008
2 73661  53.0000 158.4000 0000000   0.0000 331.9200 15.12078246573211
STARLINK-1459
1 52519U 98065A   24217.50000000 -.00022620  00000-0  13156-2 0  1002
2 52519  53.0000 158.4000 0000000   0.0000 349.9200 15.12078246836277
STARLINK-1460
1 46621U 98065A   24217.50000000 -.00022620  00000-0  13156-2 0  1002
2 46621  53.0000 165.6000 0000000   0.0000   8.2800 15.12078246646596
STARLINK-1461
1 36265U 98065A   24217.50000000 -.00022620  00000-0  13156-2 0  1002
2 36265  53.0000 165.6000 0000000   0.0000  26.2800 15.12078246648330
STARLINK-1462
1 47210U 98065A   24217.50000000 -.00022620  00000-0  13156-2 0  1002
2 47210  53.0000 165.6000 0000000   0.0000  44.2800 15.12078246898046
STARLINK-1463
1 33383U 98065A   24217.50000000 -.00022620  00000-0  13156-2 0  1001
2 33383  53.0000 165.6000 0000000   0.0000  62.2800 15.12078246836511
STARLINK-1464
1 62934U 98065A   24217.50000000 -.00022620  00000-0  13156-2 0  1000
2 62934  53.0000 165.6000 0000000   0.0000  80.2800 15.12078246791553
STARLINK-1465
1 44990U 98065A   24217.50000000 -.00022620  00000-0  13156-2 0  1001
2 44990  53.0000 165.6000 0000000   0.0000  98.2800 15.12078246612768
STARLINK-1466
1 33417U 98065A   24217.50000000 -.00022620  00000-0  13156-2 0  1007
2 33417  53.0000 165.6000 0000000   0.0000 116.2800 15.12078246144526
STARLINK-1467
1 12589U 98065A   24217.50000000 -.00022620  00000-0  13156-2 0  1005
2 12589  53.0000 165.6000 0000000   0.0000 134.2800 15.12078246197801
STARLINK-1468
1 90208U 98065A   24217.50000000 -.00022620  00000-0  13156-2 0  1005
2 90208  53.0000 165.6000 0000000   0.0000 152.2800 15.12078246575343
STARLINK-1469
1 11838U 98065A   24217.50000000 -.00022620  00000-0  13156-2 0  1005
2 11838  53.0000 165.6000 0000000   0.0000 170.2800 15.12078246470346
STARLINK-1470
1 10021U 98065A   24217.50000000 -.00022620  00000-0  13156-2 0  1008
2 10021  53.0000 165.6000 0000000   0.0000 188.2800 15.12078246536197
STARLINK-1471
1 90596U 98065A   24217.50000000 -.00022620  00000-0  13156-2 0  1007
2 90596  53.0000 165.6000 0000000   0.0000 206.2800 15.12078246832045
STARLINK-1472
1 47666U 98065A   24217.50000000 -.00022620  00000-0  13156-2 0  1000
2 47666  53.0000 165.6000 0000000   0.0000 224.2800 15.12078246854676
STARLINK-1473
1 55707U 98065A   24217.50000000 -.00022620  00000-0  13156-2 0  1003
2 55707  53.0000 165.6000 0000000   0.0000 242.2800 15.12078246556890
STARLINK-1474
1 46505U 98065A   24217.50000000 -.00022620  00000-0  13156-2 0  1008
2 46505  53.0000 165.6000 0000000   0.0000 260.2800 15.12078246947833
STARLINK-1475
1 48709U 98065A   24217.50000000 -.00022620  00000-0  13156-2 0  1001
2 48709  53.0000 165.6000 0000000   0.0000 278.2800 15.12078246200362
STARLINK-1476
1 14723U 98065A   24217.50000000 -.00022620  00000-0  13156-2 0  1002
2 14723  53.0000 165.6000 0000000   0.0000 296.2800 15.12078246145067
STARLINK-1477
1 91857U 98065A   24217.50000000 -.00022620  00000-0  13156-2 0  1008
2 91857  53.0000 165.6000 0000000   0.0000 314.2800 15.12078246342100
STARLINK-1478
1 98916U 98065A   24217.50000000 -.00022620  00000-0  13156-2 0  1008
2 98916  53.0000 165.6000 0000000   0.0000 332.2800 15.12078246593778
STARLINK-1479
1 49930U 98065A   24217.50000000 -.00022620  00000-0  13156-2 0  1005
2 49930  53.0000 165.6000 0000000   0.0000 350.2800 15.12078246502742
STARLINK-1480
1 34839U 98065A   24217.50000000 -.00022620  00000-0  13156-2 0  1006
2 34839  53.0000 172.8000 0000000   0.0000   8.6400 15.12078246301490
STARLINK-1481
1 63760U 98065A   24217.50000000 -.00022620  00000-0  13156-2 0  1000
2 63760  53.0000 172.8000 0000000   0.0000  26.6400 15.12078246606190
STARLINK-1482
1 53215U 98065A   24217.50000000 -.00022620  00000-0  13156-2 0  1000
2 53215  53.0000 172.8000 0000000   0.0000  44.6400 15.12078246619967
STARLINK-1483
1 79213U 98065A   24217.50000000 -.00022620  00000-0  13156-2 0  1003
2 79213  53.0000 172.8000 0000000   0.0000  62.6400 15.12078246832530
STARLINK-1484
1 32140U 98065A   24217.50000000 -.00022620  00000-0  13156-2 0  1006
2 32140  53.0000 172.8000 0000000   0.0000  80.6400 15.12078246908798
STARLINK-1485
1 34049U 98065A   24217.50000000 -.00022620  00000-0  13156-2 0  1002
2 34049  53.0000 172.8000 0000000   0.0000  98.6400 15.12078246446302
STARLINK-1486
1 68585U 98065A   24217.50000000 -.00022620  00000-0  13156-2 0  1006
2 68585  53.0000 172.8000 0000000   0.0000 116.6400 15.12078246470943
STARLINK-1487
1 52897U 98065A   24217.50000000 -.00022620  00000-0  13156-2 0  1005
2 52897  53.0000 172.8000 0000000   0.0000 134.6400 15.12078246315505
STARLINK-1488
1 81624U 98065A   24217.50000000 -.00022620  00000-0  13156-2 0  1008
2 81624  53.0000 172.8000 0000000   0.0000 152.6400 15.12078246336528
STARLINK-1489
1 90905U 98065A   24217.50000000 -.00022620  00000-0  13156-2 0  1004
2 90905  53.0000 172.8000 0000000   0.0000 170.6400 15.12078246572094
STARLINK-1490
1 54999U 98065A   24217.50000000 -.00022620  00000-0  13156-2 0  1001
2 54999  53.0000 172.8000 0000000   0.0000 188.6400 15.12078246887120
STARLINK-1491
1 82648U 98065A   24217.50000000 -.00022620  00000-0  13156-2 0  1006
2 82648  53.0000 172.8000 0000000   0.0000 206.6400 15.12078246958318
STARLINK-1492
1 30750U 98065A   24217.50000000 -.00022620  00000-0  13156-2 0  1008
2 30750  53.0000 172.8000 0000000   0.0000 224.6400 15.12078246336801
STARLINK-1493
1 85417U 98065A   24217.50000000 -.00022620  00000-0  13156-2 0  1000
2 85417  53.0000 172.8000 0000000   0.0000 242.6400 15.12078246663130
STARLINK-1494
1 38157U 98065A   24217.50000000 -.00022620  00000-0  13156-2 0  1003
2 38157  53.0000 172.8000 0000000   0.0000 260.6400 15.12078246719233
STARLINK-1495
1 44499U 98065A   24217.50000000 -.00022620  00000-0  13156-2 0  1003
2 44499  53.0000 172.8000 0000000   0.0000 278.6400 15.12078246202882
STARLINK-1496
1 43509U 98065A   24217.50000000 -.00022620  00000-0  13156-2 0  1007
2 43509  53.0000 172.8000 0000000   0.0000 296.6400 15.12078246827966
STARLINK-1497
1 51036U 98065A   24217.50000000 -.00022620  00000-0  13156-2 0  1003
2 51036  53.0000 172.8000 0000000   0.0000 314.6400 15.12078246595212
STARLINK-1498
1 85086U 98065A   24217.50000000 -.00022620  00000-0  13156-2 0  1007
2 85086  53.0000 172.8000 0000000   0.0000 332.6400 15.12078246662925
STARLINK-1499
1 62971U 98065A   24217.50000000 -.00022620  00000-0  13156-2 0  1008
2 62971  53.0000 172.8000 0000000   0.0000 350.6400 15.12078246231204
STARLINK-1500
1 40472U 98065A   24217.50000000 -.00022620  00000-0  13156-2 0  1003
2 40472  53.0000 180.0000 0000000   0.0000   9.0000 15.12078246847794
STARLINK-1501
1 95181U 98065A   24217.50000000 -.00022620  00000-0  13156-2 0  1008
2 95181  53.0000 180.0000 0000000   0.0000  27.0000 15.12078246419370
STARLINK-1502
1 52269U 98065A   24217.50000000 -.00022620  00000-0  13156-2 0  1003
2 52269  53.0000 180.0000 0000000   0.0000  45.0000 15.12078246974401
STARLINK-1503
1 84863U 98065A   24217.50000000 -.00022620  00000-0  13156-2 0  1008
2 84863  53.0000 180.0000 0000000   0.0000  63.0000 15.12078246772566
STARLINK-1504
1 46820U 98065A   24217.50000000 -.00022620  00000-0  13156-2 0  1000
2 46820  53.0000 180.0000 0000000   0.0000  81.0000 15.12078246567932
STARLINK-1505
1 75401U 98065A   24217.50000000 -.00022620  00000-0  13156-2 0  1001
2 75401  53.0000 180.0000 0000000   0.0000  99.0000 15.12078246866365
STARLINK-1506
1 66826U 98065A   24217.50000000 -.00022620  00000-0  13156-2 0  1003
2 66826  53.0000 180.0000 0000000   0.0000 117.0000 15.12078246316658
STARLINK-1507
1 61976U 98065A   24217.50000000 -.00022620  00000-0  13156-2 0  1004
2 61976  53.0000 180.0000 0000000   0.0000 135.0000 15.12078246800857
STARLINK-1508
1 81179U 98065A   24217.50000000 -.00022620  00000-0  13156-2 0  1001
2 81179  53.0000 180.0000 0000000   0.0000 153.0000 15.12078246304057
STARLINK-1509
1 62759U 98065A   24217.50000000 -.00022620  00000-0  13156-2 0  1002
2 62759  53.0000 180.0000 0000000   0.0000 171.0000 15.12078246703618
STARLINK-1510
1 55782U 98065A   24217.50000000 -.00022620  00000-0  13156-2 0  1007
2 55782  53.0000 180.0000 0000000   0.0000 189.0000 15.12078246966172
STARLINK-1511
1 73986U 98065A   24217.50000000 -.00022620  00000-0  13156-2 0  1005
2 73986  53.0000 180.0000 0000000   0.0000 207.0000 15.12078246617428
STARLINK-1512
1 54454U 98065A   24217.50000000 -.00022620  00000-0  13156-2 0  1006
2 54454  53.0000 180.0000 0000000   0.0000 225.0000 15.12078246825865
STARLINK-1513
1 28050U 98065A   24217.50000000 -.00022620  00000-0  13156-2 0  1000
2 28050  53.0000 180.0000 0000000   0.0000 243.0000 15.12078246520668
STARLINK-1514
1 86482U 98065A   24217.50000000 -.00022620  00000-0  13156-2 0  1006
2 86482  53.0000 180.0000 0000000   0.0000 261.0000 15.12078246612570
STARLINK-1515
1 67373U 98065A   24217.50000000 -.00022620  00000-0  13156-2 0  1008
2 67373  53.0000 180.0000 0000000   0.0000 279.0000 15.12078246762420
STARLINK-1516
1 90685U 98065A   24217.50000000 -.00022620  00000-0  13156-2 0  1001
2 90685  53.0000 180.0000 0000000   0.0000 297.0000 15.12078246581546
STARLINK-1517
1 38149U 98065A   24217.50000000 -.00022620  00000-0  13156-2 0  1008
2 38149  53.0000 180.0000 0000000   0.0000 315.0000 15.12078246787786
STARLINK-1518
1 57629U 98065A   24217.50000000 -.00022620  00000-0  13156-2 0  1005
2 57629  53.0000 180.0000 0000000   0.0000 333.0000 15.12078246787032
STARLINK-1519
1 78485U 98065A   24217.50000000 -.00022620  00000-0  13156-2 0  1001
2 78485  53.0000 180.0000 0000000   0.0000 351.0000 15.12078246897591
STARLINK-1520
1 61386U 98065A   24217.50000000 -.00022620  00000-0  13156-2 0  1000
2 61386  53.0000 187.2000 0000000   0.0000   9.3600 15.12078246729127
STARLINK-1521
1 15585U 98065A   24217.50000000 -.00022620  00000-0  13156-2 0  1000
2 15585  53.0000 187.2000 0000000   0.0000  27.3600 15.12078246469697
STARLINK-1522
1 64263U 98065A   24217.50000000 -.00022620  00000-0  13156-2 0  1002
2 64263  53.0000 187.2000 0000000   0.0000  45.3600 15.12078246661964
STARLINK-1523
1 32069U 98065A   24217.50000000 -.00022620  00000-0  13156-2 0  1004
2 32069  53.0000 187.2000 0000000   0.0000  63.3600 15.12078246198965
STARLINK-1524
1 26261U 98065A   24217.50000000 -.00022620  00000-0  13156-2 0  1004
2 26261  53.0000 187.2000 0000000   0.0000  81.3600 15.12078246106808
STARLINK-1525
1 10427U 98065A   24217.50000000 -.00022620  00000-0  13156-2 0  1003
2 10427  53.0000 187.2000 0000000   0.0000  99.3600 15.12078246118402
STARLINK-1526
1 83722U 98065A   24217.50000000 -.00022620  00000-0  13156-2 0  1002
2 83722  53.0000 187.2000 0000000   0.0000 117.3600 15.12078246264437
STARLINK-1527
1 48547U 98065A   24217.50000000 -.00022620  00000-0  13156-2 0  1005
2 48547  53.0000 187.2000 0000000   0.0000 135.3600 15.12078246392726
STARLINK-1528
1 94139U 98065A   24217.50000000 -.00022620  00000-0  13156-2 0  1001
2 94139  53.0000 187.2000 0000000   0.0000 153.3600 15.12078246265318
STARLINK-1529
1 42720U 98065A   24217.50000000 -.00022620  00000-0  13156-2 0  1007
2 42720  53.0000 187.2000 0000000   0.0000 171.3600 15.12078246625261
STARLINK-1530
1 61658U 98065A   24217.50000000 -.00022620  00000-0  13156-2 0  1002
2 61658  53.0000 187.2000 0000000   0.0000 189.3600 15.12078246984964
STARLINK-1531
1 83301U 98065A   24217.50000000 -.00022620  00000-0  13156-2 0  1005
2 83301  53.0000 187.2000 0000000   0.0000 207.3600 15.12078246354217
STARLINK-1532
1 37414U 98065A   24217.50000000 -.00022620  00000-0  13156-2 0  1006
2 37414  53.0000 187.2000 0000000   0.0000 225.3600 15.12078246793861
STARLINK-1533
1 21222U 98065A   24217.50000000 -.00022620  00000-0  13156-2 0  1000
2 21222  53.0000 187.2000 0000000   0.0000 243.3600 15.12078246703988
STARLINK-1534
1 13304U 98065A   24217.50000000 -.00022620  00000-0  13156-2 0  1004
2 13304  53.0000 187.2000 0000000   0.0000 261.3600 15.12078246480077
STARLINK-1535
1 56892U 98065A   24217.50000000 -.00022620  00000-0  13156-2 0  1008
2 56892  53.0000 187.2000 0000000   0.0000 279.3600 15.12078246113131
STARLINK-1536
1 32078U 98065A   24217.50000000 -.00022620  00000-0  13156-2 0  1004
2 32078  53.0000 187.2000 0000000   0.0000 297.3600 15.12078246685974
STARLINK-1537
1 64244U 98065A   24217.50000000 -.00022620  00000-0  13156-2 0  1007
2 64244  53.0000 187.2000 0000000   0.0000 315.3600 15.12078246624563
STARLINK-1538
1 61623U 98065A   24217.50000000 -.00022620  00000-0  13156-2 0  1004
2 61623  53.0000 187.2000 0000000   0.0000 333.3600 15.12078246926393
STARLINK-1539
1 80714U 98065A   24217.50000000 -.00022620  00000-0  13156-2 0  1006
2 80714  53.0000 187.2000 0000000   0.0000 351.3600 15.12078246258920
STARLINK-1540
1 66254U 98065A   24217.50000000 -.00022620  00000-0  13156-2 0  1005
2 66254  53.0000 194.4000 0000000   0.0000   9.7200 15.12078246783406
STARLINK-1541
1 81563U 98065A   24217.50000000 -.00022620  00000-0  13156-2 0  1004
2 81563  53.0000 194.4000 0000000   0.0000  27.7200 15.12078246586201
STARLINK-1542
1 66969U 98065A   24217.50000000 -.00022620  00000-0  13156-2 0  1007
2 66969  53.0000 194.4000 0000000   0.0000  45.7200 15.12078246675243
STARLINK-1543
1 96640U 98065A   24217.50000000 -.00022620  00000-0  13156-2 0  1002
2 96640  53.0000 194.4000 0000000   0.0000  63.7200 15.12078246695948
STARLINK-1544
1 15471U 98065A   24217.50000000 -.00022620  00000-0  13156-2 0  1008
2 15471  53.0000 194.4000 0000000   0.0000  81.7200 15.12078246194551
STARLINK-1545
1 20004U 98065A   24217.50000000 -.00022620  00000-0  13156-2 0  1008
2 20004  53.0000 194.4000 0000000   0.0000  99.7200 15.12078246551155
STARLINK-1546
1 83616U 98065A   24217.50000000 -.00022620  00000-0  13156-2 0  1002
2 83616  53.0000 194.4000 0000000   0.0000 117.7200 15.12078246181050
STARLINK-1547
1 84297U 98065A   24217.50000000 -.00022620  00000-0  13156-2 0  1007
2 84297  53.0000 194.4000 0000000   0.0000 135.7200 15.12078246873141
STARLINK-1548
1 16327U 98065A   24217.50000000 -.00022620  00000-0  13156-2 0  1004
2 16327  53.0000 194.4000 0000000   0.0000 153.7200 15.12078246825741
STARLINK-1549
1 15596U 98065A   24217.50000000 -.00022620  00000-0  13156-2 0  1002
2 15596  53.0000 194.4000 0000000   0.0000 171.7200 15.12078246971035
STARLINK-1550
1 73092U 98065A   24217.50000000 -.00022620  00000-0  13156-2 0  1002
2 73092  53.0000 194.4000 0000000   0.0000 189.7200 15.12078246107541
STARLINK-1551
1 85578U 98065A   24217.50000000 -.00022620  00000-0  13156-2 0  1001
2 85578  53.0000 194.4000 0000000   0.0000 207.7200 15.12078246943001
STARLINK-1552
1 15443U 98065A   24217.50000000 -.00022620  00000-0  13156-2 0  1007
2 15443  53.0000 194.4000 0000000   0.0000 225.7200 15.12078246170401
STARLINK-1553
1 58233U 98065A   24217.50000000 -.00022620  00000-0  13156-2 0  1006
2 58233  53.0000 194.4000 0000000   0.0000 243.7200 15.12078246494040
STARLINK-1554
1 25514U 98065A   24217.50000000 -.00022620  00000-0  13156-2 0  1005
2 25514  53.0000 194.4000 0000000   0.0000 261.7200 15.12078246930826
STARLINK-1555
1 25241U 98065A   24217.50000000 -.00022620  00000-0  13156-2 0  1001
2 25241  53.0000 194.4000 0000000   0.0000 279.7200 15.12078246598742
STARLINK-1556
1 44357U 98065A   24217.50000000 -.00022620  00000-0  13156-2 0  1002
2 44357  53.0000 194.4000 0000000   0.0000 297.7200 15.12078246770897
STARLINK-1557
1 83230U 98065A   24217.50000000 -.00022620  00000-0  13156-2 0  1002
2 83230  53.0000 194.4000 0000000   0.0000 315.7200 15.12078246361678
STARLINK-1558
1 97979U 98065A   24217.50000000 -.00022620  00000-0  13156-2 0  1000
2 97979  53.0000 194.4000 0000000   0.0000 333.7200 15.12078246347052
STARLINK-1559
1 41308U 98065A   24217.50000000 -.00022620  00000-0  13156-2 0  1008
2 41308  53.0000 194.4000 0000000   0.0000 351.7200 15.12078246624154
STARLINK-1560
1 84331U 98065A   24217.50000000 -.00022620  00000-0  13156-2 0  1004
2 84331  53.0000 201.6000 0000000   0.0000  10.0800 15.12078246116846
STARLINK-1561
1 89408U 98065A   24217.50000000 -.00022620  00000-0  13156-2 0  1005
2 89408  53.0000 201.6000 0000000   0.0000  28.0800 15.12078246802468
STARLINK-1562
1 46642U 98065A   24217.50000000 -.00022620  00000-0  13156-2 0  1008
2 46642  53.0000 201.6000 0000000   0.0000  46.0800 15.12078246950678
STARLINK-1563
1 73364U 98065A   24217.50000000 -.00022620  00000-0  13156-2 0  1001
2 73364  53.0000 201.6000 0000000   0.0000  64.0800 15.12078246625112
STARLINK-1564
1 81020U 98065A   24217.50000000 -.00022620  00000-0  13156-2 0  1001
2 81020  53.0000 201.6000 0000000   0.0000  82.0800 15.12078246479541
STARLINK-1565
1 48280U 98065A   24217.50000000 -.00022620  00000-0  13156-2 0  1008
2 48280  53.0000 201.6000 0000000   0.0000 100.0800 15.12078246139082
STARLINK-1566
1 37884U 98065A   24217.50000000 -.00022620  00000-0  13156-2 0  1003
2 37884  53.0000 201.6000 0000000   0.0000 118.0800 15.12078246988634
STARLINK-1567
1 10501U 98065A   24217.50000000 -.00022620  00000-0  13156-2 0  1008
2 10501  53.0000 201.6000 0000000   0.0000 136.0800 15.12078246463404
STARLINK-1568
1 15164U 98065A   24217.50000000 -.00022620  00000-0  13156-2 0  1007
2 15164  53.0000 201.6000 0000000   0.0000 154.0800 15.12078246854090
STARLINK-1569
1 57846U 98065A   24217.50000000 -.00022620  00000-0  13156-2 0  1000
2 57846  53.0000 201.6000 0000000   0.0000 172.0800 15.12078246258803
STARLINK-1570
1 24375U 98065A   24217.50000000 -.00022620  00000-0  13156-2 0  1008
2 24375  53.0000 201.6000 0000000   0.0000 190.0800 15.12078246671336
STARLINK-1571
1 78884U 98065A   24217.50000000 -.00022620  00000-0  13156-2 0  1007
2 78884  53.0000 201.6000 0000000   0.0000 208.0800 15.12078246322227
STARLINK-1572
1 88835U 98065A   24217.50000000 -.00022620  00000-0  13156-2 0  1002
2 88835  53.0000 201.6000 0000000   0.0000 226.0800 15.12078246162726
STARLINK-1573
1 89764U 98065A   24217.50000000 -.00022620  00000-0  13156-2 0  1000
2 89764  53.0000 201.6000 0000000   0.0000 244.0800 15.12078246957431
STARLINK-1574
1 46191U 98065A   24217.50000000 -.00022620  00000-0  13156-2 0  1005
2 46191  53.0000 201.6000 0000000   0.0000 262.0800 15.12078246501711
STARLINK-1575
1 57729U 98065A   24217.50000000 -.00022620  00000-0  13156-2 0  1002
2 57729  53.0000 201.6000 0000000   0.0000 280.0800 15.12078246192351
STARLINK-1576
1 27189U 98065A   24217.50000000 -.00022620  00000-0  13156-2 0  1007
2 27189  53.0000 201.6000 0000000   0.0000 298.0800 15.12078246721210
STARLINK-1577
1 90547U 98065A   24217.50000000 -.00022620  00000-0  13156-2 0  1000
2 90547  53.0000 201.6000 0000000   0.0000 316.0800 15.12078246846824
STARLINK-1578
1 26725U 98065A   24217.50000000 -.00022620  00000-0  13156-2 0  1007
2 26725  53.0000 201.6000 0000000   0.0000 334.0800 15.12078246242910
STARLINK-1579
1 64326U 98065A   24217.50000000 -.00022620  00000-0  13156-2 0  1007
2 64326  53.0000 201.6000 0000000   0.0000 352.0800 15.12078246993541
STARLINK-1580
1 79502U 98065A   24217.50000000 -.00022620  00000-0  13156-2 0  1006
2 79502  53.0000 208.8000 0000000   0.0000  10.4400 15.12078246464436
STARLINK-1581
1 60461U 98065A   24217.50000000 -.00022620  00000-0  13156-2 0  1000
2 60461  53.0000 208.8000 0000000   0.0000  28.4400 15.12078246899100
STARLINK-1582
1 97094U 98065A   24217.50000000 -.00022620  00000-0  13156-2 0  1003
2 97094  53.0000 208.8000 0000000   0.0000  46.4400 15.12078246224847
STARLINK-1583
1 68972U 98065A   24217.50000000 -.00022620  00000-0  13156-2 0  1000
2 68972  53.0000 208.8000 0000000   0.0000  64.4400 15.12078246176201
STARLINK-1584
1 52673U 98065A   24217.50000000 -.00022620  00000-0  13156-2 0  1007
2 52673  53.0000 208.8000 0000000   0.0000  82.4400 15.12078246536133
STARLINK-1585
1 63359U 98065A   24217.50000000 -.00022620  00000-0  13156-2 0  1007
2 63359  53.0000 208.8000 0000000   0.0000 100.4400 15.12078246418128
STARLINK-1586
1 58292U 98065A   24217.50000000 -.00022620  00000-0  13156-2 0  1001
2 58292  53.0000 208.8000 0000000   0.0000 118.4400 15.12078246825281
STARLINK-1587
1 30120U 98065A   24217.50000000 -.00022620  00000-0  13156-2 0  1001
2 30120  53.0000 208.8000 0000000   0.0000 136.4400 15.12078246870401
STARLINK-1588
1 52603U 98065A   24217.50000000 -.00022620  00000-0  13156-2 0  1001
2 52603  53.0000 208.8000 0000000   0.0000 154.4400 15.12078246397237
STARLINK-1589
1 45067U 98065A   24217.50000000 -.00022620  00000-0  13156-2 0  1004
2 45067  53.0000 208.8000 0000000   0.0000 172.4400 15.12078246615694
STARLINK-1590
1 37085U 98065A   24217.50000000 -.00022620  00000-0  13156-2 0  1003
2 37085  53.0000 208.8000 0000000   0.0000 190.4400 15.12078246342491
STARLINK-1591
1 30188U 98065A   24217.50000000 -.00022620  00000-0  13156-2 0  1004
2 30188  53.0000 208.8000 0000000   0.0000 208.4400 15.12078246400633
STARLINK-1592
1 46736U 98065A   24217.50000000 -.00022620  00000-0  13156-2 0  1001
2 46736  53.0000 208.8000 0000000   0.0000 226.4400 15.12078246900863
STARLINK-1593
1 71183U 98065A   24217.50000000 -.00022620  00000-0  13156-2 0  1001
2 71183  53.0000 208.8000 0000000   0.0000 244.4400 15.12078246887526
STARLINK-1594
1 89286U 98065A   24217.50000000 -.00022620  00000-0  13156-2 0  1007
2 89286  53.0000 208.8000 0000000   0.0000 262.4400 15.12078246114296
STARLINK-1595
1 11079U 98065A   24217.50000000 -.00022620  00000-0  13156-2 0  1000
2 11079  53.0000 208.8000 0000000   0.0000 280.4400 15.12078246106956
STARLINK-1596
1 15399U 98065A   24217.50000000 -.00022620  00000-0  13156-2 0  1003
2 15399  53.0000 208.8000 0000000   0.0000 298.4400 15.12078246425154
STARLINK-1597
1 44927U 98065A   24217.50000000 -.00022620  00000-0  13156-2 0  1001
2 44927  53.0000 208.8000 0000000   0.0000 316.4400 15.12078246804793
STARLINK-1598
1 36957U 98065A   24217.50000000 -.00022620  00000-0  13156-2 0  1004
2 36957  53.0000 208.8000 0000000   0.0000 334.4400 15.12078246530483
STARLINK-1599
1 35405U 98065A   24217.50000000 -.00022620  00000-0  13156-2 0  1000
2 35405  53.0000 208.8000 0000000   0.0000 352.4400 15.12078246932733
STARLINK-1600
1 62955U 98065A   24217.50000000 -.00022620  00000-0  13156-2 0  1000
2 62955  53.0000 216.0000 0000000   0.0000  10.8000 15.12078246842312
STARLINK-1601
1 79822U 98065A   24217.50000000 -.00022620  00000-0  13156-2 0  1004
2 79822  53.0000 216.0000 0000000   0.0000  28.8000 15.12078246777070
STARLINK-1602
1 69747U 98065A   24217.50000000 -.00022620  00000-0  13156-2 0  1000
2 69747  53.0000 216.0000 0000000   0.0000  46.8000 15.12078246163463
STARLINK-1603
1 58369U 98065A   24217.50000000 -.00022620  00000-0  13156-2 0  1000
2 58369  53.0000 216.0000 0000000   0.0000  64.8000 15.12078246766205
STARLINK-1604
1 73995U 98065A   24217.50000000 -.00022620  00000-0  13156-2 0  1001
2 73995  53.0000 216.0000 0000000   0.0000  82.8000 15.12078246569725
STARLINK-1605
1 62487U 98065A   24217.50000000 -.00022620  00000-0  13156-2 0  1004
2 62487  53.0000 216.0000 0000000   0.0000 100.8000 15.12078246191737
STARLINK-1606
1 76822U 98065A   24217.50000000 -.00022620  00000-0  13156-2 0  1001
2 76822  53.0000 216.0000 0000000   0.0000 118.8000 15.12078246857085
STARLINK-1607
1 76158U 98065A   24217.50000000 -.00022620  00000-0  13156-2 0  1008
2 76158  53.0000 216.0000 0000000   0.0000 136.8000 15.12078246266055
STARLINK-1608
1 31231U 98065A   24217.50000000 -.00022620  00000-0  13156-2 0  1006
2 31231  53.0000 216.0000 0000000   0.0000 154.8000 15.12078246742741
STARLINK-1609
1 54371U 98065A   24217.50000000 -.00022620  00000-0  13156-2 0  1001
2 54371  53.0000 216.0000 0000000   0.0000 172.8000 15.12078246555564
STARLINK-1610
1 15280U 98065A   24217.50000000 -.00022620  00000-0  13156-2 0  1005
2 15280  53.0000 216.0000 0000000   0.0000 190.8000 15.12078246127948
STARLINK-1611
1 31322U 98065A   24217.50000000 -.00022620  00000-0  13156-2 0  1000
2 31322  53.0000 216.0000 0000000   0.0000 208.8000 15.12078246748257
STARLINK-1612
1 66094U 98065A   24217.50000000 -.00022620  00000-0  13156-2 0  1005
2 66094  53.0000 216.0000 0000000   0.0000 226.8000 15.12078246833961
STARLINK-1613
1 34807U 98065A   24217.50000000 -.00022620  00000-0  13156-2 0  1001
2 34807  53.0000 216.0000 0000000   0.0000 244.8000 15.12078246228710
STARLINK-1614
1 40386U 98065A   24217.50000000 -.00022620  00000-0  13156-2 0  1004
2 40386  53.0000 216.0000 0000000   0.0000 262.8000 15.12078246498242
STARLINK-1615
1 62429U 98065A   24217.50000000 -.00022620  00000-0  13156-2 0  1007
2 62429  53.0000 216.0000 0000000   0.0000 280.8000 15.12078246395462
STARLINK-1616
1 87447U 98065A   24217.50000000 -.00022620  00000-0  13156-2 0  1002
2 87447  53.0000 216.0000 0000000   0.0000 298.8000 15.12078246900683
STARLINK-1617
1 54508U 98065A   24217.50000000 -.00022620  00000-0  13156-2 0  1005
2 54508  53.0000 216.0000 0000000   0.0000 316.8000 15.12078246318010
STARLINK-1618
1 26857U 98065A   24217.50000000 -.00022620  00000-0  13156-2 0  1001
2 26857  53.0000 216.0000 0000000   0.0000 334.8000 15.12078246640358
STARLINK-1619
1 87816U 98065A   24217.50000000 -.00022620  00000-0  13156-2 0  1005
2 87816  53.0000 216.0000 0000000   0.0000 352.8000 15.12078246728697
STARLINK-1620
1 41892U 98065A   24217.50000000 -.00022620  00000-0  13156-2 0  1004
2 41892  53.0000 223.2000 0000000   0.0000  11.1600 15.12078246285496
STARLINK-1621
1 20393U 98065A   24217.50000000 -.00022620  00000-0  13156-2 0  1000
2 20393  53.0000 223.2000 0000000   0.0000  29.1600 15.12078246559535
STARLINK-1622
1 66762U 98065A   24217.50000000 -.00022620  00000-0  13156-2 0  1001
2 66762  53.0000 223.2000 0000000   0.0000  47.1600 15.12078246829266
STARLINK-1623
1 30629U 98065A   24217.50000000 -.00022620  00000-0  13156-2 0  1005
2 30629  53.0000 223.2000 0000000   0.0000  65.1600 15.12078246492977
STARLINK-1624
1 16365U 98065A   24217.50000000 -.00022620  00000-0  13156-2 0  1003
2 16365  53.0000 223.2000 0000000   0.0000  83.1600 15.12078246414051
STARLINK-1625
1 39578U 98065A   24217.50000000 -.00022620  00000-0  13156-2 0  1003
2 39578  53.0000 223.2000 0000000   0.0000 101.1600 15.12078246151695
STARLINK-1626
1 63862U 98065A   24217.50000000 -.00022620  00000-0  13156-2 0  1008
2 63862  53.0000 223.2000 0000000   0.0000 119.1600 15.12078246161988
STARLINK-1627
1 72734U 98065A   24217.50000000 -.00022620  00000-0  13156-2 0  1005
2 72734  53.0000 223.2000 0000000   0.0000 137.1600 15.12078246502574
STARLINK-1628
1 44897U 98065A   24217.50000000 -.00022620  00000-0  13156-2 0  1001
2 44897  53.0000 223.2000 0000000   0.0000 155.1600 15.12078246816892
STARLINK-1629
1 33847U 98065A   24217.50000000 -.00022620  00000-0  13156-2 0  1007
2 33847  53.0000 223.2000 0000000   0.0000 173.1600 15.12078246736686
STARLINK-1630
1 71363U 98065A   24217.50000000 -.00022620  00000-0  13156-2 0  1008
2 71363  53.0000 223.2000 0000000   0.0000 191.1600 15.12078246456928
STARLINK-1631
1 77036U 98065A   24217.50000000 -.00022620  00000-0  13156-2 0  1003
2 77036  53.0000 223.2000 0000000   0.0000 209.1600 15.12078246398127
STARLINK-1632
1 36989U 98065A   24217.50000000 -.00022620  00000-0  13156-2 0  1005
2 36989  53.0000 223.2000 0000000   0.0000 227.1600 15.12078246758935
STARLINK-1633
1 51757U 98065A   24217.50000000 -.00022620  00000-0  13156-2 0  1007
2 51757  53.0000 223.2000 0000000   0.0000 245.1600 15.12078246288578
STARLINK-1634
1 86008U 98065A   24217.50000000 -.00022620  00000-0  13156-2 0  1007
2 86008  53.0000 223.2000 0000000   0.0000 263.1600 15.12078246907097
STARLINK-1635
1 12523U 98065A   24217.50000000 -.00022620  00000-0  13156-2 0  1004
2 12523  53.0000 223.2000 0000000   0.0000 281.1600 15.12078246880524
STARLINK-1636
1 59303U 98065A   24217.50000000 -.00022620  00000-0  13156-2 0  1003
2 59303  53.0000 223.2000 0000000   0.0000 299.1600 15.12078246536950
STARLINK-1637
1 69460U 98065A   24217.50000000 -.00022620  00000-0  13156-2 0  1007
2 69460  53.0000 223.2000 0000000   0.0000 317.1600 15.12078246987103
STARLINK-1638
1 10196U 98065A   24217.50000000 -.00022620  00000-0  13156-2 0  1005
2 10196  53.0000 223.2000 0000000   0.0000 335.1600 15.12078246719040
STARLINK-1639
1 59206U 98065A   24217.50000000 -.00022620  00000-0  13156-2 0  1001
2 59206  53.0000 223.2000 0000000   0.0000 353.1600 15.12078246940662
STARLINK-1640
1 92594U 98065A   24217.50000000 -.00022620  00000-0  13156-2 0  1006
2 92594  53.0000 230.4000 0000000   0.0000  11.5200 15.12078246851883
STARLINK-1641
1 49820U 98065A   24217.50000000 -.00022620  00000-0  13156-2 0  1004
2 49820  53.0000 230.4000 0000000   0.0000  29.5200 15.12078246115256
STARLINK-1642
1 74424U 98065A   24217.50000000 -.00022620  00000-0  13156-2 0  1007
2 74424  53.0000 230.4000 0000000   0.0000  47.5200 15.12078246310638
STARLINK-1643
1 62285U 98065A   24217.50000000 -.00022620  00000-0  13156-2 0  1003
2 62285  53.0000 230.4000 0000000   0.0000  65.5200 15.12078246784358
STARLINK-1644
1 83571U 98065A   24217.50000000 -.00022620  00000-0  13156-2 0  1006
2 83571  53.0000 230.4000 0000000   0.0000  83.5200 15.12078246866292
STARLINK-1645
1 14458U 98065A   24217.50000000 -.00022620  00000-0  13156-2 0  1002
2 14458  53.0000 230.4000 0000000   0.0000 101.5200 15.12078246863606
STARLINK-1646
1 28717U 98065A   24217.50000000 -.00022620  00000-0  13156-2 0  1000
2 28717  53.0000 230.4000 0000000   0.0000 119.5200 15.12078246379551
STARLINK-1647
1 16116U 98065A   24217.50000000 -.00022620  00000-0  13156-2 0  1002
2 16116  53.0000 230.4000 0000000   0.0000 137.5200 15.12078246282402
STARLINK-1648
1 40150U 98065A   24217.50000000 -.00022620  00000-0  13156-2 0  1004
2 40150  53.0000 230.4000 0000000   0.0000 155.5200 15.12078246181893
STARLINK-1649
1 37861U 98065A   24217.50000000 -.00022620  00000-0  13156-2 0  1003
2 37861  53.0000 230.4000 0000000   0.0000 173.5200 15.12078246902248
STARLINK-1650
1 81196U 98065A   24217.50000000 -.00022620  00000-0  13156-2 0  1003
2 81196  53.0000 230.4000 0000000   0.0000 191.5200 15.12078246767277
STARLINK-1651
1 80748U 98065A   24217.50000000 -.00022620  00000-0  13156-2 0  1005
2 80748  53.0000 230.4000 0000000   0.0000 209.5200 15.12078246808503
STARLINK-1652
1 66487U 98065A   24217.50000000 -.00022620  00000-0  13156-2 0  1008
2 66487  53.0000 230.4000 0000000   0.0000 227.5200 15.12078246825117
STARLINK-1653
1 84603U 98065A   24217.50000000 -.00022620  00000-0  13156-2 0  1000
2 84603  53.0000 230.4000 0000000   0.0000 245.5200 15.12078246921475
STARLINK-1654
1 71610U 98065A   24217.50000000 -.00022620  00000-0  13156-2 0  1008
2 71610  53.0000 230.4000 0000000   0.0000 263.5200 15.12078246181158
STARLINK-1655
1 86011U 98065A   24217.50000000 -.00022620  00000-0  13156-2 0  1008
2 86011  53.0000 230.4000 0000000   0.0000 281.5200 15.12078246464666
STARLINK-1656
1 66790U 98065A   24217.50000000 -.00022620  00000-0  13156-2 0  1008
2 66790  53.0000 230.4000 0000000   0.0000 299.5200 15.12078246812517
STARLINK-1657
1 35235U 98065A   24217.50000000 -.00022620  00000-0  13156-2 0  1004
2 35235  53.0000 230.4000 0000000   0.0000 317.5200 15.12078246986731
STARLINK-1658
1 26445U 98065A   24217.50000000 -.00022620  00000-0  13156-2 0  1002
2 26445  53.0000 230.4000 0000000   0.0000 335.5200 15.12078246775441
STARLINK-1659
1 32834U 98065A   24217.50000000 -.00022620  00000-0  13156-2 0  1001
2 32834  53.0000 230.4000 0000000   0.0000 353.5200 15.12078246771188
STARLINK-1660
1 69393U 98065A   24217.50000000 -.00022620  00000-0  13156-2 0  1007
2 69393  53.0000 237.6000 0000000   0.0000  11.8800 15.12078246354603
STARLINK-1661
1 97609U 98065A   24217.50000000 -.00022620  00000-0  13156-2 0  1001
2 97609  53.0000 237.6000 0000000   0.0000  29.8800 15.12078246327921
STARLINK-1662
1 51860U 98065A   24217.50000000 -.00022620  00000-0  13156-2 0  1002
2 51860  53.0000 237.6000 0000000   0.0000  47.8800 15.12078246835234
STARLINK-1663
1 30369U 98065A   24217.50000000 -.00022620  00000-0  13156-2 0  1001
2 30369  53.0000 237.6000 0000000   0.0000  65.8800 15.12078246359006
STARLINK-1664
1 35642U 98065A   24217.50000000 -.00022620  00000-0  13156-2 0  1003
2 35642  53.0000 237.6000 0000000   0.0000  83.8800 15.12078246628177
STARLINK-1665
1 69495U 98065A   24217.50000000 -.00022620  00000-0  13156-2 0  1005
2 69495  53.0000 237.6000 0000000   0.0000 101.8800 15.12078246307220
STARLINK-1666
1 31095U 98065A   24217.50000000 -.00022620  00000-0  13156-2 0  1004
2 31095  53.0000 237.6000 0000000   0.0000 119.8800 15.12078246564688
STARLINK-1667
1 38594U 98065A   24217.50000000 -.00022620  00000-0  13156-2 0  1005
2 38594  53.0000 237.6000 0000000   0.0000 137.8800 15.12078246734133
STARLINK-1668
1 55554U 98065A   24217.50000000 -.00022620  00000-0  13156-2 0  1003
2 55554  53.0000 237.6000 0000000   0.0000 155.8800 15.12078246489711
STARLINK-1669
1 89972U 98065A   24217.50000000 -.00022620  00000-0  13156-2 0  1002
2 89972  53.0000 237.6000 0000000   0.0000 173.8800 15.12078246228580
STARLINK-1670
1 74533U 98065A   24217.50000000 -.00022620  00000-0  13156-2 0  1000
2 74533  53.0000 237.6000 0000000   0.0000 191.8800 15.12078246252222
STARLINK-1671
1 17619U 98065A   24217.50000000 -.00022620  00000-0  13156-2 0  1008
2 17619  53.0000 237.6000 0000000   0.0000 209.8800 15.12078246693736
STARLINK-1672
1 92881U 98065A   24217.50000000 -.00022620  00000-0  13156-2 0  1004
2 92881  53.0000 237.6000 0000000   0.0000 227.8800 15.12078246674215
STARLINK-1673
1 57897U 98065A   24217.50000000 -.00022620  00000-0  13156-2 0  1004
2 57897  53.0000 237.6000 0000000   0.0000 245.8800 15.12078246907396
STARLINK-1674
1 31986U 98065A   24217.50000000 -.00022620  00000-0  13156-2 0  1005
2 31986  53.0000 237.6000 0000000   0.0000 263.8800 15.12078246798916
STARLINK-1675
1 27730U 98065A   24217.50000000 -.00022620  00000-0  13156-2 0  1000
2 27730  53.0000 237.6000 0000000   0.0000 281.8800 15.12078246329841
STARLINK-1676
1 33050U 98065A   24217.50000000 -.00022620  00000-0  13156-2 0  1004
2 33050  53.0000 237.6000 0000000   0.0000 299.8800 15.12078246927332
STARLINK-1677
1 35817U 98065A   24217.50000000 -.00022620  00000-0  13156-2 0  1000
2 35817  53.0000 237.6000 0000000   0.0000 317.8800 15.12078246545032
STARLINK-1678
1 48425U 98065A   24217.50000000 -.00022620  00000-0  13156-2 0  1008
2 48425  53.0000 237.6000 0000000   0.0000 335.8800 15.12078246281987
STARLINK-1679
1 17722U 98065A   24217.50000000 -.00022620  00000-0  13156-2 0  1008
2 17722  53.0000 237.6000 0000000   0.0000 353.8800 15.12078246904336
STARLINK-1680
1 19025U 98065A   24217.50000000 -.00022620  00000-0  13156-2 0  1007
2 19025  53.0000 244.8000 0000000   0.0000  12.2400 15.12078246685307
STARLINK-1681
1 31786U 98065A   24217.50000000 -.00022620  00000-0  13156-2 0  1001
2 31786  53.0000 244.8000 0000000   0.0000  30.2400 15.12078246324387
STARLINK-1682
1 27631U 98065A   24217.50000000 -.00022620  00000-0  13156-2 0  1001
2 27631  53.0000 244.8000 0000000   0.0000  48.2400 15.12078246894485
STARLINK-1683
1 88957U 98065A   24217.50000000 -.00022620  00000-0  13156-2 0  1002
2 88957  53.0000 244.8000 0000000   0.0000  66.2400 15.12078246402092
STARLINK-1684
1 86210U 98065A   24217.50000000 -.00022620  00000-0  13156-2 0  1006
2 86210  53.0000 244.8000 0000000   0.0000  84.2400 15.12078246975790
STARLINK-1685
1 55587U 98065A   24217.50000000 -.00022620  00000-0  13156-2 0  1004
2 55587  53.0000 244.8000 0000000   0.0000 102.2400 15.12078246404456
STARLINK-1686
1 72720U 98065A   24217.50000000 -.00022620  00000-0  13156-2 0  1004
2 72720  53.0000 244.8000 0000000   0.0000 120.2400 15.12078246690002
STARLINK-1687
1 53991U 98065A   24217.50000000 -.00022620  00000-0  13156-2 0  1007
2 53991  53.0000 244.8000 0000000   0.0000 138.2400 15.12078246518635
STARLINK-1688
1 39408U 98065A   24217.50000000 -.00022620  00000-0  13156-2 0  1005
2 39408  53.0000 244.8000 0000000   0.0000 156.2400 15.12078246355360
STARLINK-1689
1 90215U 98065A   24217.50000000 -.00022620  00000-0  13156-2 0  1001
2 90215  53.0000 244.8000 0000000   0.0000 174.2400 15.12078246538531
STARLINK-1690
1 76330U 98065A   24217.50000000 -.00022620  00000-0  13156-2 0  1002
2 76330  53.0000 244.8000 0000000   0.0000 192.2400 15.12078246532214
STARLINK-1691
1 24602U 98065A   24217.50000000 -.00022620  00000-0  13156-2 0  1002
2 24602  53.0000 244.8000 0000000   0.0000 210.2400 15.12078246394665
STARLINK-1692
1 91487U 98065A   24217.50000000 -.00022620  00000-0  13156-2 0  1002
2 91487  53.0000 244.8000 0000000   0.0000 228.2400 15.12078246687226
STARLINK-1693
1 54167U 98065A   24217.50000000 -.00022620  00000-0  13156-2 0  1002
2 54167  53.0000 244.8000 0000000   0.0000 246.2400 15.12078246759236
STARLINK-1694
1 72846U 98065A   24217.50000000 -.00022620  00000-0  13156-2 0  1006
2 72846  53.0000 244.8000 0000000   0.0000 264.2400 15.12078246187394
STARLINK-1695
1 46137U 98065A   24217.50000000 -.00022620  00000-0  13156-2 0  1000
2 46137  53.0000 244.8000 0000000   0.0000 282.2400 15.12078246951036
STARLINK-1696
1 26615U 98065A   24217.50000000 -.00022620  00000-0  13156-2 0  1005
2 26615  53.0000 244.8000 0000000   0.0000 300.2400 15.12078246830267
STARLINK-1697
1 52826U 98065A   24217.50000000 -.00022620  00000-0  13156-2 0  1003
2 52826  53.0000 244.8000 0000000   0.0000 318.2400 15.12078246718341
STARLINK-1698
1 67599U 98065A   24217.50000000 -.00022620  00000-0  13156-2 0  1001
2 67599  53.0000 244.8000 0000000   0.0000 336.2400 15.12078246589996
STARLINK-1699
1 53679U 98065A   24217.50000000 -.00022620  00000-0  13156-2 0  1001
2 53679  53.0000 244.8000 0000000   0.0000 354.2400 15.12078246893864
STARLINK-1700
1 27916U 98065A   24217.50000000 -.00022620  00000-0  13156-2 0  1006
2 27916  53.0000 252.0000 0000000   0.0000  12.6000 15.12078246259021
STARLINK-1701
1 21712U 98065A   24217.50000000 -.00022620  00000-0  13156-2 0  1003
2 21712  53.0000 252.0000 0000000   0.0000  30.6000 15.12078246636724
STARLINK-1702
1 76830U 98065A   24217.50000000 -.00022620  00000-0  13156-2 0  1007
2 76830  53.0000 252.0000 0000000   0.0000  48.6000 15.12078246730038
STARLINK-1703
1 42880U 98065A   24217.50000000 -.00022620  00000-0  13156-2 0  1008
2 42880  53.0000 252.0000 0000000   0.0000  66.6000 15.12078246375427
STARLINK-1704
1 47778U 98065A   24217.50000000 -.00022620  00000-0  13156-2 0  1000
2 47778  53.0000 252.0000 0000000   0.0000  84.6000 15.12078246526613
STARLINK-1705
1 92081U 98065A   24217.50000000 -.00022620  00000-0  13156-2 0  1004
2 92081  53.0000 252.0000 0000000   0.0000 102.6000 15.12078246131112
STARLINK-1706
1 19123U 98065A   24217.50000000 -.00022620  00000-0  13156-2 0  1006
2 19123  53.0000 252.0000 0000000   0.0000 120.6000 15.12078246481993
STARLINK-1707
1 79948U 98065A   24217.50000000 -.00022620  00000-0  13156-2 0  1000
2 79948  53.0000 252.0000 0000000   0.0000 138.6000 15.12078246133306
STARLINK-1708
1 66834U 98065A   24217.50000000 -.00022620  00000-0  13156-2 0  1001
2 66834  53.0000 252.0000 0000000   0.0000 156.6000 15.12078246575122
STARLINK-1709
1 83925U 98065A   24217.50000000 -.00022620  00000-0  13156-2 0  1008
2 83925  53.0000 252.0000 0000000   0.0000 174.6000 15.12078246894692
STARLINK-1710
1 27478U 98065A   24217.50000000 -.00022620  00000-0  13156-2 0  1003
2 27478  53.0000 252.0000 0000000   0.0000 192.6000 15.12078246896912
STARLINK-1711
1 40752U 98065A   24217.50000000 -.00022620  00000-0  13156-2 0  1002
2 40752  53.0000 252.0000 0000000   0.0000 210.6000 15.12078246430074
STARLINK-1712
1 77178U 98065A   24217.50000000 -.00022620  00000-0  13156-2 0  1005
2 77178  53.0000 252.0000 0000000   0.0000 228.6000 15.12078246254173
STARLINK-1713
1 33755U 98065A   24217.50000000 -.00022620  00000-0  13156-2 0  1002
2 33755  53.0000 252.0000 0000000   0.0000 246.6000 15.12078246476373
STARLINK-1714
1 77306U 98065A   24217.50000000 -.00022620  00000-0  13156-2 0  1000
2 77306  53.0000 252.0000 0000000   0.0000 264.6000 15.12078246270745
STARLINK-1715
1 29644U 98065A   24217.50000000 -.00022620  00000-0  13156-2 0  1008
2 29644  53.0000 252.0000 0000000   0.0000 282.6000 15.12078246112164
STARLINK-1716
1 87320U 98065A   24217.50000000 -.00022620  00000-0  13156-2 0  1006
2 87320  53.0000 252.0000 0000000   0.0000 300.6000 15.12078246390881
STARLINK-1717
1 54989U 98065A   24217.50000000 -.00022620  00000-0  13156-2 0  1004
2 54989  53.0000 252.0000 0000000   0.0000 318.6000 15.12078246197242
STARLINK-1718
1 84562U 98065A   24217.50000000 -.00022620  00000-0  13156-2 0  1008
2 84562  53.0000 252.0000 0000000   0.0000 336.6000 15.12078246120436
STARLINK-1719
1 10570U 98065A   24217.50000000 -.00022620  00000-0  13156-2 0  1001
2 10570  53.0000 252.0000 0000000   0.0000 354.6000 15.12078246548522
STARLINK-1720
1 89061U 98065A   24217.50000000 -.00022620  00000-0  13156-2 0  1000
2 89061  53.0000 259.2000 0000000   0.0000  12.9600 15.12078246120054
STARLINK-1721
1 71547U 98065A   24217.50000000 -.00022620  00000-0  13156-2 0  1006
2 71547  53.0000 259.2000 0000000   0.0000  30.9600 15.12078246480107
STARLINK-1722
1 35619U 98065A   24217.50000000 -.00022620  00000-0  13156-2 0  1004
2 35619  53.0000 259.2000 0000000   0.0000  48.9600 15.12078246137062
STARLINK-1723
1 38242U 98065A   24217.50000000 -.00022620  00000-0  13156-2 0  1008
2 38242  53.0000 259.2000 0000000   0.0000  66.9600 15.12078246801220
STARLINK-1724
1 86913U 98065A   24217.50000000 -.00022620  00000-0  13156-2 0  1001
2 86913  53.0000 259.2000 0000000   0.0000  84.9600 15.12078246907965
STARLINK-1725
1 12796U 98065A   24217.50000000 -.00022620  00000-0  13156-2 0  1004
2 12796  53.0000 259.2000 0000000   0.0000 102.9600 15.12078246106361
STARLINK-1726
1 93695U 98065A   24217.50000000 -.00022620  00000-0  13156-2 0  1002
2 93695  53.0000 259.2000 0000000   0.0000 120.9600 15.12078246480582
STARLINK-1727
1 59482U 98065A   24217.50000000 -.00022620  00000-0  13156-2 0  1007
2 59482  53.0000 259.2000 0000000   0.0000 138.9600 15.12078246406645
STARLINK-1728
1 22714U 98065A   24217.50000000 -.00022620  00000-0  13156-2 0  1002
2 22714  53.0000 259.2000 0000000   0.0000 156.9600 15.12078246281662
STARLINK-1729
1 15213U 98065A   24217.50000000 -.00022620  00000-0  13156-2 0  1007
2 15213  53.0000 259.2000 0000000   0.0000 174.9600 15.12078246411170
STARLINK-1730
1 19749U 98065A   24217.50000000 -.00022620  00000-0  13156-2 0  1005
2 19749  53.0000 259.2000 0000000   0.0000 192.9600 15.12078246741533
STARLINK-1731
1 13930U 98065A   24217.50000000 -.00022620  00000-0  13156-2 0  1005
2 13930  53.0000 259.2000 0000000   0.0000 210.9600 15.12078246357522
STARLINK-1732
1 69741U 98065A   24217.50000000 -.00022620  00000-0  13156-2 0  1004
2 69741  53.0000 259.2000 0000000   0.0000 228.9600 15.12078246494740
STARLINK-1733
1 32670U 98065A   24217.50000000 -.00022620  00000-0  13156-2 0  1000
2 32670  53.0000 259.2000 0000000   0.0000 246.9600 15.12078246745047
STARLINK-1734
1 28796U 98065A   24217.50000000 -.00022620  00000-0  13156-2 0  1005
2 28796  53.0000 259.2000 0000000   0.0000 264.9600 15.12078246323377
STARLINK-1735
1 66163U 98065A   24217.50000000 -.00022620  00000-0  13156-2 0  1004
2 66163  53.0000 259.2000 0000000   0.0000 282.9600 15.12078246600151
STARLINK-1736
1 33588U 98065A   24217.50000000 -.00022620  00000-0  13156-2 0  1001
2 33588  53.0000 259.2000 0000000   0.0000 300.9600 15.12078246980272
STARLINK-1737
1 46539U 98065A   24217.50000000 -.00022620  00000-0  13156-2 0  1002
2 46539  53.0000 259.2000 0000000   0.0000 318.9600 15.12078246605964
STARLINK-1738
1 61322U 98065A   24217.50000000 -.00022620  00000-0  13156-2 0  1008
2 61322  53.0000 259.2000 0000000   0.0000 336.9600 15.12078246274287
STARLINK-1739
1 45547U 98065A   24217.50000000 -.00022620  00000-0  13156-2 0  1003
2 45547  53.0000 259.2000 0000000   0.0000 354.9600 15.12078246391474
STARLINK-1740
1 63384U 98065A   24217.50000000 -.00022620  00000-0  13156-2 0  1006
2 63384  53.0000 266.4000 0000000   0.0000  13.3200 15.12078246582213
STARLINK-1741
1 12576U 98065A   24217.50000000 -.00022620  00000-0  13156-2 0  1004
2 12576  53.0000 266.4000 0000000   0.0000  31.3200 15.12078246532310
STARLINK-1742
1 85988U 98065A   24217.50000000 -.00022620  00000-0  13156-2 0  1006
2 85988  53.0000 266.4000 0000000   0.0000  49.3200 15.12078246736675
STARLINK-1743
1 70260U 98065A   24217.50000000 -.00022620  00000-0  13156-2 0  1001
2 70260  53.0000 266.4000 0000000   0.0000  67.3200 15.12078246457414
STARLINK-1744
1 54772U 98065A   24217.50000000 -.00022620  00000-0  13156-2 0  1003
2 54772  53.0000 266.4000 0000000   0.0000  85.3200 15.12078246614524
STARLINK-1745
1 82264U 98065A   24217.50000000 -.00022620  00000-0  13156-2 0  1008
2 82264  53.0000 266.4000 0000000   0.0000 103.3200 15.12078246463188
STARLINK-1746
1 98071U 98065A   24217.50000000 -.00022620  00000-0  13156-2 0  1006
2 98071  53.0000 266.4000 0000000   0.0000 121.3200 15.12078246719767
STARLINK-1747
1 71431U 98065A   24217.50000000 -.00022620  00000-0  13156-2 0  1004
2 71431  53.0000 266.4000 0000000   0.0000 139.3200 15.12078246903947
STARLINK-1748
1 22748U 98065A   24217.50000000 -.00022620  00000-0  13156-2 0  1001
2 22748  53.0000 266.4000 0000000   0.0000 157.3200 15.12078246101627
STARLINK-1749
1 32648U 98065A   24217.50000000 -.00022620  00000-0  13156-2 0  1007
2 32648  53.0000 266.4000 0000000   0.0000 175.3200 15.12078246708431
STARLINK-1750
1 11368U 98065A   24217.50000000 -.00022620  00000-0  13156-2 0  1004
2 11368  53.0000 266.4000 0000000   0.0000 193.3200 15.12078246761692
STARLINK-1751
1 24432U 98065A   24217.50000000 -.00022620  00000-0  13156-2 0  1008
2 24432  53.0000 266.4000 0000000   0.0000 211.3200 15.12078246129666
STARLINK-1752
1 11968U 98065A   24217.50000000 -.00022620  00000-0  13156-2 0  1004
2 11968  53.0000 266.4000 0000000   0.0000 229.3200 15.12078246975791
STARLINK-1753
1 19656U 98065A   24217.50000000 -.00022620  00000-0  13156-2 0  1006
2 19656  53.0000 266.4000 0000000   0.0000 247.3200 15.12078246758288
STARLINK-1754
1 49915U 98065A   24217.50000000 -.00022620  00000-0  13156-2 0  1002
2 49915  53.0000 266.4000 0000000   0.0000 265.3200 15.12078246450180
STARLINK-1755
1 89777U 98065A   24217.50000000 -.00022620  00000-0  13156-2 0  1003
2 89777  53.0000 266.4000 0000000   0.0000 283.3200 15.12078246443812
STARLINK-1756
1 98586U 98065A   24217.50000000 -.00022620  00000-0  13156-2 0  1007
2 98586  53.0000 266.4000 0000000   0.0000 301.3200 15.12078246340350
STARLINK-1757
1 75175U 98065A   24217.50000000 -.00022620  00000-0  13156-2 0  1007
2 75175  53.0000 266.4000 0000000   0.0000 319.3200 15.12078246273668
STARLINK-1758
1 15378U 98065A   24217.50000000 -.00022620  00000-0  13156-2 0  1002
2 15378  53.0000 266.4000 0000000   0.0000 337.3200 15.12078246184053
STARLINK-1759
1 55676U 98065A   24217.50000000 -.00022620  00000-0  13156-2 0  1008
2 55676  53.0000 266.4000 0000000   0.0000 355.3200 15.12078246459558
STARLINK-1760
1 54341U 98065A   24217.50000000 -.00022620  00000-0  13156-2 0  1004
2 54341  53.0000 273.6000 0000000   0.0000  13.6800 15.12078246618768
STARLINK-1761
1 67258U 98065A   24217.50000000 -.00022620  00000-0  13156-2 0  1002
2 67258  53.0000 273.6000 0000000   0.0000  31.6800 15.12078246265246
STARLINK-1762
1 65765U 98065A   24217.50000000 -.00022620  00000-0  13156-2 0  1007
2 65765  53.0000 273.6000 0000000   0.0000  49.6800 15.12078246334970
STARLINK-1763
1 45799U 98065A   24217.50000000 -.00022620  00000-0  13156-2 0  1004
2 45799  53.0000 273.6000 0000000   0.0000  67.6800 15.12078246305904
STARLINK-1764
1 55753U 98065A   24217.50000000 -.00022620  00000-0  13156-2 0  1001
2 55753  53.0000 273.6000 0000000   0.0000  85.6800 15.12078246243385
STARLINK-1765
1 59132U 98065A   24217.50000000 -.00022620  00000-0  13156-2 0  1006
2 59132  53.0000 273.6000 0000000   0.0000 103.6800 15.12078246345394
STARLINK-1766
1 13974U 98065A   24217.50000000 -.00022620  00000-0  13156-2 0  1002
2 13974  53.0000 273.6000 0000000   0.0000 121.6800 15.12078246657627
STARLINK-1767
1 98857U 98065A   24217.50000000 -.00022620  00000-0  13156-2 0  1003
2 98857  53.0000 273.6000 0000000   0.0000 139.6800 15.12078246498800
STARLINK-1768
1 12456U 98065A   24217.50000000 -.00022620  00000-0  13156-2 0  1000
2 12456  53.0000 273.6000 0000000   0.0000 157.6800 15.12078246332567
STARLINK-1769
1 40864U 98065A   24217.50000000 -.00022620  00000-0  13156-2 0  1008
2 40864  53.0000 273.6000 0000000   0.0000 175.6800 15.12078246254003
STARLINK-1770
1 89274U 98065A   24217.50000000 -.00022620  00000-0  13156-2 0  1006
2 89274  53.0000 273.6000 0000000   0.0000 193.6800 15.12078246761237
STARLINK-1771
1 16517U 98065A   24217.50000000 -.00022620  00000-0  13156-2 0  1001
2 16517  53.0000 273.6000 0000000   0.0000 211.6800 15.12078246937541
STARLINK-1772
1 32688U 98065A   24217.50000000 -.00022620  00000-0  13156-2 0  1007
2 32688  53.0000 273.6000 0000000   0.0000 229.6800 15.12078246526198
STARLINK-1773
1 10369U 98065A   24217.50000000 -.00022620  00000-0  13156-2 0  1000
2 10369  53.0000 273.6000 0000000   0.0000 247.6800 15.12078246962855
STARLINK-1774
1 39594U 98065A   24217.50000000 -.00022620  00000-0  13156-2 0  1002
2 39594  53.0000 273.6000 0000000   0.0000 265.6800 15.12078246191613
STARLINK-1775
1 38395U 98065A   24217.50000000 -.00022620  00000-0  13156-2 0  1008
2 38395  53.0000 273.6000 0000000   0.0000 283.6800 15.12078246854090
STARLINK-1776
1 85722U 98065A   24217.50000000 -.00022620  00000-0  13156-2 0  1007
2 85722  53.0000 273.6000 0000000   0.0000 301.6800 15.12078246543803
STARLINK-1777
1 18823U 98065A   24217.50000000 -.00022620  00000-0  13156-2 0  1005
2 18823  53.0000 273.6000 0000000   0.0000 319.6800 15.12078246178987
STARLINK-1778
1 36191U 98065A   24217.50000000 -.00022620  00000-0  13156-2 0  1007
2 36191  53.0000 273.6000 0000000   0.0000 337.6800 15.12078246987115
STARLINK-1779
1 99073U 98065A   24217.50000000 -.00022620  00000-0  13156-2 0  1001
2 99073  53.0000 273.6000 0000000   0.0000 355.6800 15.12078246358465
STARLINK-1780
1 92068U 98065A   24217.50000000 -.00022620  00000-0  13156-2 0  1008
2 92068  53.0000 280.8000 0000000   0.0000  14.0400 15.12078246999300
STARLINK-1781
1 88970U 98065A   24217.50000000 -.00022620  00000-0  13156-2 0  1003
2 88970  53.0000 280.8000 0000000   0.0000  32.0400 15.12078246709200
STARLINK-1782
1 86787U 98065A   24217.50000000 -.00022620  00000-0  13156-2 0  1003
2 86787  53.0000 280.8000 0000000   0.0000  50.0400 15.12078246930241
STARLINK-1783
1 42618U 98065A   24217.50000000 -.00022620  00000-0  13156-2 0  1006
2 42618  53.0000 280.8000 0000000   0.0000  68.0400 15.12078246781648
STARLINK-1784
1 52060U 98065A   24217.50000000 -.00022620  00000-0  13156-2 0  1001
2 52060  53.0000 280.8000 0000000   0.0000  86.0400 15.12078246309936
STARLINK-1785
1 39436U 98065A   24217.50000000 -.00022620  00000-0  13156-2 0  1003
2 39436  53.0000 280.8000 0000000   0.0000 104.0400 15.12078246381495
STARLINK-1786
1 55198U 98065A   24217.50000000 -.00022620  00000-0  13156-2 0  1000
2 55198  53.0000 280.8000 0000000   0.0000 122.0400 15.12078246739356
STARLINK-1787
1 34484U 98065A   24217.50000000 -.00022620  00000-0  13156-2 0  1003
2 34484  53.0000 280.8000 0000000   0.0000 140.0400 15.12078246228204
STARLINK-1788
1 19133U 98065A   24217.50000000 -.00022620  00000-0  13156-2 0  1007
2 19133  53.0000 280.8000 0000000   0.0000 158.0400 15.12078246662548
STARLINK-1789
1 52334U 98065A   24217.50000000 -.00022620  00000-0  13156-2 0  1005
2 52334  53.0000 280.8000 0000000   0.0000 176.0400 15.12078246241678
STARLINK-1790
1 49495U 98065A   24217.50000000 -.00022620  00000-0  13156-2 0  1001
2 49495  53.0000 280.8000 0000000   0.0000 194.0400 15.12078246989504
STARLINK-1791
1 99558U 98065A   24217.50000000 -.00022620  00000-0  13156-2 0  1003
2 99558  53.0000 280.8000 0000000   0.0000 212.0400 15.12078246979483
STARLINK-1792
1 11837U 98065A   24217.50000000 -.00022620  00000-0  13156-2 0  1007
2 11837  53.0000 280.8000 0000000   0.0000 230.0400 15.12078246586025
STARLINK-1793
1 45490U 98065A   24217.50000000 -.00022620  00000-0  13156-2 0  1008
2 45490  53.0000 280.8000 0000000   0.0000 248.0400 15.12078246855923
STARLINK-1794
1 57990U 98065A   24217.50000000 -.00022620  00000-0  13156-2 0  1006
2 57990  53.0000 280.8000 0000000   0.0000 266.0400 15.12078246460258
STARLINK-1795
1 23642U 98065A   24217.50000000 -.00022620  00000-0  13156-2 0  1002
2 23642  53.0000 280.8000 0000000   0.0000 284.0400 15.12078246824151
STARLINK-1796
1 53668U 98065A   24217.50000000 -.00022620  00000-0  13156-2 0  1007
2 53668  53.0000 280.8000 0000000   0.0000 302.0400 15.12078246800633
STARLINK-1797
1 11580U 98065A   24217.50000000 -.00022620  00000-0  13156-2 0  1008
2 11580  53.0000 280.8000 0000000   0.0000 320.0400 15.12078246107484
STARLINK-1798
1 23805U 98065A   24217.50000000 -.00022620  00000-0  13156-2 0  1000
2 23805  53.0000 280.8000 0000000   0.0000 338.0400 15.12078246754894
STARLINK-1799
1 79510U 98065A   24217.50000000 -.00022620  00000-0  13156-2 0  1007
2 79510  53.0000 280.8000 0000000   0.0000 356.0400 15.12078246696985
STARLINK-1800
1 62665U 98065A   24217.50000000 -.00022620  00000-0  13156-2 0  1003
2 62665  53.0000 288.0000 0000000   0.0000  14.4000 15.12078246589508
STARLINK-1801
1 71956U 98065A   24217.50000000 -.00022620  00000-0  13156-2 0  1002
2 71956  53.0000 288.0000 0000000   0.0000  32.4000 15.12078246978365
STARLINK-1802
1 70026U 98065A   24217.50000000 -.00022620  00000-0  13156-2 0  1007
2 70026  53.0000 288.0000 0000000   0.0000  50.4000 15.12078246205666
STARLINK-1803
1 23267U 98065A   24217.50000000 -.00022620  00000-0  13156-2 0  1004
2 23267  53.0000 288.0000 0000000   0.0000  68.4000 15.12078246569893
STARLINK-1804
1 84010U 98065A   24217.50000000 -.00022620  00000-0  13156-2 0  1004
2 84010  53.0000 288.0000 0000000   0.0000  86.4000 15.12078246777788
STARLINK-1805
1 82755U 98065A   24217.50000000 -.00022620  00000-0  13156-2 0  1006
2 82755  53.0000 288.0000 0000000   0.0000 104.4000 15.12078246650517
STARLINK-1806
1 36366U 98065A   24217.50000000 -.00022620  00000-0  13156-2 0  1000
2 36366  53.0000 288.0000 0000000   0.0000 122.4000 15.12078246337775
STARLINK-1807
1 78916U 98065A   24217.50000000 -.00022620  00000-0  13156-2 0  1006
2 78916  53.0000 288.0000 0000000   0.0000 140.4000 15.12078246910880
STARLINK-1808
1 38821U 98065A   24217.50000000 -.00022620  00000-0  13156-2 0  1002
2 38821  53.0000 288.0000 0000000   0.0000 158.4000 15.12078246538230
STARLINK-1809
1 62412U 98065A   24217.50000000 -.00022620  00000-0  13156-2 0  1004
2 62412  53.0000 288.0000 0000000   0.0000 176.4000 15.12078246694618
STARLINK-1810
1 95713U 98065A   24217.50000000 -.00022620  00000-0  13156-2 0  1005
2 95713  53.0000 288.0000 0000000   0.0000 194.4000 15.12078246118463
STARLINK-1811
1 46424U 98065A   24217.50000000 -.00022620  00000-0  13156-2 0  1000
2 46424  53.0000 288.0000 0000000   0.0000 212.4000 15.12078246964736
STARLINK-1812
1 21997U 98065A   24217.50000000 -.00022620  00000-0  13156-2 0  1006
2 21997  53.0000 288.0000 0000000   0.0000 230.4000 15.12078246707272
STARLINK-1813
1 99416U 98065A   24217.50000000 -.00022620  00000-0  13156-2 0  1004
2 99416  53.0000 288.0000 0000000   0.0000 248.4000 15.12078246116347
STARLINK-1814
1 11275U 98065A   24217.50000000 -.00022620  00000-0  13156-2 0  1001
2 11275  53.0000 288.0000 0000000   0.0000 266.4000 15.12078246835004
STARLINK-1815
1 26073U 98065A   24217.50000000 -.00022620  00000-0  13156-2 0  1000
2 26073  53.0000 288.0000 0000000   0.0000 284.4000 15.12078246149656
STARLINK-1816
1 22525U 98065A   24217.50000000 -.00022620  00000-0  13156-2 0  1002
2 22525  53.0000 288.0000 0000000   0.0000 302.4000 15.12078246499985
STARLINK-1817
1 85299U 98065A   24217.50000000 -.00022620  00000-0  13156-2 0  1005
2 85299  53.0000 288.0000 0000000   0.0000 320.4000 15.12078246392344
STARLINK-1818
1 85413U 98065A   24217.50000000 -.00022620  00000-0  13156-2 0  1006
2 85413  53.0000 288.0000 0000000   0.0000 338.4000 15.12078246146240
STARLINK-1819
1 97526U 98065A   24217.50000000 -.00022620  00000-0  13156-2 0  1000
2 97526  53.0000 288.0000 0000000   0.0000 356.4000 15.12078246807706
STARLINK-1820
1 62111U 98065A   24217.50000000 -.00022620  00000-0  13156-2 0  1008
2 62111  53.0000 295.2000 0000000   0.0000  14.7600 15.12078246907100
STARLINK-1821
1 56461U 98065A   24217.50000000 -.00022620  00000-0  13156-2 0  1005
2 56461  53.0000 295.2000 0000000   0.0000  32.7600 15.12078246453093
STARLINK-1822
1 18679U 98065A   24217.50000000 -.00022620  00000-0  13156-2 0  1007
2 18679  53.0000 295.2000 0000000   0.0000  50.7600 15.12078246772524
STARLINK-1823
1 57113U 98065A   24217.50000000 -.00022620  00000-0  13156-2 0  1006
2 57113  53.0000 295.2000 0000000   0.0000  68.7600 15.12078246215960
STARLINK-1824
1 54385U 98065A   24217.50000000 -.00022620  00000-0  13156-2 0  1004
2 54385  53.0000 295.2000 0000000   0.0000  86.7600 15.12078246416183
STARLINK-1825
1 67432U 98065A   24217.50000000 -.00022620  00000-0  13156-2 0  1005
2 67432  53.0000 295.2000 0000000   0.0000 104.7600 15.12078246726567
STARLINK-1826
1 61727U 98065A   24217.50000000 -.00022620  00000-0  13156-2 0  1000
2 61727  53.0000 295.2000 0000000   0.0000 122.7600 15.12078246915460
STARLINK-1827
1 58178U 98065A   24217.50000000 -.00022620  00000-0  13156-2 0  1005
2 58178  53.0000 295.2000 0000000   0.0000 140.7600 15.12078246482857
STARLINK-1828
1 20443U 98065A   24217.50000000 -.00022620  00000-0  13156-2 0  1006
2 20443  53.0000 295.2000 0000000   0.0000 158.7600 15.12078246703221
STARLINK-1829
1 34286U 98065A   24217.50000000 -.00022620  00000-0  13156-2 0  1003
2 34286  53.0000 295.2000 0000000   0.0000 176.7600 15.12078246827782
STARLINK-1830
1 83741U 98065A   24217.50000000 -.00022620  00000-0  13156-2 0  1001
2 83741  53.0000 295.2000 0000000   0.0000 194.7600 15.12078246825584
STARLINK-1831
1 36786U 98065A   24217.50000000 -.00022620  00000-0  13156-2 0  1008
2 36786  53.0000 295.2000 0000000   0.0000 212.7600 15.12078246235006
STARLINK-1832
1 60195U 98065A   24217.50000000 -.00022620  00000-0  13156-2 0  1002
2 60195  53.0000 295.2000 0000000   0.0000 230.7600 15.12078246274130
STARLINK-1833
1 53633U 98065A   24217.50000000 -.00022620  00000-0  13156-2 0  1004
2 53633  53.0000 295.2000 0000000   0.0000 248.7600 15.12078246368705
STARLINK-1834
1 90800U 98065A   24217.50000000 -.00022620  00000-0  13156-2 0  1006
2 90800  53.0000 295.2000 0000000   0.0000 266.7600 15.12078246866090
STARLINK-1835
1 39547U 98065A   24217.50000000 -.00022620  00000-0  13156-2 0  1006
2 39547  53.0000 295.2000 0000000   0.0000 284.7600 15.12078246668771
STARLINK-1836
1 37320U 98065A   24217.50000000 -.00022620  00000-0  13156-2 0  1001
2 37320  53.0000 295.2000 0000000   0.0000 302.7600 15.12078246587551
STARLINK-1837
1 75273U 98065A   24217.50000000 -.00022620  00000-0  13156-2 0  1005
2 75273  53.0000 295.2000 0000000   0.0000 320.7600 15.12078246523195
STARLINK-1838
1 20954U 98065A   24217.50000000 -.00022620  00000-0  13156-2 0  1005
2 20954  53.0000 295.2000 0000000   0.0000 338.7600 15.12078246411125
STARLINK-1839
1 89993U 98065A   24217.50000000 -.00022620  00000-0  13156-2 0  1008
2 89993  53.0000 295.2000 0000000   0.0000 356.7600 15.12078246699108
STARLINK-1840
1 24175U 98065A   24217.50000000 -.00022620  00000-0  13156-2 0  1007
2 24175  53.0000 302.4000 0000000   0.0000  15.1200 15.12078246238464
STARLINK-1841
1 86982U 98065A   24217.50000000 -.00022620  00000-0  13156-2 0  1004
2 86982  53.0000 302.4000 0000000   0.0000  33.1200 15.12078246985420
STARLINK-1842
1 71492U 98065A   24217.50000000 -.00022620  00000-0  13156-2 0  1008
2 71492  53.0000 302.4000 0000000   0.0000  51.1200 15.12078246932748
STARLINK-1843
1 34515U 98065A   24217.50000000 -.00022620  00000-0  13156-2 0  1004
2 34515  53.0000 302.4000 0000000   0.0000  69.1200 15.12078246204865
STARLINK-1844
1 51654U 98065A   24217.50000000 -.00022620  00000-0  13156-2 0  1004
2 51654  53.0000 302.4000 0000000   0.0000  87.1200 15.12078246817627
STARLINK-1845
1 35613U 98065A   24217.50000000 -.00022620  00000-0  13156-2 0  1001
2 35613  53.0000 302.4000 0000000   0.0000 105.1200 15.12078246577825
STARLINK-1846
1 87300U 98065A   24217.50000000 -.00022620  00000-0  13156-2 0  1002
2 87300  53.0000 302.4000 0000000   0.0000 123.1200 15.12078246518371
STARLINK-1847
1 28501U 98065A   24217.50000000 -.00022620  00000-0  13156-2 0  1004
2 28501  53.0000 302.4000 0000000   0.0000 141.1200 15.12078246548293
STARLINK-1848
1 70397U 98065A   24217.50000000 -.00022620  00000-0  13156-2 0  1002
2 70397  53.0000 302.4000 0000000   0.0000 159.1200 15.12078246219641
STARLINK-1849
1 29490U 98065A   24217.50000000 -.00022620  00000-0  13156-2 0  1006
2 29490  53.0000 302.4000 0000000   0.0000 177.1200 15.12078246479130
STARLINK-1850
1 47241U 98065A   24217.50000000 -.00022620  00000-0  13156-2 0  1003
2 47241  53.0000 302.4000 0000000   0.0000 195.1200 15.12078246311683
STARLINK-1851
1 59688U 98065A   24217.50000000 -.00022620  00000-0  13156-2 0  1003
2 59688  53.0000 302.4000 0000000   0.0000 213.1200 15.12078246979866
STARLINK-1852
1 24532U 98065A   24217.50000000 -.00022620  00000-0  13156-2 0  1003
2 24532  53.0000 302.4000 0000000   0.0000 231.1200 15.12078246942461
STARLINK-1853
1 35161U 98065A   24217.50000000 -.00022620  00000-0  13156-2 0  1008
2 35161  53.0000 302.4000 0000000   0.0000 249.1200 15.12078246965838
STARLINK-1854
1 45609U 98065A   24217.50000000 -.00022620  00000-0  13156-2 0  1000
2 45609  53.0000 302.4000 0000000   0.0000 267.1200 15.12078246379600
STARLINK-1855
1 25012U 98065A   24217.50000000 -.00022620  00000-0  13156-2 0  1001
2 25012  53.0000 302.4000 0000000   0.0000 285.1200 15.12078246897734
STARLINK-1856
1 69463U 98065A   24217.50000000 -.00022620  00000-0  13156-2 0  1007
2 69463  53.0000 302.4000 0000000   0.0000 303.1200 15.12078246940676
STARLINK-1857
1 53165U 98065A   24217.50000000 -.00022620  00000-0  13156-2 0  1004
2 53165  53.0000 302.4000 0000000   0.0000 321.1200 15.12078246214384
STARLINK-1858
1 73993U 98065A   24217.50000000 -.00022620  00000-0  13156-2 0  1005
2 73993  53.0000 302.4000 0000000   0.0000 339.1200 15.12078246407651
STARLINK-1859
1 52669U 98065A   24217.50000000 -.00022620  00000-0  13156-2 0  1005
2 52669  53.0000 302.4000 0000000   0.0000 357.1200 15.12078246341837
STARLINK-1860
1 42912U 98065A   24217.50000000 -.00022620  00000-0  13156-2 0  1008
2 42912  53.0000 309.6000 0000000   0.0000  15.4800 15.12078246794721
STARLINK-1861
1 50509U 98065A   24217.50000000 -.00022620  00000-0  13156-2 0  1005
2 50509  53.0000 309.6000 0000000   0.0000  33.4800 15.12078246659235
STARLINK-1862
1 76768U 98065A   24217.50000000 -.00022620  00000-0  13156-2 0  1008
2 76768  53.0000 309.6000 0000000   0.0000  51.4800 15.12078246539262
STARLINK-1863
1 46565U 98065A   24217.50000000 -.00022620  00000-0  13156-2 0  1004
2 46565  53.0000 309.6000 0000000   0.0000  69.4800 15.12078246728713
STARLINK-1864
1 57361U 98065A   24217.50000000 -.00022620  00000-0  13156-2 0  1004
2 57361  53.0000 309.6000 0000000   0.0000  87.4800 15.12078246229916
STARLINK-1865
1 45213U 98065A   24217.50000000 -.00022620  00000-0  13156-2 0  1000
2 45213  53.0000 309.6000 0000000   0.0000 105.4800 15.12078246206138
STARLINK-1866
1 68188U 98065A   24217.50000000 -.00022620  00000-0  13156-2 0  1006
2 68188  53.0000 309.6000 0000000   0.0000 123.4800 15.12078246649597
STARLINK-1867
1 53966U 98065A   24217.50000000 -.00022620  00000-0  13156-2 0  1002
2 53966  53.0000 309.6000 0000000   0.0000 141.4800 15.12078246960497
STARLINK-1868
1 47147U 98065A   24217.50000000 -.00022620  00000-0  13156-2 0  1004
2 47147  53.0000 309.6000 0000000   0.0000 159.4800 15.12078246366264
STARLINK-1869
1 71297U 98065A   24217.50000000 -.00022620  00000-0  13156-2 0  1000
2 71297  53.0000 309.6000 0000000   0.0000 177.4800 15.12078246597460
STARLINK-1870
1 29730U 98065A   24217.50000000 -.00022620  00000-0  13156-2 0  1008
2 29730  53.0000 309.6000 0000000   0.0000 195.4800 15.12078246923591
STARLINK-1871
1 37402U 98065A   24217.50000000 -.00022620  00000-0  13156-2 0  1001
2 37402  53.0000 309.6000 0000000   0.0000 213.4800 15.12078246232303
STARLINK-1872
1 50556U 98065A   24217.50000000 -.00022620  00000-0  13156-2 0  1000
2 50556  53.0000 309.6000 0000000   0.0000 231.4800 15.12078246692943
STARLINK-1873
1 83430U 98065A   24217.50000000 -.00022620  00000-0  13156-2 0  1002
2 83430  53.0000 309.6000 0000000   0.0000 249.4800 15.12078246860216
STARLINK-1874
1 91823U 98065A   24217.50000000 -.00022620  00000-0  13156-2 0  1006
2 91823  53.0000 309.6000 0000000   0.0000 267.4800 15.12078246538051
STARLINK-1875
1 25231U 98065A   24217.50000000 -.00022620  00000-0  13156-2 0  1004
2 25231  53.0000 309.6000 0000000   0.0000 285.4800 15.12078246624197
STARLINK-1876
1 65327U 98065A   24217.50000000 -.00022620  00000-0  13156-2 0  1003
2 65327  53.0000 309.6000 0000000   0.0000 303.4800 15.12078246149623
STARLINK-1877
1 86942U 98065A   24217.50000000 -.00022620  00000-0  13156-2 0  1001
2 86942  53.0000 309.6000 0000000   0.0000 321.4800 15.12078246411838
STARLINK-1878
1 66266U 98065A   24217.50000000 -.00022620  00000-0  13156-2 0  1006
2 66266  53.0000 309.6000 0000000   0.0000 339.4800 15.12078246118958
STARLINK-1879
1 61742U 98065A   24217.50000000 -.00022620  00000-0  13156-2 0  1007
2 61742  53.0000 309.6000 0000000   0.0000 357.4800 15.12078246682306
STARLINK-1880
1 32263U 98065A   24217.50000000 -.00022620  00000-0  13156-2 0  1004
2 32263  53.0000 316.8000 0000000   0.0000  15.8400 15.12078246909811
STARLINK-1881
1 99331U 98065A   24217.50000000 -.00022620  00000-0  13156-2 0  1005
2 99331  53.0000 316.8000 0000000   0.0000  33.8400 15.12078246831333
STARLINK-1882
1 44966U 98065A   24217.50000000 -.00022620  00000-0  13156-2 0  1003
2 44966  53.0000 316.8000 0000000   0.0000  51.8400 15.12078246911407
STARLINK-1883
1 74985U 98065A   24217.50000000 -.00022620  00000-0  13156-2 0  1007
2 74985  53.0000 316.8000 0000000   0.0000  69.8400 15.12078246468535
STARLINK-1884
1 56214U 98065A   24217.50000000 -.00022620  00000-0  13156-2 0  1004
2 56214  53.0000 316.8000 0000000   0.0000  87.8400 15.12078246746063
STARLINK-1885
1 20677U 98065A   24217.50000000 -.00022620  00000-0  13156-2 0  1000
2 20677  53.0000 316.8000 0000000   0.0000 105.8400 15.12078246435370
STARLINK-1886
1 37096U 98065A   24217.50000000 -.00022620  00000-0  13156-2 0  1000
2 37096  53.0000 316.8000 0000000   0.0000 123.8400 15.12078246415852
STARLINK-1887
1 59025U 98065A   24217.50000000 -.00022620  00000-0  13156-2 0  1004
2 59025  53.0000 316.8000 0000000   0.0000 141.8400 15.12078246732586
STARLINK-1888
1 92629U 98065A   24217.50000000 -.00022620  00000-0  13156-2 0  1006
2 92629  53.0000 316.8000 0000000   0.0000 159.8400 15.12078246944113
STARLINK-1889
1 47450U 98065A   24217.50000000 -.00022620  00000-0  13156-2 0  1004
2 47450  53.0000 316.8000 0000000   0.0000 177.8400 15.12078246268024
STARLINK-1890
1 83692U 98065A   24217.50000000 -.00022620  00000-0  13156-2 0  1006
2 83692  53.0000 316.8000 0000000   0.0000 195.8400 15.12078246832786
STARLINK-1891
1 54414U 98065A   24217.50000000 -.00022620  00000-0  13156-2 0  1003
2 54414  53.0000 316.8000 0000000   0.0000 213.8400 15.12078246900251
STARLINK-1892
1 43907U 98065A   24217.50000000 -.00022620  00000-0  13156-2 0  1008
2 43907  53.0000 316.8000 0000000   0.0000 231.8400 15.12078246642420
STARLINK-1893
1 59367U 98065A   24217.50000000 -.00022620  00000-0  13156-2 0  1007
2 59367  53.0000 316.8000 0000000   0.0000 249.8400 15.12078246296950
STARLINK-1894
1 25284U 98065A   24217.50000000 -.00022620  00000-0  13156-2 0  1008
2 25284  53.0000 316.8000 0000000   0.0000 267.8400 15.12078246794536
STARLINK-1895
1 80082U 98065A   24217.50000000 -.00022620  00000-0  13156-2 0  1008
2 80082  53.0000 316.8000 0000000   0.0000 285.8400 15.12078246953415
STARLINK-1896
1 73373U 98065A   24217.50000000 -.00022620  00000-0  13156-2 0  1008
2 73373  53.0000 316.8000 0000000   0.0000 303.8400 15.12078246352795
STARLINK-1897
1 87064U 98065A   24217.50000000 -.00022620  00000-0  13156-2 0  1006
2 87064  53.0000 316.8000 0000000   0.0000 321.8400 15.12078246745316
STARLINK-1898
1 37603U 98065A   24217.50000000 -.00022620  00000-0  13156-2 0  1001
2 37603  53.0000 316.8000 0000000   0.0000 339.8400 15.12078246246221
STARLINK-1899
1 51019U 98065A   24217.50000000 -.00022620  00000-0  13156-2 0  1006
2 51019  53.0000 316.8000 0000000   0.0000 357.8400 15.12078246226330
STARLINK-1900
1 65838U 98065A   24217.50000000 -.00022620  00000-0  13156-2 0  1008
2 65838  53.0000 324.0000 0000000   0.0000  16.2000 15.12078246434052
STARLINK-1901
1 98499U 98065A   24217.50000000 -.00022620  00000-0  13156-2 0  1000
2 98499  53.0000 324.0000 0000000   0.0000  34.2000 15.12078246425322
STARLINK-1902
1 31580U 98065A   24217.50000000 -.00022620  00000-0  13156-2 0  1004
2 31580  53.0000 324.0000 0000000   0.0000  52.2000 15.12078246445611
STARLINK-1903
1 21700U 98065A   24217.50000000 -.00022620  00000-0  13156-2 0  1000
2 21700  53.0000 324.0000 0000000   0.0000  70.2000 15.12078246452706
STARLINK-1904
1 19610U 98065A   24217.50000000 -.00022620  00000-0  13156-2 0  1008
2 19610  53.0000 324.0000 0000000   0.0000  88.2000 15.12078246372037
STARLINK-1905
1 20209U 98065A   24217.50000000 -.00022620  00000-0  13156-2 0  1007
2 20209  53.0000 324.0000 0000000   0.0000 106.2000 15.12078246463812
STARLINK-1906
1 11604U 98065A   24217.50000000 -.00022620  00000-0  13156-2 0  1006
2 11604  53.0000 324.0000 0000000   0.0000 124.2000 15.12078246787887
STARLINK-1907
1 64285U 98065A   24217.50000000 -.00022620  00000-0  13156-2 0  1002
2 64285  53.0000 324.0000 0000000   0.0000 142.2000 15.12078246726211
STARLINK-1908
1 24106U 98065A   24217.50000000 -.00022620  00000-0  13156-2 0  1003
2 24106  53.0000 324.0000 0000000   0.0000 160.2000 15.12078246949544
STARLINK-1909
1 30257U 98065A   24217.50000000 -.00022620  00000-0  13156-2 0  1004
2 30257  53.0000 324.0000 0000000   0.0000 178.2000 15.12078246641211
STARLINK-1910
1 77339U 98065A   24217.50000000 -.00022620  00000-0  13156-2 0  1007
2 77339  53.0000 324.0000 0000000   0.0000 196.2000 15.12078246879337
STARLINK-1911
1 10594U 98065A   24217.50000000 -.00022620  00000-0  13156-2 0  1002
2 10594  53.0000 324.0000 0000000   0.0000 214.2000 15.12078246808161
STARLINK-1912
1 59601U 98065A   24217.50000000 -.00022620  00000-0  13156-2 0  1003
2 59601  53.0000 324.0000 0000000   0.0000 232.2000 15.12078246709330
STARLINK-1913
1 96710U 98065A   24217.50000000 -.00022620  00000-0  13156-2 0  1007
2 96710  53.0000 324.0000 0000000   0.0000 250.2000 15.12078246577168
STARLINK-1914
1 91746U 98065A   24217.50000000 -.00022620  00000-0  13156-2 0  1000
2 91746  53.0000 324.0000 0000000   0.0000 268.2000 15.12078246986255
STARLINK-1915
1 58311U 98065A   24217.50000000 -.00022620  00000-0  13156-2 0  1003
2 58311  53.0000 324.0000 0000000   0.0000 286.2000 15.12078246249114
STARLINK-1916
1 94791U 98065A   24217.50000000 -.00022620  00000-0  13156-2 0  1000
2 94791  53.0000 324.0000 0000000   0.0000 304.2000 15.12078246753123
STARLINK-1917
1 98147U 98065A   24217.50000000 -.00022620  00000-0  13156-2 0  1008
2 98147  53.0000 324.0000 0000000   0.0000 322.2000 15.12078246535066
STARLINK-1918
1 43919U 98065A   24217.50000000 -.00022620  00000-0  13156-2 0  1001
2 43919  53.0000 324.0000 0000000   0.0000 340.2000 15.12078246158532
STARLINK-1919
1 54046U 98065A   24217.50000000 -.00022620  00000-0  13156-2 0  1002
2 54046  53.0000 324.0000 0000000   0.0000 358.2000 15.12078246205183
STARLINK-1920
1 84170U 98065A   24217.50000000 -.00022620  00000-0  13156-2 0  1002
2 84170  53.0000 331.2000 0000000   0.0000  16.5600 15.12078246505143
STARLINK-1921
1 48620U 98065A   24217.50000000 -.00022620  00000-0  13156-2 0  1001
2 48620  53.0000 331.2000 0000000   0.0000  34.5600 15.12078246375455
STARLINK-1922
1 75165U 98065A   24217.50000000 -.00022620  00000-0  13156-2 0  1003
2 75165  53.0000 331.2000 0000000   0.0000  52.5600 15.12078246519166
STARLINK-1923
1 53927U 98065A   24217.50000000 -.00022620  00000-0  13156-2 0  1008
2 53927  53.0000 331.2000 0000000   0.0000  70.5600 15.12078246973254
STARLINK-1924
1 43481U 98065A   24217.50000000 -.00022620  00000-0  13156-2 0  1000
2 43481  53.0000 331.2000 0000000   0.0000  88.5600 15.12078246367704
STARLINK-1925
1 66954U 98065A   24217.50000000 -.00022620  00000-0  13156-2 0  1007
2 66954  53.0000 331.2000 0000000   0.0000 106.5600 15.12078246886191
STARLINK-1926
1 72090U 98065A   24217.50000000 -.00022620  00000-0  13156-2 0  1003
2 72090  53.0000 331.2000 0000000   0.0000 124.5600 15.12078246319962
STARLINK-1927
1 19028U 98065A   24217.50000000 -.00022620  00000-0  13156-2 0  1008
2 19028  53.0000 331.2000 0000000   0.0000 142.5600 15.12078246689748
STARLINK-1928
1 58670U 98065A   24217.50000000 -.00022620  00000-0  13156-2 0  1006
2 58670  53.0000 331.2000 0000000   0.0000 160.5600 15.12078246611856
STARLINK-1929
1 36084U 98065A   24217.50000000 -.00022620  00000-0  13156-2 0  1000
2 36084  53.0000 331.2000 0000000   0.0000 178.5600 15.12078246805436
STARLINK-1930
1 85750U 98065A   24217.50000000 -.00022620  00000-0  13156-2 0  1003
2 85750  53.0000 331.2000 0000000   0.0000 196.5600 15.12078246477818
STARLINK-1931
1 22419U 98065A   24217.50000000 -.00022620  00000-0  13156-2 0  1001
2 22419  53.0000 331.2000 0000000   0.0000 214.5600 15.12078246491510
STARLINK-1932
1 49304U 98065A   24217.50000000 -.00022620  00000-0  13156-2 0  1006
2 49304  53.0000 331.2000 0000000   0.0000 232.5600 15.12078246263060
STARLINK-1933
1 72422U 98065A   24217.50000000 -.00022620  00000-0  13156-2 0  1000
2 72422  53.0000 331.2000 0000000   0.0000 250.5600 15.12078246729033
STARLINK-1934
1 69715U 98065A   24217.50000000 -.00022620  00000-0  13156-2 0  1006
2 69715  53.0000 331.2000 0000000   0.0000 268.5600 15.12078246491667
STARLINK-1935
1 18021U 98065A   24217.50000000 -.00022620  00000-0  13156-2 0  1007
2 18021  53.0000 331.2000 0000000   0.0000 286.5600 15.12078246633446
STARLINK-1936
1 24987U 98065A   24217.50000000 -.00022620  00000-0  13156-2 0  1004
2 24987  53.0000 331.2000 0000000   0.0000 304.5600 15.12078246615307
STARLINK-1937
1 99596U 98065A   24217.50000000 -.00022620  00000-0  13156-2 0  1001
2 99596  53.0000 331.2000 0000000   0.0000 322.5600 15.12078246728638
STARLINK-1938
1 44881U 98065A   24217.50000000 -.00022620  00000-0  13156-2 0  1001
2 44881  53.0000 331.2000 0000000   0.0000 340.5600 15.12078246401010
STARLINK-1939
1 84179U 98065A   24217.50000000 -.00022620  00000-0  13156-2 0  1001
2 84179  53.0000 331.2000 0000000   0.0000 358.5600 15.12078246511722
STARLINK-1940
1 14208U 98065A   24217.50000000 -.00022620  00000-0  13156-2 0  1005
2 14208  53.0000 338.4000 0000000   0.0000  16.9200 15.12078246230904
STARLINK-1941
1 95189U 98065A   24217.50000000 -.00022620  00000-0  13156-2 0  1007
2 95189  53.0000 338.4000 0000000   0.0000  34.9200 15.12078246949955
STARLINK-1942
1 54212U 98065A   24217.50000000 -.00022620  00000-0  13156-2 0  1004
2 54212  53.0000 338.4000 0000000   0.0000  52.9200 15.12078246362780
STARLINK-1943
1 24071U 98065A   24217.50000000 -.00022620  00000-0  13156-2 0  1001
2 24071  53.0000 338.4000 0000000   0.0000  70.9200 15.12078246527037
STARLINK-1944
1 69125U 98065A   24217.50000000 -.00022620  00000-0  13156-2 0  1003
2 69125  53.0000 338.4000 0000000   0.0000  88.9200 15.12078246949105
STARLINK-1945
1 82772U 98065A   24217.50000000 -.00022620  00000-0  13156-2 0  1003
2 82772  53.0000 338.4000 0000000   0.0000 106.9200 15.12078246416756
STARLINK-1946
1 12594U 98065A   24217.50000000 -.00022620  00000-0  13156-2 0  1008
2 12594  53.0000 338.4000 0000000   0.0000 124.9200 15.12078246784726
STARLINK-1947
1 94044U 98065A   24217.50000000 -.00022620  00000-0  13156-2 0  1005
2 94044  53.0000 338.4000 0000000   0.0000 142.9200 15.12078246578345
STARLINK-1948
1 78102U 98065A   24217.50000000 -.00022620  00000-0  13156-2 0  1002
2 78102  53.0000 338.4000 0000000   0.0000 160.9200 15.12078246322312
STARLINK-1949
1 76032U 98065A   24217.50000000 -.00022620  00000-0  13156-2 0  1000
2 76032  53.0000 338.4000 0000000   0.0000 178.9200 15.12078246407973
STARLINK-1950
1 90589U 98065A   24217.50000000 -.00022620  00000-0  13156-2 0  1005
2 90589  53.0000 338.4000 0000000   0.0000 196.9200 15.12078246461962
STARLINK-1951
1 96054U 98065A   24217.50000000 -.00022620  00000-0  13156-2 0  1002
2 96054  53.0000 338.4000 0000000   0.0000 214.9200 15.12078246718215
STARLINK-1952
1 49771U 98065A   24217.50000000 -.00022620  00000-0  13156-2 0  1005
2 49771  53.0000 338.4000 0000000   0.0000 232.9200 15.12078246708600
STARLINK-1953
1 44722U 98065A   24217.50000000 -.00022620  00000-0  13156-2 0  1003
2 44722  53.0000 338.4000 0000000   0.0000 250.9200 15.12078246211740
STARLINK-1954
1 45711U 98065A   24217.50000000 -.00022620  00000-0  13156-2 0  1006
2 45711  53.0000 338.4000 0000000   0.0000 268.9200 15.12078246108300
STARLINK-1955
1 26561U 98065A   24217.50000000 -.00022620  00000-0  13156-2 0  1004
2 26561  53.0000 338.4000 0000000   0.0000 286.9200 15.12078246616887
STARLINK-1956
1 72088U 98065A   24217.50000000 -.00022620  00000-0  13156-2 0  1007
2 72088  53.0000 338.4000 0000000   0.0000 304.9200 15.12078246784540
STARLINK-1957
1 53984U 98065A   24217.50000000 -.00022620  00000-0  13156-2 0  1000
2 53984  53.0000 338.4000 0000000   0.0000 322.9200 15.12078246482830
STARLINK-1958
1 25983U 98065A   24217.50000000 -.00022620  00000-0  13156-2 0  1003
2 25983  53.0000 338.4000 0000000   0.0000 340.9200 15.12078246157256
STARLINK-1959
1 11339U 98065A   24217.50000000 -.00022620  00000-0  13156-2 0  1006
2 11339  53.0000 338.4000 0000000   0.0000 358.9200 15.12078246943594
STARLINK-1960
1 24932U 98065A   24217.50000000 -.00022620  00000-0  13156-2 0  1008
2 24932  53.0000 345.6000 0000000   0.0000  17.2800 15.12078246250634
STARLINK-1961
1 33282U 98065A   24217.50000000 -.00022620  00000-0  13156-2 0  1003
2 33282  53.0000 345.6000 0000000   0.0000  35.2800 15.12078246129975
STARLINK-1962
1 60934U 98065A   24217.50000000 -.00022620  00000-0  13156-2 0  1005
2 60934  53.0000 345.6000 0000000   0.0000  53.2800 15.12078246656817
STARLINK-1963
1 53324U 98065A   24217.50000000 -.00022620  00000-0  13156-2 0  1003
2 53324  53.0000 345.6000 0000000   0.0000  71.2800 15.12078246506350
STARLINK-1964
1 51834U 98065A   24217.50000000 -.00022620  00000-0  13156-2 0  1008
2 51834  53.0000 345.6000 0000000   0.0000  89.2800 15.12078246713612
STARLINK-1965
1 99067U 98065A   24217.50000000 -.00022620  00000-0  13156-2 0  1005
2 99067  53.0000 345.6000 0000000   0.0000 107.2800 15.12078246159293
STARLINK-1966
1 77740U 98065A   24217.50000000 -.00022620  00000-0  13156-2 0  1004
2 77740  53.0000 345.6000 0000000   0.0000 125.2800 15.12078246503600
STARLINK-1967
1 38294U 98065A   24217.50000000 -.00022620  00000-0  13156-2 0  1005
2 38294  53.0000 345.6000 0000000   0.0000 143.2800 15.12078246747194
STARLINK-1968
1 55279U 98065A   24217.50000000 -.00022620  00000-0  13156-2 0  1006
2 55279  53.0000 345.6000 0000000   0.0000 161.2800 15.12078246915758
STARLINK-1969
1 30464U 98065A   24217.50000000 -.00022620  00000-0  13156-2 0  1004
2 30464  53.0000 345.6000 0000000   0.0000 179.2800 15.12078246189936
STARLINK-1970
1 72712U 98065A   24217.50000000 -.00022620  00000-0  13156-2 0  1002
2 72712  53.0000 345.6000 0000000   0.0000 197.2800 15.12078246603407
STARLINK-1971
1 81469U 98065A   24217.50000000 -.00022620  00000-0  13156-2 0  1003
2 81469  53.0000 345.6000 0000000   0.0000 215.2800 15.12078246287794
STARLINK-1972
1 55636U 98065A   24217.50000000 -.00022620  00000-0  13156-2 0  1005
2 55636  53.0000 345.6000 0000000   0.0000 233.2800 15.12078246281914
STARLINK-1973
1 26512U 98065A   24217.50000000 -.00022620  00000-0  13156-2 0  1002
2 26512  53.0000 345.6000 0000000   0.0000 251.2800 15.12078246290301
STARLINK-1974
1 32005U 98065A   24217.50000000 -.00022620  00000-0  13156-2 0  1002
2 32005  53.0000 345.6000 0000000   0.0000 269.2800 15.12078246254514
STARLINK-1975
1 19873U 98065A   24217.50000000 -.00022620  00000-0  13156-2 0  1008
2 19873  53.0000 345.6000 0000000   0.0000 287.2800 15.12078246693791
STARLINK-1976
1 52349U 98065A   24217.50000000 -.00022620  00000-0  13156-2 0  1006
2 52349  53.0000 345.6000 0000000   0.0000 305.2800 15.12078246815616
STARLINK-1977
1 44162U 98065A   24217.50000000 -.00022620  00000-0  13156-2 0  1005
2 44162  53.0000 345.6000 0000000   0.0000 323.2800 15.12078246170358
STARLINK-1978
1 84577U 98065A   24217.50000000 -.00022620  00000-0  13156-2 0  1004
2 84577  53.0000 345.6000 0000000   0.0000 341.2800 15.12078246581945
STARLINK-1979
1 41548U 98065A   24217.50000000 -.00022620  00000-0  13156-2 0  1008
2 41548  53.0000 345.6000 0000000   0.0000 359.2800 15.12078246895350
STARLINK-1980
1 24196U 98065A   24217.50000000 -.00022620  00000-0  13156-2 0  1007
2 24196  53.0000 352.8000 0000000   0.0000  17.6400 15.12078246345577
STARLINK-1981
1 99921U 98065A   24217.50000000 -.00022620  00000-0  13156-2 0  1003
2 99921  53.0000 352.8000 0000000   0.0000  35.6400 15.12078246668650
STARLINK-1982
1 27486U 98065A   24217.50000000 -.00022620  00000-0  13156-2 0  1003
2 27486  53.0000 352.8000 0000000   0.0000  53.6400 15.12078246649772
STARLINK-1983
1 20210U 98065A   24217.50000000 -.00022620  00000-0  13156-2 0  1007
2 20210  53.0000 352.8000 0000000   0.0000  71.6400 15.12078246659463
STARLINK-1984
1 75646U 98065A   24217.50000000 -.00022620  00000-0  13156-2 0  1003
2 75646  53.0000 352.8000 0000000   0.0000  89.6400 15.12078246743494
STARLINK-1985
1 91958U 98065A   24217.50000000 -.00022620  00000-0  13156-2 0  1008
2 91958  53.0000 352.8000 0000000   0.0000 107.6400 15.12078246359120
STARLINK-1986
1 36398U 98065A   24217.50000000 -.00022620  00000-0  13156-2 0  1008
2 36398  53.0000 352.8000 0000000   0.0000 125.6400 15.12078246749212
STARLINK-1987
1 68596U 98065A   24217.50000000 -.00022620  00000-0  13156-2 0  1004
2 68596  53.0000 352.8000 0000000   0.0000 143.6400 15.12078246425292
STARLINK-1988
1 23939U 98065A   24217.50000000 -.00022620  00000-0  13156-2 0  1008
2 23939  53.0000 352.8000 0000000   0.0000 161.6400 15.12078246661532
STARLINK-1989
1 50172U 98065A   24217.50000000 -.00022620  00000-0  13156-2 0  1002
2 50172  53.0000 352.8000 0000000   0.0000 179.6400 15.12078246939835
STARLINK-1990
1 34153U 98065A   24217.50000000 -.00022620  00000-0  13156-2 0  1003
2 34153  53.0000 352.8000 0000000   0.0000 197.6400 15.12078246227552
STARLINK-1991
1 96905U 98065A   24217.50000000 -.00022620  00000-0  13156-2 0  1004
2 96905  53.0000 352.8000 0000000   0.0000 215.6400 15.12078246628984
STARLINK-1992
1 50447U 98065A   24217.50000000 -.00022620  00000-0  13156-2 0  1007
2 50447  53.0000 352.8000 0000000   0.0000 233.6400 15.12078246543631
STARLINK-1993
1 84921U 98065A   24217.50000000 -.00022620  00000-0  13156-2 0  1005
2 84921  53.0000 352.8000 0000000   0.0000 251.6400 15.12078246722803
STARLINK-1994
1 10718U 98065A   24217.50000000 -.00022620  00000-0  13156-2 0  1000
2 10718  53.0000 352.8000 0000000   0.0000 269.6400 15.12078246813053
STARLINK-1995
1 23842U 98065A   24217.50000000 -.00022620  00000-0  13156-2 0  1001
2 23842  53.0000 352.8000 0000000   0.0000 287.6400 15.12078246122275
STARLINK-1996
1 61577U 98065A   24217.50000000 -.00022620  00000-0  13156-2 0  1000
2 61577  53.0000 352.8000 0000000   0.0000 305.6400 15.12078246863726
STARLINK-1997
1 47738U 98065A   24217.50000000 -.00022620  00000-0  13156-2 0  1008
2 47738  53.0000 352.8000 0000000   0.0000 323.6400 15.12078246388017
STARLINK-1998
1 97294U 98065A   24217.50000000 -.00022620  00000-0  13156-2 0  1005
2 97294  53.0000 352.8000 0000000   0.0000 341.6400 15.12078246765002
STARLINK-1999
1 58050U 98065A   24217.50000000 -.00022620  00000-0  13156-2 0  1001
2 58050  53.0000 352.8000 0000000   0.0000 359.6400 15.12078246251975
