STARLINK-1000
1 37413U 98065A   24270.92715278 -.00022620  00000-0  13156-2 0  1005
2 37413  53.0000   0.0000 0000000   0.0000   0.0000 15.08800857181108
STARLINK-1001
1 12315U 98065A   24270.92715278 -.00022620  00000-0  13156-2 0  1006
2 12315  53.0000   0.0000 0000000   0.0000  16.3636 15.08800857482596
STARLINK-1002
1 18487U 98065A   24270.92715278 -.00022620  00000-0  13156-2 0  1007
2 18487  53.0000   0.0000 0000000   0.0000  32.7273 15.08800857112148
STARLINK-1003
1 15039U 98065A   24270.92715278 -.00022620  00000-0  13156-2 0  1002
2 15039  53.0000   0.0000 0000000   0.0000  49.0909 15.08800857350732
STARLINK-1004
1 75756U 98065A   24270.92715278 -.00022620  00000-0  13156-2 0  1006
2 75756  53.0000   0.0000 0000000   0.0000  65.4545 15.08800857844613
STARLINK-1005
1 53355U 98065A   24270.92715278 -.00022620  00000-0  13156-2 0  1008
2 53355  53.0000   0.0000 0000000   0.0000  81.8182 15.08800857318118
STARLINK-1006
1 84758U 98065A   24270.92715278 -.00022620  00000-0  13156-2 0  1004
2 84758  53.0000   0.0000 0000000   0.0000  98.1818 15.08800857497976
STARLINK-1007
1 46135U 98065A   24270.92715278 -.00022620  00000-0  13156-2 0  1002
2 46135  53.0000   0.0000 0000000   0.0000 114.5455 15.08800857604081
STARLINK-1008
1 44168U 98065A   24270.92715278 -.00022620  00000-0  13156-2 0  1006
2 44168  53.0000   0.0000 0000000   0.0000 130.9091 15.08800857647834
STARLINK-1009
1 80183U 98065A   24270.92715278 -.00022620  00000-0  13156-2 0  1007
2 80183  53.0000   0.0000 0000000   0.0000 147.2727 15.08800857666714
STARLINK-1010
1 76237U 98065A   24270.92715278 -.00022620  00000-0  13156-2 0  1008
2 76237  53.0000   0.0000 0000000   0.0000 163.6364 15.08800857665643
STARLINK-1011
1 95148U 98065A   24270.92715278 -.00022620  00000-0  13156-2 0  1008
2 95148  53.0000   0.0000 0000000   0.0000 180.0000 15.08800857555026
STARLINK-1012
1 58036U 98065A   24270.92715278 -.00022620  00000-0  13156-2 0  1008
2 58036  53.0000   0.0000 0000000   0.0000 196.3636 15.08800857548567
STARLINK-1013
1 51929U 98065A   24270.92715278 -.00022620  00000-0  13156-2 0  1005
2 51929  53.0000   0.0000 0000000   0.0000 212.7273 15.08800857352170
STARLINK-1014
1 70898U 98065A   24270.92715278 -.00022620  00000-0  13156-2 0  1007
2 70898  53.0000   0.0000 0000000   0.0000 229.0909 15.08800857442674
STARLINK-1015
1 63117U 98065A   24270.92715278 -.00022620  00000-0  13156-2 0  1001
2 63117  53.0000   0.0000 0000000   0.0000 245.4545 15.08800857929413
STARLINK-1016
1 47974U 98065A   24270.92715278 -.00022620  00000-0  13156-2 0  1001
2 47974  53.0000   0.0000 0000000   0.0000 261.8182 15.08800857814637
STARLINK-1017
1 99677U 98065A   24270.92715278 -.00022620  00000-0  13156-2 0  1008
2 99677  53.0000   0.0000 0000000   0.0000 278.1818 15.08800857322283
STARLINK-1018
1 59040U 98065A   24270.92715278 -.00022620  00000-0  13156-2 0  1007
2 59040  53.0000   0.0000 0000000   0.0000 294.5455 15.08800857703370
STARLINK-1019
1 99898U 98065A   24270.92715278 -.00022620  00000-0  13156-2 0  1007
2 99898  53.0000   0.0000 0000000   0.0000 310.9091 15.08800857108416
STARLINK-1020
1 62576U 98065A   24270.92715278 -.00022620  00000-0  13156-2 0  1002
2 62576  53.0000   0.0000 0000000   0.0000 327.2727 15.08800857470470
STARLINK-1021
1 39021U 98065A   24270.92715278 -.00022620  00000-0  13156-2 0  1000
2 39021  53.0000   0.0000 0000000   0.0000 343.6364 15.08800857375382
STARLINK-1022
1 95933U 98065A   24270.92715278 -.00022620  00000-0  13156-2 0  1002
2 95933  53.0000   5.0000 0000000   0.0000   0.2273 15.08800857882155
STARLINK-1023
1 42254U 98065A   24270.92715278 -.00022620  00000-0  13156-2 0  1003
2 42254  53.0000   5.0000 0000000   0.0000  16.5909 15.08800857307308
STARLINK-1024
1 68925U 98065A   24270.92715278 -.00022620  00000-0  13156-2 0  1001
2 68925  53.0000   5.0000 0000000   0.0000  32.9545 15.08800857541212
STARLINK-1025
1 24431U 98065A   24270.92715278 -.00022620  00000-0  13156-2 0  1006
2 24431  53.0000   5.0000 0000000   0.0000  49.3182 15.08800857772785
STARLINK-1026
1 41676U 98065A   24270.92715278 -.00022620  00000-0  13156-2 0  1006
2 41676  53.0000   5.0000 0000000   0.0000  65.6818 15.08800857841805
STARLINK-1027
1 48188U 98065A   24270.92715278 -.00022620  00000-0  13156-2 0  1002
2 48188  53.0000   5.0000 0000000   0.0000  82.0455 15.08800857381673
STARLINK-1028
1 45988U 98065A   24270.92715278 -.00022620  00000-0  13156-2 0  1002
2 45988  53.0000   5.0000 0000000   0.0000  98.4091 15.08800857221050
STARLINK-1029
1 33315U 98065A   24270.92715278 -.00022620  00000-0  13156-2 0  1003
2 33315  53.0000   5.0000 0000000   0.0000 114.7727 15.08800857992567
STARLINK-1030
1 32778U 98065A   24270.92715278 -.00022620  00000-0  13156-2 0  1001
2 32778  53.0000   5.0000 0000000   0.0000 131.1364 15.08800857238703
STARLINK-1031
1 95214U 98065A   24270.92715278 -.00022620  00000-0  13156-2 0  1003
2 95214  53.0000   5.0000 0000000   0.0000 147.5000 15.08800857421233
STARLINK-1032
1 33954U 98065A   24270.92715278 -.00022620  00000-0  13156-2 0  1008
2 33954  53.0000   5.0000 0000000   0.0000 163.8636 15.08800857268186
STARLINK-1033
1 65803U 98065A   24270.92715278 -.00022620  00000-0  13156-2 0  1001
2 65803  53.0000   5.0000 0000000   0.0000 180.2273 15.08800857489180
STARLINK-1034
1 90085U 98065A   24270.92715278 -.00022620  00000-0  13156-2 0  1006
2 90085  53.0000   5.0000 0000000   0.0000 196.5909 15.08800857158380
STARLINK-1035
1 70018U 98065A   24270.92715278 -.00022620  00000-0  13156-2 0  1000
2 70018  53.0000   5.0000 0000000   0.0000 212.9545 15.08800857197487
STARLINK-1036
1 20858U 98065A   24270.92715278 -.00022620  00000-0  13156-2 0  1002
2 20858  53.0000   5.0000 0000000   0.0000 229.3182 15.08800857604162
STARLINK-1037
1 13049U 98065A   24270.92715278 -.00022620  00000-0  13156-2 0  1003
2 13049  53.0000   5.0000 0000000   0.0000 245.6818 15.08800857679147
STARLINK-1038
1 24845U 98065A   24270.92715278 -.00022620  00000-0  13156-2 0  1006
2 24845  53.0000   5.0000 0000000   0.0000 262.0455 15.08800857322068
STARLINK-1039
1 82648U 98065A   24270.92715278 -.00022620  00000-0  13156-2 0  1003
2 82648  53.0000   5.0000 0000000   0.0000 278.4091 15.08800857598031
STARLINK-1040
1 32197U 98065A   24270.92715278 -.00022620  00000-0  13156-2 0  1007
2 32197  53.0000   5.0000 0000000   0.0000 294.7727 15.08800857507363
STARLINK-1041
1 29157U 98065A   24270.92715278 -.00022620  00000-0  13156-2 0  1008
2 29157  53.0000   5.0000 0000000   0.0000 311.1364 15.08800857130927
STARLINK-1042
1 86868U 98065A   24270.92715278 -.00022620  00000-0  13156-2 0  1003
2 86868  53.0000   5.0000 0000000   0.0000 327.5000 15.08800857100261
STARLINK-1043
1 65749U 98065A   24270.92715278 -.00022620  00000-0  13156-2 0  1000
2 65749  53.0000   5.0000 0000000   0.0000 343.8636 15.08800857456943
STARLINK-1044
1 86517U 98065A   24270.92715278 -.00022620  00000-0  13156-2 0  1003
2 86517  53.0000  10.0000 0000000   0.0000   0.4545 15.08800857701382
STARLINK-1045
1 49791U 98065A   24270.92715278 -.00022620  00000-0  13156-2 0  1007
2 49791  53.0000  10.0000 0000000   0.0000  16.8182 15.08800857112982
STARLINK-1046
1 43940U 98065A   24270.92715278 -.00022620  00000-0  13156-2 0  1002
2 43940  53.0000  10.0000 0000000   0.0000  33.1818 15.08800857368572
STARLINK-1047
1 22214U 98065A   24270.92715278 -.00022620  00000-0  13156-2 0  1006
2 22214  53.0000  10.0000 0000000   0.0000  49.5455 15.08800857198283
STARLINK-1048
1 16313U 98065A   24270.92715278 -.00022620  00000-0  13156-2 0  1008
2 16313  53.0000  10.0000 0000000   0.0000  65.9091 15.08800857466195
STARLINK-1049
1 55539U 98065A   24270.92715278 -.00022620  00000-0  13156-2 0  1008
2 55539  53.0000  10.0000 0000000   0.0000  82.2727 15.08800857288330
STARLINK-1050
1 63652U 98065A   24270.92715278 -.00022620  00000-0  13156-2 0  1005
2 63652  53.0000  10.0000 0000000   0.0000  98.6364 15.08800857826826
STARLINK-1051
1 59184U 98065A   24270.92715278 -.00022620  00000-0  13156-2 0  1001
2 59184  53.0000  10.0000 0000000   0.0000 115.0000 15.08800857578792
STARLINK-1052
1 84415U 98065A   24270.92715278 -.00022620  00000-0  13156-2 0  1005
2 84415  53.0000  10.0000 0000000   0.0000 131.3636 15.08800857899697
STARLINK-1053
1 83590U 98065A   24270.92715278 -.00022620  00000-0  13156-2 0  1003
2 83590  53.0000  10.0000 0000000   0.0000 147.7273 15.08800857963220
STARLINK-1054
1 97136U 98065A   24270.92715278 -.00022620  00000-0  13156-2 0  1005
2 97136  53.0000  10.0000 0000000   0.0000 164.0909 15.08800857470656
STARLINK-1055
1 14244U 98065A   24270.92715278 -.00022620  00000-0  13156-2 0  1005
2 14244  53.0000  10.0000 0000000   0.0000 180.4545 15.08800857564336
STARLINK-1056
1 75554U 98065A   24270.92715278 -.00022620  00000-0  13156-2 0  1003
2 75554  53.0000  10.0000 0000000   0.0000 196.8182 15.08800857985188
STARLINK-1057
1 63273U 98065A   24270.92715278 -.00022620  00000-0  13156-2 0  1000
2 63273  53.0000  10.0000 0000000   0.0000 213.1818 15.08800857714972
STARLINK-1058
1 24910U 98065A   24270.92715278 -.00022620  00000-0  13156-2 0  1000
2 24910  53.0000  10.0000 0000000   0.0000 229.5455 15.08800857340063
STARLINK-1059
1 68833U 98065A   24270.92715278 -.00022620  00000-0  13156-2 0  1007
2 68833  53.0000  10.0000 0000000   0.0000 245.9091 15.08800857536775
STARLINK-1060
1 87005U 98065A   24270.92715278 -.00022620  00000-0  13156-2 0  1003
2 87005  53.0000  10.0000 0000000   0.0000 262.2727 15.08800857310995
STARLINK-1061
1 22248U 98065A   24270.92715278 -.00022620  00000-0  13156-2 0  1003
2 22248  53.0000  10.0000 0000000   0.0000 278.6364 15.08800857557668
STARLINK-1062
1 88776U 98065A   24270.92715278 -.00022620  00000-0  13156-2 0  1005
2 88776  53.0000  10.0000 0000000   0.0000 295.0000 15.08800857772668
STARLINK-1063
1 98200U 98065A   24270.92715278 -.00022620  00000-0  13156-2 0  1005
2 98200  53.0000  10.0000 0000000   0.0000 311.3636 15.08800857896753
STARLINK-1064
1 50866U 98065A   24270.92715278 -.00022620  00000-0  13156-2 0  1007
2 50866  53.0000  10.0000 0000000   0.0000 327.7273 15.08800857291706
STARLINK-1065
1 69684U 98065A   24270.92715278 -.00022620  00000-0  13156-2 0  1003
2 69684  53.0000  10.0000 0000000   0.0000 344.0909 15.08800857730878
STARLINK-1066
1 48609U 98065A   24270.92715278 -.00022620  00000-0  13156-2 0  1008
2 48609  53.0000  15.0000 0000000   0.0000   0.6818 15.08800857190907
STARLINK-1067
1 31291U 98065A   24270.92715278 -.00022620  00000-0  13156-2 0  1003
2 31291  53.0000  15.0000 0000000   0.0000  17.0455 15.08800857370893
STARLINK-1068
1 30408U 98065A   24270.92715278 -.00022620  00000-0  13156-2 0  1002
2 30408  53.0000  15.0000 0000000   0.0000  33.4091 15.08800857109927
STARLINK-1069
1 70365U 98065A   24270.92715278 -.00022620  00000-0  13156-2 0  1003
2 70365  53.0000  15.0000 0000000   0.0000  49.7727 15.08800857374523
STARLINK-1070
1 21627U 98065A   24270.92715278 -.00022620  00000-0  13156-2 0  1006
2 21627  53.0000  15.0000 0000000   0.0000  66.1364 15.08800857927700
STARLINK-1071
1 84972U 98065A   24270.92715278 -.00022620  00000-0  13156-2 0  1001
2 84972  53.0000  15.0000 0000000   0.0000  82.5000 15.08800857184688
STARLINK-1072
1 66274U 98065A   24270.92715278 -.00022620  00000-0  13156-2 0  1001
2 66274  53.0000  15.0000 0000000   0.0000  98.8636 15.08800857850902
STARLINK-1073
1 45095U 98065A   24270.92715278 -.00022620  00000-0  13156-2 0  1002
2 45095  53.0000  15.0000 0000000   0.0000 115.2273 15.08800857954571
STARLINK-1074
1 46829U 98065A   24270.92715278 -.00022620  00000-0  13156-2 0  1005
2 46829  53.0000  15.0000 0000000   0.0000 131.5909 15.08800857772472
STARLINK-1075
1 80357U 98065A   24270.92715278 -.00022620  00000-0  13156-2 0  1005
2 80357  53.0000  15.0000 0000000   0.0000 147.9545 15.08800857454991
STARLINK-1076
1 61618U 98065A   24270.92715278 -.00022620  00000-0  13156-2 0  1001
2 61618  53.0000  15.0000 0000000   0.0000 164.3182 15.08800857258013
STARLINK-1077
1 44077U 98065A   24270.92715278 -.00022620  00000-0  13156-2 0  1005
2 44077  53.0000  15.0000 0000000   0.0000 180.6818 15.08800857479237
STARLINK-1078
1 25630U 98065A   24270.92715278 -.00022620  00000-0  13156-2 0  1007
2 25630  53.0000  15.0000 0000000   0.0000 197.0455 15.08800857429456
STARLINK-1079
1 94532U 98065A   24270.92715278 -.00022620  00000-0  13156-2 0  1007
2 94532  53.0000  15.0000 0000000   0.0000 213.4091 15.08800857689285
STARLINK-1080
1 11487U 98065A   24270.92715278 -.00022620  00000-0  13156-2 0  1005
2 11487  53.0000  15.0000 0000000   0.0000 229.7727 15.08800857111198
STARLINK-1081
1 79009U 98065A   24270.92715278 -.00022620  00000-0  13156-2 0  1008
2 79009  53.0000  15.0000 0000000   0.0000 246.1364 15.08800857542915
STARLINK-1082
1 73204U 98065A   24270.92715278 -.00022620  00000-0  13156-2 0  1008
2 73204  53.0000  15.0000 0000000   0.0000 262.5000 15.08800857101457
STARLINK-1083
1 46761U 98065A   24270.92715278 -.00022620  00000-0  13156-2 0  1000
2 46761  53.0000  15.0000 0000000   0.0000 278.8636 15.08800857664022
STARLINK-1084
1 33065U 98065A   24270.92715278 -.00022620  00000-0  13156-2 0  1003
2 33065  53.0000  15.0000 0000000   0.0000 295.2273 15.08800857817105
STARLINK-1085
1 99747U 98065A   24270.92715278 -.00022620  00000-0  13156-2 0  1006
2 99747  53.0000  15.0000 0000000   0.0000 311.5909 15.08800857768890
STARLINK-1086
1 30287U 98065A   24270.92715278 -.00022620  00000-0  13156-2 0  1005
2 30287  53.0000  15.0000 0000000   0.0000 327.9545 15.08800857597104
STARLINK-1087
1 78849U 98065A   24270.92715278 -.00022620  00000-0  13156-2 0  1008
2 78849  53.0000  15.0000 0000000   0.0000 344.3182 15.08800857282066
STARLINK-1088
1 26776U 98065A   24270.92715278 -.00022620  00000-0  13156-2 0  1002
2 26776  53.0000  20.0000 0000000   0.0000   0.9091 15.08800857546648
STARLINK-1089
1 29510U 98065A   24270.92715278 -.00022620  00000-0  13156-2 0  1001
2 29510  53.0000  20.0000 0000000   0.0000  17.2727 15.08800857887817
STARLINK-1090
1 37262U 98065A   24270.92715278 -.00022620  00000-0  13156-2 0  1001
2 37262  53.0000  20.0000 0000000   0.0000  33.6364 15.08800857726640
STARLINK-1091
1 93165U 98065A   24270.92715278 -.00022620  00000-0  13156-2 0  1007
2 93165  53.0000  20.0000 0000000   0.0000  50.0000 15.08800857662737
STARLINK-1092
1 56683U 98065A   24270.92715278 -.00022620  00000-0  13156-2 0  1000
2 56683  53.0000  20.0000 0000000   0.0000  66.3636 15.08800857851945
STARLINK-1093
1 86712U 98065A   24270.92715278 -.00022620  00000-0  13156-2 0  1008
2 86712  53.0000  20.0000 0000000   0.0000  82.7273 15.08800857952494
STARLINK-1094
1 70481U 98065A   24270.92715278 -.00022620  00000-0  13156-2 0  1008
2 70481  53.0000  20.0000 0000000   0.0000  99.0909 15.08800857449383
STARLINK-1095
1 54167U 98065A   24270.92715278 -.00022620  00000-0  13156-2 0  1005
2 54167  53.0000  20.0000 0000000   0.0000 115.4545 15.08800857948780
STARLINK-1096
1 52067U 98065A   24270.92715278 -.00022620  00000-0  13156-2 0  1000
2 52067  53.0000  20.0000 0000000   0.0000 131.8182 15.08800857452394
STARLINK-1097
1 17449U 98065A   24270.92715278 -.00022620  00000-0  13156-2 0  1002
2 17449  53.0000  20.0000 0000000   0.0000 148.1818 15.08800857109383
STARLINK-1098
1 28792U 98065A   24270.92715278 -.00022620  00000-0  13156-2 0  1002
2 28792  53.0000  20.0000 0000000   0.0000 164.5455 15.08800857172890
STARLINK-1099
1 39593U 98065A   24270.92715278 -.00022620  00000-0  13156-2 0  1008
2 39593  53.0000  20.0000 0000000   0.0000 180.9091 15.08800857936242
STARLINK-1100
1 53559U 98065A   24270.92715278 -.00022620  00000-0  13156-2 0  1007
2 53559  53.0000  20.0000 0000000   0.0000 197.2727 15.08800857111500
STARLINK-1101
1 43840U 98065A   24270.92715278 -.00022620  00000-0  13156-2 0  1003
2 43840  53.0000  20.0000 0000000   0.0000 213.6364 15.08800857374910
STARLINK-1102
1 39813U 98065A   24270.92715278 -.00022620  00000-0  13156-2 0  1000
2 39813  53.0000  20.0000 0000000   0.0000 230.0000 15.08800857814284
STARLINK-1103
1 77549U 98065A   24270.92715278 -.00022620  00000-0  13156-2 0  1005
2 77549  53.0000  20.0000 0000000   0.0000 246.3636 15.08800857836722
STARLINK-1104
1 78885U 98065A   24270.92715278 -.00022620  00000-0  13156-2 0  1006
2 78885  53.0000  20.0000 0000000   0.0000 262.7273 15.08800857608672
STARLINK-1105
1 50544U 98065A   24270.92715278 -.00022620  00000-0  13156-2 0  1007
2 50544  53.0000  20.0000 0000000   0.0000 279.0909 15.08800857892230
STARLINK-1106
1 78045U 98065A   24270.92715278 -.00022620  00000-0  13156-2 0  1002
2 78045  53.0000  20.0000 0000000   0.0000 295.4545 15.08800857718018
STARLINK-1107
1 39587U 98065A   24270.92715278 -.00022620  00000-0  13156-2 0  1007
2 39587  53.0000  20.0000 0000000   0.0000 311.8182 15.08800857328510
STARLINK-1108
1 94502U 98065A   24270.92715278 -.00022620  00000-0  13156-2 0  1004
2 94502  53.0000  20.0000 0000000   0.0000 328.1818 15.08800857443211
STARLINK-1109
1 90561U 98065A   24270.92715278 -.00022620  00000-0  13156-2 0  1005
2 90561  53.0000  20.0000 0000000   0.0000 344.5455 15.08800857739376
STARLINK-1110
1 52946U 98065A   24270.92715278 -.00022620  00000-0  13156-2 0  1000
2 52946  53.0000  25.0000 0000000   0.0000   1.1364 15.08800857988675
STARLINK-1111
1 19777U 98065A   24270.92715278 -.00022620  00000-0  13156-2 0  1000
2 19777  53.0000  25.0000 0000000   0.0000  17.5000 15.08800857573765
STARLINK-1112
1 76375U 98065A   24270.92715278 -.00022620  00000-0  13156-2 0  1008
2 76375  53.0000  25.0000 0000000   0.0000  33.8636 15.08800857511052
STARLINK-1113
1 55271U 98065A   24270.92715278 -.00022620  00000-0  13156-2 0  1006
2 55271  53.0000  25.0000 0000000   0.0000  50.2273 15.08800857108622
STARLINK-1114
1 52183U 98065A   24270.92715278 -.00022620  00000-0  13156-2 0  1002
2 52183  53.0000  25.0000 0000000   0.0000  66.5909 15.08800857451884
STARLINK-1115
1 42795U 98065A   24270.92715278 -.00022620  00000-0  13156-2 0  1008
2 42795  53.0000  25.0000 0000000   0.0000  82.9545 15.08800857687046
STARLINK-1116
1 76697U 98065A   24270.92715278 -.00022620  00000-0  13156-2 0  1004
2 76697  53.0000  25.0000 0000000   0.0000  99.3182 15.08800857170306
STARLINK-1117
1 68776U 98065A   24270.92715278 -.00022620  00000-0  13156-2 0  1006
2 68776  53.0000  25.0000 0000000   0.0000 115.6818 15.08800857833368
STARLINK-1118
1 74670U 98065A   24270.92715278 -.00022620  00000-0  13156-2 0  1007
2 74670  53.0000  25.0000 0000000   0.0000 132.0455 15.08800857383601
STARLINK-1119
1 70783U 98065A   24270.92715278 -.00022620  00000-0  13156-2 0  1002
2 70783  53.0000  25.0000 0000000   0.0000 148.4091 15.08800857164564
STARLINK-1120
1 60047U 98065A   24270.92715278 -.00022620  00000-0  13156-2 0  1008
2 60047  53.0000  25.0000 0000000   0.0000 164.7727 15.08800857810655
STARLINK-1121
1 86506U 98065A   24270.92715278 -.00022620  00000-0  13156-2 0  1003
2 86506  53.0000  25.0000 0000000   0.0000 181.1364 15.08800857514473
STARLINK-1122
1 88486U 98065A   24270.92715278 -.00022620  00000-0  13156-2 0  1000
2 88486  53.0000  25.0000 0000000   0.0000 197.5000 15.08800857464975
STARLINK-1123
1 62006U 98065A   24270.92715278 -.00022620  00000-0  13156-2 0  1007
2 62006  53.0000  25.0000 0000000   0.0000 213.8636 15.08800857726531
STARLINK-1124
1 41171U 98065A   24270.92715278 -.00022620  00000-0  13156-2 0  1008
2 41171  53.0000  25.0000 0000000   0.0000 230.2273 15.08800857258526
STARLINK-1125
1 60532U 98065A   24270.92715278 -.00022620  00000-0  13156-2 0  1003
2 60532  53.0000  25.0000 0000000   0.0000 246.5909 15.08800857483751
STARLINK-1126
1 20367U 98065A   24270.92715278 -.00022620  00000-0  13156-2 0  1006
2 20367  53.0000  25.0000 0000000   0.0000 262.9545 15.08800857173385
STARLINK-1127
1 78319U 98065A   24270.92715278 -.00022620  00000-0  13156-2 0  1002
2 78319  53.0000  25.0000 0000000   0.0000 279.3182 15.08800857434471
STARLINK-1128
1 48327U 98065A   24270.92715278 -.00022620  00000-0  13156-2 0  1002
2 48327  53.0000  25.0000 0000000   0.0000 295.6818 15.08800857565333
STARLINK-1129
1 43061U 98065A   24270.92715278 -.00022620  00000-0  13156-2 0  1004
2 43061  53.0000  25.0000 0000000   0.0000 312.0455 15.08800857298060
STARLINK-1130
1 55407U 98065A   24270.92715278 -.00022620  00000-0  13156-2 0  1008
2 55407  53.0000  25.0000 0000000   0.0000 328.4091 15.08800857406284
STARLINK-1131
1 52371U 98065A   24270.92715278 -.00022620  00000-0  13156-2 0  1005
2 52371  53.0000  25.0000 0000000   0.0000 344.7727 15.08800857407543
STARLINK-1132
1 90871U 98065A   24270.92715278 -.00022620  00000-0  13156-2 0  1002
2 90871  53.0000  30.0000 0000000   0.0000   1.3636 15.08800857747980
STARLINK-1133
1 85202U 98065A   24270.92715278 -.00022620  00000-0  13156-2 0  1008
2 85202  53.0000  30.0000 0000000   0.0000  17.7273 15.08800857807514
STARLINK-1134
1 86517U 98065A   24270.92715278 -.00022620  00000-0  13156-2 0  1002
2 86517  53.0000  30.0000 0000000   0.0000  34.0909 15.08800857550883
STARLINK-1135
1 35066U 98065A   24270.92715278 -.00022620  00000-0  13156-2 0  1007
2 35066  53.0000  30.0000 0000000   0.0000  50.4545 15.08800857735352
STARLINK-1136
1 41439U 98065A   24270.92715278 -.00022620  00000-0  13156-2 0  1002
2 41439  53.0000  30.0000 0000000   0.0000  66.8182 15.08800857924286
STARLINK-1137
1 96764U 98065A   24270.92715278 -.00022620  00000-0  13156-2 0  1003
2 96764  53.0000  30.0000 0000000   0.0000  83.1818 15.08800857585854
STARLINK-1138
1 64843U 98065A   24270.92715278 -.00022620  00000-0  13156-2 0  1008
2 64843  53.0000  30.0000 0000000   0.0000  99.5455 15.08800857583816
STARLINK-1139
1 58691U 98065A   24270.92715278 -.00022620  00000-0  13156-2 0  1005
2 58691  53.0000  30.0000 0000000   0.0000 115.9091 15.08800857895090
STARLINK-1140
1 38596U 98065A   24270.92715278 -.00022620  00000-0  13156-2 0  1008
2 38596  53.0000  30.0000 0000000   0.0000 132.2727 15.08800857988866
STARLINK-1141
1 19783U 98065A   24270.92715278 -.00022620  00000-0  13156-2 0  1000
2 19783  53.0000  30.0000 0000000   0.0000 148.6364 15.08800857981308
STARLINK-1142
1 71439U 98065A   24270.92715278 -.00022620  00000-0  13156-2 0  1001
2 71439  53.0000  30.0000 0000000   0.0000 165.0000 15.08800857720015
STARLINK-1143
1 25879U 98065A   24270.92715278 -.00022620  00000-0  13156-2 0  1001
2 25879  53.0000  30.0000 0000000   0.0000 181.3636 15.08800857211732
STARLINK-1144
1 69865U 98065A   24270.92715278 -.00022620  00000-0  13156-2 0  1000
2 69865  53.0000  30.0000 0000000   0.0000 197.7273 15.08800857303340
STARLINK-1145
1 27424U 98065A   24270.92715278 -.00022620  00000-0  13156-2 0  1002
2 27424  53.0000  30.0000 0000000   0.0000 214.0909 15.08800857425081
STARLINK-1146
1 27632U 98065A   24270.92715278 -.00022620  00000-0  13156-2 0  1008
2 27632  53.0000  30.0000 0000000   0.0000 230.4545 15.08800857433816
STARLINK-1147
1 50767U 98065A   24270.92715278 -.00022620  00000-0  13156-2 0  1001
2 50767  53.0000  30.0000 0000000   0.0000 246.8182 15.08800857976608
STARLINK-1148
1 86087U 98065A   24270.92715278 -.00022620  00000-0  13156-2 0  1000
2 86087  53.0000  30.0000 0000000   0.0000 263.1818 15.08800857722034
STARLINK-1149
1 17849U 98065A   24270.92715278 -.00022620  00000-0  13156-2 0  1007
2 17849  53.0000  30.0000 0000000   0.0000 279.5455 15.08800857174765
STARLINK-1150
1 62792U 98065A   24270.92715278 -.00022620  00000-0  13156-2 0  1005
2 62792  53.0000  30.0000 0000000   0.0000 295.9091 15.08800857215321
STARLINK-1151
1 85093U 98065A   24270.92715278 -.00022620  00000-0  13156-2 0  1008
2 85093  53.0000  30.0000 0000000   0.0000 312.2727 15.08800857767782
STARLINK-1152
1 15481U 98065A   24270.92715278 -.00022620  00000-0  13156-2 0  1007
2 15481  53.0000  30.0000 0000000   0.0000 328.6364 15.08800857851907
STARLINK-1153
1 96461U 98065A   24270.92715278 -.00022620  00000-0  13156-2 0  1000
2 96461  53.0000  30.0000 0000000   0.0000 345.0000 15.08800857950293
STARLINK-1154
1 30396U 98065A   24270.92715278 -.00022620  00000-0  13156-2 0  1000
2 30396  53.0000  35.0000 0000000   0.0000   1.5909 15.08800857135850
STARLINK-1155
1 88588U 98065A   24270.92715278 -.00022620  00000-0  13156-2 0  1008
2 88588  53.0000  35.0000 0000000   0.0000  17.9545 15.08800857181427
STARLINK-1156
1 50481U 98065A   24270.92715278 -.00022620  00000-0  13156-2 0  1007
2 50481  53.0000  35.0000 0000000   0.0000  34.3182 15.08800857278730
STARLINK-1157
1 91634U 98065A   24270.92715278 -.00022620  00000-0  13156-2 0  1006
2 91634  53.0000  35.0000 0000000   0.0000  50.6818 15.08800857145688
STARLINK-1158
1 54415U 98065A   24270.92715278 -.00022620  00000-0  13156-2 0  1008
2 54415  53.0000  35.0000 0000000   0.0000  67.0455 15.08800857496010
STARLINK-1159
1 20237U 98065A   24270.92715278 -.00022620  00000-0  13156-2 0  1008
2 20237  53.0000  35.0000 0000000   0.0000  83.4091 15.08800857476300
STARLINK-1160
1 93206U 98065A   24270.92715278 -.00022620  00000-0  13156-2 0  1002
2 93206  53.0000  35.0000 0000000   0.0000  99.7727 15.08800857868083
STARLINK-1161
1 40449U 98065A   24270.92715278 -.00022620  00000-0  13156-2 0  1007
2 40449  53.0000  35.0000 0000000   0.0000 116.1364 15.08800857201640
STARLINK-1162
1 16185U 98065A   24270.92715278 -.00022620  00000-0  13156-2 0  1002
2 16185  53.0000  35.0000 0000000   0.0000 132.5000 15.08800857230823
STARLINK-1163
1 24958U 98065A   24270.92715278 -.00022620  00000-0  13156-2 0  1003
2 24958  53.0000  35.0000 0000000   0.0000 148.8636 15.08800857798247
STARLINK-1164
1 64108U 98065A   24270.92715278 -.00022620  00000-0  13156-2 0  1002
2 64108  53.0000  35.0000 0000000   0.0000 165.2273 15.08800857651533
STARLINK-1165
1 71589U 98065A   24270.92715278 -.00022620  00000-0  13156-2 0  1008
2 71589  53.0000  35.0000 0000000   0.0000 181.5909 15.08800857224180
STARLINK-1166
1 57208U 98065A   24270.92715278 -.00022620  00000-0  13156-2 0  1006
2 57208  53.0000  35.0000 0000000   0.0000 197.9545 15.08800857907842
STARLINK-1167
1 73270U 98065A   24270.92715278 -.00022620  00000-0  13156-2 0  1001
2 73270  53.0000  35.0000 0000000   0.0000 214.3182 15.08800857876782
STARLINK-1168
1 61930U 98065A   24270.92715278 -.00022620  00000-0  13156-2 0  1007
2 61930  53.0000  35.0000 0000000   0.0000 230.6818 15.08800857836560
STARLINK-1169
1 31572U 98065A   24270.92715278 -.00022620  00000-0  13156-2 0  1007
2 31572  53.0000  35.0000 0000000   0.0000 247.0455 15.08800857638475
STARLINK-1170
1 38936U 98065A   24270.92715278 -.00022620  00000-0  13156-2 0  1005
2 38936  53.0000  35.0000 0000000   0.0000 263.4091 15.08800857485070
STARLINK-1171
1 47408U 98065A   24270.92715278 -.00022620  00000-0  13156-2 0  1003
2 47408  53.0000  35.0000 0000000   0.0000 279.7727 15.08800857209416
STARLINK-1172
1 19231U 98065A   24270.92715278 -.00022620  00000-0  13156-2 0  1000
2 19231  53.0000  35.0000 0000000   0.0000 296.1364 15.08800857972955
STARLINK-1173
1 90069U 98065A   24270.92715278 -.00022620  00000-0  13156-2 0  1005
2 90069  53.0000  35.0000 0000000   0.0000 312.5000 15.08800857502915
STARLINK-1174
1 24042U 98065A   24270.92715278 -.00022620  00000-0  13156-2 0  1000
2 24042  53.0000  35.0000 0000000   0.0000 328.8636 15.08800857304247
STARLINK-1175
1 87697U 98065A   24270.92715278 -.00022620  00000-0  13156-2 0  1006
2 87697  53.0000  35.0000 0000000   0.0000 345.2273 15.08800857572284
STARLINK-1176
1 85884U 98065A   24270.92715278 -.00022620  00000-0  13156-2 0  1004
2 85884  53.0000  40.0000 0000000   0.0000   1.8182 15.08800857850252
STARLINK-1177
1 19037U 98065A   24270.92715278 -.00022620  00000-0  13156-2 0  1004
2 19037  53.0000  40.0000 0000000   0.0000  18.1818 15.08800857956465
STARLINK-1178
1 83025U 98065A   24270.92715278 -.00022620  00000-0  13156-2 0  1002
2 83025  53.0000  40.0000 0000000   0.0000  34.5455 15.08800857996607
STARLINK-1179
1 15936U 98065A   24270.92715278 -.00022620  00000-0  13156-2 0  1004
2 15936  53.0000  40.0000 0000000   0.0000  50.9091 15.08800857446636
STARLINK-1180
1 25157U 98065A   24270.92715278 -.00022620  00000-0  13156-2 0  1004
2 25157  53.0000  40.0000 0000000   0.0000  67.2727 15.08800857413301
STARLINK-1181
1 93635U 98065A   24270.92715278 -.00022620  00000-0  13156-2 0  1006
2 93635  53.0000  40.0000 0000000   0.0000  83.6364 15.08800857478612
STARLINK-1182
1 90121U 98065A   24270.92715278 -.00022620  00000-0  13156-2 0  1001
2 90121  53.0000  40.0000 0000000   0.0000 100.0000 15.08800857157905
STARLINK-1183
1 51448U 98065A   24270.92715278 -.00022620  00000-0  13156-2 0  1001
2 51448  53.0000  40.0000 0000000   0.0000 116.3636 15.08800857187851
STARLINK-1184
1 88321U 98065A   24270.92715278 -.00022620  00000-0  13156-2 0  1007
2 88321  53.0000  40.0000 0000000   0.0000 132.7273 15.08800857353768
STARLINK-1185
1 45664U 98065A   24270.92715278 -.00022620  00000-0  13156-2 0  1004
2 45664  53.0000  40.0000 0000000   0.0000 149.0909 15.08800857253958
STARLINK-1186
1 39998U 98065A   24270.92715278 -.00022620  00000-0  13156-2 0  1006
2 39998  53.0000  40.0000 0000000   0.0000 165.4545 15.08800857290956
STARLINK-1187
1 87018U 98065A   24270.92715278 -.00022620  00000-0  13156-2 0  1001
2 87018  53.0000  40.0000 0000000   0.0000 181.8182 15.08800857674233
STARLINK-1188
1 36870U 98065A   24270.92715278 -.00022620  00000-0  13156-2 0  1001
2 36870  53.0000  40.0000 0000000   0.0000 198.1818 15.08800857570762
STARLINK-1189
1 99942U 98065A   24270.92715278 -.00022620  00000-0  13156-2 0  1002
2 99942  53.0000  40.0000 0000000   0.0000 214.5455 15.08800857966891
STARLINK-1190
1 81794U 98065A   24270.92715278 -.00022620  00000-0  13156-2 0  1005
2 81794  53.0000  40.0000 0000000   0.0000 230.9091 15.08800857166443
STARLINK-1191
1 59640U 98065A   24270.92715278 -.00022620  00000-0  13156-2 0  1007
2 59640  53.0000  40.0000 0000000   0.0000 247.2727 15.08800857546444
STARLINK-1192
1 51045U 98065A   24270.92715278 -.00022620  00000-0  13156-2 0  1007
2 51045  53.0000  40.0000 0000000   0.0000 263.6364 15.08800857816798
STARLINK-1193
1 19674U 98065A   24270.92715278 -.00022620  00000-0  13156-2 0  1006
2 19674  53.0000  40.0000 0000000   0.0000 280.0000 15.08800857645993
STARLINK-1194
1 25830U 98065A   24270.92715278 -.00022620  00000-0  13156-2 0  1003
2 25830  53.0000  40.0000 0000000   0.0000 296.3636 15.08800857466578
STARLINK-1195
1 53201U 98065A   24270.92715278 -.00022620  00000-0  13156-2 0  1003
2 53201  53.0000  40.0000 0000000   0.0000 312.7273 15.08800857647537
STARLINK-1196
1 44542U 98065A   24270.92715278 -.00022620  00000-0  13156-2 0  1003
2 44542  53.0000  40.0000 0000000   0.0000 329.0909 15.08800857162052
STARLINK-1197
1 50780U 98065A   24270.92715278 -.00022620  00000-0  13156-2 0  1004
2 50780  53.0000  40.0000 0000000   0.0000 345.4545 15.08800857116301
STARLINK-1198
1 67636U 98065A   24270.92715278 -.00022620  00000-0  13156-2 0  1006
2 67636  53.0000  45.0000 0000000   0.0000   2.0455 15.08800857108644
STARLINK-1199
1 47869U 98065A   24270.92715278 -.00022620  00000-0  13156-2 0  1003
2 47869  53.0000  45.0000 0000000   0.0000  18.4091 15.08800857430997
STARLINK-1200
1 92260U 98065A   24270.92715278 -.00022620  00000-0  13156-2 0  1004
2 92260  53.0000  45.0000 0000000   0.0000  34.7727 15.08800857301176
STARLINK-1201
1 22077U 98065A   24270.92715278 -.00022620  00000-0  13156-2 0  1006
2 22077  53.0000  45.0000 0000000   0.0000  51.1364 15.08800857528686
STARLINK-1202
1 21282U 98065A   24270.92715278 -.00022620  00000-0  13156-2 0  1006
2 21282  53.0000  45.0000 0000000   0.0000  67.5000 15.08800857830462
STARLINK-1203
1 35159U 98065A   24270.92715278 -.00022620  00000-0  13156-2 0  1006
2 35159  53.0000  45.0000 0000000   0.0000  83.8636 15.08800857555572
STARLINK-1204
1 47432U 98065A   24270.92715278 -.00022620  00000-0  13156-2 0  1003
2 47432  53.0000  45.0000 0000000   0.0000 100.2273 15.08800857155380
STARLINK-1205
1 97542U 98065A   24270.92715278 -.00022620  00000-0  13156-2 0  1003
2 97542  53.0000  45.0000 0000000   0.0000 116.5909 15.08800857625801
STARLINK-1206
1 83675U 98065A   24270.92715278 -.00022620  00000-0  13156-2 0  1008
2 83675  53.0000  45.0000 0000000   0.0000 132.9545 15.08800857219118
STARLINK-1207
1 72761U 98065A   24270.92715278 -.00022620  00000-0  13156-2 0  1008
2 72761  53.0000  45.0000 0000000   0.0000 149.3182 15.08800857533941
STARLINK-1208
1 47186U 98065A   24270.92715278 -.00022620  00000-0  13156-2 0  1008
2 47186  53.0000  45.0000 0000000   0.0000 165.6818 15.08800857925966
STARLINK-1209
1 89290U 98065A   24270.92715278 -.00022620  00000-0  13156-2 0  1003
2 89290  53.0000  45.0000 0000000   0.0000 182.0455 15.08800857569394
STARLINK-1210
1 73048U 98065A   24270.92715278 -.00022620  00000-0  13156-2 0  1005
2 73048  53.0000  45.0000 0000000   0.0000 198.4091 15.08800857765875
STARLINK-1211
1 36545U 98065A   24270.92715278 -.00022620  00000-0  13156-2 0  1000
2 36545  53.0000  45.0000 0000000   0.0000 214.7727 15.08800857205437
STARLINK-1212
1 77577U 98065A   24270.92715278 -.00022620  00000-0  13156-2 0  1005
2 77577  53.0000  45.0000 0000000   0.0000 231.1364 15.08800857530080
STARLINK-1213
1 49436U 98065A   24270.92715278 -.00022620  00000-0  13156-2 0  1000
2 49436  53.0000  45.0000 0000000   0.0000 247.5000 15.08800857647204
STARLINK-1214
1 22146U 98065A   24270.92715278 -.00022620  00000-0  13156-2 0  1006
2 22146  53.0000  45.0000 0000000   0.0000 263.8636 15.08800857635285
STARLINK-1215
1 53417U 98065A   24270.92715278 -.00022620  00000-0  13156-2 0  1008
2 53417  53.0000  45.0000 0000000   0.0000 280.2273 15.08800857630565
STARLINK-1216
1 71401U 98065A   24270.92715278 -.00022620  00000-0  13156-2 0  1008
2 71401  53.0000  45.0000 0000000   0.0000 296.5909 15.08800857370160
STARLINK-1217
1 92607U 98065A   24270.92715278 -.00022620  00000-0  13156-2 0  1006
2 92607  53.0000  45.0000 0000000   0.0000 312.9545 15.08800857831191
STARLINK-1218
1 32837U 98065A   24270.92715278 -.00022620  00000-0  13156-2 0  1004
2 32837  53.0000  45.0000 0000000   0.0000 329.3182 15.08800857872840
STARLINK-1219
1 73511U 98065A   24270.92715278 -.00022620  00000-0  13156-2 0  1000
2 73511  53.0000  45.0000 0000000   0.0000 345.6818 15.08800857411990
STARLINK-1220
1 31677U 98065A   24270.92715278 -.00022620  00000-0  13156-2 0  1002
2 31677  53.0000  50.0000 0000000   0.0000   2.2727 15.08800857936954
STARLINK-1221
1 15587U 98065A   24270.92715278 -.00022620  00000-0  13156-2 0  1003
2 15587  53.0000  50.0000 0000000   0.0000  18.6364 15.08800857408838
STARLINK-1222
1 48457U 98065A   24270.92715278 -.00022620  00000-0  13156-2 0  1002
2 48457  53.0000  50.0000 0000000   0.0000  35.0000 15.08800857121040
STARLINK-1223
1 32570U 98065A   24270.92715278 -.00022620  00000-0  13156-2 0  1005
2 32570  53.0000  50.0000 0000000   0.0000  51.3636 15.08800857174824
STARLINK-1224
1 53547U 98065A   24270.92715278 -.00022620  00000-0  13156-2 0  1001
2 53547  53.0000  50.0000 0000000   0.0000  67.7273 15.08800857638317
STARLINK-1225
1 14756U 98065A   24270.92715278 -.00022620  00000-0  13156-2 0  1001
2 14756  53.0000  50.0000 0000000   0.0000  84.0909 15.08800857953773
STARLINK-1226
1 97075U 98065A   24270.92715278 -.00022620  00000-0  13156-2 0  1002
2 97075  53.0000  50.0000 0000000   0.0000 100.4545 15.08800857760446
STARLINK-1227
1 18516U 98065A   24270.92715278 -.00022620  00000-0  13156-2 0  1004
2 18516  53.0000  50.0000 0000000   0.0000 116.8182 15.08800857249691
STARLINK-1228
1 40729U 98065A   24270.92715278 -.00022620  00000-0  13156-2 0  1005
2 40729  53.0000  50.0000 0000000   0.0000 133.1818 15.08800857713335
STARLINK-1229
1 30824U 98065A   24270.92715278 -.00022620  00000-0  13156-2 0  1000
2 30824  53.0000  50.0000 0000000   0.0000 149.5455 15.08800857659146
STARLINK-1230
1 47071U 98065A   24270.92715278 -.00022620  00000-0  13156-2 0  1004
2 47071  53.0000  50.0000 0000000   0.0000 165.9091 15.08800857850944
STARLINK-1231
1 62140U 98065A   24270.92715278 -.00022620  00000-0  13156-2 0  1006
2 62140  53.0000  50.0000 0000000   0.0000 182.2727 15.08800857729153
STARLINK-1232
1 30101U 98065A   24270.92715278 -.00022620  00000-0  13156-2 0  1002
2 30101  53.0000  50.0000 0000000   0.0000 198.6364 15.08800857598234
STARLINK-1233
1 73962U 98065A   24270.92715278 -.00022620  00000-0  13156-2 0  1004
2 73962  53.0000  50.0000 0000000   0.0000 215.0000 15.08800857371751
STARLINK-1234
1 40402U 98065A   24270.92715278 -.00022620  00000-0  13156-2 0  1008
2 40402  53.0000  50.0000 0000000   0.0000 231.3636 15.08800857939366
STARLINK-1235
1 93140U 98065A   24270.92715278 -.00022620  00000-0  13156-2 0  1000
2 93140  53.0000  50.0000 0000000   0.0000 247.7273 15.08800857138235
STARLINK-1236
1 13672U 98065A   24270.92715278 -.00022620  00000-0  13156-2 0  1001
2 13672  53.0000  50.0000 0000000   0.0000 264.0909 15.08800857528320
STARLINK-1237
1 40495U 98065A   24270.92715278 -.00022620  00000-0  13156-2 0  1008
2 40495  53.0000  50.0000 0000000   0.0000 280.4545 15.08800857317027
STARLINK-1238
1 56615U 98065A   24270.92715278 -.00022620  00000-0  13156-2 0  1008
2 56615  53.0000  50.0000 0000000   0.0000 296.8182 15.08800857326254
STARLINK-1239
1 34843U 98065A   24270.92715278 -.00022620  00000-0  13156-2 0  1008
2 34843  53.0000  50.0000 0000000   0.0000 313.1818 15.08800857685461
STARLINK-1240
1 62481U 98065A   24270.92715278 -.00022620  00000-0  13156-2 0  1000
2 62481  53.0000  50.0000 0000000   0.0000 329.5455 15.08800857185138
STARLINK-1241
1 40408U 98065A   24270.92715278 -.00022620  00000-0  13156-2 0  1008
2 40408  53.0000  50.0000 0000000   0.0000 345.9091 15.08800857783485
STARLINK-1242
1 61849U 98065A   24270.92715278 -.00022620  00000-0  13156-2 0  1001
2 61849  53.0000  55.0000 0000000   0.0000   2.5000 15.08800857714838
STARLINK-1243
1 24839U 98065A   24270.92715278 -.00022620  00000-0  13156-2 0  1006
2 24839  53.0000  55.0000 0000000   0.0000  18.8636 15.08800857443954
STARLINK-1244
1 73122U 98065A   24270.92715278 -.00022620  00000-0  13156-2 0  1002
2 73122  53.0000  55.0000 0000000   0.0000  35.2273 15.08800857722323
STARLINK-1245
1 87363U 98065A   24270.92715278 -.00022620  00000-0  13156-2 0  1007
2 87363  53.0000  55.0000 0000000   0.0000  51.5909 15.08800857533612
STARLINK-1246
1 23776U 98065A   24270.92715278 -.00022620  00000-0  13156-2 0  1002
2 23776  53.0000  55.0000 0000000   0.0000  67.9545 15.08800857866097
STARLINK-1247
1 28469U 98065A   24270.92715278 -.00022620  00000-0  13156-2 0  1006
2 28469  53.0000  55.0000 0000000   0.0000  84.3182 15.08800857615932
STARLINK-1248
1 18346U 98065A   24270.92715278 -.00022620  00000-0  13156-2 0  1006
2 18346  53.0000  55.0000 0000000   0.0000 100.6818 15.08800857992871
STARLINK-1249
1 66602U 98065A   24270.92715278 -.00022620  00000-0  13156-2 0  1004
2 66602  53.0000  55.0000 0000000   0.0000 117.0455 15.08800857128855
STARLINK-1250
1 90495U 98065A   24270.92715278 -.00022620  00000-0  13156-2 0  1000
2 90495  53.0000  55.0000 0000000   0.0000 133.4091 15.08800857362345
STARLINK-1251
1 71005U 98065A   24270.92715278 -.00022620  00000-0  13156-2 0  1002
2 71005  53.0000  55.0000 0000000   0.0000 149.7727 15.08800857302924
STARLINK-1252
1 31136U 98065A   24270.92715278 -.00022620  00000-0  13156-2 0  1002
2 31136  53.0000  55.0000 0000000   0.0000 166.1364 15.08800857303384
STARLINK-1253
1 52266U 98065A   24270.92715278 -.00022620  00000-0  13156-2 0  1004
2 52266  53.0000  55.0000 0000000   0.0000 182.5000 15.08800857226376
STARLINK-1254
1 26269U 98065A   24270.92715278 -.00022620  00000-0  13156-2 0  1000
2 26269  53.0000  55.0000 0000000   0.0000 198.8636 15.08800857411654
STARLINK-1255
1 30751U 98065A   24270.92715278 -.00022620  00000-0  13156-2 0  1006
2 30751  53.0000  55.0000 0000000   0.0000 215.2273 15.08800857187078
STARLINK-1256
1 73935U 98065A   24270.92715278 -.00022620  00000-0  13156-2 0  1004
2 73935  53.0000  55.0000 0000000   0.0000 231.5909 15.08800857920956
STARLINK-1257
1 32739U 98065A   24270.92715278 -.00022620  00000-0  13156-2 0  1008
2 32739  53.0000  55.0000 0000000   0.0000 247.9545 15.08800857951157
STARLINK-1258
1 99841U 98065A   24270.92715278 -.00022620  00000-0  13156-2 0  1003
2 99841  53.0000  55.0000 0000000   0.0000 264.3182 15.08800857108725
STARLINK-1259
1 64096U 98065A   24270.92715278 -.00022620  00000-0  13156-2 0  1003
2 64096  53.0000  55.0000 0000000   0.0000 280.6818 15.08800857583586
STARLINK-1260
1 92636U 98065A   24270.92715278 -.00022620  00000-0  13156-2 0  1005
2 92636  53.0000  55.0000 0000000   0.0000 297.0455 15.08800857461570
STARLINK-1261
1 83863U 98065A   24270.92715278 -.00022620  00000-0  13156-2 0  1008
2 83863  53.0000  55.0000 0000000   0.0000 313.4091 15.08800857855776
STARLINK-1262
1 28006U 98065A   24270.92715278 -.00022620  00000-0  13156-2 0  1004
2 28006  53.0000  55.0000 0000000   0.0000 329.7727 15.08800857808051
STARLINK-1263
1 89912U 98065A   24270.92715278 -.00022620  00000-0  13156-2 0  1008
2 89912  53.0000  55.0000 0000000   0.0000 346.1364 15.08800857567502
STARLINK-1264
1 67991U 98065A   24270.92715278 -.00022620  00000-0  13156-2 0  1007
2 67991  53.0000  60.0000 0000000   0.0000   2.7273 15.08800857927817
STARLINK-1265
1 35789U 98065A   24270.92715278 -.00022620  00000-0  13156-2 0  1001
2 35789  53.0000  60.0000 0000000   0.0000  19.0909 15.08800857871738
STARLINK-1266
1 27006U 98065A   24270.92715278 -.00022620  00000-0  13156-2 0  1005
2 27006  53.0000  60.0000 0000000   0.0000  35.4545 15.08800857554323
STARLINK-1267
1 35192U 98065A   24270.92715278 -.00022620  00000-0  13156-2 0  1001
2 35192  53.0000  60.0000 0000000   0.0000  51.8182 15.08800857289026
STARLINK-1268
1 66954U 98065A   24270.92715278 -.00022620  00000-0  13156-2 0  1004
2 66954  53.0000  60.0000 0000000   0.0000  68.1818 15.08800857300485
STARLINK-1269
1 34561U 98065A   24270.92715278 -.00022620  00000-0  13156-2 0  1000
2 34561  53.0000  60.0000 0000000   0.0000  84.5455 15.08800857347698
STARLINK-1270
1 50775U 98065A   24270.92715278 -.00022620  00000-0  13156-2 0  1006
2 50775  53.0000  60.0000 0000000   0.0000 100.9091 15.08800857890162
STARLINK-1271
1 63181U 98065A   24270.92715278 -.00022620  00000-0  13156-2 0  1003
2 63181  53.0000  60.0000 0000000   0.0000 117.2727 15.08800857641576
STARLINK-1272
1 10113U 98065A   24270.92715278 -.00022620  00000-0  13156-2 0  1007
2 10113  53.0000  60.0000 0000000   0.0000 133.6364 15.08800857972585
STARLINK-1273
1 39986U 98065A   24270.92715278 -.00022620  00000-0  13156-2 0  1007
2 39986  53.0000  60.0000 0000000   0.0000 150.0000 15.08800857433158
STARLINK-1274
1 92004U 98065A   24270.92715278 -.00022620  00000-0  13156-2 0  1001
2 92004  53.0000  60.0000 0000000   0.0000 166.3636 15.08800857200926
STARLINK-1275
1 67559U 98065A   24270.92715278 -.00022620  00000-0  13156-2 0  1003
2 67559  53.0000  60.0000 0000000   0.0000 182.7273 15.08800857982771
STARLINK-1276
1 86552U 98065A   24270.92715278 -.00022620  00000-0  13156-2 0  1000
2 86552  53.0000  60.0000 0000000   0.0000 199.0909 15.08800857342926
STARLINK-1277
1 55891U 98065A   24270.92715278 -.00022620  00000-0  13156-2 0  1003
2 55891  53.0000  60.0000 0000000   0.0000 215.4545 15.08800857712296
STARLINK-1278
1 45930U 98065A   24270.92715278 -.00022620  00000-0  13156-2 0  1004
2 45930  53.0000  60.0000 0000000   0.0000 231.8182 15.08800857758735
STARLINK-1279
1 93992U 98065A   24270.92715278 -.00022620  00000-0  13156-2 0  1007
2 93992  53.0000  60.0000 0000000   0.0000 248.1818 15.08800857728287
STARLINK-1280
1 49358U 98065A   24270.92715278 -.00022620  00000-0  13156-2 0  1003
2 49358  53.0000  60.0000 0000000   0.0000 264.5455 15.08800857203202
STARLINK-1281
1 22606U 98065A   24270.92715278 -.00022620  00000-0  13156-2 0  1007
2 22606  53.0000  60.0000 0000000   0.0000 280.9091 15.08800857404787
STARLINK-1282
1 91196U 98065A   24270.92715278 -.00022620  00000-0  13156-2 0  1005
2 91196  53.0000  60.0000 0000000   0.0000 297.2727 15.08800857902977
STARLINK-1283
1 45863U 98065A   24270.92715278 -.00022620  00000-0  13156-2 0  1000
2 45863  53.0000  60.0000 0000000   0.0000 313.6364 15.08800857615356
STARLINK-1284
1 64897U 98065A   24270.92715278 -.00022620  00000-0  13156-2 0  1007
2 64897  53.0000  60.0000 0000000   0.0000 330.0000 15.08800857496042
STARLINK-1285
1 28564U 98065A   24270.92715278 -.00022620  00000-0  13156-2 0  1006
2 28564  53.0000  60.0000 0000000   0.0000 346.3636 15.08800857719806
STARLINK-1286
1 21850U 98065A   24270.92715278 -.00022620  00000-0  13156-2 0  1008
2 21850  53.0000  65.0000 0000000   0.0000   2.9545 15.08800857548830
STARLINK-1287
1 86201U 98065A   24270.92715278 -.00022620  00000-0  13156-2 0  1005
2 86201  53.0000  65.0000 0000000   0.0000  19.3182 15.08800857708225
STARLINK-1288
1 44215U 98065A   24270.92715278 -.00022620  00000-0  13156-2 0  1003
2 44215  53.0000  65.0000 0000000   0.0000  35.6818 15.08800857785883
STARLINK-1289
1 49053U 98065A   24270.92715278 -.00022620  00000-0  13156-2 0  1001
2 49053  53.0000  65.0000 0000000   0.0000  52.0455 15.08800857409283
STARLINK-1290
1 85027U 98065A   24270.92715278 -.00022620  00000-0  13156-2 0  1001
2 85027  53.0000  65.0000 0000000   0.0000  68.4091 15.08800857594848
STARLINK-1291
1 61863U 98065A   24270.92715278 -.00022620  00000-0  13156-2 0  1007
2 61863  53.0000  65.0000 0000000   0.0000  84.7727 15.08800857731673
STARLINK-1292
1 61338U 98065A   24270.92715278 -.00022620  00000-0  13156-2 0  1003
2 61338  53.0000  65.0000 0000000   0.0000 101.1364 15.08800857585332
STARLINK-1293
1 96013U 98065A   24270.92715278 -.00022620  00000-0  13156-2 0  1008
2 96013  53.0000  65.0000 0000000   0.0000 117.5000 15.08800857578214
STARLINK-1294
1 85522U 98065A   24270.92715278 -.00022620  00000-0  13156-2 0  1004
2 85522  53.0000  65.0000 0000000   0.0000 133.8636 15.08800857607484
STARLINK-1295
1 74535U 98065A   24270.92715278 -.00022620  00000-0  13156-2 0  1000
2 74535  53.0000  65.0000 0000000   0.0000 150.2273 15.08800857387047
STARLINK-1296
1 14567U 98065A   24270.92715278 -.00022620  00000-0  13156-2 0  1001
2 14567  53.0000  65.0000 0000000   0.0000 166.5909 15.08800857933141
STARLINK-1297
1 97637U 98065A   24270.92715278 -.00022620  00000-0  13156-2 0  1000
2 97637  53.0000  65.0000 0000000   0.0000 182.9545 15.08800857948278
STARLINK-1298
1 55862U 98065A   24270.92715278 -.00022620  00000-0  13156-2 0  1000
2 55862  53.0000  65.0000 0000000   0.0000 199.3182 15.08800857463921
STARLINK-1299
1 60901U 98065A   24270.92715278 -.00022620  00000-0  13156-2 0  1000
2 60901  53.0000  65.0000 0000000   0.0000 215.6818 15.08800857885472
STARLINK-1300
1 68057U 98065A   24270.92715278 -.00022620  00000-0  13156-2 0  1001
2 68057  53.0000  65.0000 0000000   0.0000 232.0455 15.08800857425760
STARLINK-1301
1 16462U 98065A   24270.92715278 -.00022620  00000-0  13156-2 0  1007
2 16462  53.0000  65.0000 0000000   0.0000 248.4091 15.08800857903362
STARLINK-1302
1 66193U 98065A   24270.92715278 -.00022620  00000-0  13156-2 0  1005
2 66193  53.0000  65.0000 0000000   0.0000 264.7727 15.08800857773694
STARLINK-1303
1 56599U 98065A   24270.92715278 -.00022620  00000-0  13156-2 0  1002
2 56599  53.0000  65.0000 0000000   0.0000 281.1364 15.08800857715173
STARLINK-1304
1 16114U 98065A   24270.92715278 -.00022620  00000-0  13156-2 0  1006
2 16114  53.0000  65.0000 0000000   0.0000 297.5000 15.08800857473991
STARLINK-1305
1 91305U 98065A   24270.92715278 -.00022620  00000-0  13156-2 0  1005
2 91305  53.0000  65.0000 0000000   0.0000 313.8636 15.08800857435114
STARLINK-1306
1 55138U 98065A   24270.92715278 -.00022620  00000-0  13156-2 0  1004
2 55138  53.0000  65.0000 0000000   0.0000 330.2273 15.08800857679031
STARLINK-1307
1 16021U 98065A   24270.92715278 -.00022620  00000-0  13156-2 0  1002
2 16021  53.0000  65.0000 0000000   0.0000 346.5909 15.08800857383273
STARLINK-1308
1 97736U 98065A   24270.92715278 -.00022620  00000-0  13156-2 0  1004
2 97736  53.0000  70.0000 0000000   0.0000   3.1818 15.08800857515154
STARLINK-1309
1 76238U 98065A   24270.92715278 -.00022620  00000-0  13156-2 0  1003
2 76238  53.0000  70.0000 0000000   0.0000  19.5455 15.08800857362815
STARLINK-1310
1 49644U 98065A   24270.92715278 -.00022620  00000-0  13156-2 0  1008
2 49644  53.0000  70.0000 0000000   0.0000  35.9091 15.08800857577953
STARLINK-1311
1 82573U 98065A   24270.92715278 -.00022620  00000-0  13156-2 0  1006
2 82573  53.0000  70.0000 0000000   0.0000  52.2727 15.08800857464022
STARLINK-1312
1 70429U 98065A   24270.92715278 -.00022620  00000-0  13156-2 0  1008
2 70429  53.0000  70.0000 0000000   0.0000  68.6364 15.08800857413150
STARLINK-1313
1 65855U 98065A   24270.92715278 -.00022620  00000-0  13156-2 0  1007
2 65855  53.0000  70.0000 0000000   0.0000  85.0000 15.08800857160533
STARLINK-1314
1 48057U 98065A   24270.92715278 -.00022620  00000-0  13156-2 0  1007
2 48057  53.0000  70.0000 0000000   0.0000 101.3636 15.08800857604652
STARLINK-1315
1 59394U 98065A   24270.92715278 -.00022620  00000-0  13156-2 0  1004
2 59394  53.0000  70.0000 0000000   0.0000 117.7273 15.08800857434412
STARLINK-1316
1 41375U 98065A   24270.92715278 -.00022620  00000-0  13156-2 0  1008
2 41375  53.0000  70.0000 0000000   0.0000 134.0909 15.08800857344113
STARLINK-1317
1 75719U 98065A   24270.92715278 -.00022620  00000-0  13156-2 0  1003
2 75719  53.0000  70.0000 0000000   0.0000 150.4545 15.08800857202886
STARLINK-1318
1 89121U 98065A   24270.92715278 -.00022620  00000-0  13156-2 0  1001
2 89121  53.0000  70.0000 0000000   0.0000 166.8182 15.08800857847548
STARLINK-1319
1 61376U 98065A   24270.92715278 -.00022620  00000-0  13156-2 0  1003
2 61376  53.0000  70.0000 0000000   0.0000 183.1818 15.08800857584994
STARLINK-1320
1 59205U 98065A   24270.92715278 -.00022620  00000-0  13156-2 0  1003
2 59205  53.0000  70.0000 0000000   0.0000 199.5455 15.08800857984547
STARLINK-1321
1 21962U 98065A   24270.92715278 -.00022620  00000-0  13156-2 0  1007
2 21962  53.0000  70.0000 0000000   0.0000 215.9091 15.08800857513115
STARLINK-1322
1 37655U 98065A   24270.92715278 -.00022620  00000-0  13156-2 0  1004
2 37655  53.0000  70.0000 0000000   0.0000 232.2727 15.08800857109330
STARLINK-1323
1 35937U 98065A   24270.92715278 -.00022620  00000-0  13156-2 0  1003
2 35937  53.0000  70.0000 0000000   0.0000 248.6364 15.08800857782037
STARLINK-1324
1 78849U 98065A   24270.92715278 -.00022620  00000-0  13156-2 0  1003
2 78849  53.0000  70.0000 0000000   0.0000 265.0000 15.08800857636164
STARLINK-1325
1 86937U 98065A   24270.92715278 -.00022620  00000-0  13156-2 0  1004
2 86937  53.0000  70.0000 0000000   0.0000 281.3636 15.08800857237005
STARLINK-1326
1 50188U 98065A   24270.92715278 -.00022620  00000-0  13156-2 0  1008
2 50188  53.0000  70.0000 0000000   0.0000 297.7273 15.08800857228787
STARLINK-1327
1 54697U 98065A   24270.92715278 -.00022620  00000-0  13156-2 0  1001
2 54697  53.0000  70.0000 0000000   0.0000 314.0909 15.08800857524937
STARLINK-1328
1 46321U 98065A   24270.92715278 -.00022620  00000-0  13156-2 0  1008
2 46321  53.0000  70.0000 0000000   0.0000 330.4545 15.08800857611605
STARLINK-1329
1 38468U 98065A   24270.92715278 -.00022620  00000-0  13156-2 0  1002
2 38468  53.0000  70.0000 0000000   0.0000 346.8182 15.08800857687511
STARLINK-1330
1 59708U 98065A   24270.92715278 -.00022620  00000-0  13156-2 0  1006
2 59708  53.0000  75.0000 0000000   0.0000   3.4091 15.08800857496690
STARLINK-1331
1 68731U 98065A   24270.92715278 -.00022620  00000-0  13156-2 0  1001
2 68731  53.0000  75.0000 0000000   0.0000  19.7727 15.08800857376438
STARLINK-1332
1 59044U 98065A   24270.92715278 -.00022620  00000-0  13156-2 0  1000
2 59044  53.0000  75.0000 0000000   0.0000  36.1364 15.08800857899338
STARLINK-1333
1 57668U 98065A   24270.92715278 -.00022620  00000-0  13156-2 0  1005
2 57668  53.0000  75.0000 0000000   0.0000  52.5000 15.08800857310312
STARLINK-1334
1 57318U 98065A   24270.92715278 -.00022620  00000-0  13156-2 0  1000
2 57318  53.0000  75.0000 0000000   0.0000  68.8636 15.08800857289728
STARLINK-1335
1 58242U 98065A   24270.92715278 -.00022620  00000-0  13156-2 0  1007
2 58242  53.0000  75.0000 0000000   0.0000  85.2273 15.08800857804358
STARLINK-1336
1 87616U 98065A   24270.92715278 -.00022620  00000-0  13156-2 0  1003
2 87616  53.0000  75.0000 0000000   0.0000 101.5909 15.08800857107422
STARLINK-1337
1 36786U 98065A   24270.92715278 -.00022620  00000-0  13156-2 0  1001
2 36786  53.0000  75.0000 0000000   0.0000 117.9545 15.08800857174418
STARLINK-1338
1 40070U 98065A   24270.92715278 -.00022620  00000-0  13156-2 0  1006
2 40070  53.0000  75.0000 0000000   0.0000 134.3182 15.08800857160326
STARLINK-1339
1 98557U 98065A   24270.92715278 -.00022620  00000-0  13156-2 0  1005
2 98557  53.0000  75.0000 0000000   0.0000 150.6818 15.08800857229672
STARLINK-1340
1 79809U 98065A   24270.92715278 -.00022620  00000-0  13156-2 0  1000
2 79809  53.0000  75.0000 0000000   0.0000 167.0455 15.08800857414555
STARLINK-1341
1 83588U 98065A   24270.92715278 -.00022620  00000-0  13156-2 0  1008
2 83588  53.0000  75.0000 0000000   0.0000 183.4091 15.08800857369812
STARLINK-1342
1 52177U 98065A   24270.92715278 -.00022620  00000-0  13156-2 0  1007
2 52177  53.0000  75.0000 0000000   0.0000 199.7727 15.08800857355398
STARLINK-1343
1 62998U 98065A   24270.92715278 -.00022620  00000-0  13156-2 0  1008
2 62998  53.0000  75.0000 0000000   0.0000 216.1364 15.08800857975576
STARLINK-1344
1 83662U 98065A   24270.92715278 -.00022620  00000-0  13156-2 0  1007
2 83662  53.0000  75.0000 0000000   0.0000 232.5000 15.08800857248947
STARLINK-1345
1 59850U 98065A   24270.92715278 -.00022620  00000-0  13156-2 0  1007
2 59850  53.0000  75.0000 0000000   0.0000 248.8636 15.08800857348754
STARLINK-1346
1 71040U 98065A   24270.92715278 -.00022620  00000-0  13156-2 0  1001
2 71040  53.0000  75.0000 0000000   0.0000 265.2273 15.08800857632358
STARLINK-1347
1 44162U 98065A   24270.92715278 -.00022620  00000-0  13156-2 0  1005
2 44162  53.0000  75.0000 0000000   0.0000 281.5909 15.08800857350744
STARLINK-1348
1 35329U 98065A   24270.92715278 -.00022620  00000-0  13156-2 0  1000
2 35329  53.0000  75.0000 0000000   0.0000 297.9545 15.08800857390501
STARLINK-1349
1 94628U 98065A   24270.92715278 -.00022620  00000-0  13156-2 0  1006
2 94628  53.0000  75.0000 0000000   0.0000 314.3182 15.08800857828711
STARLINK-1350
1 33559U 98065A   24270.92715278 -.00022620  00000-0  13156-2 0  1002
2 33559  53.0000  75.0000 0000000   0.0000 330.6818 15.08800857643926
STARLINK-1351
1 41784U 98065A   24270.92715278 -.00022620  00000-0  13156-2 0  1001
2 41784  53.0000  75.0000 0000000   0.0000 347.0455 15.08800857782641
STARLINK-1352
1 47399U 98065A   24270.92715278 -.00022620  00000-0  13156-2 0  1002
2 47399  53.0000  80.0000 0000000   0.0000   3.6364 15.08800857954592
STARLINK-1353
1 25672U 98065A   24270.92715278 -.00022620  00000-0  13156-2 0  1003
2 25672  53.0000  80.0000 0000000   0.0000  20.0000 15.08800857657576
STARLINK-1354
1 61167U 98065A   24270.92715278 -.00022620  00000-0  13156-2 0  1003
2 61167  53.0000  80.0000 0000000   0.0000  36.3636 15.08800857934312
STARLINK-1355
1 84644U 98065A   24270.92715278 -.00022620  00000-0  13156-2 0  1007
2 84644  53.0000  80.0000 0000000   0.0000  52.7273 15.08800857660361
STARLINK-1356
1 61157U 98065A   24270.92715278 -.00022620  00000-0  13156-2 0  1001
2 61157  53.0000  80.0000 0000000   0.0000  69.0909 15.08800857949328
STARLINK-1357
1 54093U 98065A   24270.92715278 -.00022620  00000-0  13156-2 0  1008
2 54093  53.0000  80.0000 0000000   0.0000  85.4545 15.08800857976913
STARLINK-1358
1 34576U 98065A   24270.92715278 -.00022620  00000-0  13156-2 0  1006
2 34576  53.0000  80.0000 0000000   0.0000 101.8182 15.08800857438086
STARLINK-1359
1 98559U 98065A   24270.92715278 -.00022620  00000-0  13156-2 0  1008
2 98559  53.0000  80.0000 0000000   0.0000 118.1818 15.08800857255768
STARLINK-1360
1 64879U 98065A   24270.92715278 -.00022620  00000-0  13156-2 0  1000
2 64879  53.0000  80.0000 0000000   0.0000 134.5455 15.08800857642453
STARLINK-1361
1 19194U 98065A   24270.92715278 -.00022620  00000-0  13156-2 0  1002
2 19194  53.0000  80.0000 0000000   0.0000 150.9091 15.08800857286976
STARLINK-1362
1 60703U 98065A   24270.92715278 -.00022620  00000-0  13156-2 0  1002
2 60703  53.0000  80.0000 0000000   0.0000 167.2727 15.08800857579075
STARLINK-1363
1 15639U 98065A   24270.92715278 -.00022620  00000-0  13156-2 0  1005
2 15639  53.0000  80.0000 0000000   0.0000 183.6364 15.08800857154132
STARLINK-1364
1 39378U 98065A   24270.92715278 -.00022620  00000-0  13156-2 0  1005
2 39378  53.0000  80.0000 0000000   0.0000 200.0000 15.08800857671153
STARLINK-1365
1 65100U 98065A   24270.92715278 -.00022620  00000-0  13156-2 0  1008
2 65100  53.0000  80.0000 0000000   0.0000 216.3636 15.08800857637378
STARLINK-1366
1 52778U 98065A   24270.92715278 -.00022620  00000-0  13156-2 0  1004
2 52778  53.0000  80.0000 0000000   0.0000 232.7273 15.08800857715634
STARLINK-1367
1 28246U 98065A   24270.92715278 -.00022620  00000-0  13156-2 0  1002
2 28246  53.0000  80.0000 0000000   0.0000 249.0909 15.08800857982880
STARLINK-1368
1 82183U 98065A   24270.92715278 -.00022620  00000-0  13156-2 0  1000
2 82183  53.0000  80.0000 0000000   0.0000 265.4545 15.08800857250696
STARLINK-1369
1 68096U 98065A   24270.92715278 -.00022620  00000-0  13156-2 0  1004
2 68096  53.0000  80.0000 0000000   0.0000 281.8182 15.08800857443410
STARLINK-1370
1 92241U 98065A   24270.92715278 -.00022620  00000-0  13156-2 0  1003
2 92241  53.0000  80.0000 0000000   0.0000 298.1818 15.08800857983115
STARLINK-1371
1 50994U 98065A   24270.92715278 -.00022620  00000-0  13156-2 0  1003
2 50994  53.0000  80.0000 0000000   0.0000 314.5455 15.08800857103600
STARLINK-1372
1 98120U 98065A   24270.92715278 -.00022620  00000-0  13156-2 0  1005
2 98120  53.0000  80.0000 0000000   0.0000 330.9091 15.08800857272046
STARLINK-1373
1 32017U 98065A   24270.92715278 -.00022620  00000-0  13156-2 0  1001
2 32017  53.0000  80.0000 0000000   0.0000 347.2727 15.08800857922834
STARLINK-1374
1 26226U 98065A   24270.92715278 -.00022620  00000-0  13156-2 0  1008
2 26226  53.0000  85.0000 0000000   0.0000   3.8636 15.08800857258332
STARLINK-1375
1 13175U 98065A   24270.92715278 -.00022620  00000-0  13156-2 0  1003
2 13175  53.0000  85.0000 0000000   0.0000  20.2273 15.08800857734101
STARLINK-1376
1 23658U 98065A   24270.92715278 -.00022620  00000-0  13156-2 0  1005
2 23658  53.0000  85.0000 0000000   0.0000  36.5909 15.08800857476516
STARLINK-1377
1 69356U 98065A   24270.92715278 -.00022620  00000-0  13156-2 0  1001
2 69356  53.0000  85.0000 0000000   0.0000  52.9545 15.08800857194091
STARLINK-1378
1 64361U 98065A   24270.92715278 -.00022620  00000-0  13156-2 0  1000
2 64361  53.0000  85.0000 0000000   0.0000  69.3182 15.08800857659011
STARLINK-1379
1 13417U 98065A   24270.92715278 -.00022620  00000-0  13156-2 0  1004
2 13417  53.0000  85.0000 0000000   0.0000  85.6818 15.08800857284178
STARLINK-1380
1 96497U 98065A   24270.92715278 -.00022620  00000-0  13156-2 0  1000
2 96497  53.0000  85.0000 0000000   0.0000 102.0455 15.08800857909465
STARLINK-1381
1 12433U 98065A   24270.92715278 -.00022620  00000-0  13156-2 0  1003
2 12433  53.0000  85.0000 0000000   0.0000 118.4091 15.08800857133121
STARLINK-1382
1 52720U 98065A   24270.92715278 -.00022620  00000-0  13156-2 0  1002
2 52720  53.0000  85.0000 0000000   0.0000 134.7727 15.08800857907228
STARLINK-1383
1 63684U 98065A   24270.92715278 -.00022620  00000-0  13156-2 0  1001
2 63684  53.0000  85.0000 0000000   0.0000 151.1364 15.08800857229012
STARLINK-1384
1 15734U 98065A   24270.92715278 -.00022620  00000-0  13156-2 0  1001
2 15734  53.0000  85.0000 0000000   0.0000 167.5000 15.08800857774980
STARLINK-1385
1 84242U 98065A   24270.92715278 -.00022620  00000-0  13156-2 0  1002
2 84242  53.0000  85.0000 0000000   0.0000 183.8636 15.08800857746110
STARLINK-1386
1 64291U 98065A   24270.92715278 -.00022620  00000-0  13156-2 0  1001
2 64291  53.0000  85.0000 0000000   0.0000 200.2273 15.08800857640960
STARLINK-1387
1 74090U 98065A   24270.92715278 -.00022620  00000-0  13156-2 0  1004
2 74090  53.0000  85.0000 0000000   0.0000 216.5909 15.08800857928852
STARLINK-1388
1 94465U 98065A   24270.92715278 -.00022620  00000-0  13156-2 0  1007
2 94465  53.0000  85.0000 0000000   0.0000 232.9545 15.08800857442332
STARLINK-1389
1 56790U 98065A   24270.92715278 -.00022620  00000-0  13156-2 0  1004
2 56790  53.0000  85.0000 0000000   0.0000 249.3182 15.08800857919668
STARLINK-1390
1 50118U 98065A   24270.92715278 -.00022620  00000-0  13156-2 0  1007
2 50118  53.0000  85.0000 0000000   0.0000 265.6818 15.08800857530522
STARLINK-1391
1 77975U 98065A   24270.92715278 -.00022620  00000-0  13156-2 0  1005
2 77975  53.0000  85.0000 0000000   0.0000 282.0455 15.08800857464871
STARLINK-1392
1 62195U 98065A   24270.92715278 -.00022620  00000-0  13156-2 0  1002
2 62195  53.0000  85.0000 0000000   0.0000 298.4091 15.08800857481015
STARLINK-1393
1 49946U 98065A   24270.92715278 -.00022620  00000-0  13156-2 0  1005
2 49946  53.0000  85.0000 0000000   0.0000 314.7727 15.08800857274116
STARLINK-1394
1 21690U 98065A   24270.92715278 -.00022620  00000-0  13156-2 0  1003
2 21690  53.0000  85.0000 0000000   0.0000 331.1364 15.08800857671737
STARLINK-1395
1 75616U 98065A   24270.92715278 -.00022620  00000-0  13156-2 0  1004
2 75616  53.0000  85.0000 0000000   0.0000 347.5000 15.08800857700793
STARLINK-1396
1 98584U 98065A   24270.92715278 -.00022620  00000-0  13156-2 0  1003
2 98584  53.0000  90.0000 0000000   0.0000   4.0909 15.08800857727415
STARLINK-1397
1 49468U 98065A   24270.92715278 -.00022620  00000-0  13156-2 0  1005
2 49468  53.0000  90.0000 0000000   0.0000  20.4545 15.08800857749177
STARLINK-1398
1 42603U 98065A   24270.92715278 -.00022620  00000-0  13156-2 0  1003
2 42603  53.0000  90.0000 0000000   0.0000  36.8182 15.08800857508332
STARLINK-1399
1 70512U 98065A   24270.92715278 -.00022620  00000-0  13156-2 0  1000
2 70512  53.0000  90.0000 0000000   0.0000  53.1818 15.08800857959862
STARLINK-1400
1 36903U 98065A   24270.92715278 -.00022620  00000-0  13156-2 0  1004
2 36903  53.0000  90.0000 0000000   0.0000  69.5455 15.08800857288081
STARLINK-1401
1 78543U 98065A   24270.92715278 -.00022620  00000-0  13156-2 0  1001
2 78543  53.0000  90.0000 0000000   0.0000  85.9091 15.08800857542018
STARLINK-1402
1 59571U 98065A   24270.92715278 -.00022620  00000-0  13156-2 0  1001
2 59571  53.0000  90.0000 0000000   0.0000 102.2727 15.08800857167777
STARLINK-1403
1 95096U 98065A   24270.92715278 -.00022620  00000-0  13156-2 0  1002
2 95096  53.0000  90.0000 0000000   0.0000 118.6364 15.08800857464782
STARLINK-1404
1 98909U 98065A   24270.92715278 -.00022620  00000-0  13156-2 0  1002
2 98909  53.0000  90.0000 0000000   0.0000 135.0000 15.08800857247961
STARLINK-1405
1 42115U 98065A   24270.92715278 -.00022620  00000-0  13156-2 0  1005
2 42115  53.0000  90.0000 0000000   0.0000 151.3636 15.08800857785647
STARLINK-1406
1 60463U 98065A   24270.92715278 -.00022620  00000-0  13156-2 0  1004
2 60463  53.0000  90.0000 0000000   0.0000 167.7273 15.08800857589282
STARLINK-1407
1 74321U 98065A   24270.92715278 -.00022620  00000-0  13156-2 0  1004
2 74321  53.0000  90.0000 0000000   0.0000 184.0909 15.08800857905185
STARLINK-1408
1 39403U 98065A   24270.92715278 -.00022620  00000-0  13156-2 0  1008
2 39403  53.0000  90.0000 0000000   0.0000 200.4545 15.08800857994276
STARLINK-1409
1 63798U 98065A   24270.92715278 -.00022620  00000-0  13156-2 0  1002
2 63798  53.0000  90.0000 0000000   0.0000 216.8182 15.08800857288866
STARLINK-1410
1 49948U 98065A   24270.92715278 -.00022620  00000-0  13156-2 0  1006
2 49948  53.0000  90.0000 0000000   0.0000 233.1818 15.08800857856632
STARLINK-1411
1 30537U 98065A   24270.92715278 -.00022620  00000-0  13156-2 0  1005
2 30537  53.0000  90.0000 0000000   0.0000 249.5455 15.08800857843620
STARLINK-1412
1 69443U 98065A   24270.92715278 -.00022620  00000-0  13156-2 0  1003
2 69443  53.0000  90.0000 0000000   0.0000 265.9091 15.08800857796648
STARLINK-1413
1 37539U 98065A   24270.92715278 -.00022620  00000-0  13156-2 0  1006
2 37539  53.0000  90.0000 0000000   0.0000 282.2727 15.08800857949498
STARLINK-1414
1 58541U 98065A   24270.92715278 -.00022620  00000-0  13156-2 0  1000
2 58541  53.0000  90.0000 0000000   0.0000 298.6364 15.08800857645760
STARLINK-1415
1 19348U 98065A   24270.92715278 -.00022620  00000-0  13156-2 0  1000
2 19348  53.0000  90.0000 0000000   0.0000 315.0000 15.08800857126467
STARLINK-1416
1 47885U 98065A   24270.92715278 -.00022620  00000-0  13156-2 0  1007
2 47885  53.0000  90.0000 0000000   0.0000 331.3636 15.08800857897793
STARLINK-1417
1 83428U 98065A   24270.92715278 -.00022620  00000-0  13156-2 0  1003
2 83428  53.0000  90.0000 0000000   0.0000 347.7273 15.08800857957108
STARLINK-1418
1 93271U 98065A   24270.92715278 -.00022620  00000-0  13156-2 0  1007
2 93271  53.0000  95.0000 0000000   0.0000   4.3182 15.08800857564066
STARLINK-1419
1 87063U 98065A   24270.92715278 -.00022620  00000-0  13156-2 0  1006
2 87063  53.0000  95.0000 0000000   0.0000  20.6818 15.08800857716664
STARLINK-1420
1 68759U 98065A   24270.92715278 -.00022620  00000-0  13156-2 0  1003
2 68759  53.0000  95.0000 0000000   0.0000  37.0455 15.08800857914684
STARLINK-1421
1 85431U 98065A   24270.92715278 -.00022620  00000-0  13156-2 0  1006
2 85431  53.0000  95.0000 0000000   0.0000  53.4091 15.08800857358545
STARLINK-1422
1 29187U 98065A   24270.92715278 -.00022620  00000-0  13156-2 0  1001
2 29187  53.0000  95.0000 0000000   0.0000  69.7727 15.08800857510760
STARLINK-1423
1 92652U 98065A   24270.92715278 -.00022620  00000-0  13156-2 0  1002
2 92652  53.0000  95.0000 0000000   0.0000  86.1364 15.08800857409532
STARLINK-1424
1 35586U 98065A   24270.92715278 -.00022620  00000-0  13156-2 0  1000
2 35586  53.0000  95.0000 0000000   0.0000 102.5000 15.08800857595176
STARLINK-1425
1 70926U 98065A   24270.92715278 -.00022620  00000-0  13156-2 0  1004
2 70926  53.0000  95.0000 0000000   0.0000 118.8636 15.08800857897036
STARLINK-1426
1 15254U 98065A   24270.92715278 -.00022620  00000-0  13156-2 0  1003
2 15254  53.0000  95.0000 0000000   0.0000 135.2273 15.08800857148907
STARLINK-1427
1 88251U 98065A   24270.92715278 -.00022620  00000-0  13156-2 0  1001
2 88251  53.0000  95.0000 0000000   0.0000 151.5909 15.08800857125305
STARLINK-1428
1 72438U 98065A   24270.92715278 -.00022620  00000-0  13156-2 0  1005
2 72438  53.0000  95.0000 0000000   0.0000 167.9545 15.08800857885847
STARLINK-1429
1 45879U 98065A   24270.92715278 -.00022620  00000-0  13156-2 0  1002
2 45879  53.0000  95.0000 0000000   0.0000 184.3182 15.08800857732076
STARLINK-1430
1 78903U 98065A   24270.92715278 -.00022620  00000-0  13156-2 0  1003
2 78903  53.0000  95.0000 0000000   0.0000 200.6818 15.08800857437605
STARLINK-1431
1 46258U 98065A   24270.92715278 -.00022620  00000-0  13156-2 0  1006
2 46258  53.0000  95.0000 0000000   0.0000 217.0455 15.08800857951932
STARLINK-1432
1 25144U 98065A   24270.92715278 -.00022620  00000-0  13156-2 0  1007
2 25144  53.0000  95.0000 0000000   0.0000 233.4091 15.08800857602007
STARLINK-1433
1 52945U 98065A   24270.92715278 -.00022620  00000-0  13156-2 0  1003
2 52945  53.0000  95.0000 0000000   0.0000 249.7727 15.08800857848732
STARLINK-1434
1 95389U 98065A   24270.92715278 -.00022620  00000-0  13156-2 0  1002
2 95389  53.0000  95.0000 0000000   0.0000 266.1364 15.08800857150885
STARLINK-1435
1 26842U 98065A   24270.92715278 -.00022620  00000-0  13156-2 0  1000
2 26842  53.0000  95.0000 0000000   0.0000 282.5000 15.08800857432340
STARLINK-1436
1 93943U 98065A   24270.92715278 -.00022620  00000-0  13156-2 0  1008
2 93943  53.0000  95.0000 0000000   0.0000 298.8636 15.08800857651105
STARLINK-1437
1 28220U 98065A   24270.92715278 -.00022620  00000-0  13156-2 0  1000
2 28220  53.0000  95.0000 0000000   0.0000 315.2273 15.08800857467894
STARLINK-1438
1 38345U 98065A   24270.92715278 -.00022620  00000-0  13156-2 0  1001
2 38345  53.0000  95.0000 0000000   0.0000 331.5909 15.08800857787885
STARLINK-1439
1 25434U 98065A   24270.92715278 -.00022620  00000-0  13156-2 0  1008
2 25434  53.0000  95.0000 0000000   0.0000 347.9545 15.08800857123824
STARLINK-1440
1 82864U 98065A   24270.92715278 -.00022620  00000-0  13156-2 0  1005
2 82864  53.0000 100.0000 0000000   0.0000   4.5455 15.08800857319980
STARLINK-1441
1 15436U 98065A   24270.92715278 -.00022620  00000-0  13156-2 0  1004
2 15436  53.0000 100.0000 0000000   0.0000  20.9091 15.08800857786292
STARLINK-1442
1 33843U 98065A   24270.92715278 -.00022620  00000-0  13156-2 0  1005
2 33843  53.0000 100.0000 0000000   0.0000  37.2727 15.08800857934152
STARLINK-1443
1 64159U 98065A   24270.92715278 -.00022620  00000-0  13156-2 0  1000
2 64159  53.0000 100.0000 0000000   0.0000  53.6364 15.08800857653304
STARLINK-1444
1 87428U 98065A   24270.92715278 -.00022620  00000-0  13156-2 0  1005
2 87428  53.0000 100.0000 0000000   0.0000  70.0000 15.08800857764633
STARLINK-1445
1 87307U 98065A   24270.92715278 -.00022620  00000-0  13156-2 0  1001
2 87307  53.0000 100.0000 0000000   0.0000  86.3636 15.08800857486722
STARLINK-1446
1 17975U 98065A   24270.92715278 -.00022620  00000-0  13156-2 0  1006
2 17975  53.0000 100.0000 0000000   0.0000 102.7273 15.08800857637126
STARLINK-1447
1 23313U 98065A   24270.92715278 -.00022620  00000-0  13156-2 0  1003
2 23313  53.0000 100.0000 0000000   0.0000 119.0909 15.08800857222005
STARLINK-1448
1 68915U 98065A   24270.92715278 -.00022620  00000-0  13156-2 0  1004
2 68915  53.0000 100.0000 0000000   0.0000 135.4545 15.08800857124185
STARLINK-1449
1 65298U 98065A   24270.92715278 -.00022620  00000-0  13156-2 0  1005
2 65298  53.0000 100.0000 0000000   0.0000 151.8182 15.08800857154336
STARLINK-1450
1 18283U 98065A   24270.92715278 -.00022620  00000-0  13156-2 0  1005
2 18283  53.0000 100.0000 0000000   0.0000 168.1818 15.08800857160540
STARLINK-1451
1 92470U 98065A   24270.92715278 -.00022620  00000-0  13156-2 0  1004
2 92470  53.0000 100.0000 0000000   0.0000 184.5455 15.08800857684751
STARLINK-1452
1 74240U 98065A   24270.92715278 -.00022620  00000-0  13156-2 0  1002
2 74240  53.0000 100.0000 0000000   0.0000 200.9091 15.08800857509431
STARLINK-1453
1 46545U 98065A   24270.92715278 -.00022620  00000-0  13156-2 0  1007
2 46545  53.0000 100.0000 0000000   0.0000 217.2727 15.08800857920267
STARLINK-1454
1 19280U 98065A   24270.92715278 -.00022620  00000-0  13156-2 0  1001
2 19280  53.0000 100.0000 0000000   0.0000 233.6364 15.08800857721581
STARLINK-1455
1 79523U 98065A   24270.92715278 -.00022620  00000-0  13156-2 0  1003
2 79523  53.0000 100.0000 0000000   0.0000 250.0000 15.08800857230563
STARLINK-1456
1 73837U 98065A   24270.92715278 -.00022620  00000-0  13156-2 0  1005
2 73837  53.0000 100.0000 0000000   0.0000 266.3636 15.08800857889096
STARLINK-1457
1 66875U 98065A   24270.92715278 -.00022620  00000-0  13156-2 0  1004
2 66875  53.0000 100.0000 0000000   0.0000 282.7273 15.08800857763615
STARLINK-1458
1 67555U 98065A   24270.92715278 -.00022620  00000-0  13156-2 0  1006
2 67555  53.0000 100.0000 0000000   0.0000 299.0909 15.08800857297963
STARLINK-1459
1 83841U 98065A   24270.92715278 -.00022620  00000-0  13156-2 0  1003
2 83841  53.0000 100.0000 0000000   0.0000 315.4545 15.08800857136461
STARLINK-1460
1 30819U 98065A   24270.92715278 -.00022620  00000-0  13156-2 0  1007
2 30819  53.0000 100.0000 0000000   0.0000 331.8182 15.08800857248382
STARLINK-1461
1 88322U 98065A   24270.92715278 -.00022620  00000-0  13156-2 0  1006
2 88322  53.0000 100.0000 0000000   0.0000 348.1818 15.08800857640834
STARLINK-1462
1 40656U 98065A   24270.92715278 -.00022620  00000-0  13156-2 0  1000
2 40656  53.0000 105.0000 0000000   0.0000   4.7727 15.08800857411268
STARLINK-1463
1 72579U 98065A   24270.92715278 -.00022620  00000-0  13156-2 0  1005
2 72579  53.0000 105.0000 0000000   0.0000  21.1364 15.08800857393768
STARLINK-1464
1 88999U 98065A   24270.92715278 -.00022620  00000-0  13156-2 0  1006
2 88999  53.0000 105.0000 0000000   0.0000  37.5000 15.08800857340204
STARLINK-1465
1 71089U 98065A   24270.92715278 -.00022620  00000-0  13156-2 0  1000
2 71089  53.0000 105.0000 0000000   0.0000  53.8636 15.08800857618147
STARLINK-1466
1 69412U 98065A   24270.92715278 -.00022620  00000-0  13156-2 0  1004
2 69412  53.0000 105.0000 0000000   0.0000  70.2273 15.08800857900395
STARLINK-1467
1 19324U 98065A   24270.92715278 -.00022620  00000-0  13156-2 0  1001
2 19324  53.0000 105.0000 0000000   0.0000  86.5909 15.08800857640956
STARLINK-1468
1 17870U 98065A   24270.92715278 -.00022620  00000-0  13156-2 0  1002
2 17870  53.0000 105.0000 0000000   0.0000 102.9545 15.08800857167741
STARLINK-1469
1 31270U 98065A   24270.92715278 -.00022620  00000-0  13156-2 0  1004
2 31270  53.0000 105.0000 0000000   0.0000 119.3182 15.08800857384136
STARLINK-1470
1 21272U 98065A   24270.92715278 -.00022620  00000-0  13156-2 0  1001
2 21272  53.0000 105.0000 0000000   0.0000 135.6818 15.08800857412257
STARLINK-1471
1 16503U 98065A   24270.92715278 -.00022620  00000-0  13156-2 0  1005
2 16503  53.0000 105.0000 0000000   0.0000 152.0455 15.08800857216216
STARLINK-1472
1 57462U 98065A   24270.92715278 -.00022620  00000-0  13156-2 0  1006
2 57462  53.0000 105.0000 0000000   0.0000 168.4091 15.08800857695685
STARLINK-1473
1 72636U 98065A   24270.92715278 -.00022620  00000-0  13156-2 0  1001
2 72636  53.0000 105.0000 0000000   0.0000 184.7727 15.08800857263893
STARLINK-1474
1 40771U 98065A   24270.92715278 -.00022620  00000-0  13156-2 0  1000
2 40771  53.0000 105.0000 0000000   0.0000 201.1364 15.08800857266046
STARLINK-1475
1 96780U 98065A   24270.92715278 -.00022620  00000-0  13156-2 0  1001
2 96780  53.0000 105.0000 0000000   0.0000 217.5000 15.08800857950811
STARLINK-1476
1 84103U 98065A   24270.92715278 -.00022620  00000-0  13156-2 0  1006
2 84103  53.0000 105.0000 0000000   0.0000 233.8636 15.08800857352933
STARLINK-1477
1 41040U 98065A   24270.92715278 -.00022620  00000-0  13156-2 0  1002
2 41040  53.0000 105.0000 0000000   0.0000 250.2273 15.08800857490707
STARLINK-1478
1 17232U 98065A   24270.92715278 -.00022620  00000-0  13156-2 0  1002
2 17232  53.0000 105.0000 0000000   0.0000 266.5909 15.08800857667646
STARLINK-1479
1 81430U 98065A   24270.92715278 -.00022620  00000-0  13156-2 0  1006
2 81430  53.0000 105.0000 0000000   0.0000 282.9545 15.08800857956256
STARLINK-1480
1 76355U 98065A   24270.92715278 -.00022620  00000-0  13156-2 0  1007
2 76355  53.0000 105.0000 0000000   0.0000 299.3182 15.08800857179466
STARLINK-1481
1 27654U 98065A   24270.92715278 -.00022620  00000-0  13156-2 0  1008
2 27654  53.0000 105.0000 0000000   0.0000 315.6818 15.08800857104118
STARLINK-1482
1 29237U 98065A   24270.92715278 -.00022620  00000-0  13156-2 0  1001
2 29237  53.0000 105.0000 0000000   0.0000 332.0455 15.08800857714531
STARLINK-1483
1 88176U 98065A   24270.92715278 -.00022620  00000-0  13156-2 0  1000
2 88176  53.0000 105.0000 0000000   0.0000 348.4091 15.08800857187190
STARLINK-1484
1 88549U 98065A   24270.92715278 -.00022620  00000-0  13156-2 0  1001
2 88549  53.0000 110.0000 0000000   0.0000   5.0000 15.08800857435333
STARLINK-1485
1 66352U 98065A   24270.92715278 -.00022620  00000-0  13156-2 0  1006
2 66352  53.0000 110.0000 0000000   0.0000  21.3636 15.08800857188594
STARLINK-1486
1 82243U 98065A   24270.92715278 -.00022620  00000-0  13156-2 0  1002
2 82243  53.0000 110.0000 0000000   0.0000  37.7273 15.08800857599052
STARLINK-1487
1 16366U 98065A   24270.92715278 -.00022620  00000-0  13156-2 0  1003
2 16366  53.0000 110.0000 0000000   0.0000  54.0909 15.08800857794515
STARLINK-1488
1 77645U 98065A   24270.92715278 -.00022620  00000-0  13156-2 0  1001
2 77645  53.0000 110.0000 0000000   0.0000  70.4545 15.08800857807922
STARLINK-1489
1 85723U 98065A   24270.92715278 -.00022620  00000-0  13156-2 0  1006
2 85723  53.0000 110.0000 0000000   0.0000  86.8182 15.08800857286618
STARLINK-1490
1 29460U 98065A   24270.92715278 -.00022620  00000-0  13156-2 0  1004
2 29460  53.0000 110.0000 0000000   0.0000 103.1818 15.08800857645160
STARLINK-1491
1 68810U 98065A   24270.92715278 -.00022620  00000-0  13156-2 0  1002
2 68810  53.0000 110.0000 0000000   0.0000 119.5455 15.08800857482322
STARLINK-1492
1 91588U 98065A   24270.92715278 -.00022620  00000-0  13156-2 0  1006
2 91588  53.0000 110.0000 0000000   0.0000 135.9091 15.08800857373418
STARLINK-1493
1 35224U 98065A   24270.92715278 -.00022620  00000-0  13156-2 0  1004
2 35224  53.0000 110.0000 0000000   0.0000 152.2727 15.08800857166692
STARLINK-1494
1 24577U 98065A   24270.92715278 -.00022620  00000-0  13156-2 0  1007
2 24577  53.0000 110.0000 0000000   0.0000 168.6364 15.08800857280842
STARLINK-1495
1 94283U 98065A   24270.92715278 -.00022620  00000-0  13156-2 0  1004
2 94283  53.0000 110.0000 0000000   0.0000 185.0000 15.08800857304382
STARLINK-1496
1 55867U 98065A   24270.92715278 -.00022620  00000-0  13156-2 0  1008
2 55867  53.0000 110.0000 0000000   0.0000 201.3636 15.08800857272112
STARLINK-1497
1 26961U 98065A   24270.92715278 -.00022620  00000-0  13156-2 0  1002
2 26961  53.0000 110.0000 0000000   0.0000 217.7273 15.08800857740153
STARLINK-1498
1 46394U 98065A   24270.92715278 -.00022620  00000-0  13156-2 0  1000
2 46394  53.0000 110.0000 0000000   0.0000 234.0909 15.08800857755736
STARLINK-1499
1 15512U 98065A   24270.92715278 -.00022620  00000-0  13156-2 0  1001
2 15512  53.0000 110.0000 0000000   0.0000 250.4545 15.08800857849046
STARLINK-1500
1 12491U 98065A   24270.92715278 -.00022620  00000-0  13156-2 0  1007
2 12491  53.0000 110.0000 0000000   0.0000 266.8182 15.08800857253365
STARLINK-1501
1 66363U 98065A   24270.92715278 -.00022620  00000-0  13156-2 0  1000
2 66363  53.0000 110.0000 0000000   0.0000 283.1818 15.08800857316207
STARLINK-1502
1 13724U 98065A   24270.92715278 -.00022620  00000-0  13156-2 0  1005
2 13724  53.0000 110.0000 0000000   0.0000 299.5455 15.08800857715827
STARLINK-1503
1 21691U 98065A   24270.92715278 -.00022620  00000-0  13156-2 0  1001
2 21691  53.0000 110.0000 0000000   0.0000 315.9091 15.08800857771150
STARLINK-1504
1 76630U 98065A   24270.92715278 -.00022620  00000-0  13156-2 0  1005
2 76630  53.0000 110.0000 0000000   0.0000 332.2727 15.08800857898935
STARLINK-1505
1 65913U 98065A   24270.92715278 -.00022620  00000-0  13156-2 0  1000
2 65913  53.0000 110.0000 0000000   0.0000 348.6364 15.08800857592393
STARLINK-1506
1 99137U 98065A   24270.92715278 -.00022620  00000-0  13156-2 0  1007
2 99137  53.0000 115.0000 0000000   0.0000   5.2273 15.08800857924307
STARLINK-1507
1 67044U 98065A   24270.92715278 -.00022620  00000-0  13156-2 0  1002
2 67044  53.0000 115.0000 0000000   0.0000  21.5909 15.08800857768882
STARLINK-1508
1 30941U 98065A   24270.92715278 -.00022620  00000-0  13156-2 0  1006
2 30941  53.0000 115.0000 0000000   0.0000  37.9545 15.08800857638577
STARLINK-1509
1 82573U 98065A   24270.92715278 -.00022620  00000-0  13156-2 0  1007
2 82573  53.0000 115.0000 0000000   0.0000  54.3182 15.08800857652003
STARLINK-1510
1 46237U 98065A   24270.92715278 -.00022620  00000-0  13156-2 0  1008
2 46237  53.0000 115.0000 0000000   0.0000  70.6818 15.08800857480750
STARLINK-1511
1 91343U 98065A   24270.92715278 -.00022620  00000-0  13156-2 0  1002
2 91343  53.0000 115.0000 0000000   0.0000  87.0455 15.08800857351566
STARLINK-1512
1 43687U 98065A   24270.92715278 -.00022620  00000-0  13156-2 0  1002
2 43687  53.0000 115.0000 0000000   0.0000 103.4091 15.08800857596553
STARLINK-1513
1 50858U 98065A   24270.92715278 -.00022620  00000-0  13156-2 0  1003
2 50858  53.0000 115.0000 0000000   0.0000 119.7727 15.08800857913987
STARLINK-1514
1 73653U 98065A   24270.92715278 -.00022620  00000-0  13156-2 0  1001
2 73653  53.0000 115.0000 0000000   0.0000 136.1364 15.08800857265567
STARLINK-1515
1 56829U 98065A   24270.92715278 -.00022620  00000-0  13156-2 0  1004
2 56829  53.0000 115.0000 0000000   0.0000 152.5000 15.08800857292637
STARLINK-1516
1 69773U 98065A   24270.92715278 -.00022620  00000-0  13156-2 0  1001
2 69773  53.0000 115.0000 0000000   0.0000 168.8636 15.08800857407671
STARLINK-1517
1 42353U 98065A   24270.92715278 -.00022620  00000-0  13156-2 0  1006
2 42353  53.0000 115.0000 0000000   0.0000 185.2273 15.08800857838158
STARLINK-1518
1 83268U 98065A   24270.92715278 -.00022620  00000-0  13156-2 0  1006
2 83268  53.0000 115.0000 0000000   0.0000 201.5909 15.08800857201960
STARLINK-1519
1 45548U 98065A   24270.92715278 -.00022620  00000-0  13156-2 0  1006
2 45548  53.0000 115.0000 0000000   0.0000 217.9545 15.08800857943843
STARLINK-1520
1 70034U 98065A   24270.92715278 -.00022620  00000-0  13156-2 0  1006
2 70034  53.0000 115.0000 0000000   0.0000 234.3182 15.08800857480612
STARLINK-1521
1 33629U 98065A   24270.92715278 -.00022620  00000-0  13156-2 0  1002
2 33629  53.0000 115.0000 0000000   0.0000 250.6818 15.08800857252032
STARLINK-1522
1 53643U 98065A   24270.92715278 -.00022620  00000-0  13156-2 0  1004
2 53643  53.0000 115.0000 0000000   0.0000 267.0455 15.08800857962456
STARLINK-1523
1 59076U 98065A   24270.92715278 -.00022620  00000-0  13156-2 0  1006
2 59076  53.0000 115.0000 0000000   0.0000 283.4091 15.08800857249520
STARLINK-1524
1 10253U 98065A   24270.92715278 -.00022620  00000-0  13156-2 0  1002
2 10253  53.0000 115.0000 0000000   0.0000 299.7727 15.08800857109998
STARLINK-1525
1 36324U 98065A   24270.92715278 -.00022620  00000-0  13156-2 0  1001
2 36324  53.0000 115.0000 0000000   0.0000 316.1364 15.08800857224863
STARLINK-1526
1 87077U 98065A   24270.92715278 -.00022620  00000-0  13156-2 0  1008
2 87077  53.0000 115.0000 0000000   0.0000 332.5000 15.08800857302512
STARLINK-1527
1 39593U 98065A   24270.92715278 -.00022620  00000-0  13156-2 0  1000
2 39593  53.0000 115.0000 0000000   0.0000 348.8636 15.08800857344004
STARLINK-1528
1 80802U 98065A   24270.92715278 -.00022620  00000-0  13156-2 0  1006
2 80802  53.0000 120.0000 0000000   0.0000   5.4545 15.08800857948946
STARLINK-1529
1 69276U 98065A   24270.92715278 -.00022620  00000-0  13156-2 0  1008
2 69276  53.0000 120.0000 0000000   0.0000  21.8182 15.08800857759302
STARLINK-1530
1 22495U 98065A   24270.92715278 -.00022620  00000-0  13156-2 0  1001
2 22495  53.0000 120.0000 0000000   0.0000  38.1818 15.08800857406890
STARLINK-1531
1 23025U 98065A   24270.92715278 -.00022620  00000-0  13156-2 0  1007
2 23025  53.0000 120.0000 0000000   0.0000  54.5455 15.08800857956673
STARLINK-1532
1 95020U 98065A   24270.92715278 -.00022620  00000-0  13156-2 0  1001
2 95020  53.0000 120.0000 0000000   0.0000  70.9091 15.08800857137093
STARLINK-1533
1 93728U 98065A   24270.92715278 -.00022620  00000-0  13156-2 0  1008
2 93728  53.0000 120.0000 0000000   0.0000  87.2727 15.08800857519545
STARLINK-1534
1 68113U 98065A   24270.92715278 -.00022620  00000-0  13156-2 0  1005
2 68113  53.0000 120.0000 0000000   0.0000 103.6364 15.08800857498401
STARLINK-1535
1 82662U 98065A   24270.92715278 -.00022620  00000-0  13156-2 0  1007
2 82662  53.0000 120.0000 0000000   0.0000 120.0000 15.08800857258970
STARLINK-1536
1 71506U 98065A   24270.92715278 -.00022620  00000-0  13156-2 0  1000
2 71506  53.0000 120.0000 0000000   0.0000 136.3636 15.08800857306536
STARLINK-1537
1 97091U 98065A   24270.92715278 -.00022620  00000-0  13156-2 0  1002
2 97091  53.0000 120.0000 0000000   0.0000 152.7273 15.08800857103112
STARLINK-1538
1 60479U 98065A   24270.92715278 -.00022620  00000-0  13156-2 0  1007
2 60479  53.0000 120.0000 0000000   0.0000 169.0909 15.08800857309652
STARLINK-1539
1 42141U 98065A   24270.92715278 -.00022620  00000-0  13156-2 0  1007
2 42141  53.0000 120.0000 0000000   0.0000 185.4545 15.08800857338268
STARLINK-1540
1 44986U 98065A   24270.92715278 -.00022620  00000-0  13156-2 0  1007
2 44986  53.0000 120.0000 0000000   0.0000 201.8182 15.08800857186228
STARLINK-1541
1 18883U 98065A   24270.92715278 -.00022620  00000-0  13156-2 0  1005
2 18883  53.0000 120.0000 0000000   0.0000 218.1818 15.08800857544635
STARLINK-1542
1 32273U 98065A   24270.92715278 -.00022620  00000-0  13156-2 0  1002
2 32273  53.0000 120.0000 0000000   0.0000 234.5455 15.08800857613085
STARLINK-1543
1 55752U 98065A   24270.92715278 -.00022620  00000-0  13156-2 0  1001
2 55752  53.0000 120.0000 0000000   0.0000 250.9091 15.08800857753890
STARLINK-1544
1 59562U 98065A   24270.92715278 -.00022620  00000-0  13156-2 0  1005
2 59562  53.0000 120.0000 0000000   0.0000 267.2727 15.08800857261576
STARLINK-1545
1 90012U 98065A   24270.92715278 -.00022620  00000-0  13156-2 0  1001
2 90012  53.0000 120.0000 0000000   0.0000 283.6364 15.08800857837652
STARLINK-1546
1 26132U 98065A   24270.92715278 -.00022620  00000-0  13156-2 0  1006
2 26132  53.0000 120.0000 0000000   0.0000 300.0000 15.08800857795634
STARLINK-1547
1 71020U 98065A   24270.92715278 -.00022620  00000-0  13156-2 0  1003
2 71020  53.0000 120.0000 0000000   0.0000 316.3636 15.08800857674041
STARLINK-1548
1 33589U 98065A   24270.92715278 -.00022620  00000-0  13156-2 0  1002
2 33589  53.0000 120.0000 0000000   0.0000 332.7273 15.08800857151970
STARLINK-1549
1 71370U 98065A   24270.92715278 -.00022620  00000-0  13156-2 0  1007
2 71370  53.0000 120.0000 0000000   0.0000 349.0909 15.08800857207555
STARLINK-1550
1 81935U 98065A   24270.92715278 -.00022620  00000-0  13156-2 0  1000
2 81935  53.0000 125.0000 0000000   0.0000   5.6818 15.08800857492933
STARLINK-1551
1 75445U 98065A   24270.92715278 -.00022620  00000-0  13156-2 0  1004
2 75445  53.0000 125.0000 0000000   0.0000  22.0455 15.08800857624925
STARLINK-1552
1 63553U 98065A   24270.92715278 -.00022620  00000-0  13156-2 0  1006
2 63553  53.0000 125.0000 0000000   0.0000  38.4091 15.08800857313815
STARLINK-1553
1 92979U 98065A   24270.92715278 -.00022620  00000-0  13156-2 0  1006
2 92979  53.0000 125.0000 0000000   0.0000  54.7727 15.08800857777581
STARLINK-1554
1 11316U 98065A   24270.92715278 -.00022620  00000-0  13156-2 0  1002
2 11316  53.0000 125.0000 0000000   0.0000  71.1364 15.08800857973758
STARLINK-1555
1 67058U 98065A   24270.92715278 -.00022620  00000-0  13156-2 0  1000
2 67058  53.0000 125.0000 0000000   0.0000  87.5000 15.08800857431420
STARLINK-1556
1 61130U 98065A   24270.92715278 -.00022620  00000-0  13156-2 0  1007
2 61130  53.0000 125.0000 0000000   0.0000 103.8636 15.08800857419080
STARLINK-1557
1 61632U 98065A   24270.92715278 -.00022620  00000-0  13156-2 0  1008
2 61632  53.0000 125.0000 0000000   0.0000 120.2273 15.08800857102165
STARLINK-1558
1 40538U 98065A   24270.92715278 -.00022620  00000-0  13156-2 0  1004
2 40538  53.0000 125.0000 0000000   0.0000 136.5909 15.08800857801722
STARLINK-1559
1 99222U 98065A   24270.92715278 -.00022620  00000-0  13156-2 0  1002
2 99222  53.0000 125.0000 0000000   0.0000 152.9545 15.08800857712185
STARLINK-1560
1 31827U 98065A   24270.92715278 -.00022620  00000-0  13156-2 0  1006
2 31827  53.0000 125.0000 0000000   0.0000 169.3182 15.08800857190604
STARLINK-1561
1 42015U 98065A   24270.92715278 -.00022620  00000-0  13156-2 0  1001
2 42015  53.0000 125.0000 0000000   0.0000 185.6818 15.08800857706465
STARLINK-1562
1 45734U 98065A   24270.92715278 -.00022620  00000-0  13156-2 0  1004
2 45734  53.0000 125.0000 0000000   0.0000 202.0455 15.08800857544710
STARLINK-1563
1 72167U 98065A   24270.92715278 -.00022620  00000-0  13156-2 0  1003
2 72167  53.0000 125.0000 0000000   0.0000 218.4091 15.08800857381420
STARLINK-1564
1 74403U 98065A   24270.92715278 -.00022620  00000-0  13156-2 0  1002
2 74403  53.0000 125.0000 0000000   0.0000 234.7727 15.08800857834463
STARLINK-1565
1 59623U 98065A   24270.92715278 -.00022620  00000-0  13156-2 0  1006
2 59623  53.0000 125.0000 0000000   0.0000 251.1364 15.08800857648296
STARLINK-1566
1 97475U 98065A   24270.92715278 -.00022620  00000-0  13156-2 0  1005
2 97475  53.0000 125.0000 0000000   0.0000 267.5000 15.08800857586001
STARLINK-1567
1 53604U 98065A   24270.92715278 -.00022620  00000-0  13156-2 0  1008
2 53604  53.0000 125.0000 0000000   0.0000 283.8636 15.08800857129131
STARLINK-1568
1 25156U 98065A   24270.92715278 -.00022620  00000-0  13156-2 0  1006
2 25156  53.0000 125.0000 0000000   0.0000 300.2273 15.08800857630164
STARLINK-1569
1 31744U 98065A   24270.92715278 -.00022620  00000-0  13156-2 0  1004
2 31744  53.0000 125.0000 0000000   0.0000 316.5909 15.08800857759378
STARLINK-1570
1 80704U 98065A   24270.92715278 -.00022620  00000-0  13156-2 0  1008
2 80704  53.0000 125.0000 0000000   0.0000 332.9545 15.08800857954857
STARLINK-1571
1 21826U 98065A   24270.92715278 -.00022620  00000-0  13156-2 0  1001
2 21826  53.0000 125.0000 0000000   0.0000 349.3182 15.08800857781145
STARLINK-1572
1 92068U 98065A   24270.92715278 -.00022620  00000-0  13156-2 0  1005
2 92068  53.0000 130.0000 0000000   0.0000   5.9091 15.08800857481995
STARLINK-1573
1 37768U 98065A   24270.92715278 -.00022620  00000-0  13156-2 0  1003
2 37768  53.0000 130.0000 0000000   0.0000  22.2727 15.08800857865331
STARLINK-1574
1 57000U 98065A   24270.92715278 -.00022620  00000-0  13156-2 0  1003
2 57000  53.0000 130.0000 0000000   0.0000  38.6364 15.08800857715962
STARLINK-1575
1 24246U 98065A   24270.92715278 -.00022620  00000-0  13156-2 0  1002
2 24246  53.0000 130.0000 0000000   0.0000  55.0000 15.08800857873778
STARLINK-1576
1 39940U 98065A   24270.92715278 -.00022620  00000-0  13156-2 0  1005
2 39940  53.0000 130.0000 0000000   0.0000  71.3636 15.08800857893445
STARLINK-1577
1 44559U 98065A   24270.92715278 -.00022620  00000-0  13156-2 0  1000
2 44559  53.0000 130.0000 0000000   0.0000  87.7273 15.08800857560278
STARLINK-1578
1 52286U 98065A   24270.92715278 -.00022620  00000-0  13156-2 0  1001
2 52286  53.0000 130.0000 0000000   0.0000 104.0909 15.08800857791790
STARLINK-1579
1 81855U 98065A   24270.92715278 -.00022620  00000-0  13156-2 0  1003
2 81855  53.0000 130.0000 0000000   0.0000 120.4545 15.08800857530473
STARLINK-1580
1 83724U 98065A   24270.92715278 -.00022620  00000-0  13156-2 0  1005
2 83724  53.0000 130.0000 0000000   0.0000 136.8182 15.08800857243988
STARLINK-1581
1 85421U 98065A   24270.92715278 -.00022620  00000-0  13156-2 0  1002
2 85421  53.0000 130.0000 0000000   0.0000 153.1818 15.08800857988264
STARLINK-1582
1 39743U 98065A   24270.92715278 -.00022620  00000-0  13156-2 0  1006
2 39743  53.0000 130.0000 0000000   0.0000 169.5455 15.08800857616820
STARLINK-1583
1 82963U 98065A   24270.92715278 -.00022620  00000-0  13156-2 0  1002
2 82963  53.0000 130.0000 0000000   0.0000 185.9091 15.08800857470523
STARLINK-1584
1 66152U 98065A   24270.92715278 -.00022620  00000-0  13156-2 0  1008
2 66152  53.0000 130.0000 0000000   0.0000 202.2727 15.08800857745684
STARLINK-1585
1 21720U 98065A   24270.92715278 -.00022620  00000-0  13156-2 0  1003
2 21720  53.0000 130.0000 0000000   0.0000 218.6364 15.08800857889830
STARLINK-1586
1 54349U 98065A   24270.92715278 -.00022620  00000-0  13156-2 0  1007
2 54349  53.0000 130.0000 0000000   0.0000 235.0000 15.08800857762734
STARLINK-1587
1 86253U 98065A   24270.92715278 -.00022620  00000-0  13156-2 0  1000
2 86253  53.0000 130.0000 0000000   0.0000 251.3636 15.08800857504214
STARLINK-1588
1 50855U 98065A   24270.92715278 -.00022620  00000-0  13156-2 0  1003
2 50855  53.0000 130.0000 0000000   0.0000 267.7273 15.08800857243128
STARLINK-1589
1 77056U 98065A   24270.92715278 -.00022620  00000-0  13156-2 0  1001
2 77056  53.0000 130.0000 0000000   0.0000 284.0909 15.08800857613471
STARLINK-1590
1 35075U 98065A   24270.92715278 -.00022620  00000-0  13156-2 0  1005
2 35075  53.0000 130.0000 0000000   0.0000 300.4545 15.08800857777476
STARLINK-1591
1 21818U 98065A   24270.92715278 -.00022620  00000-0  13156-2 0  1006
2 21818  53.0000 130.0000 0000000   0.0000 316.8182 15.08800857589822
STARLINK-1592
1 98785U 98065A   24270.92715278 -.00022620  00000-0  13156-2 0  1008
2 98785  53.0000 130.0000 0000000   0.0000 333.1818 15.08800857394224
STARLINK-1593
1 36649U 98065A   24270.92715278 -.00022620  00000-0  13156-2 0  1004
2 36649  53.0000 130.0000 0000000   0.0000 349.5455 15.08800857620531
STARLINK-1594
1 93857U 98065A   24270.92715278 -.00022620  00000-0  13156-2 0  1001
2 93857  53.0000 135.0000 0000000   0.0000   6.1364 15.08800857882766
STARLINK-1595
1 44446U 98065A   24270.92715278 -.00022620  00000-0  13156-2 0  1008
2 44446  53.0000 135.0000 0000000   0.0000  22.5000 15.08800857127514
STARLINK-1596
1 61099U 98065A   24270.92715278 -.00022620  00000-0  13156-2 0  1001
2 61099  53.0000 135.0000 0000000   0.0000  38.8636 15.08800857907001
STARLINK-1597
1 73568U 98065A   24270.92715278 -.00022620  00000-0  13156-2 0  1004
2 73568  53.0000 135.0000 0000000   0.0000  55.2273 15.08800857894421
STARLINK-1598
1 30921U 98065A   24270.92715278 -.00022620  00000-0  13156-2 0  1007
2 30921  53.0000 135.0000 0000000   0.0000  71.5909 15.08800857557982
STARLINK-1599
1 86533U 98065A   24270.92715278 -.00022620  00000-0  13156-2 0  1005
2 86533  53.0000 135.0000 0000000   0.0000  87.9545 15.08800857689791
STARLINK-1600
1 88407U 98065A   24270.92715278 -.00022620  00000-0  13156-2 0  1002
2 88407  53.0000 135.0000 0000000   0.0000 104.3182 15.08800857946567
STARLINK-1601
1 46751U 98065A   24270.92715278 -.00022620  00000-0  13156-2 0  1005
2 46751  53.0000 135.0000 0000000   0.0000 120.6818 15.08800857796523
STARLINK-1602
1 49360U 98065A   24270.92715278 -.00022620  00000-0  13156-2 0  1001
2 49360  53.0000 135.0000 0000000   0.0000 137.0455 15.08800857892481
STARLINK-1603
1 95265U 98065A   24270.92715278 -.00022620  00000-0  13156-2 0  1001
2 95265  53.0000 135.0000 0000000   0.0000 153.4091 15.08800857606917
STARLINK-1604
1 58229U 98065A   24270.92715278 -.00022620  00000-0  13156-2 0  1005
2 58229  53.0000 135.0000 0000000   0.0000 169.7727 15.08800857971250
STARLINK-1605
1 22807U 98065A   24270.92715278 -.00022620  00000-0  13156-2 0  1000
2 22807  53.0000 135.0000 0000000   0.0000 186.1364 15.08800857755998
STARLINK-1606
1 40795U 98065A   24270.92715278 -.00022620  00000-0  13156-2 0  1006
2 40795  53.0000 135.0000 0000000   0.0000 202.5000 15.08800857893597
STARLINK-1607
1 53433U 98065A   24270.92715278 -.00022620  00000-0  13156-2 0  1007
2 53433  53.0000 135.0000 0000000   0.0000 218.8636 15.08800857581875
STARLINK-1608
1 21515U 98065A   24270.92715278 -.00022620  00000-0  13156-2 0  1006
2 21515  53.0000 135.0000 0000000   0.0000 235.2273 15.08800857121888
STARLINK-1609
1 62467U 98065A   24270.92715278 -.00022620  00000-0  13156-2 0  1000
2 62467  53.0000 135.0000 0000000   0.0000 251.5909 15.08800857942447
STARLINK-1610
1 98790U 98065A   24270.92715278 -.00022620  00000-0  13156-2 0  1007
2 98790  53.0000 135.0000 0000000   0.0000 267.9545 15.08800857574167
STARLINK-1611
1 66681U 98065A   24270.92715278 -.00022620  00000-0  13156-2 0  1008
2 66681  53.0000 135.0000 0000000   0.0000 284.3182 15.08800857674291
STARLINK-1612
1 35252U 98065A   24270.92715278 -.00022620  00000-0  13156-2 0  1000
2 35252  53.0000 135.0000 0000000   0.0000 300.6818 15.08800857797861
STARLINK-1613
1 78838U 98065A   24270.92715278 -.00022620  00000-0  13156-2 0  1008
2 78838  53.0000 135.0000 0000000   0.0000 317.0455 15.08800857629741
STARLINK-1614
1 42675U 98065A   24270.92715278 -.00022620  00000-0  13156-2 0  1003
2 42675  53.0000 135.0000 0000000   0.0000 333.4091 15.08800857773396
STARLINK-1615
1 10995U 98065A   24270.92715278 -.00022620  00000-0  13156-2 0  1002
2 10995  53.0000 135.0000 0000000   0.0000 349.7727 15.08800857851622
STARLINK-1616
1 56356U 98065A   24270.92715278 -.00022620  00000-0  13156-2 0  1006
2 56356  53.0000 140.0000 0000000   0.0000   6.3636 15.08800857514401
STARLINK-1617
1 89716U 98065A   24270.92715278 -.00022620  00000-0  13156-2 0  1001
2 89716  53.0000 140.0000 0000000   0.0000  22.7273 15.08800857493617
STARLINK-1618
1 59806U 98065A   24270.92715278 -.00022620  00000-0  13156-2 0  1004
2 59806  53.0000 140.0000 0000000   0.0000  39.0909 15.08800857674706
STARLINK-1619
1 76378U 98065A   24270.92715278 -.00022620  00000-0  13156-2 0  1003
2 76378  53.0000 140.0000 0000000   0.0000  55.4545 15.08800857245326
STARLINK-1620
1 31992U 98065A   24270.92715278 -.00022620  00000-0  13156-2 0  1004
2 31992  53.0000 140.0000 0000000   0.0000  71.8182 15.08800857431244
STARLINK-1621
1 82545U 98065A   24270.92715278 -.00022620  00000-0  13156-2 0  1007
2 82545  53.0000 140.0000 0000000   0.0000  88.1818 15.08800857757730
STARLINK-1622
1 87763U 98065A   24270.92715278 -.00022620  00000-0  13156-2 0  1004
2 87763  53.0000 140.0000 0000000   0.0000 104.5455 15.08800857355133
STARLINK-1623
1 64981U 98065A   24270.92715278 -.00022620  00000-0  13156-2 0  1004
2 64981  53.0000 140.0000 0000000   0.0000 120.9091 15.08800857486836
STARLINK-1624
1 58975U 98065A   24270.92715278 -.00022620  00000-0  13156-2 0  1004
2 58975  53.0000 140.0000 0000000   0.0000 137.2727 15.08800857941621
STARLINK-1625
1 32104U 98065A   24270.92715278 -.00022620  00000-0  13156-2 0  1001
2 32104  53.0000 140.0000 0000000   0.0000 153.6364 15.08800857586962
STARLINK-1626
1 33842U 98065A   24270.92715278 -.00022620  00000-0  13156-2 0  1005
2 33842  53.0000 140.0000 0000000   0.0000 170.0000 15.08800857577018
STARLINK-1627
1 26857U 98065A   24270.92715278 -.00022620  00000-0  13156-2 0  1005
2 26857  53.0000 140.0000 0000000   0.0000 186.3636 15.08800857915931
STARLINK-1628
1 61801U 98065A   24270.92715278 -.00022620  00000-0  13156-2 0  1005
2 61801  53.0000 140.0000 0000000   0.0000 202.7273 15.08800857604974
STARLINK-1629
1 92413U 98065A   24270.92715278 -.00022620  00000-0  13156-2 0  1000
2 92413  53.0000 140.0000 0000000   0.0000 219.0909 15.08800857564644
STARLINK-1630
1 35683U 98065A   24270.92715278 -.00022620  00000-0  13156-2 0  1006
2 35683  53.0000 140.0000 0000000   0.0000 235.4545 15.08800857261952
STARLINK-1631
1 27646U 98065A   24270.92715278 -.00022620  00000-0  13156-2 0  1005
2 27646  53.0000 140.0000 0000000   0.0000 251.8182 15.08800857199861
STARLINK-1632
1 51645U 98065A   24270.92715278 -.00022620  00000-0  13156-2 0  1004
2 51645  53.0000 140.0000 0000000   0.0000 268.1818 15.08800857245715
STARLINK-1633
1 63963U 98065A   24270.92715278 -.00022620  00000-0  13156-2 0  1004
2 63963  53.0000 140.0000 0000000   0.0000 284.5455 15.08800857121624
STARLINK-1634
1 83249U 98065A   24270.92715278 -.00022620  00000-0  13156-2 0  1003
2 83249  53.0000 140.0000 0000000   0.0000 300.9091 15.08800857701715
STARLINK-1635
1 92724U 98065A   24270.92715278 -.00022620  00000-0  13156-2 0  1000
2 92724  53.0000 140.0000 0000000   0.0000 317.2727 15.08800857424692
STARLINK-1636
1 65033U 98065A   24270.92715278 -.00022620  00000-0  13156-2 0  1001
2 65033  53.0000 140.0000 0000000   0.0000 333.6364 15.08800857741298
STARLINK-1637
1 68248U 98065A   24270.92715278 -.00022620  00000-0  13156-2 0  1000
2 68248  53.0000 140.0000 0000000   0.0000 350.0000 15.08800857451346
STARLINK-1638
1 70247U 98065A   24270.92715278 -.00022620  00000-0  13156-2 0  1008
2 70247  53.0000 145.0000 0000000   0.0000   6.5909 15.08800857855356
STARLINK-1639
1 48321U 98065A   24270.92715278 -.00022620  00000-0  13156-2 0  1006
2 48321  53.0000 145.0000 0000000   0.0000  22.9545 15.08800857834165
STARLINK-1640
1 61352U 98065A   24270.92715278 -.00022620  00000-0  13156-2 0  1003
2 61352  53.0000 145.0000 0000000   0.0000  39.3182 15.08800857502750
STARLINK-1641
1 60500U 98065A   24270.92715278 -.00022620  00000-0  13156-2 0  1002
2 60500  53.0000 145.0000 0000000   0.0000  55.6818 15.08800857704007
STARLINK-1642
1 94728U 98065A   24270.92715278 -.00022620  00000-0  13156-2 0  1006
2 94728  53.0000 145.0000 0000000   0.0000  72.0455 15.08800857391148
STARLINK-1643
1 68241U 98065A   24270.92715278 -.00022620  00000-0  13156-2 0  1001
2 68241  53.0000 145.0000 0000000   0.0000  88.4091 15.08800857459743
STARLINK-1644
1 78583U 98065A   24270.92715278 -.00022620  00000-0  13156-2 0  1000
2 78583  53.0000 145.0000 0000000   0.0000 104.7727 15.08800857285397
STARLINK-1645
1 56504U 98065A   24270.92715278 -.00022620  00000-0  13156-2 0  1002
2 56504  53.0000 145.0000 0000000   0.0000 121.1364 15.08800857194120
STARLINK-1646
1 19209U 98065A   24270.92715278 -.00022620  00000-0  13156-2 0  1005
2 19209  53.0000 145.0000 0000000   0.0000 137.5000 15.08800857302137
STARLINK-1647
1 41238U 98065A   24270.92715278 -.00022620  00000-0  13156-2 0  1002
2 41238  53.0000 145.0000 0000000   0.0000 153.8636 15.08800857124366
STARLINK-1648
1 50169U 98065A   24270.92715278 -.00022620  00000-0  13156-2 0  1000
2 50169  53.0000 145.0000 0000000   0.0000 170.2273 15.08800857315396
STARLINK-1649
1 91606U 98065A   24270.92715278 -.00022620  00000-0  13156-2 0  1002
2 91606  53.0000 145.0000 0000000   0.0000 186.5909 15.08800857199172
STARLINK-1650
1 55296U 98065A   24270.92715278 -.00022620  00000-0  13156-2 0  1001
2 55296  53.0000 145.0000 0000000   0.0000 202.9545 15.08800857897374
STARLINK-1651
1 84410U 98065A   24270.92715278 -.00022620  00000-0  13156-2 0  1001
2 84410  53.0000 145.0000 0000000   0.0000 219.3182 15.08800857773334
STARLINK-1652
1 73379U 98065A   24270.92715278 -.00022620  00000-0  13156-2 0  1002
2 73379  53.0000 145.0000 0000000   0.0000 235.6818 15.08800857325587
STARLINK-1653
1 34431U 98065A   24270.92715278 -.00022620  00000-0  13156-2 0  1002
2 34431  53.0000 145.0000 0000000   0.0000 252.0455 15.08800857790031
STARLINK-1654
1 83753U 98065A   24270.92715278 -.00022620  00000-0  13156-2 0  1005
2 83753  53.0000 145.0000 0000000   0.0000 268.4091 15.08800857969565
STARLINK-1655
1 12090U 98065A   24270.92715278 -.00022620  00000-0  13156-2 0  1003
2 12090  53.0000 145.0000 0000000   0.0000 284.7727 15.08800857614732
STARLINK-1656
1 13934U 98065A   24270.92715278 -.00022620  00000-0  13156-2 0  1008
2 13934  53.0000 145.0000 0000000   0.0000 301.1364 15.08800857943180
STARLINK-1657
1 27431U 98065A   24270.92715278 -.00022620  00000-0  13156-2 0  1001
2 27431  53.0000 145.0000 0000000   0.0000 317.5000 15.08800857160085
STARLINK-1658
1 36798U 98065A   24270.92715278 -.00022620  00000-0  13156-2 0  1008
2 36798  53.0000 145.0000 0000000   0.0000 333.8636 15.08800857784083
STARLINK-1659
1 27747U 98065A   24270.92715278 -.00022620  00000-0  13156-2 0  1004
2 27747  53.0000 145.0000 0000000   0.0000 350.2273 15.08800857539125
STARLINK-1660
1 31523U 98065A   24270.92715278 -.00022620  00000-0  13156-2 0  1003
2 31523  53.0000 150.0000 0000000   0.0000   6.8182 15.08800857215414
STARLINK-1661
1 21215U 98065A   24270.92715278 -.00022620  00000-0  13156-2 0  1001
2 21215  53.0000 150.0000 0000000   0.0000  23.1818 15.08800857827048
STARLINK-1662
1 64323U 98065A   24270.92715278 -.00022620  00000-0  13156-2 0  1007
2 64323  53.0000 150.0000 0000000   0.0000  39.5455 15.08800857179545
STARLINK-1663
1 10802U 98065A   24270.92715278 -.00022620  00000-0  13156-2 0  1005
2 10802  53.0000 150.0000 0000000   0.0000  55.9091 15.08800857438845
STARLINK-1664
1 52575U 98065A   24270.92715278 -.00022620  00000-0  13156-2 0  1007
2 52575  53.0000 150.0000 0000000   0.0000  72.2727 15.08800857848064
STARLINK-1665
1 64531U 98065A   24270.92715278 -.00022620  00000-0  13156-2 0  1000
2 64531  53.0000 150.0000 0000000   0.0000  88.6364 15.08800857494211
STARLINK-1666
1 27877U 98065A   24270.92715278 -.00022620  00000-0  13156-2 0  1007
2 27877  53.0000 150.0000 0000000   0.0000 105.0000 15.08800857837933
STARLINK-1667
1 34881U 98065A   24270.92715278 -.00022620  00000-0  13156-2 0  1004
2 34881  53.0000 150.0000 0000000   0.0000 121.3636 15.08800857556511
STARLINK-1668
1 98113U 98065A   24270.92715278 -.00022620  00000-0  13156-2 0  1000
2 98113  53.0000 150.0000 0000000   0.0000 137.7273 15.08800857915862
STARLINK-1669
1 27330U 98065A   24270.92715278 -.00022620  00000-0  13156-2 0  1004
2 27330  53.0000 150.0000 0000000   0.0000 154.0909 15.08800857626452
STARLINK-1670
1 85289U 98065A   24270.92715278 -.00022620  00000-0  13156-2 0  1008
2 85289  53.0000 150.0000 0000000   0.0000 170.4545 15.08800857682470
STARLINK-1671
1 81387U 98065A   24270.92715278 -.00022620  00000-0  13156-2 0  1007
2 81387  53.0000 150.0000 0000000   0.0000 186.8182 15.08800857351973
STARLINK-1672
1 28379U 98065A   24270.92715278 -.00022620  00000-0  13156-2 0  1000
2 28379  53.0000 150.0000 0000000   0.0000 203.1818 15.08800857176318
STARLINK-1673
1 44891U 98065A   24270.92715278 -.00022620  00000-0  13156-2 0  1007
2 44891  53.0000 150.0000 0000000   0.0000 219.5455 15.08800857298618
STARLINK-1674
1 71447U 98065A   24270.92715278 -.00022620  00000-0  13156-2 0  1002
2 71447  53.0000 150.0000 0000000   0.0000 235.9091 15.08800857881643
STARLINK-1675
1 75366U 98065A   24270.92715278 -.00022620  00000-0  13156-2 0  1002
2 75366  53.0000 150.0000 0000000   0.0000 252.2727 15.08800857928704
STARLINK-1676
1 84612U 98065A   24270.92715278 -.00022620  00000-0  13156-2 0  1001
2 84612  53.0000 150.0000 0000000   0.0000 268.6364 15.08800857609594
STARLINK-1677
1 70353U 98065A   24270.92715278 -.00022620  00000-0  13156-2 0  1007
2 70353  53.0000 150.0000 0000000   0.0000 285.0000 15.08800857790236
STARLINK-1678
1 75895U 98065A   24270.92715278 -.00022620  00000-0  13156-2 0  1008
2 75895  53.0000 150.0000 0000000   0.0000 301.3636 15.08800857597440
STARLINK-1679
1 26757U 98065A   24270.92715278 -.00022620  00000-0  13156-2 0  1001
2 26757  53.0000 150.0000 0000000   0.0000 317.7273 15.08800857846058
STARLINK-1680
1 62356U 98065A   24270.92715278 -.00022620  00000-0  13156-2 0  1000
2 62356  53.0000 150.0000 0000000   0.0000 334.0909 15.08800857274377
STARLINK-1681
1 18070U 98065A   24270.92715278 -.00022620  00000-0  13156-2 0  1000
2 18070  53.0000 150.0000 0000000   0.0000 350.4545 15.08800857710508
STARLINK-1682
1 14801U 98065A   24270.92715278 -.00022620  00000-0  13156-2 0  1004
2 14801  53.0000 155.0000 0000000   0.0000   7.0455 15.08800857927627
STARLINK-1683
1 47022U 98065A   24270.92715278 -.00022620  00000-0  13156-2 0  1006
2 47022  53.0000 155.0000 0000000   0.0000  23.4091 15.08800857872858
STARLINK-1684
1 51866U 98065A   24270.92715278 -.00022620  00000-0  13156-2 0  1007
2 51866  53.0000 155.0000 0000000   0.0000  39.7727 15.08800857103714
STARLINK-1685
1 94667U 98065A   24270.92715278 -.00022620  00000-0  13156-2 0  1001
2 94667  53.0000 155.0000 0000000   0.0000  56.1364 15.08800857998591
STARLINK-1686
1 73654U 98065A   24270.92715278 -.00022620  00000-0  13156-2 0  1002
2 73654  53.0000 155.0000 0000000   0.0000  72.5000 15.08800857548101
STARLINK-1687
1 94700U 98065A   24270.92715278 -.00022620  00000-0  13156-2 0  1003
2 94700  53.0000 155.0000 0000000   0.0000  88.8636 15.08800857591082
STARLINK-1688
1 99614U 98065A   24270.92715278 -.00022620  00000-0  13156-2 0  1005
2 99614  53.0000 155.0000 0000000   0.0000 105.2273 15.08800857512313
STARLINK-1689
1 86193U 98065A   24270.92715278 -.00022620  00000-0  13156-2 0  1003
2 86193  53.0000 155.0000 0000000   0.0000 121.5909 15.08800857376593
STARLINK-1690
1 49916U 98065A   24270.92715278 -.00022620  00000-0  13156-2 0  1007
2 49916  53.0000 155.0000 0000000   0.0000 137.9545 15.08800857136996
STARLINK-1691
1 16946U 98065A   24270.92715278 -.00022620  00000-0  13156-2 0  1000
2 16946  53.0000 155.0000 0000000   0.0000 154.3182 15.08800857632318
STARLINK-1692
1 42131U 98065A   24270.92715278 -.00022620  00000-0  13156-2 0  1001
2 42131  53.0000 155.0000 0000000   0.0000 170.6818 15.08800857992812
STARLINK-1693
1 66847U 98065A   24270.92715278 -.00022620  00000-0  13156-2 0  1003
2 66847  53.0000 155.0000 0000000   0.0000 187.0455 15.08800857830214
STARLINK-1694
1 31300U 98065A   24270.92715278 -.00022620  00000-0  13156-2 0  1000
2 31300  53.0000 155.0000 0000000   0.0000 203.4091 15.08800857697565
STARLINK-1695
1 38200U 98065A   24270.92715278 -.00022620  00000-0  13156-2 0  1001
2 38200  53.0000 155.0000 0000000   0.0000 219.7727 15.08800857332548
STARLINK-1696
1 88931U 98065A   24270.92715278 -.00022620  00000-0  13156-2 0  1000
2 88931  53.0000 155.0000 0000000   0.0000 236.1364 15.08800857983355
STARLINK-1697
1 85392U 98065A   24270.92715278 -.00022620  00000-0  13156-2 0  1007
2 85392  53.0000 155.0000 0000000   0.0000 252.5000 15.08800857778106
STARLINK-1698
1 22536U 98065A   24270.92715278 -.00022620  00000-0  13156-2 0  1005
2 22536  53.0000 155.0000 0000000   0.0000 268.8636 15.08800857495630
STARLINK-1699
1 87545U 98065A   24270.92715278 -.00022620  00000-0  13156-2 0  1002
2 87545  53.0000 155.0000 0000000   0.0000 285.2273 15.08800857440213
STARLINK-1700
1 99047U 98065A   24270.92715278 -.00022620  00000-0  13156-2 0  1008
2 99047  53.0000 155.0000 0000000   0.0000 301.5909 15.08800857374968
STARLINK-1701
1 17397U 98065A   24270.92715278 -.00022620  00000-0  13156-2 0  1006
2 17397  53.0000 155.0000 0000000   0.0000 317.9545 15.08800857640690
STARLINK-1702
1 17832U 98065A   24270.92715278 -.00022620  00000-0  13156-2 0  1001
2 17832  53.0000 155.0000 0000000   0.0000 334.3182 15.08800857905896
STARLINK-1703
1 97378U 98065A   24270.92715278 -.00022620  00000-0  13156-2 0  1006
2 97378  53.0000 155.0000 0000000   0.0000 350.6818 15.08800857848070
STARLINK-1704
1 12239U 98065A   24270.92715278 -.00022620  00000-0  13156-2 0  1001
2 12239  53.0000 160.0000 0000000   0.0000   7.2727 15.08800857218153
STARLINK-1705
1 44206U 98065A   24270.92715278 -.00022620  00000-0  13156-2 0  1007
2 44206  53.0000 160.0000 0000000   0.0000  23.6364 15.08800857541651
STARLINK-1706
1 61645U 98065A   24270.92715278 -.00022620  00000-0  13156-2 0  1005
2 61645  53.0000 160.0000 0000000   0.0000  40.0000 15.08800857825925
STARLINK-1707
1 71639U 98065A   24270.92715278 -.00022620  00000-0  13156-2 0  1006
2 71639  53.0000 160.0000 0000000   0.0000  56.3636 15.08800857262990
STARLINK-1708
1 91930U 98065A   24270.92715278 -.00022620  00000-0  13156-2 0  1000
2 91930  53.0000 160.0000 0000000   0.0000  72.7273 15.08800857908134
STARLINK-1709
1 36722U 98065A   24270.92715278 -.00022620  00000-0  13156-2 0  1004
2 36722  53.0000 160.0000 0000000   0.0000  89.0909 15.08800857313157
STARLINK-1710
1 87329U 98065A   24270.92715278 -.00022620  00000-0  13156-2 0  1002
2 87329  53.0000 160.0000 0000000   0.0000 105.4545 15.08800857554297
STARLINK-1711
1 25721U 98065A   24270.92715278 -.00022620  00000-0  13156-2 0  1004
2 25721  53.0000 160.0000 0000000   0.0000 121.8182 15.08800857397942
STARLINK-1712
1 14501U 98065A   24270.92715278 -.00022620  00000-0  13156-2 0  1004
2 14501  53.0000 160.0000 0000000   0.0000 138.1818 15.08800857603128
STARLINK-1713
1 13722U 98065A   24270.92715278 -.00022620  00000-0  13156-2 0  1006
2 13722  53.0000 160.0000 0000000   0.0000 154.5455 15.08800857239085
STARLINK-1714
1 31382U 98065A   24270.92715278 -.00022620  00000-0  13156-2 0  1007
2 31382  53.0000 160.0000 0000000   0.0000 170.9091 15.08800857860738
STARLINK-1715
1 23978U 98065A   24270.92715278 -.00022620  00000-0  13156-2 0  1001
2 23978  53.0000 160.0000 0000000   0.0000 187.2727 15.08800857139387
STARLINK-1716
1 79303U 98065A   24270.92715278 -.00022620  00000-0  13156-2 0  1001
2 79303  53.0000 160.0000 0000000   0.0000 203.6364 15.08800857275451
STARLINK-1717
1 40370U 98065A   24270.92715278 -.00022620  00000-0  13156-2 0  1008
2 40370  53.0000 160.0000 0000000   0.0000 220.0000 15.08800857529640
STARLINK-1718
1 48252U 98065A   24270.92715278 -.00022620  00000-0  13156-2 0  1007
2 48252  53.0000 160.0000 0000000   0.0000 236.3636 15.08800857716055
STARLINK-1719
1 28775U 98065A   24270.92715278 -.00022620  00000-0  13156-2 0  1007
2 28775  53.0000 160.0000 0000000   0.0000 252.7273 15.08800857775831
STARLINK-1720
1 44239U 98065A   24270.92715278 -.00022620  00000-0  13156-2 0  1007
2 44239  53.0000 160.0000 0000000   0.0000 269.0909 15.08800857332606
STARLINK-1721
1 80751U 98065A   24270.92715278 -.00022620  00000-0  13156-2 0  1006
2 80751  53.0000 160.0000 0000000   0.0000 285.4545 15.08800857604623
STARLINK-1722
1 19506U 98065A   24270.92715278 -.00022620  00000-0  13156-2 0  1004
2 19506  53.0000 160.0000 0000000   0.0000 301.8182 15.08800857549924
STARLINK-1723
1 10795U 98065A   24270.92715278 -.00022620  00000-0  13156-2 0  1000
2 10795  53.0000 160.0000 0000000   0.0000 318.1818 15.08800857303625
STARLINK-1724
1 39552U 98065A   24270.92715278 -.00022620  00000-0  13156-2 0  1004
2 39552  53.0000 160.0000 0000000   0.0000 334.5455 15.08800857276327
STARLINK-1725
1 42604U 98065A   24270.92715278 -.00022620  00000-0  13156-2 0  1001
2 42604  53.0000 160.0000 0000000   0.0000 350.9091 15.08800857171280
STARLINK-1726
1 46155U 98065A   24270.92715278 -.00022620  00000-0  13156-2 0  1000
2 46155  53.0000 165.0000 0000000   0.0000   7.5000 15.08800857506401
STARLINK-1727
1 31886U 98065A   24270.92715278 -.00022620  00000-0  13156-2 0  1007
2 31886  53.0000 165.0000 0000000   0.0000  23.8636 15.08800857953130
STARLINK-1728
1 45399U 98065A   24270.92715278 -.00022620  00000-0  13156-2 0  1003
2 45399  53.0000 165.0000 0000000   0.0000  40.2273 15.08800857398442
STARLINK-1729
1 80933U 98065A   24270.92715278 -.00022620  00000-0  13156-2 0  1001
2 80933  53.0000 165.0000 0000000   0.0000  56.5909 15.08800857955534
STARLINK-1730
1 81917U 98065A   24270.92715278 -.00022620  00000-0  13156-2 0  1007
2 81917  53.0000 165.0000 0000000   0.0000  72.9545 15.08800857719745
STARLINK-1731
1 31887U 98065A   24270.92715278 -.00022620  00000-0  13156-2 0  1006
2 31887  53.0000 165.0000 0000000   0.0000  89.3182 15.08800857513472
STARLINK-1732
1 13673U 98065A   24270.92715278 -.00022620  00000-0  13156-2 0  1003
2 13673  53.0000 165.0000 0000000   0.0000 105.6818 15.08800857313408
STARLINK-1733
1 17444U 98065A   24270.92715278 -.00022620  00000-0  13156-2 0  1003
2 17444  53.0000 165.0000 0000000   0.0000 122.0455 15.08800857991146
STARLINK-1734
1 10979U 98065A   24270.92715278 -.00022620  00000-0  13156-2 0  1006
2 10979  53.0000 165.0000 0000000   0.0000 138.4091 15.08800857442696
STARLINK-1735
1 19850U 98065A   24270.92715278 -.00022620  00000-0  13156-2 0  1006
2 19850  53.0000 165.0000 0000000   0.0000 154.7727 15.08800857107736
STARLINK-1736
1 32039U 98065A   24270.92715278 -.00022620  00000-0  13156-2 0  1006
2 32039  53.0000 165.0000 0000000   0.0000 171.1364 15.08800857409060
STARLINK-1737
1 68394U 98065A   24270.92715278 -.00022620  00000-0  13156-2 0  1007
2 68394  53.0000 165.0000 0000000   0.0000 187.5000 15.08800857587957
STARLINK-1738
1 14621U 98065A   24270.92715278 -.00022620  00000-0  13156-2 0  1003
2 14621  53.0000 165.0000 0000000   0.0000 203.8636 15.08800857303992
STARLINK-1739
1 11320U 98065A   24270.92715278 -.00022620  00000-0  13156-2 0  1007
2 11320  53.0000 165.0000 0000000   0.0000 220.2273 15.08800857802171
STARLINK-1740
1 99677U 98065A   24270.92715278 -.00022620  00000-0  13156-2 0  1006
2 99677  53.0000 165.0000 0000000   0.0000 236.5909 15.08800857218307
STARLINK-1741
1 60319U 98065A   24270.92715278 -.00022620  00000-0  13156-2 0  1002
2 60319  53.0000 165.0000 0000000   0.0000 252.9545 15.08800857927825
STARLINK-1742
1 20084U 98065A   24270.92715278 -.00022620  00000-0  13156-2 0  1008
2 20084  53.0000 165.0000 0000000   0.0000 269.3182 15.08800857116513
STARLINK-1743
1 12069U 98065A   24270.92715278 -.00022620  00000-0  13156-2 0  1007
2 12069  53.0000 165.0000 0000000   0.0000 285.6818 15.08800857613512
STARLINK-1744
1 89840U 98065A   24270.92715278 -.00022620  00000-0  13156-2 0  1008
2 89840  53.0000 165.0000 0000000   0.0000 302.0455 15.08800857168325
STARLINK-1745
1 64774U 98065A   24270.92715278 -.00022620  00000-0  13156-2 0  1006
2 64774  53.0000 165.0000 0000000   0.0000 318.4091 15.08800857563283
STARLINK-1746
1 91961U 98065A   24270.92715278 -.00022620  00000-0  13156-2 0  1005
2 91961  53.0000 165.0000 0000000   0.0000 334.7727 15.08800857271181
STARLINK-1747
1 23292U 98065A   24270.92715278 -.00022620  00000-0  13156-2 0  1002
2 23292  53.0000 165.0000 0000000   0.0000 351.1364 15.08800857833723
STARLINK-1748
1 62261U 98065A   24270.92715278 -.00022620  00000-0  13156-2 0  1006
2 62261  53.0000 170.0000 0000000   0.0000   7.7273 15.08800857104304
STARLINK-1749
1 50779U 98065A   24270.92715278 -.00022620  00000-0  13156-2 0  1005
2 50779  53.0000 170.0000 0000000   0.0000  24.0909 15.08800857581511
STARLINK-1750
1 41446U 98065A   24270.92715278 -.00022620  00000-0  13156-2 0  1004
2 41446  53.0000 170.0000 0000000   0.0000  40.4545 15.08800857865631
STARLINK-1751
1 25196U 98065A   24270.92715278 -.00022620  00000-0  13156-2 0  1006
2 25196  53.0000 170.0000 0000000   0.0000  56.8182 15.08800857462464
STARLINK-1752
1 82260U 98065A   24270.92715278 -.00022620  00000-0  13156-2 0  1003
2 82260  53.0000 170.0000 0000000   0.0000  73.1818 15.08800857837287
STARLINK-1753
1 25075U 98065A   24270.92715278 -.00022620  00000-0  13156-2 0  1008
2 25075  53.0000 170.0000 0000000   0.0000  89.5455 15.08800857304191
STARLINK-1754
1 59017U 98065A   24270.92715278 -.00022620  00000-0  13156-2 0  1001
2 59017  53.0000 170.0000 0000000   0.0000 105.9091 15.08800857815383
STARLINK-1755
1 27840U 98065A   24270.92715278 -.00022620  00000-0  13156-2 0  1005
2 27840  53.0000 170.0000 0000000   0.0000 122.2727 15.08800857166860
STARLINK-1756
1 19128U 98065A   24270.92715278 -.00022620  00000-0  13156-2 0  1002
2 19128  53.0000 170.0000 0000000   0.0000 138.6364 15.08800857852350
STARLINK-1757
1 27342U 98065A   24270.92715278 -.00022620  00000-0  13156-2 0  1001
2 27342  53.0000 170.0000 0000000   0.0000 155.0000 15.08800857896696
STARLINK-1758
1 16174U 98065A   24270.92715278 -.00022620  00000-0  13156-2 0  1004
2 16174  53.0000 170.0000 0000000   0.0000 171.3636 15.08800857369893
STARLINK-1759
1 52328U 98065A   24270.92715278 -.00022620  00000-0  13156-2 0  1003
2 52328  53.0000 170.0000 0000000   0.0000 187.7273 15.08800857867767
STARLINK-1760
1 83666U 98065A   24270.92715278 -.00022620  00000-0  13156-2 0  1000
2 83666  53.0000 170.0000 0000000   0.0000 204.0909 15.08800857946080
STARLINK-1761
1 36610U 98065A   24270.92715278 -.00022620  00000-0  13156-2 0  1000
2 36610  53.0000 170.0000 0000000   0.0000 220.4545 15.08800857652314
STARLINK-1762
1 79381U 98065A   24270.92715278 -.00022620  00000-0  13156-2 0  1008
2 79381  53.0000 170.0000 0000000   0.0000 236.8182 15.08800857269020
STARLINK-1763
1 39700U 98065A   24270.92715278 -.00022620  00000-0  13156-2 0  1000
2 39700  53.0000 170.0000 0000000   0.0000 253.1818 15.08800857549241
STARLINK-1764
1 61382U 98065A   24270.92715278 -.00022620  00000-0  13156-2 0  1002
2 61382  53.0000 170.0000 0000000   0.0000 269.5455 15.08800857965600
STARLINK-1765
1 79604U 98065A   24270.92715278 -.00022620  00000-0  13156-2 0  1005
2 79604  53.0000 170.0000 0000000   0.0000 285.9091 15.08800857599163
STARLINK-1766
1 48952U 98065A   24270.92715278 -.00022620  00000-0  13156-2 0  1008
2 48952  53.0000 170.0000 0000000   0.0000 302.2727 15.08800857781898
STARLINK-1767
1 12504U 98065A   24270.92715278 -.00022620  00000-0  13156-2 0  1004
2 12504  53.0000 170.0000 0000000   0.0000 318.6364 15.08800857230087
STARLINK-1768
1 23803U 98065A   24270.92715278 -.00022620  00000-0  13156-2 0  1007
2 23803  53.0000 170.0000 0000000   0.0000 335.0000 15.08800857589684
STARLINK-1769
1 79110U 98065A   24270.92715278 -.00022620  00000-0  13156-2 0  1005
2 79110  53.0000 170.0000 0000000   0.0000 351.3636 15.08800857684231
STARLINK-1770
1 94275U 98065A   24270.92715278 -.00022620  00000-0  13156-2 0  1007
2 94275  53.0000 175.0000 0000000   0.0000   7.9545 15.08800857495687
STARLINK-1771
1 23982U 98065A   24270.92715278 -.00022620  00000-0  13156-2 0  1005
2 23982  53.0000 175.0000 0000000   0.0000  24.3182 15.08800857548527
STARLINK-1772
1 39419U 98065A   24270.92715278 -.00022620  00000-0  13156-2 0  1008
2 39419  53.0000 175.0000 0000000   0.0000  40.6818 15.08800857518174
STARLINK-1773
1 14131U 98065A   24270.92715278 -.00022620  00000-0  13156-2 0  1007
2 14131  53.0000 175.0000 0000000   0.0000  57.0455 15.08800857913870
STARLINK-1774
1 73495U 98065A   24270.92715278 -.00022620  00000-0  13156-2 0  1004
2 73495  53.0000 175.0000 0000000   0.0000  73.4091 15.08800857828498
STARLINK-1775
1 69573U 98065A   24270.92715278 -.00022620  00000-0  13156-2 0  1001
2 69573  53.0000 175.0000 0000000   0.0000  89.7727 15.08800857777553
STARLINK-1776
1 43756U 98065A   24270.92715278 -.00022620  00000-0  13156-2 0  1008
2 43756  53.0000 175.0000 0000000   0.0000 106.1364 15.08800857759967
STARLINK-1777
1 55718U 98065A   24270.92715278 -.00022620  00000-0  13156-2 0  1003
2 55718  53.0000 175.0000 0000000   0.0000 122.5000 15.08800857481310
STARLINK-1778
1 81383U 98065A   24270.92715278 -.00022620  00000-0  13156-2 0  1005
2 81383  53.0000 175.0000 0000000   0.0000 138.8636 15.08800857148937
STARLINK-1779
1 37580U 98065A   24270.92715278 -.00022620  00000-0  13156-2 0  1000
2 37580  53.0000 175.0000 0000000   0.0000 155.2273 15.08800857707684
STARLINK-1780
1 31549U 98065A   24270.92715278 -.00022620  00000-0  13156-2 0  1007
2 31549  53.0000 175.0000 0000000   0.0000 171.5909 15.08800857643770
STARLINK-1781
1 73595U 98065A   24270.92715278 -.00022620  00000-0  13156-2 0  1003
2 73595  53.0000 175.0000 0000000   0.0000 187.9545 15.08800857470234
STARLINK-1782
1 89236U 98065A   24270.92715278 -.00022620  00000-0  13156-2 0  1007
2 89236  53.0000 175.0000 0000000   0.0000 204.3182 15.08800857457884
STARLINK-1783
1 75932U 98065A   24270.92715278 -.00022620  00000-0  13156-2 0  1001
2 75932  53.0000 175.0000 0000000   0.0000 220.6818 15.08800857941230
STARLINK-1784
1 62941U 98065A   24270.92715278 -.00022620  00000-0  13156-2 0  1003
2 62941  53.0000 175.0000 0000000   0.0000 237.0455 15.08800857235414
STARLINK-1785
1 74384U 98065A   24270.92715278 -.00022620  00000-0  13156-2 0  1006
2 74384  53.0000 175.0000 0000000   0.0000 253.4091 15.08800857272480
STARLINK-1786
1 34404U 98065A   24270.92715278 -.00022620  00000-0  13156-2 0  1005
2 34404  53.0000 175.0000 0000000   0.0000 269.7727 15.08800857512575
STARLINK-1787
1 94023U 98065A   24270.92715278 -.00022620  00000-0  13156-2 0  1001
2 94023  53.0000 175.0000 0000000   0.0000 286.1364 15.08800857201446
STARLINK-1788
1 47660U 98065A   24270.92715278 -.00022620  00000-0  13156-2 0  1005
2 47660  53.0000 175.0000 0000000   0.0000 302.5000 15.08800857759016
STARLINK-1789
1 78907U 98065A   24270.92715278 -.00022620  00000-0  13156-2 0  1000
2 78907  53.0000 175.0000 0000000   0.0000 318.8636 15.08800857295743
STARLINK-1790
1 22773U 98065A   24270.92715278 -.00022620  00000-0  13156-2 0  1001
2 22773  53.0000 175.0000 0000000   0.0000 335.2273 15.08800857419574
STARLINK-1791
1 43830U 98065A   24270.92715278 -.00022620  00000-0  13156-2 0  1001
2 43830  53.0000 175.0000 0000000   0.0000 351.5909 15.08800857488057
STARLINK-1792
1 56324U 98065A   24270.92715278 -.00022620  00000-0  13156-2 0  1003
2 56324  53.0000 180.0000 0000000   0.0000   8.1818 15.08800857837256
STARLINK-1793
1 63787U 98065A   24270.92715278 -.00022620  00000-0  13156-2 0  1004
2 63787  53.0000 180.0000 0000000   0.0000  24.5455 15.08800857931407
STARLINK-1794
1 74239U 98065A   24270.92715278 -.00022620  00000-0  13156-2 0  1008
2 74239  53.0000 180.0000 0000000   0.0000  40.9091 15.08800857644010
STARLINK-1795
1 94667U 98065A   24270.92715278 -.00022620  00000-0  13156-2 0  1002
2 94667  53.0000 180.0000 0000000   0.0000  57.2727 15.08800857392705
STARLINK-1796
1 88403U 98065A   24270.92715278 -.00022620  00000-0  13156-2 0  1005
2 88403  53.0000 180.0000 0000000   0.0000  73.6364 15.08800857563804
STARLINK-1797
1 52921U 98065A   24270.92715278 -.00022620  00000-0  13156-2 0  1005
2 52921  53.0000 180.0000 0000000   0.0000  90.0000 15.08800857810904
STARLINK-1798
1 33847U 98065A   24270.92715278 -.00022620  00000-0  13156-2 0  1006
2 33847  53.0000 180.0000 0000000   0.0000 106.3636 15.08800857784376
STARLINK-1799
1 21551U 98065A   24270.92715278 -.00022620  00000-0  13156-2 0  1005
2 21551  53.0000 180.0000 0000000   0.0000 122.7273 15.08800857743884
STARLINK-1800
1 81561U 98065A   24270.92715278 -.00022620  00000-0  13156-2 0  1002
2 81561  53.0000 180.0000 0000000   0.0000 139.0909 15.08800857319760
STARLINK-1801
1 36954U 98065A   24270.92715278 -.00022620  00000-0  13156-2 0  1003
2 36954  53.0000 180.0000 0000000   0.0000 155.4545 15.08800857681751
STARLINK-1802
1 15968U 98065A   24270.92715278 -.00022620  00000-0  13156-2 0  1004
2 15968  53.0000 180.0000 0000000   0.0000 171.8182 15.08800857255288
STARLINK-1803
1 36017U 98065A   24270.92715278 -.00022620  00000-0  13156-2 0  1004
2 36017  53.0000 180.0000 0000000   0.0000 188.1818 15.08800857240680
STARLINK-1804
1 82607U 98065A   24270.92715278 -.00022620  00000-0  13156-2 0  1001
2 82607  53.0000 180.0000 0000000   0.0000 204.5455 15.08800857530722
STARLINK-1805
1 76219U 98065A   24270.92715278 -.00022620  00000-0  13156-2 0  1001
2 76219  53.0000 180.0000 0000000   0.0000 220.9091 15.08800857939377
STARLINK-1806
1 50175U 98065A   24270.92715278 -.00022620  00000-0  13156-2 0  1005
2 50175  53.0000 180.0000 0000000   0.0000 237.2727 15.08800857737407
STARLINK-1807
1 12983U 98065A   24270.92715278 -.00022620  00000-0  13156-2 0  1006
2 12983  53.0000 180.0000 0000000   0.0000 253.6364 15.08800857195511
STARLINK-1808
1 68764U 98065A   24270.92715278 -.00022620  00000-0  13156-2 0  1006
2 68764  53.0000 180.0000 0000000   0.0000 270.0000 15.08800857972408
STARLINK-1809
1 90571U 98065A   24270.92715278 -.00022620  00000-0  13156-2 0  1004
2 90571  53.0000 180.0000 0000000   0.0000 286.3636 15.08800857357087
STARLINK-1810
1 62227U 98065A   24270.92715278 -.00022620  00000-0  13156-2 0  1001
2 62227  53.0000 180.0000 0000000   0.0000 302.7273 15.08800857344694
STARLINK-1811
1 46117U 98065A   24270.92715278 -.00022620  00000-0  13156-2 0  1000
2 46117  53.0000 180.0000 0000000   0.0000 319.0909 15.08800857706197
STARLINK-1812
1 88405U 98065A   24270.92715278 -.00022620  00000-0  13156-2 0  1000
2 88405  53.0000 180.0000 0000000   0.0000 335.4545 15.08800857244327
STARLINK-1813
1 39342U 98065A   24270.92715278 -.00022620  00000-0  13156-2 0  1003
2 39342  53.0000 180.0000 0000000   0.0000 351.8182 15.08800857478922
STARLINK-1814
1 20125U 98065A   24270.92715278 -.00022620  00000-0  13156-2 0  1004
2 20125  53.0000 185.0000 0000000   0.0000   8.4091 15.08800857235672
STARLINK-1815
1 63749U 98065A   24270.92715278 -.00022620  00000-0  13156-2 0  1006
2 63749  53.0000 185.0000 0000000   0.0000  24.7727 15.08800857605342
STARLINK-1816
1 70199U 98065A   24270.92715278 -.00022620  00000-0  13156-2 0  1007
2 70199  53.0000 185.0000 0000000   0.0000  41.1364 15.08800857860606
STARLINK-1817
1 98901U 98065A   24270.92715278 -.00022620  00000-0  13156-2 0  1000
2 98901  53.0000 185.0000 0000000   0.0000  57.5000 15.08800857355141
STARLINK-1818
1 43860U 98065A   24270.92715278 -.00022620  00000-0  13156-2 0  1008
2 43860  53.0000 185.0000 0000000   0.0000  73.8636 15.08800857239191
STARLINK-1819
1 95293U 98065A   24270.92715278 -.00022620  00000-0  13156-2 0  1006
2 95293  53.0000 185.0000 0000000   0.0000  90.2273 15.08800857926822
STARLINK-1820
1 32212U 98065A   24270.92715278 -.00022620  00000-0  13156-2 0  1008
2 32212  53.0000 185.0000 0000000   0.0000 106.5909 15.08800857537076
STARLINK-1821
1 96570U 98065A   24270.92715278 -.00022620  00000-0  13156-2 0  1005
2 96570  53.0000 185.0000 0000000   0.0000 122.9545 15.08800857756007
STARLINK-1822
1 35649U 98065A   24270.92715278 -.00022620  00000-0  13156-2 0  1004
2 35649  53.0000 185.0000 0000000   0.0000 139.3182 15.08800857680732
STARLINK-1823
1 81876U 98065A   24270.92715278 -.00022620  00000-0  13156-2 0  1008
2 81876  53.0000 185.0000 0000000   0.0000 155.6818 15.08800857258480
STARLINK-1824
1 60139U 98065A   24270.92715278 -.00022620  00000-0  13156-2 0  1001
2 60139  53.0000 185.0000 0000000   0.0000 172.0455 15.08800857338094
STARLINK-1825
1 26703U 98065A   24270.92715278 -.00022620  00000-0  13156-2 0  1006
2 26703  53.0000 185.0000 0000000   0.0000 188.4091 15.08800857171610
STARLINK-1826
1 63061U 98065A   24270.92715278 -.00022620  00000-0  13156-2 0  1005
2 63061  53.0000 185.0000 0000000   0.0000 204.7727 15.08800857892466
STARLINK-1827
1 15097U 98065A   24270.92715278 -.00022620  00000-0  13156-2 0  1003
2 15097  53.0000 185.0000 0000000   0.0000 221.1364 15.08800857393455
STARLINK-1828
1 20953U 98065A   24270.92715278 -.00022620  00000-0  13156-2 0  1000
2 20953  53.0000 185.0000 0000000   0.0000 237.5000 15.08800857197284
STARLINK-1829
1 78478U 98065A   24270.92715278 -.00022620  00000-0  13156-2 0  1003
2 78478  53.0000 185.0000 0000000   0.0000 253.8636 15.08800857806191
STARLINK-1830
1 99040U 98065A   24270.92715278 -.00022620  00000-0  13156-2 0  1003
2 99040  53.0000 185.0000 0000000   0.0000 270.2273 15.08800857950846
STARLINK-1831
1 95582U 98065A   24270.92715278 -.00022620  00000-0  13156-2 0  1006
2 95582  53.0000 185.0000 0000000   0.0000 286.5909 15.08800857348430
STARLINK-1832
1 25079U 98065A   24270.92715278 -.00022620  00000-0  13156-2 0  1004
2 25079  53.0000 185.0000 0000000   0.0000 302.9545 15.08800857637218
STARLINK-1833
1 15623U 98065A   24270.92715278 -.00022620  00000-0  13156-2 0  1008
2 15623  53.0000 185.0000 0000000   0.0000 319.3182 15.08800857581812
STARLINK-1834
1 77212U 98065A   24270.92715278 -.00022620  00000-0  13156-2 0  1006
2 77212  53.0000 185.0000 0000000   0.0000 335.6818 15.08800857477483
STARLINK-1835
1 48097U 98065A   24270.92715278 -.00022620  00000-0  13156-2 0  1002
2 48097  53.0000 185.0000 0000000   0.0000 352.0455 15.08800857109367
STARLINK-1836
1 49893U 98065A   24270.92715278 -.00022620  00000-0  13156-2 0  1000
2 49893  53.0000 190.0000 0000000   0.0000   8.6364 15.08800857565700
STARLINK-1837
1 58311U 98065A   24270.92715278 -.00022620  00000-0  13156-2 0  1001
2 58311  53.0000 190.0000 0000000   0.0000  25.0000 15.08800857789612
STARLINK-1838
1 91750U 98065A   24270.92715278 -.00022620  00000-0  13156-2 0  1000
2 91750  53.0000 190.0000 0000000   0.0000  41.3636 15.08800857188958
STARLINK-1839
1 97208U 98065A   24270.92715278 -.00022620  00000-0  13156-2 0  1004
2 97208  53.0000 190.0000 0000000   0.0000  57.7273 15.08800857360450
STARLINK-1840
1 81402U 98065A   24270.92715278 -.00022620  00000-0  13156-2 0  1008
2 81402  53.0000 190.0000 0000000   0.0000  74.0909 15.08800857576971
STARLINK-1841
1 39538U 98065A   24270.92715278 -.00022620  00000-0  13156-2 0  1002
2 39538  53.0000 190.0000 0000000   0.0000  90.4545 15.08800857144843
STARLINK-1842
1 25614U 98065A   24270.92715278 -.00022620  00000-0  13156-2 0  1007
2 25614  53.0000 190.0000 0000000   0.0000 106.8182 15.08800857308078
STARLINK-1843
1 71441U 98065A   24270.92715278 -.00022620  00000-0  13156-2 0  1004
2 71441  53.0000 190.0000 0000000   0.0000 123.1818 15.08800857248041
STARLINK-1844
1 83038U 98065A   24270.92715278 -.00022620  00000-0  13156-2 0  1007
2 83038  53.0000 190.0000 0000000   0.0000 139.5455 15.08800857389725
STARLINK-1845
1 23082U 98065A   24270.92715278 -.00022620  00000-0  13156-2 0  1000
2 23082  53.0000 190.0000 0000000   0.0000 155.9091 15.08800857545217
STARLINK-1846
1 23189U 98065A   24270.92715278 -.00022620  00000-0  13156-2 0  1005
2 23189  53.0000 190.0000 0000000   0.0000 172.2727 15.08800857750485
STARLINK-1847
1 91879U 98065A   24270.92715278 -.00022620  00000-0  13156-2 0  1008
2 91879  53.0000 190.0000 0000000   0.0000 188.6364 15.08800857315033
STARLINK-1848
1 62931U 98065A   24270.92715278 -.00022620  00000-0  13156-2 0  1002
2 62931  53.0000 190.0000 0000000   0.0000 205.0000 15.08800857264577
STARLINK-1849
1 33620U 98065A   24270.92715278 -.00022620  00000-0  13156-2 0  1002
2 33620  53.0000 190.0000 0000000   0.0000 221.3636 15.08800857187941
STARLINK-1850
1 38544U 98065A   24270.92715278 -.00022620  00000-0  13156-2 0  1006
2 38544  53.0000 190.0000 0000000   0.0000 237.7273 15.08800857581327
STARLINK-1851
1 60949U 98065A   24270.92715278 -.00022620  00000-0  13156-2 0  1008
2 60949  53.0000 190.0000 0000000   0.0000 254.0909 15.08800857860245
STARLINK-1852
1 21466U 98065A   24270.92715278 -.00022620  00000-0  13156-2 0  1006
2 21466  53.0000 190.0000 0000000   0.0000 270.4545 15.08800857355481
STARLINK-1853
1 75839U 98065A   24270.92715278 -.00022620  00000-0  13156-2 0  1006
2 75839  53.0000 190.0000 0000000   0.0000 286.8182 15.08800857855365
STARLINK-1854
1 88413U 98065A   24270.92715278 -.00022620  00000-0  13156-2 0  1001
2 88413  53.0000 190.0000 0000000   0.0000 303.1818 15.08800857757104
STARLINK-1855
1 34224U 98065A   24270.92715278 -.00022620  00000-0  13156-2 0  1000
2 34224  53.0000 190.0000 0000000   0.0000 319.5455 15.08800857169514
STARLINK-1856
1 13739U 98065A   24270.92715278 -.00022620  00000-0  13156-2 0  1000
2 13739  53.0000 190.0000 0000000   0.0000 335.9091 15.08800857239257
STARLINK-1857
1 52311U 98065A   24270.92715278 -.00022620  00000-0  13156-2 0  1007
2 52311  53.0000 190.0000 0000000   0.0000 352.2727 15.08800857418236
STARLINK-1858
1 46431U 98065A   24270.92715278 -.00022620  00000-0  13156-2 0  1004
2 46431  53.0000 195.0000 0000000   0.0000   8.8636 15.08800857669636
STARLINK-1859
1 56582U 98065A   24270.92715278 -.00022620  00000-0  13156-2 0  1006
2 56582  53.0000 195.0000 0000000   0.0000  25.2273 15.08800857529496
STARLINK-1860
1 75625U 98065A   24270.92715278 -.00022620  00000-0  13156-2 0  1005
2 75625  53.0000 195.0000 0000000   0.0000  41.5909 15.08800857275855
STARLINK-1861
1 82926U 98065A   24270.92715278 -.00022620  00000-0  13156-2 0  1003
2 82926  53.0000 195.0000 0000000   0.0000  57.9545 15.08800857741651
STARLINK-1862
1 25832U 98065A   24270.92715278 -.00022620  00000-0  13156-2 0  1002
2 25832  53.0000 195.0000 0000000   0.0000  74.3182 15.08800857684423
STARLINK-1863
1 43901U 98065A   24270.92715278 -.00022620  00000-0  13156-2 0  1005
2 43901  53.0000 195.0000 0000000   0.0000  90.6818 15.08800857340171
STARLINK-1864
1 56742U 98065A   24270.92715278 -.00022620  00000-0  13156-2 0  1006
2 56742  53.0000 195.0000 0000000   0.0000 107.0455 15.08800857910105
STARLINK-1865
1 35871U 98065A   24270.92715278 -.00022620  00000-0  13156-2 0  1001
2 35871  53.0000 195.0000 0000000   0.0000 123.4091 15.08800857721968
STARLINK-1866
1 55359U 98065A   24270.92715278 -.00022620  00000-0  13156-2 0  1003
2 55359  53.0000 195.0000 0000000   0.0000 139.7727 15.08800857717164
STARLINK-1867
1 30800U 98065A   24270.92715278 -.00022620  00000-0  13156-2 0  1005
2 30800  53.0000 195.0000 0000000   0.0000 156.1364 15.08800857447511
STARLINK-1868
1 84689U 98065A   24270.92715278 -.00022620  00000-0  13156-2 0  1004
2 84689  53.0000 195.0000 0000000   0.0000 172.5000 15.08800857533865
STARLINK-1869
1 83576U 98065A   24270.92715278 -.00022620  00000-0  13156-2 0  1000
2 83576  53.0000 195.0000 0000000   0.0000 188.8636 15.08800857391382
STARLINK-1870
1 78801U 98065A   24270.92715278 -.00022620  00000-0  13156-2 0  1002
2 78801  53.0000 195.0000 0000000   0.0000 205.2273 15.08800857819176
STARLINK-1871
1 90381U 98065A   24270.92715278 -.00022620  00000-0  13156-2 0  1007
2 90381  53.0000 195.0000 0000000   0.0000 221.5909 15.08800857666447
STARLINK-1872
1 75541U 98065A   24270.92715278 -.00022620  00000-0  13156-2 0  1008
2 75541  53.0000 195.0000 0000000   0.0000 237.9545 15.08800857694955
STARLINK-1873
1 43175U 98065A   24270.92715278 -.00022620  00000-0  13156-2 0  1006
2 43175  53.0000 195.0000 0000000   0.0000 254.3182 15.08800857542917
STARLINK-1874
1 90515U 98065A   24270.92715278 -.00022620  00000-0  13156-2 0  1003
2 90515  53.0000 195.0000 0000000   0.0000 270.6818 15.08800857322355
STARLINK-1875
1 45707U 98065A   24270.92715278 -.00022620  00000-0  13156-2 0  1000
2 45707  53.0000 195.0000 0000000   0.0000 287.0455 15.08800857792632
STARLINK-1876
1 58165U 98065A   24270.92715278 -.00022620  00000-0  13156-2 0  1006
2 58165  53.0000 195.0000 0000000   0.0000 303.4091 15.08800857259713
STARLINK-1877
1 73371U 98065A   24270.92715278 -.00022620  00000-0  13156-2 0  1003
2 73371  53.0000 195.0000 0000000   0.0000 319.7727 15.08800857154932
STARLINK-1878
1 75344U 98065A   24270.92715278 -.00022620  00000-0  13156-2 0  1007
2 75344  53.0000 195.0000 0000000   0.0000 336.1364 15.08800857283815
STARLINK-1879
1 37383U 98065A   24270.92715278 -.00022620  00000-0  13156-2 0  1000
2 37383  53.0000 195.0000 0000000   0.0000 352.5000 15.08800857982382
STARLINK-1880
1 28024U 98065A   24270.92715278 -.00022620  00000-0  13156-2 0  1006
2 28024  53.0000 200.0000 0000000   0.0000   9.0909 15.08800857949516
STARLINK-1881
1 94910U 98065A   24270.92715278 -.00022620  00000-0  13156-2 0  1004
2 94910  53.0000 200.0000 0000000   0.0000  25.4545 15.08800857803472
STARLINK-1882
1 11000U 98065A   24270.92715278 -.00022620  00000-0  13156-2 0  1004
2 11000  53.0000 200.0000 0000000   0.0000  41.8182 15.08800857287587
STARLINK-1883
1 83029U 98065A   24270.92715278 -.00022620  00000-0  13156-2 0  1006
2 83029  53.0000 200.0000 0000000   0.0000  58.1818 15.08800857892763
STARLINK-1884
1 29177U 98065A   24270.92715278 -.00022620  00000-0  13156-2 0  1005
2 29177  53.0000 200.0000 0000000   0.0000  74.5455 15.08800857253381
STARLINK-1885
1 25525U 98065A   24270.92715278 -.00022620  00000-0  13156-2 0  1001
2 25525  53.0000 200.0000 0000000   0.0000  90.9091 15.08800857320850
STARLINK-1886
1 47741U 98065A   24270.92715278 -.00022620  00000-0  13156-2 0  1006
2 47741  53.0000 200.0000 0000000   0.0000 107.2727 15.08800857591122
STARLINK-1887
1 21098U 98065A   24270.92715278 -.00022620  00000-0  13156-2 0  1004
2 21098  53.0000 200.0000 0000000   0.0000 123.6364 15.08800857380506
STARLINK-1888
1 64424U 98065A   24270.92715278 -.00022620  00000-0  13156-2 0  1005
2 64424  53.0000 200.0000 0000000   0.0000 140.0000 15.08800857611467
STARLINK-1889
1 25860U 98065A   24270.92715278 -.00022620  00000-0  13156-2 0  1002
2 25860  53.0000 200.0000 0000000   0.0000 156.3636 15.08800857516804
STARLINK-1890
1 18188U 98065A   24270.92715278 -.00022620  00000-0  13156-2 0  1004
2 18188  53.0000 200.0000 0000000   0.0000 172.7273 15.08800857710928
STARLINK-1891
1 44604U 98065A   24270.92715278 -.00022620  00000-0  13156-2 0  1001
2 44604  53.0000 200.0000 0000000   0.0000 189.0909 15.08800857294522
STARLINK-1892
1 30931U 98065A   24270.92715278 -.00022620  00000-0  13156-2 0  1000
2 30931  53.0000 200.0000 0000000   0.0000 205.4545 15.08800857385331
STARLINK-1893
1 44036U 98065A   24270.92715278 -.00022620  00000-0  13156-2 0  1006
2 44036  53.0000 200.0000 0000000   0.0000 221.8182 15.08800857655572
STARLINK-1894
1 18317U 98065A   24270.92715278 -.00022620  00000-0  13156-2 0  1001
2 18317  53.0000 200.0000 0000000   0.0000 238.1818 15.08800857129032
STARLINK-1895
1 37596U 98065A   24270.92715278 -.00022620  00000-0  13156-2 0  1006
2 37596  53.0000 200.0000 0000000   0.0000 254.5455 15.08800857809156
STARLINK-1896
1 26644U 98065A   24270.92715278 -.00022620  00000-0  13156-2 0  1001
2 26644  53.0000 200.0000 0000000   0.0000 270.9091 15.08800857499931
STARLINK-1897
1 66385U 98065A   24270.92715278 -.00022620  00000-0  13156-2 0  1006
2 66385  53.0000 200.0000 0000000   0.0000 287.2727 15.08800857515485
STARLINK-1898
1 37061U 98065A   24270.92715278 -.00022620  00000-0  13156-2 0  1005
2 37061  53.0000 200.0000 0000000   0.0000 303.6364 15.08800857664498
STARLINK-1899
1 46007U 98065A   24270.92715278 -.00022620  00000-0  13156-2 0  1001
2 46007  53.0000 200.0000 0000000   0.0000 320.0000 15.08800857574173
STARLINK-1900
1 56177U 98065A   24270.92715278 -.00022620  00000-0  13156-2 0  1003
2 56177  53.0000 200.0000 0000000   0.0000 336.3636 15.08800857400520
STARLINK-1901
1 97640U 98065A   24270.92715278 -.00022620  00000-0  13156-2 0  1000
2 97640  53.0000 200.0000 0000000   0.0000 352.7273 15.08800857250172
STARLINK-1902
1 23052U 98065A   24270.92715278 -.00022620  00000-0  13156-2 0  1002
2 23052  53.0000 205.0000 0000000   0.0000   9.3182 15.08800857948564
STARLINK-1903
1 24954U 98065A   24270.92715278 -.00022620  00000-0  13156-2 0  1005
2 24954  53.0000 205.0000 0000000   0.0000  25.6818 15.08800857706551
STARLINK-1904
1 91371U 98065A   24270.92715278 -.00022620  00000-0  13156-2 0  1000
2 91371  53.0000 205.0000 0000000   0.0000  42.0455 15.08800857413755
STARLINK-1905
1 50817U 98065A   24270.92715278 -.00022620  00000-0  13156-2 0  1001
2 50817  53.0000 205.0000 0000000   0.0000  58.4091 15.08800857506740
STARLINK-1906
1 81477U 98065A   24270.92715278 -.00022620  00000-0  13156-2 0  1001
2 81477  53.0000 205.0000 0000000   0.0000  74.7727 15.08800857436160
STARLINK-1907
1 79366U 98065A   24270.92715278 -.00022620  00000-0  13156-2 0  1003
2 79366  53.0000 205.0000 0000000   0.0000  91.1364 15.08800857463927
STARLINK-1908
1 67918U 98065A   24270.92715278 -.00022620  00000-0  13156-2 0  1006
2 67918  53.0000 205.0000 0000000   0.0000 107.5000 15.08800857613301
STARLINK-1909
1 26208U 98065A   24270.92715278 -.00022620  00000-0  13156-2 0  1005
2 26208  53.0000 205.0000 0000000   0.0000 123.8636 15.08800857241205
STARLINK-1910
1 28299U 98065A   24270.92715278 -.00022620  00000-0  13156-2 0  1007
2 28299  53.0000 205.0000 0000000   0.0000 140.2273 15.08800857674521
STARLINK-1911
1 95333U 98065A   24270.92715278 -.00022620  00000-0  13156-2 0  1006
2 95333  53.0000 205.0000 0000000   0.0000 156.5909 15.08800857252033
STARLINK-1912
1 18697U 98065A   24270.92715278 -.00022620  00000-0  13156-2 0  1002
2 18697  53.0000 205.0000 0000000   0.0000 172.9545 15.08800857162923
STARLINK-1913
1 31570U 98065A   24270.92715278 -.00022620  00000-0  13156-2 0  1008
2 31570  53.0000 205.0000 0000000   0.0000 189.3182 15.08800857790463
STARLINK-1914
1 60536U 98065A   24270.92715278 -.00022620  00000-0  13156-2 0  1005
2 60536  53.0000 205.0000 0000000   0.0000 205.6818 15.08800857568287
STARLINK-1915
1 58893U 98065A   24270.92715278 -.00022620  00000-0  13156-2 0  1008
2 58893  53.0000 205.0000 0000000   0.0000 222.0455 15.08800857656746
STARLINK-1916
1 89395U 98065A   24270.92715278 -.00022620  00000-0  13156-2 0  1008
2 89395  53.0000 205.0000 0000000   0.0000 238.4091 15.08800857233131
STARLINK-1917
1 46054U 98065A   24270.92715278 -.00022620  00000-0  13156-2 0  1005
2 46054  53.0000 205.0000 0000000   0.0000 254.7727 15.08800857457347
STARLINK-1918
1 34391U 98065A   24270.92715278 -.00022620  00000-0  13156-2 0  1004
2 34391  53.0000 205.0000 0000000   0.0000 271.1364 15.08800857587000
STARLINK-1919
1 44971U 98065A   24270.92715278 -.00022620  00000-0  13156-2 0  1005
2 44971  53.0000 205.0000 0000000   0.0000 287.5000 15.08800857266854
STARLINK-1920
1 94290U 98065A   24270.92715278 -.00022620  00000-0  13156-2 0  1007
2 94290  53.0000 205.0000 0000000   0.0000 303.8636 15.08800857604611
STARLINK-1921
1 45866U 98065A   24270.92715278 -.00022620  00000-0  13156-2 0  1006
2 45866  53.0000 205.0000 0000000   0.0000 320.2273 15.08800857146234
STARLINK-1922
1 82275U 98065A   24270.92715278 -.00022620  00000-0  13156-2 0  1001
2 82275  53.0000 205.0000 0000000   0.0000 336.5909 15.08800857384956
STARLINK-1923
1 95158U 98065A   24270.92715278 -.00022620  00000-0  13156-2 0  1007
2 95158  53.0000 205.0000 0000000   0.0000 352.9545 15.08800857899960
STARLINK-1924
1 28762U 98065A   24270.92715278 -.00022620  00000-0  13156-2 0  1001
2 28762  53.0000 210.0000 0000000   0.0000   9.5455 15.08800857638441
STARLINK-1925
1 24109U 98065A   24270.92715278 -.00022620  00000-0  13156-2 0  1002
2 24109  53.0000 210.0000 0000000   0.0000  25.9091 15.08800857360762
STARLINK-1926
1 82012U 98065A   24270.92715278 -.00022620  00000-0  13156-2 0  1007
2 82012  53.0000 210.0000 0000000   0.0000  42.2727 15.08800857464027
STARLINK-1927
1 33668U 98065A   24270.92715278 -.00022620  00000-0  13156-2 0  1004
2 33668  53.0000 210.0000 0000000   0.0000  58.6364 15.08800857726832
STARLINK-1928
1 16172U 98065A   24270.92715278 -.00022620  00000-0  13156-2 0  1003
2 16172  53.0000 210.0000 0000000   0.0000  75.0000 15.08800857792102
STARLINK-1929
1 21859U 98065A   24270.92715278 -.00022620  00000-0  13156-2 0  1002
2 21859  53.0000 210.0000 0000000   0.0000  91.3636 15.08800857390418
STARLINK-1930
1 93395U 98065A   24270.92715278 -.00022620  00000-0  13156-2 0  1004
2 93395  53.0000 210.0000 0000000   0.0000 107.7273 15.08800857434536
STARLINK-1931
1 91361U 98065A   24270.92715278 -.00022620  00000-0  13156-2 0  1008
2 91361  53.0000 210.0000 0000000   0.0000 124.0909 15.08800857973073
STARLINK-1932
1 36317U 98065A   24270.92715278 -.00022620  00000-0  13156-2 0  1001
2 36317  53.0000 210.0000 0000000   0.0000 140.4545 15.08800857957786
STARLINK-1933
1 70120U 98065A   24270.92715278 -.00022620  00000-0  13156-2 0  1007
2 70120  53.0000 210.0000 0000000   0.0000 156.8182 15.08800857634048
STARLINK-1934
1 46856U 98065A   24270.92715278 -.00022620  00000-0  13156-2 0  1001
2 46856  53.0000 210.0000 0000000   0.0000 173.1818 15.08800857271837
STARLINK-1935
1 47290U 98065A   24270.92715278 -.00022620  00000-0  13156-2 0  1001
2 47290  53.0000 210.0000 0000000   0.0000 189.5455 15.08800857275493
STARLINK-1936
1 60844U 98065A   24270.92715278 -.00022620  00000-0  13156-2 0  1007
2 60844  53.0000 210.0000 0000000   0.0000 205.9091 15.08800857812806
STARLINK-1937
1 59385U 98065A   24270.92715278 -.00022620  00000-0  13156-2 0  1005
2 59385  53.0000 210.0000 0000000   0.0000 222.2727 15.08800857245497
STARLINK-1938
1 29587U 98065A   24270.92715278 -.00022620  00000-0  13156-2 0  1001
2 29587  53.0000 210.0000 0000000   0.0000 238.6364 15.08800857995577
STARLINK-1939
1 52079U 98065A   24270.92715278 -.00022620  00000-0  13156-2 0  1007
2 52079  53.0000 210.0000 0000000   0.0000 255.0000 15.08800857555793
STARLINK-1940
1 44584U 98065A   24270.92715278 -.00022620  00000-0  13156-2 0  1002
2 44584  53.0000 210.0000 0000000   0.0000 271.3636 15.08800857807234
STARLINK-1941
1 80619U 98065A   24270.92715278 -.00022620  00000-0  13156-2 0  1004
2 80619  53.0000 210.0000 0000000   0.0000 287.7273 15.08800857841170
STARLINK-1942
1 40501U 98065A   24270.92715278 -.00022620  00000-0  13156-2 0  1001
2 40501  53.0000 210.0000 0000000   0.0000 304.0909 15.08800857152348
STARLINK-1943
1 20833U 98065A   24270.92715278 -.00022620  00000-0  13156-2 0  1004
2 20833  53.0000 210.0000 0000000   0.0000 320.4545 15.08800857977276
STARLINK-1944
1 73764U 98065A   24270.92715278 -.00022620  00000-0  13156-2 0  1004
2 73764  53.0000 210.0000 0000000   0.0000 336.8182 15.08800857551614
STARLINK-1945
1 21024U 98065A   24270.92715278 -.00022620  00000-0  13156-2 0  1000
2 21024  53.0000 210.0000 0000000   0.0000 353.1818 15.08800857432323
STARLINK-1946
1 31713U 98065A   24270.92715278 -.00022620  00000-0  13156-2 0  1000
2 31713  53.0000 215.0000 0000000   0.0000   9.7727 15.08800857404944
STARLINK-1947
1 16956U 98065A   24270.92715278 -.00022620  00000-0  13156-2 0  1002
2 16956  53.0000 215.0000 0000000   0.0000  26.1364 15.08800857880841
STARLINK-1948
1 19619U 98065A   24270.92715278 -.00022620  00000-0  13156-2 0  1006
2 19619  53.0000 215.0000 0000000   0.0000  42.5000 15.08800857583054
STARLINK-1949
1 22997U 98065A   24270.92715278 -.00022620  00000-0  13156-2 0  1001
2 22997  53.0000 215.0000 0000000   0.0000  58.8636 15.08800857677027
STARLINK-1950
1 96588U 98065A   24270.92715278 -.00022620  00000-0  13156-2 0  1008
2 96588  53.0000 215.0000 0000000   0.0000  75.2273 15.08800857943330
STARLINK-1951
1 25672U 98065A   24270.92715278 -.00022620  00000-0  13156-2 0  1008
2 25672  53.0000 215.0000 0000000   0.0000  91.5909 15.08800857943852
STARLINK-1952
1 83244U 98065A   24270.92715278 -.00022620  00000-0  13156-2 0  1008
2 83244  53.0000 215.0000 0000000   0.0000 107.9545 15.08800857547371
STARLINK-1953
1 73134U 98065A   24270.92715278 -.00022620  00000-0  13156-2 0  1000
2 73134  53.0000 215.0000 0000000   0.0000 124.3182 15.08800857608143
STARLINK-1954
1 31426U 98065A   24270.92715278 -.00022620  00000-0  13156-2 0  1008
2 31426  53.0000 215.0000 0000000   0.0000 140.6818 15.08800857957754
STARLINK-1955
1 19058U 98065A   24270.92715278 -.00022620  00000-0  13156-2 0  1003
2 19058  53.0000 215.0000 0000000   0.0000 157.0455 15.08800857854161
STARLINK-1956
1 17231U 98065A   24270.92715278 -.00022620  00000-0  13156-2 0  1003
2 17231  53.0000 215.0000 0000000   0.0000 173.4091 15.08800857615282
STARLINK-1957
1 10888U 98065A   24270.92715278 -.00022620  00000-0  13156-2 0  1008
2 10888  53.0000 215.0000 0000000   0.0000 189.7727 15.08800857978161
STARLINK-1958
1 66737U 98065A   24270.92715278 -.00022620  00000-0  13156-2 0  1002
2 66737  53.0000 215.0000 0000000   0.0000 206.1364 15.08800857606352
STARLINK-1959
1 91401U 98065A   24270.92715278 -.00022620  00000-0  13156-2 0  1004
2 91401  53.0000 215.0000 0000000   0.0000 222.5000 15.08800857331023
STARLINK-1960
1 43108U 98065A   24270.92715278 -.00022620  00000-0  13156-2 0  1008
2 43108  53.0000 215.0000 0000000   0.0000 238.8636 15.08800857696755
STARLINK-1961
1 74788U 98065A   24270.92715278 -.00022620  00000-0  13156-2 0  1000
2 74788  53.0000 215.0000 0000000   0.0000 255.2273 15.08800857410575
STARLINK-1962
1 49615U 98065A   24270.92715278 -.00022620  00000-0  13156-2 0  1000
2 49615  53.0000 215.0000 0000000   0.0000 271.5909 15.08800857231893
STARLINK-1963
1 72443U 98065A   24270.92715278 -.00022620  00000-0  13156-2 0  1001
2 72443  53.0000 215.0000 0000000   0.0000 287.9545 15.08800857488638
STARLINK-1964
1 99231U 98065A   24270.92715278 -.00022620  00000-0  13156-2 0  1008
2 99231  53.0000 215.0000 0000000   0.0000 304.3182 15.08800857551863
STARLINK-1965
1 81779U 98065A   24270.92715278 -.00022620  00000-0  13156-2 0  1006
2 81779  53.0000 215.0000 0000000   0.0000 320.6818 15.08800857863757
STARLINK-1966
1 85799U 98065A   24270.92715278 -.00022620  00000-0  13156-2 0  1001
2 85799  53.0000 215.0000 0000000   0.0000 337.0455 15.08800857419064
STARLINK-1967
1 43836U 98065A   24270.92715278 -.00022620  00000-0  13156-2 0  1005
2 43836  53.0000 215.0000 0000000   0.0000 353.4091 15.08800857315845
STARLINK-1968
1 67107U 98065A   24270.92715278 -.00022620  00000-0  13156-2 0  1004
2 67107  53.0000 220.0000 0000000   0.0000  10.0000 15.08800857514416
STARLINK-1969
1 68946U 98065A   24270.92715278 -.00022620  00000-0  13156-2 0  1002
2 68946  53.0000 220.0000 0000000   0.0000  26.3636 15.08800857778958
STARLINK-1970
1 29201U 98065A   24270.92715278 -.00022620  00000-0  13156-2 0  1005
2 29201  53.0000 220.0000 0000000   0.0000  42.7273 15.08800857304313
STARLINK-1971
1 68577U 98065A   24270.92715278 -.00022620  00000-0  13156-2 0  1003
2 68577  53.0000 220.0000 0000000   0.0000  59.0909 15.08800857431050
STARLINK-1972
1 99690U 98065A   24270.92715278 -.00022620  00000-0  13156-2 0  1007
2 99690  53.0000 220.0000 0000000   0.0000  75.4545 15.08800857263272
STARLINK-1973
1 94121U 98065A   24270.92715278 -.00022620  00000-0  13156-2 0  1004
2 94121  53.0000 220.0000 0000000   0.0000  91.8182 15.08800857764142
STARLINK-1974
1 54756U 98065A   24270.92715278 -.00022620  00000-0  13156-2 0  1004
2 54756  53.0000 220.0000 0000000   0.0000 108.1818 15.08800857132606
STARLINK-1975
1 54932U 98065A   24270.92715278 -.00022620  00000-0  13156-2 0  1002
2 54932  53.0000 220.0000 0000000   0.0000 124.5455 15.08800857432651
STARLINK-1976
1 69778U 98065A   24270.92715278 -.00022620  00000-0  13156-2 0  1003
2 69778  53.0000 220.0000 0000000   0.0000 140.9091 15.08800857581474
STARLINK-1977
1 22465U 98065A   24270.92715278 -.00022620  00000-0  13156-2 0  1008
2 22465  53.0000 220.0000 0000000   0.0000 157.2727 15.08800857735511
STARLINK-1978
1 63112U 98065A   24270.92715278 -.00022620  00000-0  13156-2 0  1003
2 63112  53.0000 220.0000 0000000   0.0000 173.6364 15.08800857802457
STARLINK-1979
1 16814U 98065A   24270.92715278 -.00022620  00000-0  13156-2 0  1006
2 16814  53.0000 220.0000 0000000   0.0000 190.0000 15.08800857794248
STARLINK-1980
1 13144U 98065A   24270.92715278 -.00022620  00000-0  13156-2 0  1004
2 13144  53.0000 220.0000 0000000   0.0000 206.3636 15.08800857410937
STARLINK-1981
1 86273U 98065A   24270.92715278 -.00022620  00000-0  13156-2 0  1007
2 86273  53.0000 220.0000 0000000   0.0000 222.7273 15.08800857378386
STARLINK-1982
1 47216U 98065A   24270.92715278 -.00022620  00000-0  13156-2 0  1001
2 47216  53.0000 220.0000 0000000   0.0000 239.0909 15.08800857847105
STARLINK-1983
1 34107U 98065A   24270.92715278 -.00022620  00000-0  13156-2 0  1003
2 34107  53.0000 220.0000 0000000   0.0000 255.4545 15.08800857705213
STARLINK-1984
1 30188U 98065A   24270.92715278 -.00022620  00000-0  13156-2 0  1004
2 30188  53.0000 220.0000 0000000   0.0000 271.8182 15.08800857933158
STARLINK-1985
1 89878U 98065A   24270.92715278 -.00022620  00000-0  13156-2 0  1002
2 89878  53.0000 220.0000 0000000   0.0000 288.1818 15.08800857836614
STARLINK-1986
1 79020U 98065A   24270.92715278 -.00022620  00000-0  13156-2 0  1007
2 79020  53.0000 220.0000 0000000   0.0000 304.5455 15.08800857393522
STARLINK-1987
1 32883U 98065A   24270.92715278 -.00022620  00000-0  13156-2 0  1007
2 32883  53.0000 220.0000 0000000   0.0000 320.9091 15.08800857749705
STARLINK-1988
1 59058U 98065A   24270.92715278 -.00022620  00000-0  13156-2 0  1008
2 59058  53.0000 220.0000 0000000   0.0000 337.2727 15.08800857733333
STARLINK-1989
1 46648U 98065A   24270.92715278 -.00022620  00000-0  13156-2 0  1003
2 46648  53.0000 220.0000 0000000   0.0000 353.6364 15.08800857662991
STARLINK-1990
1 86129U 98065A   24270.92715278 -.00022620  00000-0  13156-2 0  1006
2 86129  53.0000 225.0000 0000000   0.0000  10.2273 15.08800857206352
STARLINK-1991
1 19990U 98065A   24270.92715278 -.00022620  00000-0  13156-2 0  1005
2 19990  53.0000 225.0000 0000000   0.0000  26.5909 15.08800857613966
STARLINK-1992
1 80439U 98065A   24270.92715278 -.00022620  00000-0  13156-2 0  1003
2 80439  53.0000 225.0000 0000000   0.0000  42.9545 15.08800857421062
STARLINK-1993
1 83719U 98065A   24270.92715278 -.00022620  00000-0  13156-2 0  1005
2 83719  53.0000 225.0000 0000000   0.0000  59.3182 15.08800857826612
STARLINK-1994
1 41853U 98065A   24270.92715278 -.00022620  00000-0  13156-2 0  1005
2 41853  53.0000 225.0000 0000000   0.0000  75.6818 15.08800857632201
STARLINK-1995
1 41526U 98065A   24270.92715278 -.00022620  00000-0  13156-2 0  1002
2 41526  53.0000 225.0000 0000000   0.0000  92.0455 15.08800857111828
STARLINK-1996
1 61106U 98065A   24270.92715278 -.00022620  00000-0  13156-2 0  1005
2 61106  53.0000 225.0000 0000000   0.0000 108.4091 15.08800857601531
STARLINK-1997
1 64260U 98065A   24270.92715278 -.00022620  00000-0  13156-2 0  1003
2 64260  53.0000 225.0000 0000000   0.0000 124.7727 15.08800857618486
STARLINK-1998
1 39919U 98065A   24270.92715278 -.00022620  00000-0  13156-2 0  1006
2 39919  53.0000 225.0000 0000000   0.0000 141.1364 15.08800857373410
STARLINK-1999
1 71782U 98065A   24270.92715278 -.00022620  00000-0  13156-2 0  1005
2 71782  53.0000 225.0000 0000000   0.0000 157.5000 15.08800857813593
STARLINK-2000
1 86225U 98065A   24270.92715278 -.00022620  00000-0  13156-2 0  1002
2 86225  53.0000 225.0000 0000000   0.0000 173.8636 15.08800857726165
STARLINK-2001
1 72377U 98065A   24270.92715278 -.00022620  00000-0  13156-2 0  1002
2 72377  53.0000 225.0000 0000000   0.0000 190.2273 15.08800857543964
STARLINK-2002
1 22501U 98065A   24270.92715278 -.00022620  00000-0  13156-2 0  1007
2 22501  53.0000 225.0000 0000000   0.0000 206.5909 15.08800857914078
STARLINK-2003
1 16550U 98065A   24270.92715278 -.00022620  00000-0  13156-2 0  1005
2 16550  53.0000 225.0000 0000000   0.0000 222.9545 15.08800857130172
STARLINK-2004
1 19911U 98065A   24270.92715278 -.00022620  00000-0  13156-2 0  1001
2 19911  53.0000 225.0000 0000000   0.0000 239.3182 15.08800857562900
STARLINK-2005
1 36518U 98065A   24270.92715278 -.00022620  00000-0  13156-2 0  1005
2 36518  53.0000 225.0000 0000000   0.0000 255.6818 15.08800857231705
STARLINK-2006
1 72929U 98065A   24270.92715278 -.00022620  00000-0  13156-2 0  1000
2 72929  53.0000 225.0000 0000000   0.0000 272.0455 15.08800857769652
STARLINK-2007
1 58116U 98065A   24270.92715278 -.00022620  00000-0  13156-2 0  1001
2 58116  53.0000 225.0000 0000000   0.0000 288.4091 15.08800857845588
STARLINK-2008
1 32486U 98065A   24270.92715278 -.00022620  00000-0  13156-2 0  1007
2 32486  53.0000 225.0000 0000000   0.0000 304.7727 15.08800857206302
STARLINK-2009
1 89242U 98065A   24270.92715278 -.00022620  00000-0  13156-2 0  1006
2 89242  53.0000 225.0000 0000000   0.0000 321.1364 15.08800857399074
STARLINK-2010
1 39806U 98065A   24270.92715278 -.00022620  00000-0  13156-2 0  1006
2 39806  53.0000 225.0000 0000000   0.0000 337.5000 15.08800857656604
STARLINK-2011
1 32555U 98065A   24270.92715278 -.00022620  00000-0  13156-2 0  1002
2 32555  53.0000 225.0000 0000000   0.0000 353.8636 15.08800857912526
STARLINK-2012
1 41099U 98065A   24270.92715278 -.00022620  00000-0  13156-2 0  1000
2 41099  53.0000 230.0000 0000000   0.0000  10.4545 15.08800857795284
STARLINK-2013
1 32121U 98065A   24270.92715278 -.00022620  00000-0  13156-2 0  1001
2 32121  53.0000 230.0000 0000000   0.0000  26.8182 15.08800857341062
STARLINK-2014
1 21916U 98065A   24270.92715278 -.00022620  00000-0  13156-2 0  1008
2 21916  53.0000 230.0000 0000000   0.0000  43.1818 15.08800857630871
STARLINK-2015
1 92162U 98065A   24270.92715278 -.00022620  00000-0  13156-2 0  1004
2 92162  53.0000 230.0000 0000000   0.0000  59.5455 15.08800857677714
STARLINK-2016
1 80340U 98065A   24270.92715278 -.00022620  00000-0  13156-2 0  1007
2 80340  53.0000 230.0000 0000000   0.0000  75.9091 15.08800857927085
STARLINK-2017
1 95808U 98065A   24270.92715278 -.00022620  00000-0  13156-2 0  1005
2 95808  53.0000 230.0000 0000000   0.0000  92.2727 15.08800857640385
STARLINK-2018
1 41648U 98065A   24270.92715278 -.00022620  00000-0  13156-2 0  1008
2 41648  53.0000 230.0000 0000000   0.0000 108.6364 15.08800857709163
STARLINK-2019
1 72824U 98065A   24270.92715278 -.00022620  00000-0  13156-2 0  1003
2 72824  53.0000 230.0000 0000000   0.0000 125.0000 15.08800857993125
STARLINK-2020
1 76386U 98065A   24270.92715278 -.00022620  00000-0  13156-2 0  1002
2 76386  53.0000 230.0000 0000000   0.0000 141.3636 15.08800857619557
STARLINK-2021
1 92368U 98065A   24270.92715278 -.00022620  00000-0  13156-2 0  1006
2 92368  53.0000 230.0000 0000000   0.0000 157.7273 15.08800857171083
STARLINK-2022
1 44837U 98065A   24270.92715278 -.00022620  00000-0  13156-2 0  1000
2 44837  53.0000 230.0000 0000000   0.0000 174.0909 15.08800857935312
STARLINK-2023
1 36331U 98065A   24270.92715278 -.00022620  00000-0  13156-2 0  1003
2 36331  53.0000 230.0000 0000000   0.0000 190.4545 15.08800857243463
STARLINK-2024
1 60655U 98065A   24270.92715278 -.00022620  00000-0  13156-2 0  1006
2 60655  53.0000 230.0000 0000000   0.0000 206.8182 15.08800857580425
STARLINK-2025
1 88833U 98065A   24270.92715278 -.00022620  00000-0  13156-2 0  1005
2 88833  53.0000 230.0000 0000000   0.0000 223.1818 15.08800857172263
STARLINK-2026
1 58023U 98065A   24270.92715278 -.00022620  00000-0  13156-2 0  1006
2 58023  53.0000 230.0000 0000000   0.0000 239.5455 15.08800857555883
STARLINK-2027
1 60856U 98065A   24270.92715278 -.00022620  00000-0  13156-2 0  1000
2 60856  53.0000 230.0000 0000000   0.0000 255.9091 15.08800857575974
STARLINK-2028
1 80270U 98065A   24270.92715278 -.00022620  00000-0  13156-2 0  1008
2 80270  53.0000 230.0000 0000000   0.0000 272.2727 15.08800857865404
STARLINK-2029
1 84680U 98065A   24270.92715278 -.00022620  00000-0  13156-2 0  1005
2 84680  53.0000 230.0000 0000000   0.0000 288.6364 15.08800857174468
STARLINK-2030
1 64350U 98065A   24270.92715278 -.00022620  00000-0  13156-2 0  1000
2 64350  53.0000 230.0000 0000000   0.0000 305.0000 15.08800857870181
STARLINK-2031
1 85300U 98065A   24270.92715278 -.00022620  00000-0  13156-2 0  1003
2 85300  53.0000 230.0000 0000000   0.0000 321.3636 15.08800857717961
STARLINK-2032
1 63206U 98065A   24270.92715278 -.00022620  00000-0  13156-2 0  1008
2 63206  53.0000 230.0000 0000000   0.0000 337.7273 15.08800857440154
STARLINK-2033
1 20983U 98065A   24270.92715278 -.00022620  00000-0  13156-2 0  1005
2 20983  53.0000 230.0000 0000000   0.0000 354.0909 15.08800857592116
STARLINK-2034
1 35879U 98065A   24270.92715278 -.00022620  00000-0  13156-2 0  1006
2 35879  53.0000 235.0000 0000000   0.0000  10.6818 15.08800857293717
STARLINK-2035
1 12652U 98065A   24270.92715278 -.00022620  00000-0  13156-2 0  1004
2 12652  53.0000 235.0000 0000000   0.0000  27.0455 15.08800857165791
STARLINK-2036
1 97123U 98065A   24270.92715278 -.00022620  00000-0  13156-2 0  1002
2 97123  53.0000 235.0000 0000000   0.0000  43.4091 15.08800857958981
STARLINK-2037
1 60664U 98065A   24270.92715278 -.00022620  00000-0  13156-2 0  1005
2 60664  53.0000 235.0000 0000000   0.0000  59.7727 15.08800857669184
STARLINK-2038
1 84813U 98065A   24270.92715278 -.00022620  00000-0  13156-2 0  1008
2 84813  53.0000 235.0000 0000000   0.0000  76.1364 15.08800857933447
STARLINK-2039
1 84722U 98065A   24270.92715278 -.00022620  00000-0  13156-2 0  1008
2 84722  53.0000 235.0000 0000000   0.0000  92.5000 15.08800857388023
STARLINK-2040
1 44600U 98065A   24270.92715278 -.00022620  00000-0  13156-2 0  1008
2 44600  53.0000 235.0000 0000000   0.0000 108.8636 15.08800857108915
STARLINK-2041
1 90752U 98065A   24270.92715278 -.00022620  00000-0  13156-2 0  1002
2 90752  53.0000 235.0000 0000000   0.0000 125.2273 15.08800857340588
STARLINK-2042
1 70275U 98065A   24270.92715278 -.00022620  00000-0  13156-2 0  1008
2 70275  53.0000 235.0000 0000000   0.0000 141.5909 15.08800857649315
STARLINK-2043
1 61144U 98065A   24270.92715278 -.00022620  00000-0  13156-2 0  1000
2 61144  53.0000 235.0000 0000000   0.0000 157.9545 15.08800857895827
STARLINK-2044
1 76146U 98065A   24270.92715278 -.00022620  00000-0  13156-2 0  1005
2 76146  53.0000 235.0000 0000000   0.0000 174.3182 15.08800857429926
STARLINK-2045
1 85698U 98065A   24270.92715278 -.00022620  00000-0  13156-2 0  1004
2 85698  53.0000 235.0000 0000000   0.0000 190.6818 15.08800857703656
STARLINK-2046
1 60931U 98065A   24270.92715278 -.00022620  00000-0  13156-2 0  1007
2 60931  53.0000 235.0000 0000000   0.0000 207.0455 15.08800857252381
STARLINK-2047
1 65186U 98065A   24270.92715278 -.00022620  00000-0  13156-2 0  1005
2 65186  53.0000 235.0000 0000000   0.0000 223.4091 15.08800857324412
STARLINK-2048
1 14315U 98065A   24270.92715278 -.00022620  00000-0  13156-2 0  1003
2 14315  53.0000 235.0000 0000000   0.0000 239.7727 15.08800857238667
STARLINK-2049
1 46904U 98065A   24270.92715278 -.00022620  00000-0  13156-2 0  1007
2 46904  53.0000 235.0000 0000000   0.0000 256.1364 15.08800857830105
STARLINK-2050
1 50146U 98065A   24270.92715278 -.00022620  00000-0  13156-2 0  1008
2 50146  53.0000 235.0000 0000000   0.0000 272.5000 15.08800857232314
STARLINK-2051
1 67464U 98065A   24270.92715278 -.00022620  00000-0  13156-2 0  1003
2 67464  53.0000 235.0000 0000000   0.0000 288.8636 15.08800857512324
STARLINK-2052
1 51051U 98065A   24270.92715278 -.00022620  00000-0  13156-2 0  1003
2 51051  53.0000 235.0000 0000000   0.0000 305.2273 15.08800857924813
STARLINK-2053
1 31301U 98065A   24270.92715278 -.00022620  00000-0  13156-2 0  1002
2 31301  53.0000 235.0000 0000000   0.0000 321.5909 15.08800857514174
STARLINK-2054
1 27520U 98065A   24270.92715278 -.00022620  00000-0  13156-2 0  1005
2 27520  53.0000 235.0000 0000000   0.0000 337.9545 15.08800857534580
STARLINK-2055
1 60226U 98065A   24270.92715278 -.00022620  00000-0  13156-2 0  1004
2 60226  53.0000 235.0000 0000000   0.0000 354.3182 15.08800857714654
STARLINK-2056
1 25440U 98065A   24270.92715278 -.00022620  00000-0  13156-2 0  1001
2 25440  53.0000 240.0000 0000000   0.0000  10.9091 15.08800857948416
STARLINK-2057
1 54412U 98065A   24270.92715278 -.00022620  00000-0  13156-2 0  1003
2 54412  53.0000 240.0000 0000000   0.0000  27.2727 15.08800857837621
STARLINK-2058
1 11062U 98065A   24270.92715278 -.00022620  00000-0  13156-2 0  1004
2 11062  53.0000 240.0000 0000000   0.0000  43.6364 15.08800857795078
STARLINK-2059
1 43316U 98065A   24270.92715278 -.00022620  00000-0  13156-2 0  1006
2 43316  53.0000 240.0000 0000000   0.0000  60.0000 15.08800857795501
STARLINK-2060
1 16374U 98065A   24270.92715278 -.00022620  00000-0  13156-2 0  1002
2 16374  53.0000 240.0000 0000000   0.0000  76.3636 15.08800857748264
STARLINK-2061
1 83263U 98065A   24270.92715278 -.00022620  00000-0  13156-2 0  1004
2 83263  53.0000 240.0000 0000000   0.0000  92.7273 15.08800857746324
STARLINK-2062
1 76283U 98065A   24270.92715278 -.00022620  00000-0  13156-2 0  1004
2 76283  53.0000 240.0000 0000000   0.0000 109.0909 15.08800857336590
STARLINK-2063
1 34479U 98065A   24270.92715278 -.00022620  00000-0  13156-2 0  1008
2 34479  53.0000 240.0000 0000000   0.0000 125.4545 15.08800857924447
STARLINK-2064
1 32651U 98065A   24270.92715278 -.00022620  00000-0  13156-2 0  1004
2 32651  53.0000 240.0000 0000000   0.0000 141.8182 15.08800857219010
STARLINK-2065
1 42028U 98065A   24270.92715278 -.00022620  00000-0  13156-2 0  1006
2 42028  53.0000 240.0000 0000000   0.0000 158.1818 15.08800857103054
STARLINK-2066
1 48372U 98065A   24270.92715278 -.00022620  00000-0  13156-2 0  1001
2 48372  53.0000 240.0000 0000000   0.0000 174.5455 15.08800857500774
STARLINK-2067
1 34945U 98065A   24270.92715278 -.00022620  00000-0  13156-2 0  1000
2 34945  53.0000 240.0000 0000000   0.0000 190.9091 15.08800857242247
STARLINK-2068
1 14448U 98065A   24270.92715278 -.00022620  00000-0  13156-2 0  1008
2 14448  53.0000 240.0000 0000000   0.0000 207.2727 15.08800857468892
STARLINK-2069
1 52195U 98065A   24270.92715278 -.00022620  00000-0  13156-2 0  1004
2 52195  53.0000 240.0000 0000000   0.0000 223.6364 15.08800857376151
STARLINK-2070
1 39623U 98065A   24270.92715278 -.00022620  00000-0  13156-2 0  1004
2 39623  53.0000 240.0000 0000000   0.0000 240.0000 15.08800857381447
STARLINK-2071
1 79664U 98065A   24270.92715278 -.00022620  00000-0  13156-2 0  1005
2 79664  53.0000 240.0000 0000000   0.0000 256.3636 15.08800857804974
STARLINK-2072
1 42535U 98065A   24270.92715278 -.00022620  00000-0  13156-2 0  1004
2 42535  53.0000 240.0000 0000000   0.0000 272.7273 15.08800857816398
STARLINK-2073
1 20776U 98065A   24270.92715278 -.00022620  00000-0  13156-2 0  1005
2 20776  53.0000 240.0000 0000000   0.0000 289.0909 15.08800857572344
STARLINK-2074
1 20745U 98065A   24270.92715278 -.00022620  00000-0  13156-2 0  1001
2 20745  53.0000 240.0000 0000000   0.0000 305.4545 15.08800857991094
STARLINK-2075
1 58718U 98065A   24270.92715278 -.00022620  00000-0  13156-2 0  1005
2 58718  53.0000 240.0000 0000000   0.0000 321.8182 15.08800857437588
STARLINK-2076
1 57219U 98065A   24270.92715278 -.00022620  00000-0  13156-2 0  1007
2 57219  53.0000 240.0000 0000000   0.0000 338.1818 15.08800857188540
STARLINK-2077
1 93337U 98065A   24270.92715278 -.00022620  00000-0  13156-2 0  1004
2 93337  53.0000 240.0000 0000000   0.0000 354.5455 15.08800857178091
STARLINK-2078
1 99397U 98065A   24270.92715278 -.00022620  00000-0  13156-2 0  1007
2 99397  53.0000 245.0000 0000000   0.0000  11.1364 15.08800857814081
STARLINK-2079
1 66390U 98065A   24270.92715278 -.00022620  00000-0  13156-2 0  1007
2 66390  53.0000 245.0000 0000000   0.0000  27.5000 15.08800857635917
STARLINK-2080
1 53245U 98065A   24270.92715278 -.00022620  00000-0  13156-2 0  1006
2 53245  53.0000 245.0000 0000000   0.0000  43.8636 15.08800857911414
STARLINK-2081
1 39433U 98065A   24270.92715278 -.00022620  00000-0  13156-2 0  1002
2 39433  53.0000 245.0000 0000000   0.0000  60.2273 15.08800857776190
STARLINK-2082
1 32431U 98065A   24270.92715278 -.00022620  00000-0  13156-2 0  1001
2 32431  53.0000 245.0000 0000000   0.0000  76.5909 15.08800857688165
STARLINK-2083
1 31698U 98065A   24270.92715278 -.00022620  00000-0  13156-2 0  1008
2 31698  53.0000 245.0000 0000000   0.0000  92.9545 15.08800857861486
STARLINK-2084
1 61510U 98065A   24270.92715278 -.00022620  00000-0  13156-2 0  1001
2 61510  53.0000 245.0000 0000000   0.0000 109.3182 15.08800857796328
STARLINK-2085
1 17575U 98065A   24270.92715278 -.00022620  00000-0  13156-2 0  1008
2 17575  53.0000 245.0000 0000000   0.0000 125.6818 15.08800857894448
STARLINK-2086
1 81512U 98065A   24270.92715278 -.00022620  00000-0  13156-2 0  1007
2 81512  53.0000 245.0000 0000000   0.0000 142.0455 15.08800857776161
STARLINK-2087
1 58390U 98065A   24270.92715278 -.00022620  00000-0  13156-2 0  1006
2 58390  53.0000 245.0000 0000000   0.0000 158.4091 15.08800857253128
STARLINK-2088
1 52649U 98065A   24270.92715278 -.00022620  00000-0  13156-2 0  1006
2 52649  53.0000 245.0000 0000000   0.0000 174.7727 15.08800857932730
STARLINK-2089
1 17148U 98065A   24270.92715278 -.00022620  00000-0  13156-2 0  1002
2 17148  53.0000 245.0000 0000000   0.0000 191.1364 15.08800857202980
STARLINK-2090
1 24469U 98065A   24270.92715278 -.00022620  00000-0  13156-2 0  1004
2 24469  53.0000 245.0000 0000000   0.0000 207.5000 15.08800857249042
STARLINK-2091
1 47753U 98065A   24270.92715278 -.00022620  00000-0  13156-2 0  1000
2 47753  53.0000 245.0000 0000000   0.0000 223.8636 15.08800857930384
STARLINK-2092
1 14077U 98065A   24270.92715278 -.00022620  00000-0  13156-2 0  1004
2 14077  53.0000 245.0000 0000000   0.0000 240.2273 15.08800857609242
STARLINK-2093
1 90852U 98065A   24270.92715278 -.00022620  00000-0  13156-2 0  1003
2 90852  53.0000 245.0000 0000000   0.0000 256.5909 15.08800857775961
STARLINK-2094
1 93411U 98065A   24270.92715278 -.00022620  00000-0  13156-2 0  1007
2 93411  53.0000 245.0000 0000000   0.0000 272.9545 15.08800857294981
STARLINK-2095
1 24927U 98065A   24270.92715278 -.00022620  00000-0  13156-2 0  1004
2 24927  53.0000 245.0000 0000000   0.0000 289.3182 15.08800857913748
STARLINK-2096
1 79564U 98065A   24270.92715278 -.00022620  00000-0  13156-2 0  1006
2 79564  53.0000 245.0000 0000000   0.0000 305.6818 15.08800857797128
STARLINK-2097
1 56051U 98065A   24270.92715278 -.00022620  00000-0  13156-2 0  1002
2 56051  53.0000 245.0000 0000000   0.0000 322.0455 15.08800857413407
STARLINK-2098
1 91399U 98065A   24270.92715278 -.00022620  00000-0  13156-2 0  1003
2 91399  53.0000 245.0000 0000000   0.0000 338.4091 15.08800857312227
STARLINK-2099
1 77488U 98065A   24270.92715278 -.00022620  00000-0  13156-2 0  1008
2 77488  53.0000 245.0000 0000000   0.0000 354.7727 15.08800857737407
STARLINK-2100
1 41962U 98065A   24270.92715278 -.00022620  00000-0  13156-2 0  1004
2 41962  53.0000 250.0000 0000000   0.0000  11.3636 15.08800857663640
STARLINK-2101
1 66274U 98065A   24270.92715278 -.00022620  00000-0  13156-2 0  1007
2 66274  53.0000 250.0000 0000000   0.0000  27.7273 15.08800857834794
STARLINK-2102
1 96240U 98065A   24270.92715278 -.00022620  00000-0  13156-2 0  1001
2 96240  53.0000 250.0000 0000000   0.0000  44.0909 15.08800857506907
STARLINK-2103
1 90127U 98065A   24270.92715278 -.00022620  00000-0  13156-2 0  1007
2 90127  53.0000 250.0000 0000000   0.0000  60.4545 15.08800857686421
STARLINK-2104
1 15526U 98065A   24270.92715278 -.00022620  00000-0  13156-2 0  1007
2 15526  53.0000 250.0000 0000000   0.0000  76.8182 15.08800857192653
STARLINK-2105
1 10701U 98065A   24270.92715278 -.00022620  00000-0  13156-2 0  1000
2 10701  53.0000 250.0000 0000000   0.0000  93.1818 15.08800857616323
STARLINK-2106
1 51877U 98065A   24270.92715278 -.00022620  00000-0  13156-2 0  1007
2 51877  53.0000 250.0000 0000000   0.0000 109.5455 15.08800857356522
STARLINK-2107
1 46628U 98065A   24270.92715278 -.00022620  00000-0  13156-2 0  1001
2 46628  53.0000 250.0000 0000000   0.0000 125.9091 15.08800857812086
STARLINK-2108
1 52459U 98065A   24270.92715278 -.00022620  00000-0  13156-2 0  1001
2 52459  53.0000 250.0000 0000000   0.0000 142.2727 15.08800857408311
STARLINK-2109
1 26272U 98065A   24270.92715278 -.00022620  00000-0  13156-2 0  1000
2 26272  53.0000 250.0000 0000000   0.0000 158.6364 15.08800857362083
STARLINK-2110
1 45019U 98065A   24270.92715278 -.00022620  00000-0  13156-2 0  1005
2 45019  53.0000 250.0000 0000000   0.0000 175.0000 15.08800857530835
STARLINK-2111
1 29733U 98065A   24270.92715278 -.00022620  00000-0  13156-2 0  1003
2 29733  53.0000 250.0000 0000000   0.0000 191.3636 15.08800857681905
STARLINK-2112
1 30131U 98065A   24270.92715278 -.00022620  00000-0  13156-2 0  1007
2 30131  53.0000 250.0000 0000000   0.0000 207.7273 15.08800857607426
STARLINK-2113
1 21762U 98065A   24270.92715278 -.00022620  00000-0  13156-2 0  1001
2 21762  53.0000 250.0000 0000000   0.0000 224.0909 15.08800857745018
STARLINK-2114
1 21024U 98065A   24270.92715278 -.00022620  00000-0  13156-2 0  1008
2 21024  53.0000 250.0000 0000000   0.0000 240.4545 15.08800857916220
STARLINK-2115
1 10933U 98065A   24270.92715278 -.00022620  00000-0  13156-2 0  1000
2 10933  53.0000 250.0000 0000000   0.0000 256.8182 15.08800857859810
STARLINK-2116
1 47068U 98065A   24270.92715278 -.00022620  00000-0  13156-2 0  1006
2 47068  53.0000 250.0000 0000000   0.0000 273.1818 15.08800857519577
STARLINK-2117
1 86681U 98065A   24270.92715278 -.00022620  00000-0  13156-2 0  1006
2 86681  53.0000 250.0000 0000000   0.0000 289.5455 15.08800857175452
STARLINK-2118
1 99655U 98065A   24270.92715278 -.00022620  00000-0  13156-2 0  1006
2 99655  53.0000 250.0000 0000000   0.0000 305.9091 15.08800857875890
STARLINK-2119
1 13598U 98065A   24270.92715278 -.00022620  00000-0  13156-2 0  1007
2 13598  53.0000 250.0000 0000000   0.0000 322.2727 15.08800857130420
STARLINK-2120
1 21043U 98065A   24270.92715278 -.00022620  00000-0  13156-2 0  1002
2 21043  53.0000 250.0000 0000000   0.0000 338.6364 15.08800857781712
STARLINK-2121
1 95949U 98065A   24270.92715278 -.00022620  00000-0  13156-2 0  1004
2 95949  53.0000 250.0000 0000000   0.0000 355.0000 15.08800857730326
STARLINK-2122
1 35328U 98065A   24270.92715278 -.00022620  00000-0  13156-2 0  1001
2 35328  53.0000 255.0000 0000000   0.0000  11.5909 15.08800857981804
STARLINK-2123
1 91098U 98065A   24270.92715278 -.00022620  00000-0  13156-2 0  1005
2 91098  53.0000 255.0000 0000000   0.0000  27.9545 15.08800857110230
STARLINK-2124
1 87430U 98065A   24270.92715278 -.00022620  00000-0  13156-2 0  1004
2 87430  53.0000 255.0000 0000000   0.0000  44.3182 15.08800857406343
STARLINK-2125
1 24197U 98065A   24270.92715278 -.00022620  00000-0  13156-2 0  1004
2 24197  53.0000 255.0000 0000000   0.0000  60.6818 15.08800857325622
STARLINK-2126
1 67388U 98065A   24270.92715278 -.00022620  00000-0  13156-2 0  1006
2 67388  53.0000 255.0000 0000000   0.0000  77.0455 15.08800857248723
STARLINK-2127
1 32315U 98065A   24270.92715278 -.00022620  00000-0  13156-2 0  1003
2 32315  53.0000 255.0000 0000000   0.0000  93.4091 15.08800857661688
STARLINK-2128
1 88787U 98065A   24270.92715278 -.00022620  00000-0  13156-2 0  1000
2 88787  53.0000 255.0000 0000000   0.0000 109.7727 15.08800857228854
STARLINK-2129
1 46313U 98065A   24270.92715278 -.00022620  00000-0  13156-2 0  1006
2 46313  53.0000 255.0000 0000000   0.0000 126.1364 15.08800857844894
STARLINK-2130
1 58851U 98065A   24270.92715278 -.00022620  00000-0  13156-2 0  1007
2 58851  53.0000 255.0000 0000000   0.0000 142.5000 15.08800857556111
STARLINK-2131
1 98100U 98065A   24270.92715278 -.00022620  00000-0  13156-2 0  1007
2 98100  53.0000 255.0000 0000000   0.0000 158.8636 15.08800857922291
STARLINK-2132
1 29706U 98065A   24270.92715278 -.00022620  00000-0  13156-2 0  1001
2 29706  53.0000 255.0000 0000000   0.0000 175.2273 15.08800857759933
STARLINK-2133
1 43396U 98065A   24270.92715278 -.00022620  00000-0  13156-2 0  1000
2 43396  53.0000 255.0000 0000000   0.0000 191.5909 15.08800857985186
STARLINK-2134
1 42667U 98065A   24270.92715278 -.00022620  00000-0  13156-2 0  1000
2 42667  53.0000 255.0000 0000000   0.0000 207.9545 15.08800857721725
STARLINK-2135
1 51453U 98065A   24270.92715278 -.00022620  00000-0  13156-2 0  1001
2 51453  53.0000 255.0000 0000000   0.0000 224.3182 15.08800857723322
STARLINK-2136
1 15463U 98065A   24270.92715278 -.00022620  00000-0  13156-2 0  1007
2 15463  53.0000 255.0000 0000000   0.0000 240.6818 15.08800857395970
STARLINK-2137
1 10302U 98065A   24270.92715278 -.00022620  00000-0  13156-2 0  1006
2 10302  53.0000 255.0000 0000000   0.0000 257.0455 15.08800857731158
STARLINK-2138
1 27720U 98065A   24270.92715278 -.00022620  00000-0  13156-2 0  1004
2 27720  53.0000 255.0000 0000000   0.0000 273.4091 15.08800857276904
STARLINK-2139
1 35776U 98065A   24270.92715278 -.00022620  00000-0  13156-2 0  1005
2 35776  53.0000 255.0000 0000000   0.0000 289.7727 15.08800857200677
STARLINK-2140
1 40404U 98065A   24270.92715278 -.00022620  00000-0  13156-2 0  1002
2 40404  53.0000 255.0000 0000000   0.0000 306.1364 15.08800857278648
STARLINK-2141
1 11704U 98065A   24270.92715278 -.00022620  00000-0  13156-2 0  1004
2 11704  53.0000 255.0000 0000000   0.0000 322.5000 15.08800857772242
STARLINK-2142
1 76984U 98065A   24270.92715278 -.00022620  00000-0  13156-2 0  1003
2 76984  53.0000 255.0000 0000000   0.0000 338.8636 15.08800857622306
STARLINK-2143
1 95186U 98065A   24270.92715278 -.00022620  00000-0  13156-2 0  1007
2 95186  53.0000 255.0000 0000000   0.0000 355.2273 15.08800857952012
STARLINK-2144
1 33636U 98065A   24270.92715278 -.00022620  00000-0  13156-2 0  1007
2 33636  53.0000 260.0000 0000000   0.0000  11.8182 15.08800857578064
STARLINK-2145
1 82094U 98065A   24270.92715278 -.00022620  00000-0  13156-2 0  1002
2 82094  53.0000 260.0000 0000000   0.0000  28.1818 15.08800857512522
STARLINK-2146
1 13349U 98065A   24270.92715278 -.00022620  00000-0  13156-2 0  1000
2 13349  53.0000 260.0000 0000000   0.0000  44.5455 15.08800857369022
STARLINK-2147
1 60607U 98065A   24270.92715278 -.00022620  00000-0  13156-2 0  1002
2 60607  53.0000 260.0000 0000000   0.0000  60.9091 15.08800857345992
STARLINK-2148
1 88532U 98065A   24270.92715278 -.00022620  00000-0  13156-2 0  1004
2 88532  53.0000 260.0000 0000000   0.0000  77.2727 15.08800857534595
STARLINK-2149
1 94124U 98065A   24270.92715278 -.00022620  00000-0  13156-2 0  1006
2 94124  53.0000 260.0000 0000000   0.0000  93.6364 15.08800857444026
STARLINK-2150
1 58216U 98065A   24270.92715278 -.00022620  00000-0  13156-2 0  1005
2 58216  53.0000 260.0000 0000000   0.0000 110.0000 15.08800857750041
STARLINK-2151
1 11100U 98065A   24270.92715278 -.00022620  00000-0  13156-2 0  1001
2 11100  53.0000 260.0000 0000000   0.0000 126.3636 15.08800857689772
STARLINK-2152
1 68753U 98065A   24270.92715278 -.00022620  00000-0  13156-2 0  1004
2 68753  53.0000 260.0000 0000000   0.0000 142.7273 15.08800857137417
STARLINK-2153
1 17363U 98065A   24270.92715278 -.00022620  00000-0  13156-2 0  1004
2 17363  53.0000 260.0000 0000000   0.0000 159.0909 15.08800857704392
STARLINK-2154
1 19675U 98065A   24270.92715278 -.00022620  00000-0  13156-2 0  1004
2 19675  53.0000 260.0000 0000000   0.0000 175.4545 15.08800857469593
STARLINK-2155
1 23430U 98065A   24270.92715278 -.00022620  00000-0  13156-2 0  1000
2 23430  53.0000 260.0000 0000000   0.0000 191.8182 15.08800857177898
STARLINK-2156
1 49664U 98065A   24270.92715278 -.00022620  00000-0  13156-2 0  1006
2 49664  53.0000 260.0000 0000000   0.0000 208.1818 15.08800857981900
STARLINK-2157
1 14076U 98065A   24270.92715278 -.00022620  00000-0  13156-2 0  1008
2 14076  53.0000 260.0000 0000000   0.0000 224.5455 15.08800857303740
STARLINK-2158
1 57867U 98065A   24270.92715278 -.00022620  00000-0  13156-2 0  1008
2 57867  53.0000 260.0000 0000000   0.0000 240.9091 15.08800857600321
STARLINK-2159
1 76227U 98065A   24270.92715278 -.00022620  00000-0  13156-2 0  1002
2 76227  53.0000 260.0000 0000000   0.0000 257.2727 15.08800857935257
STARLINK-2160
1 70211U 98065A   24270.92715278 -.00022620  00000-0  13156-2 0  1005
2 70211  53.0000 260.0000 0000000   0.0000 273.6364 15.08800857722870
STARLINK-2161
1 77091U 98065A   24270.92715278 -.00022620  00000-0  13156-2 0  1008
2 77091  53.0000 260.0000 0000000   0.0000 290.0000 15.08800857374580
STARLINK-2162
1 74669U 98065A   24270.92715278 -.00022620  00000-0  13156-2 0  1005
2 74669  53.0000 260.0000 0000000   0.0000 306.3636 15.08800857672520
STARLINK-2163
1 56881U 98065A   24270.92715278 -.00022620  00000-0  13156-2 0  1003
2 56881  53.0000 260.0000 0000000   0.0000 322.7273 15.08800857862134
STARLINK-2164
1 45898U 98065A   24270.92715278 -.00022620  00000-0  13156-2 0  1006
2 45898  53.0000 260.0000 0000000   0.0000 339.0909 15.08800857675442
STARLINK-2165
1 10883U 98065A   24270.92715278 -.00022620  00000-0  13156-2 0  1008
2 10883  53.0000 260.0000 0000000   0.0000 355.4545 15.08800857360338
STARLINK-2166
1 71515U 98065A   24270.92715278 -.00022620  00000-0  13156-2 0  1004
2 71515  53.0000 265.0000 0000000   0.0000  12.0455 15.08800857231314
STARLINK-2167
1 66084U 98065A   24270.92715278 -.00022620  00000-0  13156-2 0  1008
2 66084  53.0000 265.0000 0000000   0.0000  28.4091 15.08800857925792
STARLINK-2168
1 67595U 98065A   24270.92715278 -.00022620  00000-0  13156-2 0  1002
2 67595  53.0000 265.0000 0000000   0.0000  44.7727 15.08800857562790
STARLINK-2169
1 28795U 98065A   24270.92715278 -.00022620  00000-0  13156-2 0  1003
2 28795  53.0000 265.0000 0000000   0.0000  61.1364 15.08800857520253
STARLINK-2170
1 33030U 98065A   24270.92715278 -.00022620  00000-0  13156-2 0  1007
2 33030  53.0000 265.0000 0000000   0.0000  77.5000 15.08800857539223
STARLINK-2171
1 86088U 98065A   24270.92715278 -.00022620  00000-0  13156-2 0  1000
2 86088  53.0000 265.0000 0000000   0.0000  93.8636 15.08800857654847
STARLINK-2172
1 64797U 98065A   24270.92715278 -.00022620  00000-0  13156-2 0  1006
2 64797  53.0000 265.0000 0000000   0.0000 110.2273 15.08800857668616
STARLINK-2173
1 83133U 98065A   24270.92715278 -.00022620  00000-0  13156-2 0  1002
2 83133  53.0000 265.0000 0000000   0.0000 126.5909 15.08800857711692
STARLINK-2174
1 18409U 98065A   24270.92715278 -.00022620  00000-0  13156-2 0  1003
2 18409  53.0000 265.0000 0000000   0.0000 142.9545 15.08800857241381
STARLINK-2175
1 29674U 98065A   24270.92715278 -.00022620  00000-0  13156-2 0  1008
2 29674  53.0000 265.0000 0000000   0.0000 159.3182 15.08800857407074
STARLINK-2176
1 71281U 98065A   24270.92715278 -.00022620  00000-0  13156-2 0  1007
2 71281  53.0000 265.0000 0000000   0.0000 175.6818 15.08800857760762
STARLINK-2177
1 37615U 98065A   24270.92715278 -.00022620  00000-0  13156-2 0  1008
2 37615  53.0000 265.0000 0000000   0.0000 192.0455 15.08800857533526
STARLINK-2178
1 13972U 98065A   24270.92715278 -.00022620  00000-0  13156-2 0  1003
2 13972  53.0000 265.0000 0000000   0.0000 208.4091 15.08800857379266
STARLINK-2179
1 60161U 98065A   24270.92715278 -.00022620  00000-0  13156-2 0  1007
2 60161  53.0000 265.0000 0000000   0.0000 224.7727 15.08800857773571
STARLINK-2180
1 80400U 98065A   24270.92715278 -.00022620  00000-0  13156-2 0  1002
2 80400  53.0000 265.0000 0000000   0.0000 241.1364 15.08800857146242
STARLINK-2181
1 41433U 98065A   24270.92715278 -.00022620  00000-0  13156-2 0  1006
2 41433  53.0000 265.0000 0000000   0.0000 257.5000 15.08800857941564
STARLINK-2182
1 95833U 98065A   24270.92715278 -.00022620  00000-0  13156-2 0  1000
2 95833  53.0000 265.0000 0000000   0.0000 273.8636 15.08800857585678
STARLINK-2183
1 17659U 98065A   24270.92715278 -.00022620  00000-0  13156-2 0  1007
2 17659  53.0000 265.0000 0000000   0.0000 290.2273 15.08800857991186
STARLINK-2184
1 23460U 98065A   24270.92715278 -.00022620  00000-0  13156-2 0  1008
2 23460  53.0000 265.0000 0000000   0.0000 306.5909 15.08800857778796
STARLINK-2185
1 23539U 98065A   24270.92715278 -.00022620  00000-0  13156-2 0  1003
2 23539  53.0000 265.0000 0000000   0.0000 322.9545 15.08800857767516
STARLINK-2186
1 87291U 98065A   24270.92715278 -.00022620  00000-0  13156-2 0  1005
2 87291  53.0000 265.0000 0000000   0.0000 339.3182 15.08800857447327
STARLINK-2187
1 48690U 98065A   24270.92715278 -.00022620  00000-0  13156-2 0  1004
2 48690  53.0000 265.0000 0000000   0.0000 355.6818 15.08800857860035
STARLINK-2188
1 72239U 98065A   24270.92715278 -.00022620  00000-0  13156-2 0  1006
2 72239  53.0000 270.0000 0000000   0.0000  12.2727 15.08800857182854
STARLINK-2189
1 79121U 98065A   24270.92715278 -.00022620  00000-0  13156-2 0  1008
2 79121  53.0000 270.0000 0000000   0.0000  28.6364 15.08800857953897
STARLINK-2190
1 93544U 98065A   24270.92715278 -.00022620  00000-0  13156-2 0  1002
2 93544  53.0000 270.0000 0000000   0.0000  45.0000 15.08800857888347
STARLINK-2191
1 81491U 98065A   24270.92715278 -.00022620  00000-0  13156-2 0  1006
2 81491  53.0000 270.0000 0000000   0.0000  61.3636 15.08800857512074
STARLINK-2192
1 40595U 98065A   24270.92715278 -.00022620  00000-0  13156-2 0  1003
2 40595  53.0000 270.0000 0000000   0.0000  77.7273 15.08800857290143
STARLINK-2193
1 49164U 98065A   24270.92715278 -.00022620  00000-0  13156-2 0  1008
2 49164  53.0000 270.0000 0000000   0.0000  94.0909 15.08800857409555
STARLINK-2194
1 24648U 98065A   24270.92715278 -.00022620  00000-0  13156-2 0  1006
2 24648  53.0000 270.0000 0000000   0.0000 110.4545 15.08800857896370
STARLINK-2195
1 56808U 98065A   24270.92715278 -.00022620  00000-0  13156-2 0  1006
2 56808  53.0000 270.0000 0000000   0.0000 126.8182 15.08800857436627
STARLINK-2196
1 31286U 98065A   24270.92715278 -.00022620  00000-0  13156-2 0  1003
2 31286  53.0000 270.0000 0000000   0.0000 143.1818 15.08800857984030
STARLINK-2197
1 88608U 98065A   24270.92715278 -.00022620  00000-0  13156-2 0  1002
2 88608  53.0000 270.0000 0000000   0.0000 159.5455 15.08800857663572
STARLINK-2198
1 81057U 98065A   24270.92715278 -.00022620  00000-0  13156-2 0  1007
2 81057  53.0000 270.0000 0000000   0.0000 175.9091 15.08800857803214
STARLINK-2199
1 42207U 98065A   24270.92715278 -.00022620  00000-0  13156-2 0  1001
2 42207  53.0000 270.0000 0000000   0.0000 192.2727 15.08800857884057
STARLINK-2200
1 39636U 98065A   24270.92715278 -.00022620  00000-0  13156-2 0  1001
2 39636  53.0000 270.0000 0000000   0.0000 208.6364 15.08800857653352
STARLINK-2201
1 71881U 98065A   24270.92715278 -.00022620  00000-0  13156-2 0  1003
2 71881  53.0000 270.0000 0000000   0.0000 225.0000 15.08800857640902
STARLINK-2202
1 87495U 98065A   24270.92715278 -.00022620  00000-0  13156-2 0  1006
2 87495  53.0000 270.0000 0000000   0.0000 241.3636 15.08800857272610
STARLINK-2203
1 76175U 98065A   24270.92715278 -.00022620  00000-0  13156-2 0  1004
2 76175  53.0000 270.0000 0000000   0.0000 257.7273 15.08800857624758
STARLINK-2204
1 50768U 98065A   24270.92715278 -.00022620  00000-0  13156-2 0  1002
2 50768  53.0000 270.0000 0000000   0.0000 274.0909 15.08800857527987
STARLINK-2205
1 27705U 98065A   24270.92715278 -.00022620  00000-0  13156-2 0  1000
2 27705  53.0000 270.0000 0000000   0.0000 290.4545 15.08800857457013
STARLINK-2206
1 70713U 98065A   24270.92715278 -.00022620  00000-0  13156-2 0  1007
2 70713  53.0000 270.0000 0000000   0.0000 306.8182 15.08800857922152
STARLINK-2207
1 70712U 98065A   24270.92715278 -.00022620  00000-0  13156-2 0  1008
2 70712  53.0000 270.0000 0000000   0.0000 323.1818 15.08800857697266
STARLINK-2208
1 38636U 98065A   24270.92715278 -.00022620  00000-0  13156-2 0  1003
2 38636  53.0000 270.0000 0000000   0.0000 339.5455 15.08800857152122
STARLINK-2209
1 45251U 98065A   24270.92715278 -.00022620  00000-0  13156-2 0  1000
2 45251  53.0000 270.0000 0000000   0.0000 355.9091 15.08800857866835
STARLINK-2210
1 91531U 98065A   24270.92715278 -.00022620  00000-0  13156-2 0  1004
2 91531  53.0000 275.0000 0000000   0.0000  12.5000 15.08800857880193
STARLINK-2211
1 17660U 98065A   24270.92715278 -.00022620  00000-0  13156-2 0  1004
2 17660  53.0000 275.0000 0000000   0.0000  28.8636 15.08800857268158
STARLINK-2212
1 65437U 98065A   24270.92715278 -.00022620  00000-0  13156-2 0  1001
2 65437  53.0000 275.0000 0000000   0.0000  45.2273 15.08800857904686
STARLINK-2213
1 50591U 98065A   24270.92715278 -.00022620  00000-0  13156-2 0  1006
2 50591  53.0000 275.0000 0000000   0.0000  61.5909 15.08800857224827
STARLINK-2214
1 69362U 98065A   24270.92715278 -.00022620  00000-0  13156-2 0  1002
2 69362  53.0000 275.0000 0000000   0.0000  77.9545 15.08800857737555
STARLINK-2215
1 49683U 98065A   24270.92715278 -.00022620  00000-0  13156-2 0  1003
2 49683  53.0000 275.0000 0000000   0.0000  94.3182 15.08800857259996
STARLINK-2216
1 66269U 98065A   24270.92715278 -.00022620  00000-0  13156-2 0  1005
2 66269  53.0000 275.0000 0000000   0.0000 110.6818 15.08800857408412
STARLINK-2217
1 67084U 98065A   24270.92715278 -.00022620  00000-0  13156-2 0  1003
2 67084  53.0000 275.0000 0000000   0.0000 127.0455 15.08800857760272
STARLINK-2218
1 97904U 98065A   24270.92715278 -.00022620  00000-0  13156-2 0  1002
2 97904  53.0000 275.0000 0000000   0.0000 143.4091 15.08800857948456
STARLINK-2219
1 95513U 98065A   24270.92715278 -.00022620  00000-0  13156-2 0  1000
2 95513  53.0000 275.0000 0000000   0.0000 159.7727 15.08800857453566
STARLINK-2220
1 36260U 98065A   24270.92715278 -.00022620  00000-0  13156-2 0  1003
2 36260  53.0000 275.0000 0000000   0.0000 176.1364 15.08800857888681
STARLINK-2221
1 67247U 98065A   24270.92715278 -.00022620  00000-0  13156-2 0  1008
2 67247  53.0000 275.0000 0000000   0.0000 192.5000 15.08800857761433
STARLINK-2222
1 44562U 98065A   24270.92715278 -.00022620  00000-0  13156-2 0  1002
2 44562  53.0000 275.0000 0000000   0.0000 208.8636 15.08800857409644
STARLINK-2223
1 46962U 98065A   24270.92715278 -.00022620  00000-0  13156-2 0  1005
2 46962  53.0000 275.0000 0000000   0.0000 225.2273 15.08800857823933
STARLINK-2224
1 12666U 98065A   24270.92715278 -.00022620  00000-0  13156-2 0  1003
2 12666  53.0000 275.0000 0000000   0.0000 241.5909 15.08800857430838
STARLINK-2225
1 68060U 98065A   24270.92715278 -.00022620  00000-0  13156-2 0  1003
2 68060  53.0000 275.0000 0000000   0.0000 257.9545 15.08800857552582
STARLINK-2226
1 16107U 98065A   24270.92715278 -.00022620  00000-0  13156-2 0  1007
2 16107  53.0000 275.0000 0000000   0.0000 274.3182 15.08800857715650
STARLINK-2227
1 24262U 98065A   24270.92715278 -.00022620  00000-0  13156-2 0  1005
2 24262  53.0000 275.0000 0000000   0.0000 290.6818 15.08800857981646
STARLINK-2228
1 35507U 98065A   24270.92715278 -.00022620  00000-0  13156-2 0  1004
2 35507  53.0000 275.0000 0000000   0.0000 307.0455 15.08800857672791
STARLINK-2229
1 48275U 98065A   24270.92715278 -.00022620  00000-0  13156-2 0  1006
2 48275  53.0000 275.0000 0000000   0.0000 323.4091 15.08800857339590
STARLINK-2230
1 36016U 98065A   24270.92715278 -.00022620  00000-0  13156-2 0  1003
2 36016  53.0000 275.0000 0000000   0.0000 339.7727 15.08800857693504
STARLINK-2231
1 34081U 98065A   24270.92715278 -.00022620  00000-0  13156-2 0  1003
2 34081  53.0000 275.0000 0000000   0.0000 356.1364 15.08800857516460
STARLINK-2232
1 40112U 98065A   24270.92715278 -.00022620  00000-0  13156-2 0  1000
2 40112  53.0000 280.0000 0000000   0.0000  12.7273 15.08800857499782
STARLINK-2233
1 60679U 98065A   24270.92715278 -.00022620  00000-0  13156-2 0  1001
2 60679  53.0000 280.0000 0000000   0.0000  29.0909 15.08800857891896
STARLINK-2234
1 60914U 98065A   24270.92715278 -.00022620  00000-0  13156-2 0  1003
2 60914  53.0000 280.0000 0000000   0.0000  45.4545 15.08800857456464
STARLINK-2235
1 39384U 98065A   24270.92715278 -.00022620  00000-0  13156-2 0  1001
2 39384  53.0000 280.0000 0000000   0.0000  61.8182 15.08800857112502
STARLINK-2236
1 75952U 98065A   24270.92715278 -.00022620  00000-0  13156-2 0  1000
2 75952  53.0000 280.0000 0000000   0.0000  78.1818 15.08800857648200
STARLINK-2237
1 74233U 98065A   24270.92715278 -.00022620  00000-0  13156-2 0  1006
2 74233  53.0000 280.0000 0000000   0.0000  94.5455 15.08800857780300
STARLINK-2238
1 44937U 98065A   24270.92715278 -.00022620  00000-0  13156-2 0  1006
2 44937  53.0000 280.0000 0000000   0.0000 110.9091 15.08800857682648
STARLINK-2239
1 17680U 98065A   24270.92715278 -.00022620  00000-0  13156-2 0  1000
2 17680  53.0000 280.0000 0000000   0.0000 127.2727 15.08800857598758
STARLINK-2240
1 10099U 98065A   24270.92715278 -.00022620  00000-0  13156-2 0  1000
2 10099  53.0000 280.0000 0000000   0.0000 143.6364 15.08800857992346
STARLINK-2241
1 59920U 98065A   24270.92715278 -.00022620  00000-0  13156-2 0  1007
2 59920  53.0000 280.0000 0000000   0.0000 160.0000 15.08800857532731
STARLINK-2242
1 16211U 98065A   24270.92715278 -.00022620  00000-0  13156-2 0  1007
2 16211  53.0000 280.0000 0000000   0.0000 176.3636 15.08800857806554
STARLINK-2243
1 38913U 98065A   24270.92715278 -.00022620  00000-0  13156-2 0  1007
2 38913  53.0000 280.0000 0000000   0.0000 192.7273 15.08800857889466
STARLINK-2244
1 94534U 98065A   24270.92715278 -.00022620  00000-0  13156-2 0  1002
2 94534  53.0000 280.0000 0000000   0.0000 209.0909 15.08800857801870
STARLINK-2245
1 92841U 98065A   24270.92715278 -.00022620  00000-0  13156-2 0  1003
2 92841  53.0000 280.0000 0000000   0.0000 225.4545 15.08800857231980
STARLINK-2246
1 40275U 98065A   24270.92715278 -.00022620  00000-0  13156-2 0  1003
2 40275  53.0000 280.0000 0000000   0.0000 241.8182 15.08800857768837
STARLINK-2247
1 53531U 98065A   24270.92715278 -.00022620  00000-0  13156-2 0  1002
2 53531  53.0000 280.0000 0000000   0.0000 258.1818 15.08800857801570
STARLINK-2248
1 64092U 98065A   24270.92715278 -.00022620  00000-0  13156-2 0  1006
2 64092  53.0000 280.0000 0000000   0.0000 274.5455 15.08800857729267
STARLINK-2249
1 37940U 98065A   24270.92715278 -.00022620  00000-0  13156-2 0  1002
2 37940  53.0000 280.0000 0000000   0.0000 290.9091 15.08800857314283
STARLINK-2250
1 18056U 98065A   24270.92715278 -.00022620  00000-0  13156-2 0  1003
2 18056  53.0000 280.0000 0000000   0.0000 307.2727 15.08800857531402
STARLINK-2251
1 18112U 98065A   24270.92715278 -.00022620  00000-0  13156-2 0  1006
2 18112  53.0000 280.0000 0000000   0.0000 323.6364 15.08800857432521
STARLINK-2252
1 82777U 98065A   24270.92715278 -.00022620  00000-0  13156-2 0  1007
2 82777  53.0000 280.0000 0000000   0.0000 340.0000 15.08800857926357
STARLINK-2253
1 31300U 98065A   24270.92715278 -.00022620  00000-0  13156-2 0  1006
2 31300  53.0000 280.0000 0000000   0.0000 356.3636 15.08800857532120
STARLINK-2254
1 79621U 98065A   24270.92715278 -.00022620  00000-0  13156-2 0  1007
2 79621  53.0000 285.0000 0000000   0.0000  12.9545 15.08800857737501
STARLINK-2255
1 74656U 98065A   24270.92715278 -.00022620  00000-0  13156-2 0  1003
2 74656  53.0000 285.0000 0000000   0.0000  29.3182 15.08800857702865
STARLINK-2256
1 40146U 98065A   24270.92715278 -.00022620  00000-0  13156-2 0  1002
2 40146  53.0000 285.0000 0000000   0.0000  45.6818 15.08800857982143
STARLINK-2257
1 49801U 98065A   24270.92715278 -.00022620  00000-0  13156-2 0  1003
2 49801  53.0000 285.0000 0000000   0.0000  62.0455 15.08800857195962
STARLINK-2258
1 68016U 98065A   24270.92715278 -.00022620  00000-0  13156-2 0  1000
2 68016  53.0000 285.0000 0000000   0.0000  78.4091 15.08800857484421
STARLINK-2259
1 59334U 98065A   24270.92715278 -.00022620  00000-0  13156-2 0  1000
2 59334  53.0000 285.0000 0000000   0.0000  94.7727 15.08800857779958
STARLINK-2260
1 40394U 98065A   24270.92715278 -.00022620  00000-0  13156-2 0  1001
2 40394  53.0000 285.0000 0000000   0.0000 111.1364 15.08800857752187
STARLINK-2261
1 25876U 98065A   24270.92715278 -.00022620  00000-0  13156-2 0  1007
2 25876  53.0000 285.0000 0000000   0.0000 127.5000 15.08800857265917
STARLINK-2262
1 22969U 98065A   24270.92715278 -.00022620  00000-0  13156-2 0  1008
2 22969  53.0000 285.0000 0000000   0.0000 143.8636 15.08800857756665
STARLINK-2263
1 66752U 98065A   24270.92715278 -.00022620  00000-0  13156-2 0  1001
2 66752  53.0000 285.0000 0000000   0.0000 160.2273 15.08800857489841
STARLINK-2264
1 97616U 98065A   24270.92715278 -.00022620  00000-0  13156-2 0  1002
2 97616  53.0000 285.0000 0000000   0.0000 176.5909 15.08800857460503
STARLINK-2265
1 34856U 98065A   24270.92715278 -.00022620  00000-0  13156-2 0  1007
2 34856  53.0000 285.0000 0000000   0.0000 192.9545 15.08800857907170
STARLINK-2266
1 41889U 98065A   24270.92715278 -.00022620  00000-0  13156-2 0  1005
2 41889  53.0000 285.0000 0000000   0.0000 209.3182 15.08800857881007
STARLINK-2267
1 35402U 98065A   24270.92715278 -.00022620  00000-0  13156-2 0  1004
2 35402  53.0000 285.0000 0000000   0.0000 225.6818 15.08800857433712
STARLINK-2268
1 65686U 98065A   24270.92715278 -.00022620  00000-0  13156-2 0  1005
2 65686  53.0000 285.0000 0000000   0.0000 242.0455 15.08800857132955
STARLINK-2269
1 64077U 98065A   24270.92715278 -.00022620  00000-0  13156-2 0  1006
2 64077  53.0000 285.0000 0000000   0.0000 258.4091 15.08800857276583
STARLINK-2270
1 14015U 98065A   24270.92715278 -.00022620  00000-0  13156-2 0  1004
2 14015  53.0000 285.0000 0000000   0.0000 274.7727 15.08800857315630
STARLINK-2271
1 29733U 98065A   24270.92715278 -.00022620  00000-0  13156-2 0  1003
2 29733  53.0000 285.0000 0000000   0.0000 291.1364 15.08800857546967
STARLINK-2272
1 71255U 98065A   24270.92715278 -.00022620  00000-0  13156-2 0  1006
2 71255  53.0000 285.0000 0000000   0.0000 307.5000 15.08800857185916
STARLINK-2273
1 65199U 98065A   24270.92715278 -.00022620  00000-0  13156-2 0  1004
2 65199  53.0000 285.0000 0000000   0.0000 323.8636 15.08800857679577
STARLINK-2274
1 30618U 98065A   24270.92715278 -.00022620  00000-0  13156-2 0  1002
2 30618  53.0000 285.0000 0000000   0.0000 340.2273 15.08800857931594
STARLINK-2275
1 31931U 98065A   24270.92715278 -.00022620  00000-0  13156-2 0  1000
2 31931  53.0000 285.0000 0000000   0.0000 356.5909 15.08800857461655
STARLINK-2276
1 93103U 98065A   24270.92715278 -.00022620  00000-0  13156-2 0  1008
2 93103  53.0000 290.0000 0000000   0.0000  13.1818 15.08800857292774
STARLINK-2277
1 75235U 98065A   24270.92715278 -.00022620  00000-0  13156-2 0  1008
2 75235  53.0000 290.0000 0000000   0.0000  29.5455 15.08800857181145
STARLINK-2278
1 66728U 98065A   24270.92715278 -.00022620  00000-0  13156-2 0  1003
2 66728  53.0000 290.0000 0000000   0.0000  45.9091 15.08800857428562
STARLINK-2279
1 92720U 98065A   24270.92715278 -.00022620  00000-0  13156-2 0  1003
2 92720  53.0000 290.0000 0000000   0.0000  62.2727 15.08800857406564
STARLINK-2280
1 14969U 98065A   24270.92715278 -.00022620  00000-0  13156-2 0  1000
2 14969  53.0000 290.0000 0000000   0.0000  78.6364 15.08800857425496
STARLINK-2281
1 88100U 98065A   24270.92715278 -.00022620  00000-0  13156-2 0  1000
2 88100  53.0000 290.0000 0000000   0.0000  95.0000 15.08800857555631
STARLINK-2282
1 27690U 98065A   24270.92715278 -.00022620  00000-0  13156-2 0  1005
2 27690  53.0000 290.0000 0000000   0.0000 111.3636 15.08800857683336
STARLINK-2283
1 69847U 98065A   24270.92715278 -.00022620  00000-0  13156-2 0  1002
2 69847  53.0000 290.0000 0000000   0.0000 127.7273 15.08800857729537
STARLINK-2284
1 59783U 98065A   24270.92715278 -.00022620  00000-0  13156-2 0  1008
2 59783  53.0000 290.0000 0000000   0.0000 144.0909 15.08800857213405
STARLINK-2285
1 14757U 98065A   24270.92715278 -.00022620  00000-0  13156-2 0  1005
2 14757  53.0000 290.0000 0000000   0.0000 160.4545 15.08800857736322
STARLINK-2286
1 16403U 98065A   24270.92715278 -.00022620  00000-0  13156-2 0  1007
2 16403  53.0000 290.0000 0000000   0.0000 176.8182 15.08800857287793
STARLINK-2287
1 38228U 98065A   24270.92715278 -.00022620  00000-0  13156-2 0  1003
2 38228  53.0000 290.0000 0000000   0.0000 193.1818 15.08800857213962
STARLINK-2288
1 62214U 98065A   24270.92715278 -.00022620  00000-0  13156-2 0  1008
2 62214  53.0000 290.0000 0000000   0.0000 209.5455 15.08800857358770
STARLINK-2289
1 47976U 98065A   24270.92715278 -.00022620  00000-0  13156-2 0  1003
2 47976  53.0000 290.0000 0000000   0.0000 225.9091 15.08800857868982
STARLINK-2290
1 46863U 98065A   24270.92715278 -.00022620  00000-0  13156-2 0  1007
2 46863  53.0000 290.0000 0000000   0.0000 242.2727 15.08800857615045
STARLINK-2291
1 12253U 98065A   24270.92715278 -.00022620  00000-0  13156-2 0  1000
2 12253  53.0000 290.0000 0000000   0.0000 258.6364 15.08800857235764
STARLINK-2292
1 30909U 98065A   24270.92715278 -.00022620  00000-0  13156-2 0  1005
2 30909  53.0000 290.0000 0000000   0.0000 275.0000 15.08800857579317
STARLINK-2293
1 87349U 98065A   24270.92715278 -.00022620  00000-0  13156-2 0  1001
2 87349  53.0000 290.0000 0000000   0.0000 291.3636 15.08800857833571
STARLINK-2294
1 96513U 98065A   24270.92715278 -.00022620  00000-0  13156-2 0  1006
2 96513  53.0000 290.0000 0000000   0.0000 307.7273 15.08800857446750
STARLINK-2295
1 20791U 98065A   24270.92715278 -.00022620  00000-0  13156-2 0  1006
2 20791  53.0000 290.0000 0000000   0.0000 324.0909 15.08800857363390
STARLINK-2296
1 63174U 98065A   24270.92715278 -.00022620  00000-0  13156-2 0  1007
2 63174  53.0000 290.0000 0000000   0.0000 340.4545 15.08800857236381
STARLINK-2297
1 15910U 98065A   24270.92715278 -.00022620  00000-0  13156-2 0  1000
2 15910  53.0000 290.0000 0000000   0.0000 356.8182 15.08800857242011
STARLINK-2298
1 88150U 98065A   24270.92715278 -.00022620  00000-0  13156-2 0  1001
2 88150  53.0000 295.0000 0000000   0.0000  13.4091 15.08800857694352
STARLINK-2299
1 80330U 98065A   24270.92715278 -.00022620  00000-0  13156-2 0  1004
2 80330  53.0000 295.0000 0000000   0.0000  29.7727 15.08800857791162
STARLINK-2300
1 29881U 98065A   24270.92715278 -.00022620  00000-0  13156-2 0  1001
2 29881  53.0000 295.0000 0000000   0.0000  46.1364 15.08800857252195
STARLINK-2301
1 29989U 98065A   24270.92715278 -.00022620  00000-0  13156-2 0  1003
2 29989  53.0000 295.0000 0000000   0.0000  62.5000 15.08800857403020
STARLINK-2302
1 74942U 98065A   24270.92715278 -.00022620  00000-0  13156-2 0  1004
2 74942  53.0000 295.0000 0000000   0.0000  78.8636 15.08800857125840
STARLINK-2303
1 25660U 98065A   24270.92715278 -.00022620  00000-0  13156-2 0  1008
2 25660  53.0000 295.0000 0000000   0.0000  95.2273 15.08800857701527
STARLINK-2304
1 49695U 98065A   24270.92715278 -.00022620  00000-0  13156-2 0  1005
2 49695  53.0000 295.0000 0000000   0.0000 111.5909 15.08800857699010
STARLINK-2305
1 27891U 98065A   24270.92715278 -.00022620  00000-0  13156-2 0  1003
2 27891  53.0000 295.0000 0000000   0.0000 127.9545 15.08800857537986
STARLINK-2306
1 58800U 98065A   24270.92715278 -.00022620  00000-0  13156-2 0  1002
2 58800  53.0000 295.0000 0000000   0.0000 144.3182 15.08800857487840
STARLINK-2307
1 14373U 98065A   24270.92715278 -.00022620  00000-0  13156-2 0  1003
2 14373  53.0000 295.0000 0000000   0.0000 160.6818 15.08800857146833
STARLINK-2308
1 48718U 98065A   24270.92715278 -.00022620  00000-0  13156-2 0  1007
2 48718  53.0000 295.0000 0000000   0.0000 177.0455 15.08800857430535
STARLINK-2309
1 59617U 98065A   24270.92715278 -.00022620  00000-0  13156-2 0  1005
2 59617  53.0000 295.0000 0000000   0.0000 193.4091 15.08800857676202
STARLINK-2310
1 45372U 98065A   24270.92715278 -.00022620  00000-0  13156-2 0  1001
2 45372  53.0000 295.0000 0000000   0.0000 209.7727 15.08800857498928
STARLINK-2311
1 95365U 98065A   24270.92715278 -.00022620  00000-0  13156-2 0  1003
2 95365  53.0000 295.0000 0000000   0.0000 226.1364 15.08800857169716
STARLINK-2312
1 72484U 98065A   24270.92715278 -.00022620  00000-0  13156-2 0  1000
2 72484  53.0000 295.0000 0000000   0.0000 242.5000 15.08800857927772
STARLINK-2313
1 46790U 98065A   24270.92715278 -.00022620  00000-0  13156-2 0  1005
2 46790  53.0000 295.0000 0000000   0.0000 258.8636 15.08800857327420
STARLINK-2314
1 43657U 98065A   24270.92715278 -.00022620  00000-0  13156-2 0  1005
2 43657  53.0000 295.0000 0000000   0.0000 275.2273 15.08800857104277
STARLINK-2315
1 50706U 98065A   24270.92715278 -.00022620  00000-0  13156-2 0  1008
2 50706  53.0000 295.0000 0000000   0.0000 291.5909 15.08800857469664
STARLINK-2316
1 12460U 98065A   24270.92715278 -.00022620  00000-0  13156-2 0  1002
2 12460  53.0000 295.0000 0000000   0.0000 307.9545 15.08800857527460
STARLINK-2317
1 81188U 98065A   24270.92715278 -.00022620  00000-0  13156-2 0  1006
2 81188  53.0000 295.0000 0000000   0.0000 324.3182 15.08800857288174
STARLINK-2318
1 51689U 98065A   24270.92715278 -.00022620  00000-0  13156-2 0  1003
2 51689  53.0000 295.0000 0000000   0.0000 340.6818 15.08800857806865
STARLINK-2319
1 33699U 98065A   24270.92715278 -.00022620  00000-0  13156-2 0  1002
2 33699  53.0000 295.0000 0000000   0.0000 357.0455 15.08800857488665
STARLINK-2320
1 21929U 98065A   24270.92715278 -.00022620  00000-0  13156-2 0  1001
2 21929  53.0000 300.0000 0000000   0.0000  13.6364 15.08800857280661
STARLINK-2321
1 49047U 98065A   24270.92715278 -.00022620  00000-0  13156-2 0  1003
2 49047  53.0000 300.0000 0000000   0.0000  30.0000 15.08800857392777
STARLINK-2322
1 25544U 98065A   24270.92715278 -.00022620  00000-0  13156-2 0  1003
2 25544  53.0000 300.0000 0000000   0.0000  46.3636 15.08800857409094
STARLINK-2323
1 17553U 98065A   24270.92715278 -.00022620  00000-0  13156-2 0  1006
2 17553  53.0000 300.0000 0000000   0.0000  62.7273 15.08800857493648
STARLINK-2324
1 51720U 98065A   24270.92715278 -.00022620  00000-0  13156-2 0  1007
2 51720  53.0000 300.0000 0000000   0.0000  79.0909 15.08800857266004
STARLINK-2325
1 17099U 98065A   24270.92715278 -.00022620  00000-0  13156-2 0  1008
2 17099  53.0000 300.0000 0000000   0.0000  95.4545 15.08800857708856
STARLINK-2326
1 64087U 98065A   24270.92715278 -.00022620  00000-0  13156-2 0  1001
2 64087  53.0000 300.0000 0000000   0.0000 111.8182 15.08800857225542
STARLINK-2327
1 27109U 98065A   24270.92715278 -.00022620  00000-0  13156-2 0  1000
2 27109  53.0000 300.0000 0000000   0.0000 128.1818 15.08800857880235
STARLINK-2328
1 45404U 98065A   24270.92715278 -.00022620  00000-0  13156-2 0  1007
2 45404  53.0000 300.0000 0000000   0.0000 144.5455 15.08800857121263
STARLINK-2329
1 10354U 98065A   24270.92715278 -.00022620  00000-0  13156-2 0  1006
2 10354  53.0000 300.0000 0000000   0.0000 160.9091 15.08800857491238
STARLINK-2330
1 41357U 98065A   24270.92715278 -.00022620  00000-0  13156-2 0  1002
2 41357  53.0000 300.0000 0000000   0.0000 177.2727 15.08800857751648
STARLINK-2331
1 60007U 98065A   24270.92715278 -.00022620  00000-0  13156-2 0  1000
2 60007  53.0000 300.0000 0000000   0.0000 193.6364 15.08800857368398
STARLINK-2332
1 47563U 98065A   24270.92715278 -.00022620  00000-0  13156-2 0  1004
2 47563  53.0000 300.0000 0000000   0.0000 210.0000 15.08800857816834
STARLINK-2333
1 27031U 98065A   24270.92715278 -.00022620  00000-0  13156-2 0  1007
2 27031  53.0000 300.0000 0000000   0.0000 226.3636 15.08800857538216
STARLINK-2334
1 19355U 98065A   24270.92715278 -.00022620  00000-0  13156-2 0  1008
2 19355  53.0000 300.0000 0000000   0.0000 242.7273 15.08800857764156
STARLINK-2335
1 70573U 98065A   24270.92715278 -.00022620  00000-0  13156-2 0  1008
2 70573  53.0000 300.0000 0000000   0.0000 259.0909 15.08800857148391
STARLINK-2336
1 12021U 98065A   24270.92715278 -.00022620  00000-0  13156-2 0  1002
2 12021  53.0000 300.0000 0000000   0.0000 275.4545 15.08800857555548
STARLINK-2337
1 12635U 98065A   24270.92715278 -.00022620  00000-0  13156-2 0  1000
2 12635  53.0000 300.0000 0000000   0.0000 291.8182 15.08800857667482
STARLINK-2338
1 17264U 98065A   24270.92715278 -.00022620  00000-0  13156-2 0  1003
2 17264  53.0000 300.0000 0000000   0.0000 308.1818 15.08800857911933
STARLINK-2339
1 80321U 98065A   24270.92715278 -.00022620  00000-0  13156-2 0  1006
2 80321  53.0000 300.0000 0000000   0.0000 324.5455 15.08800857796794
STARLINK-2340
1 98414U 98065A   24270.92715278 -.00022620  00000-0  13156-2 0  1007
2 98414  53.0000 300.0000 0000000   0.0000 340.9091 15.08800857527615
STARLINK-2341
1 12571U 98065A   24270.92715278 -.00022620  00000-0  13156-2 0  1005
2 12571  53.0000 300.0000 0000000   0.0000 357.2727 15.08800857880940
STARLINK-2342
1 65845U 98065A   24270.92715278 -.00022620  00000-0  13156-2 0  1004
2 65845  53.0000 305.0000 0000000   0.0000  13.8636 15.08800857539855
STARLINK-2343
1 91188U 98065A   24270.92715278 -.00022620  00000-0  13156-2 0  1003
2 91188  53.0000 305.0000 0000000   0.0000  30.2273 15.08800857355061
STARLINK-2344
1 31322U 98065A   24270.92715278 -.00022620  00000-0  13156-2 0  1006
2 31322  53.0000 305.0000 0000000   0.0000  46.5909 15.08800857293084
STARLINK-2345
1 49805U 98065A   24270.92715278 -.00022620  00000-0  13156-2 0  1001
2 49805  53.0000 305.0000 0000000   0.0000  62.9545 15.08800857120424
STARLINK-2346
1 72389U 98065A   24270.92715278 -.00022620  00000-0  13156-2 0  1008
2 72389  53.0000 305.0000 0000000   0.0000  79.3182 15.08800857597737
STARLINK-2347
1 13777U 98065A   24270.92715278 -.00022620  00000-0  13156-2 0  1003
2 13777  53.0000 305.0000 0000000   0.0000  95.6818 15.08800857298135
STARLINK-2348
1 21954U 98065A   24270.92715278 -.00022620  00000-0  13156-2 0  1006
2 21954  53.0000 305.0000 0000000   0.0000 112.0455 15.08800857693438
STARLINK-2349
1 83927U 98065A   24270.92715278 -.00022620  00000-0  13156-2 0  1004
2 83927  53.0000 305.0000 0000000   0.0000 128.4091 15.08800857690865
STARLINK-2350
1 34682U 98065A   24270.92715278 -.00022620  00000-0  13156-2 0  1000
2 34682  53.0000 305.0000 0000000   0.0000 144.7727 15.08800857318161
STARLINK-2351
1 93903U 98065A   24270.92715278 -.00022620  00000-0  13156-2 0  1008
2 93903  53.0000 305.0000 0000000   0.0000 161.1364 15.08800857948424
STARLINK-2352
1 65757U 98065A   24270.92715278 -.00022620  00000-0  13156-2 0  1003
2 65757  53.0000 305.0000 0000000   0.0000 177.5000 15.08800857848503
STARLINK-2353
1 32639U 98065A   24270.92715278 -.00022620  00000-0  13156-2 0  1005
2 32639  53.0000 305.0000 0000000   0.0000 193.8636 15.08800857450296
STARLINK-2354
1 79404U 98065A   24270.92715278 -.00022620  00000-0  13156-2 0  1004
2 79404  53.0000 305.0000 0000000   0.0000 210.2273 15.08800857172451
STARLINK-2355
1 35709U 98065A   24270.92715278 -.00022620  00000-0  13156-2 0  1008
2 35709  53.0000 305.0000 0000000   0.0000 226.5909 15.08800857337556
STARLINK-2356
1 35290U 98065A   24270.92715278 -.00022620  00000-0  13156-2 0  1001
2 35290  53.0000 305.0000 0000000   0.0000 242.9545 15.08800857294864
STARLINK-2357
1 53137U 98065A   24270.92715278 -.00022620  00000-0  13156-2 0  1003
2 53137  53.0000 305.0000 0000000   0.0000 259.3182 15.08800857838737
STARLINK-2358
1 99399U 98065A   24270.92715278 -.00022620  00000-0  13156-2 0  1006
2 99399  53.0000 305.0000 0000000   0.0000 275.6818 15.08800857358953
STARLINK-2359
1 63037U 98065A   24270.92715278 -.00022620  00000-0  13156-2 0  1002
2 63037  53.0000 305.0000 0000000   0.0000 292.0455 15.08800857573741
STARLINK-2360
1 59103U 98065A   24270.92715278 -.00022620  00000-0  13156-2 0  1000
2 59103  53.0000 305.0000 0000000   0.0000 308.4091 15.08800857191590
STARLINK-2361
1 88130U 98065A   24270.92715278 -.00022620  00000-0  13156-2 0  1007
2 88130  53.0000 305.0000 0000000   0.0000 324.7727 15.08800857128720
STARLINK-2362
1 37685U 98065A   24270.92715278 -.00022620  00000-0  13156-2 0  1003
2 37685  53.0000 305.0000 0000000   0.0000 341.1364 15.08800857966982
STARLINK-2363
1 76011U 98065A   24270.92715278 -.00022620  00000-0  13156-2 0  1000
2 76011  53.0000 305.0000 0000000   0.0000 357.5000 15.08800857859725
STARLINK-2364
1 43827U 98065A   24270.92715278 -.00022620  00000-0  13156-2 0  1003
2 43827  53.0000 310.0000 0000000   0.0000  14.0909 15.08800857102252
STARLINK-2365
1 12084U 98065A   24270.92715278 -.00022620  00000-0  13156-2 0  1007
2 12084  53.0000 310.0000 0000000   0.0000  30.4545 15.08800857270206
STARLINK-2366
1 93348U 98065A   24270.92715278 -.00022620  00000-0  13156-2 0  1006
2 93348  53.0000 310.0000 0000000   0.0000  46.8182 15.08800857502903
STARLINK-2367
1 75601U 98065A   24270.92715278 -.00022620  00000-0  13156-2 0  1003
2 75601  53.0000 310.0000 0000000   0.0000  63.1818 15.08800857192410
STARLINK-2368
1 33768U 98065A   24270.92715278 -.00022620  00000-0  13156-2 0  1005
2 33768  53.0000 310.0000 0000000   0.0000  79.5455 15.08800857788356
STARLINK-2369
1 86198U 98065A   24270.92715278 -.00022620  00000-0  13156-2 0  1007
2 86198  53.0000 310.0000 0000000   0.0000  95.9091 15.08800857277254
STARLINK-2370
1 14829U 98065A   24270.92715278 -.00022620  00000-0  13156-2 0  1006
2 14829  53.0000 310.0000 0000000   0.0000 112.2727 15.08800857747916
STARLINK-2371
1 30575U 98065A   24270.92715278 -.00022620  00000-0  13156-2 0  1005
2 30575  53.0000 310.0000 0000000   0.0000 128.6364 15.08800857536816
STARLINK-2372
1 26738U 98065A   24270.92715278 -.00022620  00000-0  13156-2 0  1005
2 26738  53.0000 310.0000 0000000   0.0000 145.0000 15.08800857755508
STARLINK-2373
1 90000U 98065A   24270.92715278 -.00022620  00000-0  13156-2 0  1005
2 90000  53.0000 310.0000 0000000   0.0000 161.3636 15.08800857375536
STARLINK-2374
1 55325U 98065A   24270.92715278 -.00022620  00000-0  13156-2 0  1001
2 55325  53.0000 310.0000 0000000   0.0000 177.7273 15.08800857299730
STARLINK-2375
1 34012U 98065A   24270.92715278 -.00022620  00000-0  13156-2 0  1003
2 34012  53.0000 310.0000 0000000   0.0000 194.0909 15.08800857458361
STARLINK-2376
1 32640U 98065A   24270.92715278 -.00022620  00000-0  13156-2 0  1000
2 32640  53.0000 310.0000 0000000   0.0000 210.4545 15.08800857202521
STARLINK-2377
1 99126U 98065A   24270.92715278 -.00022620  00000-0  13156-2 0  1005
2 99126  53.0000 310.0000 0000000   0.0000 226.8182 15.08800857524071
STARLINK-2378
1 17614U 98065A   24270.92715278 -.00022620  00000-0  13156-2 0  1008
2 17614  53.0000 310.0000 0000000   0.0000 243.1818 15.08800857484957
STARLINK-2379
1 28881U 98065A   24270.92715278 -.00022620  00000-0  13156-2 0  1006
2 28881  53.0000 310.0000 0000000   0.0000 259.5455 15.08800857413544
STARLINK-2380
1 66192U 98065A   24270.92715278 -.00022620  00000-0  13156-2 0  1000
2 66192  53.0000 310.0000 0000000   0.0000 275.9091 15.08800857964747
STARLINK-2381
1 41866U 98065A   24270.92715278 -.00022620  00000-0  13156-2 0  1006
2 41866  53.0000 310.0000 0000000   0.0000 292.2727 15.08800857295934
STARLINK-2382
1 46325U 98065A   24270.92715278 -.00022620  00000-0  13156-2 0  1003
2 46325  53.0000 310.0000 0000000   0.0000 308.6364 15.08800857162268
STARLINK-2383
1 46182U 98065A   24270.92715278 -.00022620  00000-0  13156-2 0  1005
2 46182  53.0000 310.0000 0000000   0.0000 325.0000 15.08800857278866
STARLINK-2384
1 72553U 98065A   24270.92715278 -.00022620  00000-0  13156-2 0  1008
2 72553  53.0000 310.0000 0000000   0.0000 341.3636 15.08800857248954
STARLINK-2385
1 49405U 98065A   24270.92715278 -.00022620  00000-0  13156-2 0  1000
2 49405  53.0000 310.0000 0000000   0.0000 357.7273 15.08800857705026
STARLINK-2386
1 38230U 98065A   24270.92715278 -.00022620  00000-0  13156-2 0  1004
2 38230  53.0000 315.0000 0000000   0.0000  14.3182 15.08800857100938
STARLINK-2387
1 64666U 98065A   24270.92715278 -.00022620  00000-0  13156-2 0  1003
2 64666  53.0000 315.0000 0000000   0.0000  30.6818 15.08800857584633
STARLINK-2388
1 88619U 98065A   24270.92715278 -.00022620  00000-0  13156-2 0  1003
2 88619  53.0000 315.0000 0000000   0.0000  47.0455 15.08800857420695
STARLINK-2389
1 31497U 98065A   24270.92715278 -.00022620  00000-0  13156-2 0  1007
2 31497  53.0000 315.0000 0000000   0.0000  63.4091 15.08800857782287
STARLINK-2390
1 53122U 98065A   24270.92715278 -.00022620  00000-0  13156-2 0  1003
2 53122  53.0000 315.0000 0000000   0.0000  79.7727 15.08800857435667
STARLINK-2391
1 99688U 98065A   24270.92715278 -.00022620  00000-0  13156-2 0  1003
2 99688  53.0000 315.0000 0000000   0.0000  96.1364 15.08800857797987
STARLINK-2392
1 23616U 98065A   24270.92715278 -.00022620  00000-0  13156-2 0  1006
2 23616  53.0000 315.0000 0000000   0.0000 112.5000 15.08800857786653
STARLINK-2393
1 34016U 98065A   24270.92715278 -.00022620  00000-0  13156-2 0  1007
2 34016  53.0000 315.0000 0000000   0.0000 128.8636 15.08800857901635
STARLINK-2394
1 75896U 98065A   24270.92715278 -.00022620  00000-0  13156-2 0  1002
2 75896  53.0000 315.0000 0000000   0.0000 145.2273 15.08800857260291
STARLINK-2395
1 83190U 98065A   24270.92715278 -.00022620  00000-0  13156-2 0  1007
2 83190  53.0000 315.0000 0000000   0.0000 161.5909 15.08800857492571
STARLINK-2396
1 37656U 98065A   24270.92715278 -.00022620  00000-0  13156-2 0  1003
2 37656  53.0000 315.0000 0000000   0.0000 177.9545 15.08800857688047
STARLINK-2397
1 15970U 98065A   24270.92715278 -.00022620  00000-0  13156-2 0  1004
2 15970  53.0000 315.0000 0000000   0.0000 194.3182 15.08800857853060
STARLINK-2398
1 33816U 98065A   24270.92715278 -.00022620  00000-0  13156-2 0  1000
2 33816  53.0000 315.0000 0000000   0.0000 210.6818 15.08800857490067
STARLINK-2399
1 50089U 98065A   24270.92715278 -.00022620  00000-0  13156-2 0  1005
2 50089  53.0000 315.0000 0000000   0.0000 227.0455 15.08800857530013
STARLINK-2400
1 10502U 98065A   24270.92715278 -.00022620  00000-0  13156-2 0  1003
2 10502  53.0000 315.0000 0000000   0.0000 243.4091 15.08800857212634
STARLINK-2401
1 38551U 98065A   24270.92715278 -.00022620  00000-0  13156-2 0  1006
2 38551  53.0000 315.0000 0000000   0.0000 259.7727 15.08800857386796
STARLINK-2402
1 41793U 98065A   24270.92715278 -.00022620  00000-0  13156-2 0  1002
2 41793  53.0000 315.0000 0000000   0.0000 276.1364 15.08800857444098
STARLINK-2403
1 79974U 98065A   24270.92715278 -.00022620  00000-0  13156-2 0  1005
2 79974  53.0000 315.0000 0000000   0.0000 292.5000 15.08800857338705
STARLINK-2404
1 13631U 98065A   24270.92715278 -.00022620  00000-0  13156-2 0  1008
2 13631  53.0000 315.0000 0000000   0.0000 308.8636 15.08800857458280
STARLINK-2405
1 29428U 98065A   24270.92715278 -.00022620  00000-0  13156-2 0  1001
2 29428  53.0000 315.0000 0000000   0.0000 325.2273 15.08800857103092
STARLINK-2406
1 47416U 98065A   24270.92715278 -.00022620  00000-0  13156-2 0  1008
2 47416  53.0000 315.0000 0000000   0.0000 341.5909 15.08800857147485
STARLINK-2407
1 27965U 98065A   24270.92715278 -.00022620  00000-0  13156-2 0  1007
2 27965  53.0000 315.0000 0000000   0.0000 357.9545 15.08800857447150
STARLINK-2408
1 60114U 98065A   24270.92715278 -.00022620  00000-0  13156-2 0  1007
2 60114  53.0000 320.0000 0000000   0.0000  14.5455 15.08800857891821
STARLINK-2409
1 11202U 98065A   24270.92715278 -.00022620  00000-0  13156-2 0  1004
2 11202  53.0000 320.0000 0000000   0.0000  30.9091 15.08800857152613
STARLINK-2410
1 55233U 98065A   24270.92715278 -.00022620  00000-0  13156-2 0  1006
2 55233  53.0000 320.0000 0000000   0.0000  47.2727 15.08800857912466
STARLINK-2411
1 58612U 98065A   24270.92715278 -.00022620  00000-0  13156-2 0  1004
2 58612  53.0000 320.0000 0000000   0.0000  63.6364 15.08800857939471
STARLINK-2412
1 85199U 98065A   24270.92715278 -.00022620  00000-0  13156-2 0  1007
2 85199  53.0000 320.0000 0000000   0.0000  80.0000 15.08800857595967
STARLINK-2413
1 59159U 98065A   24270.92715278 -.00022620  00000-0  13156-2 0  1001
2 59159  53.0000 320.0000 0000000   0.0000  96.3636 15.08800857226926
STARLINK-2414
1 49608U 98065A   24270.92715278 -.00022620  00000-0  13156-2 0  1006
2 49608  53.0000 320.0000 0000000   0.0000 112.7273 15.08800857254690
STARLINK-2415
1 31994U 98065A   24270.92715278 -.00022620  00000-0  13156-2 0  1002
2 31994  53.0000 320.0000 0000000   0.0000 129.0909 15.08800857133040
STARLINK-2416
1 62973U 98065A   24270.92715278 -.00022620  00000-0  13156-2 0  1007
2 62973  53.0000 320.0000 0000000   0.0000 145.4545 15.08800857692755
STARLINK-2417
1 59261U 98065A   24270.92715278 -.00022620  00000-0  13156-2 0  1008
2 59261  53.0000 320.0000 0000000   0.0000 161.8182 15.08800857113434
STARLINK-2418
1 99102U 98065A   24270.92715278 -.00022620  00000-0  13156-2 0  1001
2 99102  53.0000 320.0000 0000000   0.0000 178.1818 15.08800857273204
STARLINK-2419
1 39568U 98065A   24270.92715278 -.00022620  00000-0  13156-2 0  1008
2 39568  53.0000 320.0000 0000000   0.0000 194.5455 15.08800857869888
STARLINK-2420
1 18691U 98065A   24270.92715278 -.00022620  00000-0  13156-2 0  1006
2 18691  53.0000 320.0000 0000000   0.0000 210.9091 15.08800857107864
STARLINK-2421
1 32307U 98065A   24270.92715278 -.00022620  00000-0  13156-2 0  1001
2 32307  53.0000 320.0000 0000000   0.0000 227.2727 15.08800857916362
STARLINK-2422
1 76998U 98065A   24270.92715278 -.00022620  00000-0  13156-2 0  1000
2 76998  53.0000 320.0000 0000000   0.0000 243.6364 15.08800857226591
STARLINK-2423
1 50160U 98065A   24270.92715278 -.00022620  00000-0  13156-2 0  1008
2 50160  53.0000 320.0000 0000000   0.0000 260.0000 15.08800857394543
STARLINK-2424
1 50417U 98065A   24270.92715278 -.00022620  00000-0  13156-2 0  1008
2 50417  53.0000 320.0000 0000000   0.0000 276.3636 15.08800857818138
STARLINK-2425
1 75626U 98065A   24270.92715278 -.00022620  00000-0  13156-2 0  1007
2 75626  53.0000 320.0000 0000000   0.0000 292.7273 15.08800857202343
STARLINK-2426
1 89891U 98065A   24270.92715278 -.00022620  00000-0  13156-2 0  1007
2 89891  53.0000 320.0000 0000000   0.0000 309.0909 15.08800857675492
STARLINK-2427
1 46600U 98065A   24270.92715278 -.00022620  00000-0  13156-2 0  1006
2 46600  53.0000 320.0000 0000000   0.0000 325.4545 15.08800857414426
STARLINK-2428
1 35397U 98065A   24270.92715278 -.00022620  00000-0  13156-2 0  1008
2 35397  53.0000 320.0000 0000000   0.0000 341.8182 15.08800857359185
STARLINK-2429
1 49831U 98065A   24270.92715278 -.00022620  00000-0  13156-2 0  1000
2 49831  53.0000 320.0000 0000000   0.0000 358.1818 15.08800857661723
STARLINK-2430
1 72893U 98065A   24270.92715278 -.00022620  00000-0  13156-2 0  1005
2 72893  53.0000 325.0000 0000000   0.0000  14.7727 15.08800857601117
STARLINK-2431
1 67341U 98065A   24270.92715278 -.00022620  00000-0  13156-2 0  1004
2 67341  53.0000 325.0000 0000000   0.0000  31.1364 15.08800857718025
STARLINK-2432
1 38192U 98065A   24270.92715278 -.00022620  00000-0  13156-2 0  1002
2 38192  53.0000 325.0000 0000000   0.0000  47.5000 15.08800857533501
STARLINK-2433
1 30787U 98065A   24270.92715278 -.00022620  00000-0  13156-2 0  1006
2 30787  53.0000 325.0000 0000000   0.0000  63.8636 15.08800857667902
STARLINK-2434
1 68082U 98065A   24270.92715278 -.00022620  00000-0  13156-2 0  1000
2 68082  53.0000 325.0000 0000000   0.0000  80.2273 15.08800857587954
STARLINK-2435
1 52700U 98065A   24270.92715278 -.00022620  00000-0  13156-2 0  1005
2 52700  53.0000 325.0000 0000000   0.0000  96.5909 15.08800857461078
STARLINK-2436
1 94396U 98065A   24270.92715278 -.00022620  00000-0  13156-2 0  1006
2 94396  53.0000 325.0000 0000000   0.0000 112.9545 15.08800857938707
STARLINK-2437
1 32240U 98065A   24270.92715278 -.00022620  00000-0  13156-2 0  1003
2 32240  53.0000 325.0000 0000000   0.0000 129.3182 15.08800857605160
STARLINK-2438
1 27860U 98065A   24270.92715278 -.00022620  00000-0  13156-2 0  1000
2 27860  53.0000 325.0000 0000000   0.0000 145.6818 15.08800857425606
STARLINK-2439
1 35487U 98065A   24270.92715278 -.00022620  00000-0  13156-2 0  1000
2 35487  53.0000 325.0000 0000000   0.0000 162.0455 15.08800857180576
STARLINK-2440
1 96940U 98065A   24270.92715278 -.00022620  00000-0  13156-2 0  1004
2 96940  53.0000 325.0000 0000000   0.0000 178.4091 15.08800857132850
STARLINK-2441
1 92872U 98065A   24270.92715278 -.00022620  00000-0  13156-2 0  1006
2 92872  53.0000 325.0000 0000000   0.0000 194.7727 15.08800857939115
STARLINK-2442
1 17664U 98065A   24270.92715278 -.00022620  00000-0  13156-2 0  1001
2 17664  53.0000 325.0000 0000000   0.0000 211.1364 15.08800857709756
STARLINK-2443
1 57755U 98065A   24270.92715278 -.00022620  00000-0  13156-2 0  1003
2 57755  53.0000 325.0000 0000000   0.0000 227.5000 15.08800857787513
STARLINK-2444
1 25616U 98065A   24270.92715278 -.00022620  00000-0  13156-2 0  1005
2 25616  53.0000 325.0000 0000000   0.0000 243.8636 15.08800857530493
STARLINK-2445
1 13111U 98065A   24270.92715278 -.00022620  00000-0  13156-2 0  1000
2 13111  53.0000 325.0000 0000000   0.0000 260.2273 15.08800857595157
STARLINK-2446
1 18031U 98065A   24270.92715278 -.00022620  00000-0  13156-2 0  1001
2 18031  53.0000 325.0000 0000000   0.0000 276.5909 15.08800857837346
STARLINK-2447
1 33780U 98065A   24270.92715278 -.00022620  00000-0  13156-2 0  1001
2 33780  53.0000 325.0000 0000000   0.0000 292.9545 15.08800857490792
STARLINK-2448
1 18945U 98065A   24270.92715278 -.00022620  00000-0  13156-2 0  1001
2 18945  53.0000 325.0000 0000000   0.0000 309.3182 15.08800857535971
STARLINK-2449
1 38103U 98065A   24270.92715278 -.00022620  00000-0  13156-2 0  1007
2 38103  53.0000 325.0000 0000000   0.0000 325.6818 15.08800857790548
STARLINK-2450
1 88854U 98065A   24270.92715278 -.00022620  00000-0  13156-2 0  1000
2 88854  53.0000 325.0000 0000000   0.0000 342.0455 15.08800857883862
STARLINK-2451
1 74737U 98065A   24270.92715278 -.00022620  00000-0  13156-2 0  1006
2 74737  53.0000 325.0000 0000000   0.0000 358.4091 15.08800857774611
STARLINK-2452
1 79793U 98065A   24270.92715278 -.00022620  00000-0  13156-2 0  1006
2 79793  53.0000 330.0000 0000000   0.0000  15.0000 15.08800857777417
STARLINK-2453
1 16504U 98065A   24270.92715278 -.00022620  00000-0  13156-2 0  1004
2 16504  53.0000 330.0000 0000000   0.0000  31.3636 15.08800857608832
STARLINK-2454
1 25733U 98065A   24270.92715278 -.00022620  00000-0  13156-2 0  1003
2 25733  53.0000 330.0000 0000000   0.0000  47.7273 15.08800857600558
STARLINK-2455
1 78571U 98065A   24270.92715278 -.00022620  00000-0  13156-2 0  1007
2 78571  53.0000 330.0000 0000000   0.0000  64.0909 15.08800857242455
STARLINK-2456
1 49457U 98065A   24270.92715278 -.00022620  00000-0  13156-2 0  1007
2 49457  53.0000 330.0000 0000000   0.0000  80.4545 15.08800857774637
STARLINK-2457
1 80435U 98065A   24270.92715278 -.00022620  00000-0  13156-2 0  1004
2 80435  53.0000 330.0000 0000000   0.0000  96.8182 15.08800857953627
STARLINK-2458
1 63379U 98065A   24270.92715278 -.00022620  00000-0  13156-2 0  1007
2 63379  53.0000 330.0000 0000000   0.0000 113.1818 15.08800857449415
STARLINK-2459
1 89417U 98065A   24270.92715278 -.00022620  00000-0  13156-2 0  1002
2 89417  53.0000 330.0000 0000000   0.0000 129.5455 15.08800857502020
STARLINK-2460
1 38989U 98065A   24270.92715278 -.00022620  00000-0  13156-2 0  1002
2 38989  53.0000 330.0000 0000000   0.0000 145.9091 15.08800857949257
STARLINK-2461
1 68006U 98065A   24270.92715278 -.00022620  00000-0  13156-2 0  1005
2 68006  53.0000 330.0000 0000000   0.0000 162.2727 15.08800857309992
STARLINK-2462
1 19674U 98065A   24270.92715278 -.00022620  00000-0  13156-2 0  1006
2 19674  53.0000 330.0000 0000000   0.0000 178.6364 15.08800857385076
STARLINK-2463
1 91900U 98065A   24270.92715278 -.00022620  00000-0  13156-2 0  1001
2 91900  53.0000 330.0000 0000000   0.0000 195.0000 15.08800857371881
STARLINK-2464
1 84205U 98065A   24270.92715278 -.00022620  00000-0  13156-2 0  1003
2 84205  53.0000 330.0000 0000000   0.0000 211.3636 15.08800857955476
STARLINK-2465
1 24589U 98065A   24270.92715278 -.00022620  00000-0  13156-2 0  1003
2 24589  53.0000 330.0000 0000000   0.0000 227.7273 15.08800857873140
STARLINK-2466
1 68754U 98065A   24270.92715278 -.00022620  00000-0  13156-2 0  1003
2 68754  53.0000 330.0000 0000000   0.0000 244.0909 15.08800857898254
STARLINK-2467
1 78148U 98065A   24270.92715278 -.00022620  00000-0  13156-2 0  1002
2 78148  53.0000 330.0000 0000000   0.0000 260.4545 15.08800857922602
STARLINK-2468
1 49141U 98065A   24270.92715278 -.00022620  00000-0  13156-2 0  1007
2 49141  53.0000 330.0000 0000000   0.0000 276.8182 15.08800857393003
STARLINK-2469
1 80890U 98065A   24270.92715278 -.00022620  00000-0  13156-2 0  1001
2 80890  53.0000 330.0000 0000000   0.0000 293.1818 15.08800857572485
STARLINK-2470
1 86336U 98065A   24270.92715278 -.00022620  00000-0  13156-2 0  1005
2 86336  53.0000 330.0000 0000000   0.0000 309.5455 15.08800857516444
STARLINK-2471
1 59930U 98065A   24270.92715278 -.00022620  00000-0  13156-2 0  1006
2 59930  53.0000 330.0000 0000000   0.0000 325.9091 15.08800857265791
STARLINK-2472
1 94043U 98065A   24270.92715278 -.00022620  00000-0  13156-2 0  1006
2 94043  53.0000 330.0000 0000000   0.0000 342.2727 15.08800857535765
STARLINK-2473
1 34661U 98065A   24270.92715278 -.00022620  00000-0  13156-2 0  1003
2 34661  53.0000 330.0000 0000000   0.0000 358.6364 15.08800857442550
STARLINK-2474
1 61559U 98065A   24270.92715278 -.00022620  00000-0  13156-2 0  1005
2 61559  53.0000 335.0000 0000000   0.0000  15.2273 15.08800857876362
STARLINK-2475
1 93343U 98065A   24270.92715278 -.00022620  00000-0  13156-2 0  1001
2 93343  53.0000 335.0000 0000000   0.0000  31.5909 15.08800857654944
STARLINK-2476
1 27673U 98065A   24270.92715278 -.00022620  00000-0  13156-2 0  1007
2 27673  53.0000 335.0000 0000000   0.0000  47.9545 15.08800857637182
STARLINK-2477
1 79072U 98065A   24270.92715278 -.00022620  00000-0  13156-2 0  1004
2 79072  53.0000 335.0000 0000000   0.0000  64.3182 15.08800857601437
STARLINK-2478
1 38243U 98065A   24270.92715278 -.00022620  00000-0  13156-2 0  1008
2 38243  53.0000 335.0000 0000000   0.0000  80.6818 15.08800857584644
STARLINK-2479
1 38448U 98065A   24270.92715278 -.00022620  00000-0  13156-2 0  1004
2 38448  53.0000 335.0000 0000000   0.0000  97.0455 15.08800857326945
STARLINK-2480
1 89116U 98065A   24270.92715278 -.00022620  00000-0  13156-2 0  1005
2 89116  53.0000 335.0000 0000000   0.0000 113.4091 15.08800857885381
STARLINK-2481
1 78233U 98065A   24270.92715278 -.00022620  00000-0  13156-2 0  1005
2 78233  53.0000 335.0000 0000000   0.0000 129.7727 15.08800857385056
STARLINK-2482
1 12996U 98065A   24270.92715278 -.00022620  00000-0  13156-2 0  1005
2 12996  53.0000 335.0000 0000000   0.0000 146.1364 15.08800857559388
STARLINK-2483
1 49638U 98065A   24270.92715278 -.00022620  00000-0  13156-2 0  1004
2 49638  53.0000 335.0000 0000000   0.0000 162.5000 15.08800857403088
STARLINK-2484
1 23723U 98065A   24270.92715278 -.00022620  00000-0  13156-2 0  1005
2 23723  53.0000 335.0000 0000000   0.0000 178.8636 15.08800857235830
STARLINK-2485
1 66488U 98065A   24270.92715278 -.00022620  00000-0  13156-2 0  1002
2 66488  53.0000 335.0000 0000000   0.0000 195.2273 15.08800857336912
STARLINK-2486
1 86705U 98065A   24270.92715278 -.00022620  00000-0  13156-2 0  1001
2 86705  53.0000 335.0000 0000000   0.0000 211.5909 15.08800857909978
STARLINK-2487
1 44324U 98065A   24270.92715278 -.00022620  00000-0  13156-2 0  1003
2 44324  53.0000 335.0000 0000000   0.0000 227.9545 15.08800857966351
STARLINK-2488
1 55934U 98065A   24270.92715278 -.00022620  00000-0  13156-2 0  1008
2 55934  53.0000 335.0000 0000000   0.0000 244.3182 15.08800857235872
STARLINK-2489
1 68024U 98065A   24270.92715278 -.00022620  00000-0  13156-2 0  1008
2 68024  53.0000 335.0000 0000000   0.0000 260.6818 15.08800857314613
STARLINK-2490
1 93104U 98065A   24270.92715278 -.00022620  00000-0  13156-2 0  1006
2 93104  53.0000 335.0000 0000000   0.0000 277.0455 15.08800857138643
STARLINK-2491
1 59709U 98065A   24270.92715278 -.00022620  00000-0  13156-2 0  1005
2 59709  53.0000 335.0000 0000000   0.0000 293.4091 15.08800857398123
STARLINK-2492
1 81426U 98065A   24270.92715278 -.00022620  00000-0  13156-2 0  1007
2 81426  53.0000 335.0000 0000000   0.0000 309.7727 15.08800857314547
STARLINK-2493
1 69775U 98065A   24270.92715278 -.00022620  00000-0  13156-2 0  1003
2 69775  53.0000 335.0000 0000000   0.0000 326.1364 15.08800857508563
STARLINK-2494
1 51264U 98065A   24270.92715278 -.00022620  00000-0  13156-2 0  1005
2 51264  53.0000 335.0000 0000000   0.0000 342.5000 15.08800857122423
STARLINK-2495
1 11949U 98065A   24270.92715278 -.00022620  00000-0  13156-2 0  1008
2 11949  53.0000 335.0000 0000000   0.0000 358.8636 15.08800857990473
STARLINK-2496
1 75842U 98065A   24270.92715278 -.00022620  00000-0  13156-2 0  1006
2 75842  53.0000 340.0000 0000000   0.0000  15.4545 15.08800857283293
STARLINK-2497
1 94036U 98065A   24270.92715278 -.00022620  00000-0  13156-2 0  1002
2 94036  53.0000 340.0000 0000000   0.0000  31.8182 15.08800857439332
STARLINK-2498
1 43466U 98065A   24270.92715278 -.00022620  00000-0  13156-2 0  1008
2 43466  53.0000 340.0000 0000000   0.0000  48.1818 15.08800857923162
STARLINK-2499
1 45347U 98065A   24270.92715278 -.00022620  00000-0  13156-2 0  1007
2 45347  53.0000 340.0000 0000000   0.0000  64.5455 15.08800857173562
STARLINK-2500
1 77328U 98065A   24270.92715278 -.00022620  00000-0  13156-2 0  1005
2 77328  53.0000 340.0000 0000000   0.0000  80.9091 15.08800857428240
STARLINK-2501
1 53615U 98065A   24270.92715278 -.00022620  00000-0  13156-2 0  1000
2 53615  53.0000 340.0000 0000000   0.0000  97.2727 15.08800857825566
STARLINK-2502
1 29768U 98065A   24270.92715278 -.00022620  00000-0  13156-2 0  1000
2 29768  53.0000 340.0000 0000000   0.0000 113.6364 15.08800857564764
STARLINK-2503
1 15581U 98065A   24270.92715278 -.00022620  00000-0  13156-2 0  1006
2 15581  53.0000 340.0000 0000000   0.0000 130.0000 15.08800857514257
STARLINK-2504
1 10170U 98065A   24270.92715278 -.00022620  00000-0  13156-2 0  1006
2 10170  53.0000 340.0000 0000000   0.0000 146.3636 15.08800857137198
STARLINK-2505
1 54287U 98065A   24270.92715278 -.00022620  00000-0  13156-2 0  1006
2 54287  53.0000 340.0000 0000000   0.0000 162.7273 15.08800857852115
STARLINK-2506
1 30681U 98065A   24270.92715278 -.00022620  00000-0  13156-2 0  1004
2 30681  53.0000 340.0000 0000000   0.0000 179.0909 15.08800857717070
STARLINK-2507
1 69886U 98065A   24270.92715278 -.00022620  00000-0  13156-2 0  1004
2 69886  53.0000 340.0000 0000000   0.0000 195.4545 15.08800857966552
STARLINK-2508
1 47745U 98065A   24270.92715278 -.00022620  00000-0  13156-2 0  1008
2 47745  53.0000 340.0000 0000000   0.0000 211.8182 15.08800857554448
STARLINK-2509
1 28899U 98065A   24270.92715278 -.00022620  00000-0  13156-2 0  1007
2 28899  53.0000 340.0000 0000000   0.0000 228.1818 15.08800857168581
STARLINK-2510
1 56956U 98065A   24270.92715278 -.00022620  00000-0  13156-2 0  1008
2 56956  53.0000 340.0000 0000000   0.0000 244.5455 15.08800857686477
STARLINK-2511
1 66167U 98065A   24270.92715278 -.00022620  00000-0  13156-2 0  1006
2 66167  53.0000 340.0000 0000000   0.0000 260.9091 15.08800857111528
STARLINK-2512
1 22853U 98065A   24270.92715278 -.00022620  00000-0  13156-2 0  1007
2 22853  53.0000 340.0000 0000000   0.0000 277.2727 15.08800857993311
STARLINK-2513
1 40494U 98065A   24270.92715278 -.00022620  00000-0  13156-2 0  1001
2 40494  53.0000 340.0000 0000000   0.0000 293.6364 15.08800857652050
STARLINK-2514
1 12838U 98065A   24270.92715278 -.00022620  00000-0  13156-2 0  1000
2 12838  53.0000 340.0000 0000000   0.0000 310.0000 15.08800857120490
STARLINK-2515
1 30141U 98065A   24270.92715278 -.00022620  00000-0  13156-2 0  1001
2 30141  53.0000 340.0000 0000000   0.0000 326.3636 15.08800857381738
STARLINK-2516
1 52325U 98065A   24270.92715278 -.00022620  00000-0  13156-2 0  1004
2 52325  53.0000 340.0000 0000000   0.0000 342.7273 15.08800857972812
STARLINK-2517
1 38108U 98065A   24270.92715278 -.00022620  00000-0  13156-2 0  1008
2 38108  53.0000 340.0000 0000000   0.0000 359.0909 15.08800857889993
STARLINK-2518
1 94382U 98065A   24270.92715278 -.00022620  00000-0  13156-2 0  1006
2 94382  53.0000 345.0000 0000000   0.0000  15.6818 15.08800857505243
STARLINK-2519
1 14651U 98065A   24270.92715278 -.00022620  00000-0  13156-2 0  1000
2 14651  53.0000 345.0000 0000000   0.0000  32.0455 15.08800857444362
STARLINK-2520
1 21064U 98065A   24270.92715278 -.00022620  00000-0  13156-2 0  1001
2 21064  53.0000 345.0000 0000000   0.0000  48.4091 15.08800857703068
STARLINK-2521
1 90787U 98065A   24270.92715278 -.00022620  00000-0  13156-2 0  1008
2 90787  53.0000 345.0000 0000000   0.0000  64.7727 15.08800857796517
STARLINK-2522
1 50322U 98065A   24270.92715278 -.00022620  00000-0  13156-2 0  1005
2 50322  53.0000 345.0000 0000000   0.0000  81.1364 15.08800857688857
STARLINK-2523
1 76983U 98065A   24270.92715278 -.00022620  00000-0  13156-2 0  1002
2 76983  53.0000 345.0000 0000000   0.0000  97.5000 15.08800857739724
STARLINK-2524
1 85500U 98065A   24270.92715278 -.00022620  00000-0  13156-2 0  1004
2 85500  53.0000 345.0000 0000000   0.0000 113.8636 15.08800857884740
STARLINK-2525
1 53616U 98065A   24270.92715278 -.00022620  00000-0  13156-2 0  1003
2 53616  53.0000 345.0000 0000000   0.0000 130.2273 15.08800857457072
STARLINK-2526
1 73019U 98065A   24270.92715278 -.00022620  00000-0  13156-2 0  1007
2 73019  53.0000 345.0000 0000000   0.0000 146.5909 15.08800857916488
STARLINK-2527
1 26109U 98065A   24270.92715278 -.00022620  00000-0  13156-2 0  1002
2 26109  53.0000 345.0000 0000000   0.0000 162.9545 15.08800857958358
STARLINK-2528
1 35045U 98065A   24270.92715278 -.00022620  00000-0  13156-2 0  1006
2 35045  53.0000 345.0000 0000000   0.0000 179.3182 15.08800857698000
STARLINK-2529
1 96063U 98065A   24270.92715278 -.00022620  00000-0  13156-2 0  1006
2 96063  53.0000 345.0000 0000000   0.0000 195.6818 15.08800857680975
STARLINK-2530
1 85158U 98065A   24270.92715278 -.00022620  00000-0  13156-2 0  1001
2 85158  53.0000 345.0000 0000000   0.0000 212.0455 15.08800857168123
STARLINK-2531
1 41750U 98065A   24270.92715278 -.00022620  00000-0  13156-2 0  1006
2 41750  53.0000 345.0000 0000000   0.0000 228.4091 15.08800857600082
STARLINK-2532
1 22619U 98065A   24270.92715278 -.00022620  00000-0  13156-2 0  1005
2 22619  53.0000 345.0000 0000000   0.0000 244.7727 15.08800857565765
STARLINK-2533
1 64241U 98065A   24270.92715278 -.00022620  00000-0  13156-2 0  1002
2 64241  53.0000 345.0000 0000000   0.0000 261.1364 15.08800857174931
STARLINK-2534
1 57757U 98065A   24270.92715278 -.00022620  00000-0  13156-2 0  1002
2 57757  53.0000 345.0000 0000000   0.0000 277.5000 15.08800857795763
STARLINK-2535
1 24969U 98065A   24270.92715278 -.00022620  00000-0  13156-2 0  1006
2 24969  53.0000 345.0000 0000000   0.0000 293.8636 15.08800857262868
STARLINK-2536
1 95506U 98065A   24270.92715278 -.00022620  00000-0  13156-2 0  1006
2 95506  53.0000 345.0000 0000000   0.0000 310.2273 15.08800857640955
STARLINK-2537
1 45307U 98065A   24270.92715278 -.00022620  00000-0  13156-2 0  1003
2 45307  53.0000 345.0000 0000000   0.0000 326.5909 15.08800857763976
STARLINK-2538
1 23174U 98065A   24270.92715278 -.00022620  00000-0  13156-2 0  1000
2 23174  53.0000 345.0000 0000000   0.0000 342.9545 15.08800857911252
STARLINK-2539
1 86396U 98065A   24270.92715278 -.00022620  00000-0  13156-2 0  1006
2 86396  53.0000 345.0000 0000000   0.0000 359.3182 15.08800857226662
STARLINK-2540
1 37340U 98065A   24270.92715278 -.00022620  00000-0  13156-2 0  1003
2 37340  53.0000 350.0000 0000000   0.0000  15.9091 15.08800857155565
STARLINK-2541
1 23484U 98065A   24270.92715278 -.00022620  00000-0  13156-2 0  1005
2 23484  53.0000 350.0000 0000000   0.0000  32.2727 15.08800857273177
STARLINK-2542
1 87255U 98065A   24270.92715278 -.00022620  00000-0  13156-2 0  1003
2 87255  53.0000 350.0000 0000000   0.0000  48.6364 15.08800857431015
STARLINK-2543
1 55702U 98065A   24270.92715278 -.00022620  00000-0  13156-2 0  1007
2 55702  53.0000 350.0000 0000000   0.0000  65.0000 15.08800857673643
STARLINK-2544
1 76218U 98065A   24270.92715278 -.00022620  00000-0  13156-2 0  1000
2 76218  53.0000 350.0000 0000000   0.0000  81.3636 15.08800857941552
STARLINK-2545
1 87830U 98065A   24270.92715278 -.00022620  00000-0  13156-2 0  1007
2 87830  53.0000 350.0000 0000000   0.0000  97.7273 15.08800857419046
STARLINK-2546
1 20831U 98065A   24270.92715278 -.00022620  00000-0  13156-2 0  1002
2 20831  53.0000 350.0000 0000000   0.0000 114.0909 15.08800857663078
STARLINK-2547
1 29338U 98065A   24270.92715278 -.00022620  00000-0  13156-2 0  1001
2 29338  53.0000 350.0000 0000000   0.0000 130.4545 15.08800857701416
STARLINK-2548
1 37575U 98065A   24270.92715278 -.00022620  00000-0  13156-2 0  1006
2 37575  53.0000 350.0000 0000000   0.0000 146.8182 15.08800857169341
STARLINK-2549
1 78968U 98065A   24270.92715278 -.00022620  00000-0  13156-2 0  1001
2 78968  53.0000 350.0000 0000000   0.0000 163.1818 15.08800857662000
STARLINK-2550
1 78851U 98065A   24270.92715278 -.00022620  00000-0  13156-2 0  1000
2 78851  53.0000 350.0000 0000000   0.0000 179.5455 15.08800857805998
STARLINK-2551
1 35866U 98065A   24270.92715278 -.00022620  00000-0  13156-2 0  1004
2 35866  53.0000 350.0000 0000000   0.0000 195.9091 15.08800857512312
STARLINK-2552
1 60750U 98065A   24270.92715278 -.00022620  00000-0  13156-2 0  1003
2 60750  53.0000 350.0000 0000000   0.0000 212.2727 15.08800857387784
STARLINK-2553
1 56824U 98065A   24270.92715278 -.00022620  00000-0  13156-2 0  1003
2 56824  53.0000 350.0000 0000000   0.0000 228.6364 15.08800857315456
STARLINK-2554
1 50547U 98065A   24270.92715278 -.00022620  00000-0  13156-2 0  1007
2 50547  53.0000 350.0000 0000000   0.0000 245.0000 15.08800857877890
STARLINK-2555
1 92150U 98065A   24270.92715278 -.00022620  00000-0  13156-2 0  1004
2 92150  53.0000 350.0000 0000000   0.0000 261.3636 15.08800857494335
STARLINK-2556
1 65955U 98065A   24270.92715278 -.00022620  00000-0  13156-2 0  1004
2 65955  53.0000 350.0000 0000000   0.0000 277.7273 15.08800857178180
STARLINK-2557
1 98959U 98065A   24270.92715278 -.00022620  00000-0  13156-2 0  1008
2 98959  53.0000 350.0000 0000000   0.0000 294.0909 15.08800857717235
STARLINK-2558
1 87883U 98065A   24270.92715278 -.00022620  00000-0  13156-2 0  1006
2 87883  53.0000 350.0000 0000000   0.0000 310.4545 15.08800857730663
STARLINK-2559
1 67836U 98065A   24270.92715278 -.00022620  00000-0  13156-2 0  1004
2 67836  53.0000 350.0000 0000000   0.0000 326.8182 15.08800857521837
STARLINK-2560
1 67318U 98065A   24270.92715278 -.00022620  00000-0  13156-2 0  1008
2 67318  53.0000 350.0000 0000000   0.0000 343.1818 15.08800857456091
STARLINK-2561
1 95408U 98065A   24270.92715278 -.00022620  00000-0  13156-2 0  1007
2 95408  53.0000 350.0000 0000000   0.0000 359.5455 15.08800857425194
STARLINK-2562
1 62723U 98065A   24270.92715278 -.00022620  00000-0  13156-2 0  1003
2 62723  53.0000 355.0000 0000000   0.0000  16.1364 15.08800857403051
STARLINK-2563
1 63788U 98065A   24270.92715278 -.00022620  00000-0  13156-2 0  1002
2 63788  53.0000 355.0000 0000000   0.0000  32.5000 15.08800857174822
STARLINK-2564
1 78483U 98065A   24270.92715278 -.00022620  00000-0  13156-2 0  1004
2 78483  53.0000 355.0000 0000000   0.0000  48.8636 15.08800857849797
STARLINK-2565
1 34863U 98065A   24270.92715278 -.00022620  00000-0  13156-2 0  1004
2 34863  53.0000 355.0000 0000000   0.0000  65.2273 15.08800857747104
STARLINK-2566
1 81763U 98065A   24270.92715278 -.00022620  00000-0  13156-2 0  1006
2 81763  53.0000 355.0000 0000000   0.0000  81.5909 15.08800857921351
STARLINK-2567
1 78164U 98065A   24270.92715278 -.00022620  00000-0  13156-2 0  1002
2 78164  53.0000 355.0000 0000000   0.0000  97.9545 15.08800857902398
STARLINK-2568
1 99315U 98065A   24270.92715278 -.00022620  00000-0  13156-2 0  1008
2 99315  53.0000 355.0000 0000000   0.0000 114.3182 15.08800857474656
STARLINK-2569
1 47386U 98065A   24270.92715278 -.00022620  00000-0  13156-2 0  1001
2 47386  53.0000 355.0000 0000000   0.0000 130.6818 15.08800857409147
STARLINK-2570
1 16411U 98065A   24270.92715278 -.00022620  00000-0  13156-2 0  1000
2 16411  53.0000 355.0000 0000000   0.0000 147.0455 15.08800857809438
STARLINK-2571
1 11457U 98065A   24270.92715278 -.00022620  00000-0  13156-2 0  1002
2 11457  53.0000 355.0000 0000000   0.0000 163.4091 15.08800857742295
STARLINK-2572
1 10317U 98065A   24270.92715278 -.00022620  00000-0  13156-2 0  1004
2 10317  53.0000 355.0000 0000000   0.0000 179.7727 15.08800857308384
STARLINK-2573
1 36571U 98065A   24270.92715278 -.00022620  00000-0  13156-2 0  1003
2 36571  53.0000 355.0000 0000000   0.0000 196.1364 15.08800857904602
STARLINK-2574
1 90338U 98065A   24270.92715278 -.00022620  00000-0  13156-2 0  1000
2 90338  53.0000 355.0000 0000000   0.0000 212.5000 15.08800857352835
STARLINK-2575
1 83393U 98065A   24270.92715278 -.00022620  00000-0  13156-2 0  1000
2 83393  53.0000 355.0000 0000000   0.0000 228.8636 15.08800857103614
STARLINK-2576
1 88818U 98065A   24270.92715278 -.00022620  00000-0  13156-2 0  1002
2 88818  53.0000 355.0000 0000000   0.0000 245.2273 15.08800857582195
STARLINK-2577
1 24766U 98065A   24270.92715278 -.00022620  00000-0  13156-2 0  1000
2 24766  53.0000 355.0000 0000000   0.0000 261.5909 15.08800857175397
STARLINK-2578
1 63363U 98065A   24270.92715278 -.00022620  00000-0  13156-2 0  1000
2 63363  53.0000 355.0000 0000000   0.0000 277.9545 15.08800857220503
STARLINK-2579
1 44987U 98065A   24270.92715278 -.00022620  00000-0  13156-2 0  1004
2 44987  53.0000 355.0000 0000000   0.0000 294.3182 15.08800857961446
STARLINK-2580
1 83569U 98065A   24270.92715278 -.00022620  00000-0  13156-2 0  1006
2 83569  53.0000 355.0000 0000000   0.0000 310.6818 15.08800857788090
STARLINK-2581
1 33193U 98065A   24270.92715278 -.00022620  00000-0  13156-2 0  1000
2 33193  53.0000 355.0000 0000000   0.0000 327.0455 15.08800857109931
STARLINK-2582
1 83986U 98065A   24270.92715278 -.00022620  00000-0  13156-2 0  1005
2 83986  53.0000 355.0000 0000000   0.0000 343.4091 15.08800857552994
STARLINK-2583
1 89033U 98065A   24270.92715278 -.00022620  00000-0  13156-2 0  1008
2 89033  53.0000 355.0000 0000000   0.0000 359.7727 15.08800857890646
