STARLINK-1000
1 88288U 98065A   24219.50000000 -.00022620  00000-0  13156-2 0  1005
2 88288  53.0000   0.0000 0000000   0.0000   0.0000 15.12078246292943
STARLINK-1001
1 70972U 98065A   24219.50000000 -.00022620  00000-0  13156-2 0  1005
2 70972  53.0000   0.0000 0000000   0.0000  14.4000 15.12078246236277
STARLINK-1002
1 86021U 98065A   24219.50000000 -.00022620  00000-0  13156-2 0  1007
2 86021  53.0000   0.0000 0000000   0.0000  28.8000 15.12078246510257
STARLINK-1003
1 72875U 98065A   24219.50000000 -.00022620  00000-0  13156-2 0  1000
2 72875  53.0000   0.0000 0000000   0.0000  43.2000 15.12078246425273
STARLINK-1004
1 62936U 98065A   24219.50000000 -.00022620  00000-0  13156-2 0  1006
2 62936  53.0000   0.0000 0000000   0.0000  57.6000 15.12078246788847
STARLINK-1005
1 95040U 98065A   24219.50000000 -.00022620  00000-0  13156-2 0  1005
2 95040  53.0000   0.0000 0000000   0.0000  72.0000 15.12078246955753
STARLINK-1006
1 40857U 98065A   24219.50000000 -.00022620  00000-0  13156-2 0  1000
2 40857  53.0000   0.0000 0000000   0.0000  86.4000 15.12078246100196
STARLINK-1007
1 47593U 98065A   24219.50000000 -.00022620  00000-0  13156-2 0  1002
2 47593  53.0000   0.0000 0000000   0.0000 100.8000 15.12078246927371
STARLINK-1008
1 15251U 98065A   24219.50000000 -.00022620  00000-0  13156-2 0  1004
2 15251  53.0000   0.0000 0000000   0.0000 115.2000 15.12078246140678
STARLINK-1009
1 19684U 98065A   24219.50000000 -.00022620  00000-0  13156-2 0  1007
2 19684  53.0000   0.0000 0000000   0.0000 129.6000 15.12078246792621
STARLINK-1010
1 24739U 98065A   24219.50000000 -.00022620  00000-0  13156-2 0  1000
2 24739  53.0000   0.0000 0000000   0.0000 144.0000 15.12078246707063
STARLINK-1011
1 72738U 98065A   24219.50000000 -.00022620  00000-0  13156-2 0  1008
2 72738  53.0000   0.0000 0000000   0.0000 158.4000 15.12078246766246
STARLINK-1012
1 95246U 98065A   24219.50000000 -.00022620  00000-0  13156-2 0  1000
2 95246  53.0000   0.0000 0000000   0.0000 172.8000 15.12078246737015
STARLINK-1013
1 73937U 98065A   24219.50000000 -.00022620  00000-0  13156-2 0  1008
2 73937  53.0000   0.0000 0000000   0.0000 187.2000 15.12078246701786
STARLINK-1014
1 28530U 98065A   24219.50000000 -.00022620  00000-0  13156-2 0  1004
2 28530  53.0000   0.0000 0000000   0.0000 201.6000 15.12078246630572
STARLINK-1015
1 36170U 98065A   24219.50000000 -.00022620  00000-0  13156-2 0  1001
2 36170  53.0000   0.0000 0000000   0.0000 216.0000 15.12078246154425
STARLINK-1016
1 80796U 98065A   24219.50000000 -.00022620  00000-0  13156-2 0  1006
2 80796  53.0000   0.0000 0000000   0.0000 230.4000 15.12078246877318
STARLINK-1017
1 29004U 98065A   24219.50000000 -.00022620  00000-0  13156-2 0  1004
2 29004  53.0000   0.0000 0000000   0.0000 244.8000 15.12078246829782
STARLINK-1018
1 60427U 98065A   24219.50000000 -.00022620  00000-0  13156-2 0  1000
2 60427  53.0000   0.0000 0000000   0.0000 259.2000 15.12078246154448
STARLINK-1019
1 17920U 98065A   24219.50000000 -.00022620  00000-0  13156-2 0  1005
2 17920  53.0000   0.0000 0000000   0.0000 273.6000 15.12078246382408
STARLINK-1020
1 52352U 98065A   24219.50000000 -.00022620  00000-0  13156-2 0  1002
2 52352  53.0000   0.0000 0000000   0.0000 288.0000 15.12078246545918
STARLINK-1021
1 61053U 98065A   24219.50000000 -.00022620  00000-0  13156-2 0  1006
2 61053  53.0000   0.0000 0000000   0.0000 302.4000 15.12078246797667
STARLINK-1022
1 68077U 98065A   24219.50000000 -.00022620  00000-0  13156-2 0  1008
2 68077  53.0000   0.0000 0000000   0.0000 316.8000 15.12078246504361
STARLINK-1023
1 27351U 98065A   24219.50000000 -.00022620  00000-0  13156-2 0  1002
2 27351  53.0000   0.0000 0000000   0.0000 331.2000 15.12078246912527
STARLINK-1024
1 30005U 98065A   24219.50000000 -.00022620  00000-0  13156-2 0  1001
2 30005  53.0000   0.0000 0000000   0.0000 345.6000 15.12078246468877
STARLINK-1025
1 50716U 98065A   24219.50000000 -.00022620  00000-0  13156-2 0  1001
2 50716  53.0000   4.5000 0000000   0.0000   0.1800 15.12078246610772
STARLINK-1026
1 56625U 98065A   24219.50000000 -.00022620  00000-0  13156-2 0  1003
2 56625  53.0000   4.5000 0000000   0.0000  14.5800 15.12078246548680
STARLINK-1027
1 56016U 98065A   24219.50000000 -.00022620  00000-0  13156-2 0  1008
2 56016  53.0000   4.5000 0000000   0.0000  28.9800 15.12078246810527
STARLINK-1028
1 35907U 98065A   24219.50000000 -.00022620  00000-0  13156-2 0  1000
2 35907  53.0000   4.5000 0000000   0.0000  43.3800 15.12078246183205
STARLINK-1029
1 61243U 98065A   24219.50000000 -.00022620  00000-0  13156-2 0  1002
2 61243  53.0000   4.5000 0000000   0.0000  57.7800 15.12078246615391
STARLINK-1030
1 51089U 98065A   24219.50000000 -.00022620  00000-0  13156-2 0  1003
2 51089  53.0000   4.5000 0000000   0.0000  72.1800 15.12078246360754
STARLINK-1031
1 79138U 98065A   24219.50000000 -.00022620  00000-0  13156-2 0  1006
2 79138  53.0000   4.5000 0000000   0.0000  86.5800 15.12078246430937
STARLINK-1032
1 55416U 98065A   24219.50000000 -.00022620  00000-0  13156-2 0  1004
2 55416  53.0000   4.5000 0000000   0.0000 100.9800 15.12078246824604
STARLINK-1033
1 31026U 98065A   24219.50000000 -.00022620  00000-0  13156-2 0  1005
2 31026  53.0000   4.5000 0000000   0.0000 115.3800 15.12078246526362
STARLINK-1034
1 72692U 98065A   24219.50000000 -.00022620  00000-0  13156-2 0  1002
2 72692  53.0000   4.5000 0000000   0.0000 129.7800 15.12078246757021
STARLINK-1035
1 45428U 98065A   24219.50000000 -.00022620  00000-0  13156-2 0  1006
2 45428  53.0000   4.5000 0000000   0.0000 144.1800 15.12078246902297
STARLINK-1036
1 11978U 98065A   24219.50000000 -.00022620  00000-0  13156-2 0  1006
2 11978  53.0000   4.5000 0000000   0.0000 158.5800 15.12078246571622
STARLINK-1037
1 41834U 98065A   24219.50000000 -.00022620  00000-0  13156-2 0  1004
2 41834  53.0000   4.5000 0000000   0.0000 172.9800 15.12078246271056
STARLINK-1038
1 31080U 98065A   24219.50000000 -.00022620  00000-0  13156-2 0  1007
2 31080  53.0000   4.5000 0000000   0.0000 187.3800 15.12078246672670
STARLINK-1039
1 54352U 98065A   24219.50000000 -.00022620  00000-0  13156-2 0  1002
2 54352  53.0000   4.5000 0000000   0.0000 201.7800 15.12078246343587
STARLINK-1040
1 78055U 98065A   24219.50000000 -.00022620  00000-0  13156-2 0  1001
2 78055  53.0000   4.5000 0000000   0.0000 216.1800 15.12078246170280
STARLINK-1041
1 72743U 98065A   24219.50000000 -.00022620  00000-0  13156-2 0  1008
2 72743  53.0000   4.5000 0000000   0.0000 230.5800 15.12078246998806
STARLINK-1042
1 18360U 98065A   24219.50000000 -.00022620  00000-0  13156-2 0  1006
2 18360  53.0000   4.5000 0000000   0.0000 244.9800 15.12078246156825
STARLINK-1043
1 78639U 98065A   24219.50000000 -.00022620  00000-0  13156-2 0  1007
2 78639  53.0000   4.5000 0000000   0.0000 259.3800 15.12078246532882
STARLINK-1044
1 26603U 98065A   24219.50000000 -.00022620  00000-0  13156-2 0  1008
2 26603  53.0000   4.5000 0000000   0.0000 273.7800 15.12078246875843
STARLINK-1045
1 32666U 98065A   24219.50000000 -.00022620  00000-0  13156-2 0  1000
2 32666  53.0000   4.5000 0000000   0.0000 288.1800 15.12078246269273
STARLINK-1046
1 21623U 98065A   24219.50000000 -.00022620  00000-0  13156-2 0  1008
2 21623  53.0000   4.5000 0000000   0.0000 302.5800 15.12078246840301
STARLINK-1047
1 27561U 98065A   24219.50000000 -.00022620  00000-0  13156-2 0  1003
2 27561  53.0000   4.5000 0000000   0.0000 316.9800 15.12078246459470
STARLINK-1048
1 73613U 98065A   24219.50000000 -.00022620  00000-0  13156-2 0  1006
2 73613  53.0000   4.5000 0000000   0.0000 331.3800 15.12078246202650
STARLINK-1049
1 82716U 98065A   24219.50000000 -.00022620  00000-0  13156-2 0  1003
2 82716  53.0000   4.5000 0000000   0.0000 345.7800 15.12078246673097
STARLINK-1050
1 61523U 98065A   24219.50000000 -.00022620  00000-0  13156-2 0  1001
2 61523  53.0000   9.0000 0000000   0.0000   0.3600 15.12078246900658
STARLINK-1051
1 94698U 98065A   24219.50000000 -.00022620  00000-0  13156-2 0  1000
2 94698  53.0000   9.0000 0000000   0.0000  14.7600 15.12078246579425
STARLINK-1052
1 11330U 98065A   24219.50000000 -.00022620  00000-0  13156-2 0  1006
2 11330  53.0000   9.0000 0000000   0.0000  29.1600 15.12078246545318
STARLINK-1053
1 81465U 98065A   24219.50000000 -.00022620  00000-0  13156-2 0  1002
2 81465  53.0000   9.0000 0000000   0.0000  43.5600 15.12078246747595
STARLINK-1054
1 79545U 98065A   24219.50000000 -.00022620  00000-0  13156-2 0  1005
2 79545  53.0000   9.0000 0000000   0.0000  57.9600 15.12078246984002
STARLINK-1055
1 56847U 98065A   24219.50000000 -.00022620  00000-0  13156-2 0  1001
2 56847  53.0000   9.0000 0000000   0.0000  72.3600 15.12078246174903
STARLINK-1056
1 81833U 98065A   24219.50000000 -.00022620  00000-0  13156-2 0  1000
2 81833  53.0000   9.0000 0000000   0.0000  86.7600 15.12078246796562
STARLINK-1057
1 89750U 98065A   24219.50000000 -.00022620  00000-0  13156-2 0  1005
2 89750  53.0000   9.0000 0000000   0.0000 101.1600 15.12078246289067
STARLINK-1058
1 51120U 98065A   24219.50000000 -.00022620  00000-0  13156-2 0  1004
2 51120  53.0000   9.0000 0000000   0.0000 115.5600 15.12078246280275
STARLINK-1059
1 41085U 98065A   24219.50000000 -.00022620  00000-0  13156-2 0  1004
2 41085  53.0000   9.0000 0000000   0.0000 129.9600 15.12078246533114
STARLINK-1060
1 99157U 98065A   24219.50000000 -.00022620  00000-0  13156-2 0  1003
2 99157  53.0000   9.0000 0000000   0.0000 144.3600 15.12078246685456
STARLINK-1061
1 18422U 98065A   24219.50000000 -.00022620  00000-0  13156-2 0  1005
2 18422  53.0000   9.0000 0000000   0.0000 158.7600 15.12078246275106
STARLINK-1062
1 67372U 98065A   24219.50000000 -.00022620  00000-0  13156-2 0  1001
2 67372  53.0000   9.0000 0000000   0.0000 173.1600 15.12078246692121
STARLINK-1063
1 96200U 98065A   24219.50000000 -.00022620  00000-0  13156-2 0  1006
2 96200  53.0000   9.0000 0000000   0.0000 187.5600 15.12078246534132
STARLINK-1064
1 24871U 98065A   24219.50000000 -.00022620  00000-0  13156-2 0  1006
2 24871  53.0000   9.0000 0000000   0.0000 201.9600 15.12078246878474
STARLINK-1065
1 23062U 98065A   24219.50000000 -.00022620  00000-0  13156-2 0  1005
2 23062  53.0000   9.0000 0000000   0.0000 216.3600 15.12078246638472
STARLINK-1066
1 28380U 98065A   24219.50000000 -.00022620  00000-0  13156-2 0  1001
2 28380  53.0000   9.0000 0000000   0.0000 230.7600 15.12078246333545
STARLINK-1067
1 92802U 98065A   24219.50000000 -.00022620  00000-0  13156-2 0  1001
2 92802  53.0000   9.0000 0000000   0.0000 245.1600 15.12078246162055
STARLINK-1068
1 82693U 98065A   24219.50000000 -.00022620  00000-0  13156-2 0  1003
2 82693  53.0000   9.0000 0000000   0.0000 259.5600 15.12078246881977
STARLINK-1069
1 65565U 98065A   24219.50000000 -.00022620  00000-0  13156-2 0  1005
2 65565  53.0000   9.0000 0000000   0.0000 273.9600 15.12078246318491
STARLINK-1070
1 66372U 98065A   24219.50000000 -.00022620  00000-0  13156-2 0  1005
2 66372  53.0000   9.0000 0000000   0.0000 288.3600 15.12078246624463
STARLINK-1071
1 77237U 98065A   24219.50000000 -.00022620  00000-0  13156-2 0  1001
2 77237  53.0000   9.0000 0000000   0.0000 302.7600 15.12078246156272
STARLINK-1072
1 47308U 98065A   24219.50000000 -.00022620  00000-0  13156-2 0  1005
2 47308  53.0000   9.0000 0000000   0.0000 317.1600 15.12078246993857
STARLINK-1073
1 77085U 98065A   24219.50000000 -.00022620  00000-0  13156-2 0  1001
2 77085  53.0000   9.0000 0000000   0.0000 331.5600 15.12078246254156
STARLINK-1074
1 46898U 98065A   24219.50000000 -.00022620  00000-0  13156-2 0  1007
2 46898  53.0000   9.0000 0000000   0.0000 345.9600 15.12078246445110
STARLINK-1075
1 47031U 98065A   24219.50000000 -.00022620  00000-0  13156-2 0  1005
2 47031  53.0000  13.5000 0000000   0.0000   0.5400 15.12078246929605
STARLINK-1076
1 52595U 98065A   24219.50000000 -.00022620  00000-0  13156-2 0  1006
2 52595  53.0000  13.5000 0000000   0.0000  14.9400 15.12078246799737
STARLINK-1077
1 18904U 98065A   24219.50000000 -.00022620  00000-0  13156-2 0  1005
2 18904  53.0000  13.5000 0000000   0.0000  29.3400 15.12078246700480
STARLINK-1078
1 49242U 98065A   24219.50000000 -.00022620  00000-0  13156-2 0  1001
2 49242  53.0000  13.5000 0000000   0.0000  43.7400 15.12078246706176
STARLINK-1079
1 17898U 98065A   24219.50000000 -.00022620  00000-0  13156-2 0  1002
2 17898  53.0000  13.5000 0000000   0.0000  58.1400 15.12078246231023
STARLINK-1080
1 65417U 98065A   24219.50000000 -.00022620  00000-0  13156-2 0  1002
2 65417  53.0000  13.5000 0000000   0.0000  72.5400 15.12078246423793
STARLINK-1081
1 71998U 98065A   24219.50000000 -.00022620  00000-0  13156-2 0  1004
2 71998  53.0000  13.5000 0000000   0.0000  86.9400 15.12078246534210
STARLINK-1082
1 85381U 98065A   24219.50000000 -.00022620  00000-0  13156-2 0  1006
2 85381  53.0000  13.5000 0000000   0.0000 101.3400 15.12078246876951
STARLINK-1083
1 66784U 98065A   24219.50000000 -.00022620  00000-0  13156-2 0  1000
2 66784  53.0000  13.5000 0000000   0.0000 115.7400 15.12078246990431
STARLINK-1084
1 57781U 98065A   24219.50000000 -.00022620  00000-0  13156-2 0  1001
2 57781  53.0000  13.5000 0000000   0.0000 130.1400 15.12078246363123
STARLINK-1085
1 94796U 98065A   24219.50000000 -.00022620  00000-0  13156-2 0  1001
2 94796  53.0000  13.5000 0000000   0.0000 144.5400 15.12078246367781
STARLINK-1086
1 44398U 98065A   24219.50000000 -.00022620  00000-0  13156-2 0  1008
2 44398  53.0000  13.5000 0000000   0.0000 158.9400 15.12078246434111
STARLINK-1087
1 89695U 98065A   24219.50000000 -.00022620  00000-0  13156-2 0  1005
2 89695  53.0000  13.5000 0000000   0.0000 173.3400 15.12078246116582
STARLINK-1088
1 87079U 98065A   24219.50000000 -.00022620  00000-0  13156-2 0  1000
2 87079  53.0000  13.5000 0000000   0.0000 187.7400 15.12078246285686
STARLINK-1089
1 14565U 98065A   24219.50000000 -.00022620  00000-0  13156-2 0  1004
2 14565  53.0000  13.5000 0000000   0.0000 202.1400 15.12078246721715
STARLINK-1090
1 18058U 98065A   24219.50000000 -.00022620  00000-0  13156-2 0  1002
2 18058  53.0000  13.5000 0000000   0.0000 216.5400 15.12078246200643
STARLINK-1091
1 16846U 98065A   24219.50000000 -.00022620  00000-0  13156-2 0  1000
2 16846  53.0000  13.5000 0000000   0.0000 230.9400 15.12078246302252
STARLINK-1092
1 70264U 98065A   24219.50000000 -.00022620  00000-0  13156-2 0  1001
2 70264  53.0000  13.5000 0000000   0.0000 245.3400 15.12078246389520
STARLINK-1093
1 17273U 98065A   24219.50000000 -.00022620  00000-0  13156-2 0  1000
2 17273  53.0000  13.5000 0000000   0.0000 259.7400 15.12078246799753
STARLINK-1094
1 27353U 98065A   24219.50000000 -.00022620  00000-0  13156-2 0  1000
2 27353  53.0000  13.5000 0000000   0.0000 274.1400 15.12078246206383
STARLINK-1095
1 11705U 98065A   24219.50000000 -.00022620  00000-0  13156-2 0  1008
2 11705  53.0000  13.5000 0000000   0.0000 288.5400 15.12078246429543
STARLINK-1096
1 64729U 98065A   24219.50000000 -.00022620  00000-0  13156-2 0  1008
2 64729  53.0000  13.5000 0000000   0.0000 302.9400 15.12078246868478
STARLINK-1097
1 79968U 98065A   24219.50000000 -.00022620  00000-0  13156-2 0  1007
2 79968  53.0000  13.5000 0000000   0.0000 317.3400 15.12078246433051
STARLINK-1098
1 42851U 98065A   24219.50000000 -.00022620  00000-0  13156-2 0  1003
2 42851  53.0000  13.5000 0000000   0.0000 331.7400 15.12078246991983
STARLINK-1099
1 71728U 98065A   24219.50000000 -.00022620  00000-0  13156-2 0  1001
2 71728  53.0000  13.5000 0000000   0.0000 346.1400 15.12078246762578
STARLINK-1100
1 98464U 98065A   24219.50000000 -.00022620  00000-0  13156-2 0  1001
2 98464  53.0000  18.0000 0000000   0.0000   0.7200 15.12078246243662
STARLINK-1101
1 47269U 98065A   24219.50000000 -.00022620  00000-0  13156-2 0  1005
2 47269  53.0000  18.0000 0000000   0.0000  15.1200 15.12078246537462
STARLINK-1102
1 17636U 98065A   24219.50000000 -.00022620  00000-0  13156-2 0  1002
2 17636  53.0000  18.0000 0000000   0.0000  29.5200 15.12078246190552
STARLINK-1103
1 87878U 98065A   24219.50000000 -.00022620  00000-0  13156-2 0  1007
2 87878  53.0000  18.0000 0000000   0.0000  43.9200 15.12078246801810
STARLINK-1104
1 33031U 98065A   24219.50000000 -.00022620  00000-0  13156-2 0  1004
2 33031  53.0000  18.0000 0000000   0.0000  58.3200 15.12078246958795
STARLINK-1105
1 91713U 98065A   24219.50000000 -.00022620  00000-0  13156-2 0  1000
2 91713  53.0000  18.0000 0000000   0.0000  72.7200 15.12078246433938
STARLINK-1106
1 93884U 98065A   24219.50000000 -.00022620  00000-0  13156-2 0  1002
2 93884  53.0000  18.0000 0000000   0.0000  87.1200 15.12078246803372
STARLINK-1107
1 33412U 98065A   24219.50000000 -.00022620  00000-0  13156-2 0  1003
2 33412  53.0000  18.0000 0000000   0.0000 101.5200 15.12078246457904
STARLINK-1108
1 70357U 98065A   24219.50000000 -.00022620  00000-0  13156-2 0  1005
2 70357  53.0000  18.0000 0000000   0.0000 115.9200 15.12078246172310
STARLINK-1109
1 37943U 98065A   24219.50000000 -.00022620  00000-0  13156-2 0  1001
2 37943  53.0000  18.0000 0000000   0.0000 130.3200 15.12078246225316
STARLINK-1110
1 87081U 98065A   24219.50000000 -.00022620  00000-0  13156-2 0  1005
2 87081  53.0000  18.0000 0000000   0.0000 144.7200 15.12078246201644
STARLINK-1111
1 57165U 98065A   24219.50000000 -.00022620  00000-0  13156-2 0  1000
2 57165  53.0000  18.0000 0000000   0.0000 159.1200 15.12078246580568
STARLINK-1112
1 77339U 98065A   24219.50000000 -.00022620  00000-0  13156-2 0  1005
2 77339  53.0000  18.0000 0000000   0.0000 173.5200 15.12078246202082
STARLINK-1113
1 88629U 98065A   24219.50000000 -.00022620  00000-0  13156-2 0  1002
2 88629  53.0000  18.0000 0000000   0.0000 187.9200 15.12078246622067
STARLINK-1114
1 31442U 98065A   24219.50000000 -.00022620  00000-0  13156-2 0  1007
2 31442  53.0000  18.0000 0000000   0.0000 202.3200 15.12078246504562
STARLINK-1115
1 90294U 98065A   24219.50000000 -.00022620  00000-0  13156-2 0  1002
2 90294  53.0000  18.0000 0000000   0.0000 216.7200 15.12078246121740
STARLINK-1116
1 37114U 98065A   24219.50000000 -.00022620  00000-0  13156-2 0  1005
2 37114  53.0000  18.0000 0000000   0.0000 231.1200 15.12078246257276
STARLINK-1117
1 54550U 98065A   24219.50000000 -.00022620  00000-0  13156-2 0  1000
2 54550  53.0000  18.0000 0000000   0.0000 245.5200 15.12078246195091
STARLINK-1118
1 50117U 98065A   24219.50000000 -.00022620  00000-0  13156-2 0  1004
2 50117  53.0000  18.0000 0000000   0.0000 259.9200 15.12078246569325
STARLINK-1119
1 16391U 98065A   24219.50000000 -.00022620  00000-0  13156-2 0  1002
2 16391  53.0000  18.0000 0000000   0.0000 274.3200 15.12078246283262
STARLINK-1120
1 82815U 98065A   24219.50000000 -.00022620  00000-0  13156-2 0  1007
2 82815  53.0000  18.0000 0000000   0.0000 288.7200 15.12078246998120
STARLINK-1121
1 70452U 98065A   24219.50000000 -.00022620  00000-0  13156-2 0  1002
2 70452  53.0000  18.0000 0000000   0.0000 303.1200 15.12078246593292
STARLINK-1122
1 34862U 98065A   24219.50000000 -.00022620  00000-0  13156-2 0  1004
2 34862  53.0000  18.0000 0000000   0.0000 317.5200 15.12078246237253
STARLINK-1123
1 58295U 98065A   24219.50000000 -.00022620  00000-0  13156-2 0  1001
2 58295  53.0000  18.0000 0000000   0.0000 331.9200 15.12078246260191
STARLINK-1124
1 49663U 98065A   24219.50000000 -.00022620  00000-0  13156-2 0  1001
2 49663  53.0000  18.0000 0000000   0.0000 346.3200 15.12078246632101
STARLINK-1125
1 13427U 98065A   24219.50000000 -.00022620  00000-0  13156-2 0  1008
2 13427  53.0000  22.5000 0000000   0.0000   0.9000 15.12078246293918
STARLINK-1126
1 36662U 98065A   24219.50000000 -.00022620  00000-0  13156-2 0  1004
2 36662  53.0000  22.5000 0000000   0.0000  15.3000 15.12078246928183
STARLINK-1127
1 22246U 98065A   24219.50000000 -.00022620  00000-0  13156-2 0  1004
2 22246  53.0000  22.5000 0000000   0.0000  29.7000 15.12078246849547
STARLINK-1128
1 68872U 98065A   24219.50000000 -.00022620  00000-0  13156-2 0  1008
2 68872  53.0000  22.5000 0000000   0.0000  44.1000 15.12078246317025
STARLINK-1129
1 31681U 98065A   24219.50000000 -.00022620  00000-0  13156-2 0  1008
2 31681  53.0000  22.5000 0000000   0.0000  58.5000 15.12078246248526
STARLINK-1130
1 94132U 98065A   24219.50000000 -.00022620  00000-0  13156-2 0  1001
2 94132  53.0000  22.5000 0000000   0.0000  72.9000 15.12078246133210
STARLINK-1131
1 59840U 98065A   24219.50000000 -.00022620  00000-0  13156-2 0  1008
2 59840  53.0000  22.5000 0000000   0.0000  87.3000 15.12078246776935
STARLINK-1132
1 36949U 98065A   24219.50000000 -.00022620  00000-0  13156-2 0  1000
2 36949  53.0000  22.5000 0000000   0.0000 101.7000 15.12078246322980
STARLINK-1133
1 98671U 98065A   24219.50000000 -.00022620  00000-0  13156-2 0  1006
2 98671  53.0000  22.5000 0000000   0.0000 116.1000 15.12078246322075
STARLINK-1134
1 91940U 98065A   24219.50000000 -.00022620  00000-0  13156-2 0  1001
2 91940  53.0000  22.5000 0000000   0.0000 130.5000 15.12078246244103
STARLINK-1135
1 51816U 98065A   24219.50000000 -.00022620  00000-0  13156-2 0  1006
2 51816  53.0000  22.5000 0000000   0.0000 144.9000 15.12078246712371
STARLINK-1136
1 90895U 98065A   24219.50000000 -.00022620  00000-0  13156-2 0  1007
2 90895  53.0000  22.5000 0000000   0.0000 159.3000 15.12078246836344
STARLINK-1137
1 58306U 98065A   24219.50000000 -.00022620  00000-0  13156-2 0  1001
2 58306  53.0000  22.5000 0000000   0.0000 173.7000 15.12078246971880
STARLINK-1138
1 95925U 98065A   24219.50000000 -.00022620  00000-0  13156-2 0  1002
2 95925  53.0000  22.5000 0000000   0.0000 188.1000 15.12078246131853
STARLINK-1139
1 11442U 98065A   24219.50000000 -.00022620  00000-0  13156-2 0  1003
2 11442  53.0000  22.5000 0000000   0.0000 202.5000 15.12078246750114
STARLINK-1140
1 48870U 98065A   24219.50000000 -.00022620  00000-0  13156-2 0  1007
2 48870  53.0000  22.5000 0000000   0.0000 216.9000 15.12078246504353
STARLINK-1141
1 12279U 98065A   24219.50000000 -.00022620  00000-0  13156-2 0  1004
2 12279  53.0000  22.5000 0000000   0.0000 231.3000 15.12078246620517
STARLINK-1142
1 91022U 98065A   24219.50000000 -.00022620  00000-0  13156-2 0  1006
2 91022  53.0000  22.5000 0000000   0.0000 245.7000 15.12078246264694
STARLINK-1143
1 92214U 98065A   24219.50000000 -.00022620  00000-0  13156-2 0  1005
2 92214  53.0000  22.5000 0000000   0.0000 260.1000 15.12078246830448
STARLINK-1144
1 83658U 98065A   24219.50000000 -.00022620  00000-0  13156-2 0  1008
2 83658  53.0000  22.5000 0000000   0.0000 274.5000 15.12078246607488
STARLINK-1145
1 45517U 98065A   24219.50000000 -.00022620  00000-0  13156-2 0  1006
2 45517  53.0000  22.5000 0000000   0.0000 288.9000 15.12078246673514
STARLINK-1146
1 15082U 98065A   24219.50000000 -.00022620  00000-0  13156-2 0  1005
2 15082  53.0000  22.5000 0000000   0.0000 303.3000 15.12078246627736
STARLINK-1147
1 52019U 98065A   24219.50000000 -.00022620  00000-0  13156-2 0  1004
2 52019  53.0000  22.5000 0000000   0.0000 317.7000 15.12078246365445
STARLINK-1148
1 39097U 98065A   24219.50000000 -.00022620  00000-0  13156-2 0  1004
2 39097  53.0000  22.5000 0000000   0.0000 332.1000 15.12078246242825
STARLINK-1149
1 46356U 98065A   24219.50000000 -.00022620  00000-0  13156-2 0  1006
2 46356  53.0000  22.5000 0000000   0.0000 346.5000 15.12078246313050
STARLINK-1150
1 87106U 98065A   24219.50000000 -.00022620  00000-0  13156-2 0  1001
2 87106  53.0000  27.0000 0000000   0.0000   1.0800 15.12078246783231
STARLINK-1151
1 10312U 98065A   24219.50000000 -.00022620  00000-0  13156-2 0  1008
2 10312  53.0000  27.0000 0000000   0.0000  15.4800 15.12078246490706
STARLINK-1152
1 71895U 98065A   24219.50000000 -.00022620  00000-0  13156-2 0  1007
2 71895  53.0000  27.0000 0000000   0.0000  29.8800 15.12078246413091
STARLINK-1153
1 58162U 98065A   24219.50000000 -.00022620  00000-0  13156-2 0  1007
2 58162  53.0000  27.0000 0000000   0.0000  44.2800 15.12078246824884
STARLINK-1154
1 18518U 98065A   24219.50000000 -.00022620  00000-0  13156-2 0  1007
2 18518  53.0000  27.0000 0000000   0.0000  58.6800 15.12078246147606
STARLINK-1155
1 54242U 98065A   24219.50000000 -.00022620  00000-0  13156-2 0  1004
2 54242  53.0000  27.0000 0000000   0.0000  73.0800 15.12078246404204
STARLINK-1156
1 67530U 98065A   24219.50000000 -.00022620  00000-0  13156-2 0  1005
2 67530  53.0000  27.0000 0000000   0.0000  87.4800 15.12078246926518
STARLINK-1157
1 33093U 98065A   24219.50000000 -.00022620  00000-0  13156-2 0  1007
2 33093  53.0000  27.0000 0000000   0.0000 101.8800 15.12078246508553
STARLINK-1158
1 77587U 98065A   24219.50000000 -.00022620  00000-0  13156-2 0  1006
2 77587  53.0000  27.0000 0000000   0.0000 116.2800 15.12078246103280
STARLINK-1159
1 62482U 98065A   24219.50000000 -.00022620  00000-0  13156-2 0  1008
2 62482  53.0000  27.0000 0000000   0.0000 130.6800 15.12078246899332
STARLINK-1160
1 37992U 98065A   24219.50000000 -.00022620  00000-0  13156-2 0  1001
2 37992  53.0000  27.0000 0000000   0.0000 145.0800 15.12078246265290
STARLINK-1161
1 46103U 98065A   24219.50000000 -.00022620  00000-0  13156-2 0  1003
2 46103  53.0000  27.0000 0000000   0.0000 159.4800 15.12078246598915
STARLINK-1162
1 82342U 98065A   24219.50000000 -.00022620  00000-0  13156-2 0  1000
2 82342  53.0000  27.0000 0000000   0.0000 173.8800 15.12078246921907
STARLINK-1163
1 73356U 98065A   24219.50000000 -.00022620  00000-0  13156-2 0  1005
2 73356  53.0000  27.0000 0000000   0.0000 188.2800 15.12078246177172
STARLINK-1164
1 44427U 98065A   24219.50000000 -.00022620  00000-0  13156-2 0  1003
2 44427  53.0000  27.0000 0000000   0.0000 202.6800 15.12078246465533
STARLINK-1165
1 66806U 98065A   24219.50000000 -.00022620  00000-0  13156-2 0  1001
2 66806  53.0000  27.0000 0000000   0.0000 217.0800 15.12078246720868
STARLINK-1166
1 33814U 98065A   24219.50000000 -.00022620  00000-0  13156-2 0  1002
2 33814  53.0000  27.0000 0000000   0.0000 231.4800 15.12078246569470
STARLINK-1167
1 26641U 98065A   24219.50000000 -.00022620  00000-0  13156-2 0  1005
2 26641  53.0000  27.0000 0000000   0.0000 245.8800 15.12078246512187
STARLINK-1168
1 96018U 98065A   24219.50000000 -.00022620  00000-0  13156-2 0  1007
2 96018  53.0000  27.0000 0000000   0.0000 260.2800 15.12078246304766
STARLINK-1169
1 19152U 98065A   24219.50000000 -.00022620  00000-0  13156-2 0  1008
2 19152  53.0000  27.0000 0000000   0.0000 274.6800 15.12078246451638
STARLINK-1170
1 44218U 98065A   24219.50000000 -.00022620  00000-0  13156-2 0  1000
2 44218  53.0000  27.0000 0000000   0.0000 289.0800 15.12078246796710
STARLINK-1171
1 21682U 98065A   24219.50000000 -.00022620  00000-0  13156-2 0  1002
2 21682  53.0000  27.0000 0000000   0.0000 303.4800 15.12078246439290
STARLINK-1172
1 77687U 98065A   24219.50000000 -.00022620  00000-0  13156-2 0  1002
2 77687  53.0000  27.0000 0000000   0.0000 317.8800 15.12078246325526
STARLINK-1173
1 23074U 98065A   24219.50000000 -.00022620  00000-0  13156-2 0  1006
2 23074  53.0000  27.0000 0000000   0.0000 332.2800 15.12078246144788
STARLINK-1174
1 51668U 98065A   24219.50000000 -.00022620  00000-0  13156-2 0  1002
2 51668  53.0000  27.0000 0000000   0.0000 346.6800 15.12078246706647
STARLINK-1175
1 37124U 98065A   24219.50000000 -.00022620  00000-0  13156-2 0  1002
2 37124  53.0000  31.5000 0000000   0.0000   1.2600 15.12078246945495
STARLINK-1176
1 65230U 98065A   24219.50000000 -.00022620  00000-0  13156-2 0  1001
2 65230  53.0000  31.5000 0000000   0.0000  15.6600 15.12078246785275
STARLINK-1177
1 95077U 98065A   24219.50000000 -.00022620  00000-0  13156-2 0  1002
2 95077  53.0000  31.5000 0000000   0.0000  30.0600 15.12078246931980
STARLINK-1178
1 58790U 98065A   24219.50000000 -.00022620  00000-0  13156-2 0  1008
2 58790  53.0000  31.5000 0000000   0.0000  44.4600 15.12078246175781
STARLINK-1179
1 92921U 98065A   24219.50000000 -.00022620  00000-0  13156-2 0  1008
2 92921  53.0000  31.5000 0000000   0.0000  58.8600 15.12078246531013
STARLINK-1180
1 72743U 98065A   24219.50000000 -.00022620  00000-0  13156-2 0  1006
2 72743  53.0000  31.5000 0000000   0.0000  73.2600 15.12078246660573
STARLINK-1181
1 28984U 98065A   24219.50000000 -.00022620  00000-0  13156-2 0  1007
2 28984  53.0000  31.5000 0000000   0.0000  87.6600 15.12078246697557
STARLINK-1182
1 59096U 98065A   24219.50000000 -.00022620  00000-0  13156-2 0  1000
2 59096  53.0000  31.5000 0000000   0.0000 102.0600 15.12078246363956
STARLINK-1183
1 73752U 98065A   24219.50000000 -.00022620  00000-0  13156-2 0  1005
2 73752  53.0000  31.5000 0000000   0.0000 116.4600 15.12078246971765
STARLINK-1184
1 57579U 98065A   24219.50000000 -.00022620  00000-0  13156-2 0  1006
2 57579  53.0000  31.5000 0000000   0.0000 130.8600 15.12078246790328
STARLINK-1185
1 11768U 98065A   24219.50000000 -.00022620  00000-0  13156-2 0  1001
2 11768  53.0000  31.5000 0000000   0.0000 145.2600 15.12078246174913
STARLINK-1186
1 87758U 98065A   24219.50000000 -.00022620  00000-0  13156-2 0  1007
2 87758  53.0000  31.5000 0000000   0.0000 159.6600 15.12078246997122
STARLINK-1187
1 64006U 98065A   24219.50000000 -.00022620  00000-0  13156-2 0  1008
2 64006  53.0000  31.5000 0000000   0.0000 174.0600 15.12078246153197
STARLINK-1188
1 34358U 98065A   24219.50000000 -.00022620  00000-0  13156-2 0  1001
2 34358  53.0000  31.5000 0000000   0.0000 188.4600 15.12078246494222
STARLINK-1189
1 49076U 98065A   24219.50000000 -.00022620  00000-0  13156-2 0  1008
2 49076  53.0000  31.5000 0000000   0.0000 202.8600 15.12078246214082
STARLINK-1190
1 64872U 98065A   24219.50000000 -.00022620  00000-0  13156-2 0  1004
2 64872  53.0000  31.5000 0000000   0.0000 217.2600 15.12078246751708
STARLINK-1191
1 26428U 98065A   24219.50000000 -.00022620  00000-0  13156-2 0  1002
2 26428  53.0000  31.5000 0000000   0.0000 231.6600 15.12078246988688
STARLINK-1192
1 54844U 98065A   24219.50000000 -.00022620  00000-0  13156-2 0  1008
2 54844  53.0000  31.5000 0000000   0.0000 246.0600 15.12078246497082
STARLINK-1193
1 25410U 98065A   24219.50000000 -.00022620  00000-0  13156-2 0  1004
2 25410  53.0000  31.5000 0000000   0.0000 260.4600 15.12078246215291
STARLINK-1194
1 17184U 98065A   24219.50000000 -.00022620  00000-0  13156-2 0  1005
2 17184  53.0000  31.5000 0000000   0.0000 274.8600 15.12078246914992
STARLINK-1195
1 34401U 98065A   24219.50000000 -.00022620  00000-0  13156-2 0  1000
2 34401  53.0000  31.5000 0000000   0.0000 289.2600 15.12078246908964
STARLINK-1196
1 29540U 98065A   24219.50000000 -.00022620  00000-0  13156-2 0  1006
2 29540  53.0000  31.5000 0000000   0.0000 303.6600 15.12078246480302
STARLINK-1197
1 24123U 98065A   24219.50000000 -.00022620  00000-0  13156-2 0  1003
2 24123  53.0000  31.5000 0000000   0.0000 318.0600 15.12078246863487
STARLINK-1198
1 32364U 98065A   24219.50000000 -.00022620  00000-0  13156-2 0  1007
2 32364  53.0000  31.5000 0000000   0.0000 332.4600 15.12078246504572
STARLINK-1199
1 66432U 98065A   24219.50000000 -.00022620  00000-0  13156-2 0  1006
2 66432  53.0000  31.5000 0000000   0.0000 346.8600 15.12078246789282
STARLINK-1200
1 43607U 98065A   24219.50000000 -.00022620  00000-0  13156-2 0  1008
2 43607  53.0000  36.0000 0000000   0.0000   1.4400 15.12078246531772
STARLINK-1201
1 73220U 98065A   24219.50000000 -.00022620  00000-0  13156-2 0  1005
2 73220  53.0000  36.0000 0000000   0.0000  15.8400 15.12078246481047
STARLINK-1202
1 45864U 98065A   24219.50000000 -.00022620  00000-0  13156-2 0  1004
2 45864  53.0000  36.0000 0000000   0.0000  30.2400 15.12078246884184
STARLINK-1203
1 71323U 98065A   24219.50000000 -.00022620  00000-0  13156-2 0  1000
2 71323  53.0000  36.0000 0000000   0.0000  44.6400 15.12078246750146
STARLINK-1204
1 67554U 98065A   24219.50000000 -.00022620  00000-0  13156-2 0  1000
2 67554  53.0000  36.0000 0000000   0.0000  59.0400 15.12078246401073
STARLINK-1205
1 98585U 98065A   24219.50000000 -.00022620  00000-0  13156-2 0  1003
2 98585  53.0000  36.0000 0000000   0.0000  73.4400 15.12078246378426
STARLINK-1206
1 36017U 98065A   24219.50000000 -.00022620  00000-0  13156-2 0  1003
2 36017  53.0000  36.0000 0000000   0.0000  87.8400 15.12078246764542
STARLINK-1207
1 24862U 98065A   24219.50000000 -.00022620  00000-0  13156-2 0  1008
2 24862  53.0000  36.0000 0000000   0.0000 102.2400 15.12078246140317
STARLINK-1208
1 55598U 98065A   24219.50000000 -.00022620  00000-0  13156-2 0  1005
2 55598  53.0000  36.0000 0000000   0.0000 116.6400 15.12078246907884
STARLINK-1209
1 47612U 98065A   24219.50000000 -.00022620  00000-0  13156-2 0  1006
2 47612  53.0000  36.0000 0000000   0.0000 131.0400 15.12078246933606
STARLINK-1210
1 91245U 98065A   24219.50000000 -.00022620  00000-0  13156-2 0  1001
2 91245  53.0000  36.0000 0000000   0.0000 145.4400 15.12078246301068
STARLINK-1211
1 62259U 98065A   24219.50000000 -.00022620  00000-0  13156-2 0  1001
2 62259  53.0000  36.0000 0000000   0.0000 159.8400 15.12078246245280
STARLINK-1212
1 43263U 98065A   24219.50000000 -.00022620  00000-0  13156-2 0  1008
2 43263  53.0000  36.0000 0000000   0.0000 174.2400 15.12078246612283
STARLINK-1213
1 11999U 98065A   24219.50000000 -.00022620  00000-0  13156-2 0  1008
2 11999  53.0000  36.0000 0000000   0.0000 188.6400 15.12078246800590
STARLINK-1214
1 92372U 98065A   24219.50000000 -.00022620  00000-0  13156-2 0  1004
2 92372  53.0000  36.0000 0000000   0.0000 203.0400 15.12078246670370
STARLINK-1215
1 23705U 98065A   24219.50000000 -.00022620  00000-0  13156-2 0  1001
2 23705  53.0000  36.0000 0000000   0.0000 217.4400 15.12078246135685
STARLINK-1216
1 81203U 98065A   24219.50000000 -.00022620  00000-0  13156-2 0  1001
2 81203  53.0000  36.0000 0000000   0.0000 231.8400 15.12078246397620
STARLINK-1217
1 45211U 98065A   24219.50000000 -.00022620  00000-0  13156-2 0  1003
2 45211  53.0000  36.0000 0000000   0.0000 246.2400 15.12078246472642
STARLINK-1218
1 69001U 98065A   24219.50000000 -.00022620  00000-0  13156-2 0  1004
2 69001  53.0000  36.0000 0000000   0.0000 260.6400 15.12078246334381
STARLINK-1219
1 99258U 98065A   24219.50000000 -.00022620  00000-0  13156-2 0  1006
2 99258  53.0000  36.0000 0000000   0.0000 275.0400 15.12078246542945
STARLINK-1220
1 56435U 98065A   24219.50000000 -.00022620  00000-0  13156-2 0  1000
2 56435  53.0000  36.0000 0000000   0.0000 289.4400 15.12078246528151
STARLINK-1221
1 83111U 98065A   24219.50000000 -.00022620  00000-0  13156-2 0  1002
2 83111  53.0000  36.0000 0000000   0.0000 303.8400 15.12078246412280
STARLINK-1222
1 52062U 98065A   24219.50000000 -.00022620  00000-0  13156-2 0  1003
2 52062  53.0000  36.0000 0000000   0.0000 318.2400 15.12078246758110
STARLINK-1223
1 67771U 98065A   24219.50000000 -.00022620  00000-0  13156-2 0  1000
2 67771  53.0000  36.0000 0000000   0.0000 332.6400 15.12078246592097
STARLINK-1224
1 78816U 98065A   24219.50000000 -.00022620  00000-0  13156-2 0  1007
2 78816  53.0000  36.0000 0000000   0.0000 347.0400 15.12078246900002
STARLINK-1225
1 81715U 98065A   24219.50000000 -.00022620  00000-0  13156-2 0  1003
2 81715  53.0000  40.5000 0000000   0.0000   1.6200 15.12078246153954
STARLINK-1226
1 10147U 98065A   24219.50000000 -.00022620  00000-0  13156-2 0  1002
2 10147  53.0000  40.5000 0000000   0.0000  16.0200 15.12078246423406
STARLINK-1227
1 44922U 98065A   24219.50000000 -.00022620  00000-0  13156-2 0  1005
2 44922  53.0000  40.5000 0000000   0.0000  30.4200 15.12078246854735
STARLINK-1228
1 16647U 98065A   24219.50000000 -.00022620  00000-0  13156-2 0  1000
2 16647  53.0000  40.5000 0000000   0.0000  44.8200 15.12078246240466
STARLINK-1229
1 42878U 98065A   24219.50000000 -.00022620  00000-0  13156-2 0  1008
2 42878  53.0000  40.5000 0000000   0.0000  59.2200 15.12078246159411
STARLINK-1230
1 44492U 98065A   24219.50000000 -.00022620  00000-0  13156-2 0  1003
2 44492  53.0000  40.5000 0000000   0.0000  73.6200 15.12078246260140
STARLINK-1231
1 90032U 98065A   24219.50000000 -.00022620  00000-0  13156-2 0  1004
2 90032  53.0000  40.5000 0000000   0.0000  88.0200 15.12078246686670
STARLINK-1232
1 77802U 98065A   24219.50000000 -.00022620  00000-0  13156-2 0  1008
2 77802  53.0000  40.5000 0000000   0.0000 102.4200 15.12078246486122
STARLINK-1233
1 20766U 98065A   24219.50000000 -.00022620  00000-0  13156-2 0  1001
2 20766  53.0000  40.5000 0000000   0.0000 116.8200 15.12078246320052
STARLINK-1234
1 40248U 98065A   24219.50000000 -.00022620  00000-0  13156-2 0  1000
2 40248  53.0000  40.5000 0000000   0.0000 131.2200 15.12078246142801
STARLINK-1235
1 45939U 98065A   24219.50000000 -.00022620  00000-0  13156-2 0  1002
2 45939  53.0000  40.5000 0000000   0.0000 145.6200 15.12078246707555
STARLINK-1236
1 36780U 98065A   24219.50000000 -.00022620  00000-0  13156-2 0  1001
2 36780  53.0000  40.5000 0000000   0.0000 160.0200 15.12078246363142
STARLINK-1237
1 73579U 98065A   24219.50000000 -.00022620  00000-0  13156-2 0  1008
2 73579  53.0000  40.5000 0000000   0.0000 174.4200 15.12078246316936
STARLINK-1238
1 17096U 98065A   24219.50000000 -.00022620  00000-0  13156-2 0  1005
2 17096  53.0000  40.5000 0000000   0.0000 188.8200 15.12078246509777
STARLINK-1239
1 22428U 98065A   24219.50000000 -.00022620  00000-0  13156-2 0  1003
2 22428  53.0000  40.5000 0000000   0.0000 203.2200 15.12078246676911
STARLINK-1240
1 84085U 98065A   24219.50000000 -.00022620  00000-0  13156-2 0  1003
2 84085  53.0000  40.5000 0000000   0.0000 217.6200 15.12078246523111
STARLINK-1241
1 52143U 98065A   24219.50000000 -.00022620  00000-0  13156-2 0  1004
2 52143  53.0000  40.5000 0000000   0.0000 232.0200 15.12078246641595
STARLINK-1242
1 85794U 98065A   24219.50000000 -.00022620  00000-0  13156-2 0  1008
2 85794  53.0000  40.5000 0000000   0.0000 246.4200 15.12078246281656
STARLINK-1243
1 38055U 98065A   24219.50000000 -.00022620  00000-0  13156-2 0  1002
2 38055  53.0000  40.5000 0000000   0.0000 260.8200 15.12078246412864
STARLINK-1244
1 23282U 98065A   24219.50000000 -.00022620  00000-0  13156-2 0  1006
2 23282  53.0000  40.5000 0000000   0.0000 275.2200 15.12078246516676
STARLINK-1245
1 23336U 98065A   24219.50000000 -.00022620  00000-0  13156-2 0  1003
2 23336  53.0000  40.5000 0000000   0.0000 289.6200 15.12078246769788
STARLINK-1246
1 56600U 98065A   24219.50000000 -.00022620  00000-0  13156-2 0  1005
2 56600  53.0000  40.5000 0000000   0.0000 304.0200 15.12078246635203
STARLINK-1247
1 97441U 98065A   24219.50000000 -.00022620  00000-0  13156-2 0  1005
2 97441  53.0000  40.5000 0000000   0.0000 318.4200 15.12078246812844
STARLINK-1248
1 50465U 98065A   24219.50000000 -.00022620  00000-0  13156-2 0  1005
2 50465  53.0000  40.5000 0000000   0.0000 332.8200 15.12078246279553
STARLINK-1249
1 11346U 98065A   24219.50000000 -.00022620  00000-0  13156-2 0  1008
2 11346  53.0000  40.5000 0000000   0.0000 347.2200 15.12078246895784
STARLINK-1250
1 55130U 98065A   24219.50000000 -.00022620  00000-0  13156-2 0  1007
2 55130  53.0000  45.0000 0000000   0.0000   1.8000 15.12078246734752
STARLINK-1251
1 27877U 98065A   24219.50000000 -.00022620  00000-0  13156-2 0  1008
2 27877  53.0000  45.0000 0000000   0.0000  16.2000 15.12078246268766
STARLINK-1252
1 45952U 98065A   24219.50000000 -.00022620  00000-0  13156-2 0  1001
2 45952  53.0000  45.0000 0000000   0.0000  30.6000 15.12078246160437
STARLINK-1253
1 66288U 98065A   24219.50000000 -.00022620  00000-0  13156-2 0  1005
2 66288  53.0000  45.0000 0000000   0.0000  45.0000 15.12078246432842
STARLINK-1254
1 64924U 98065A   24219.50000000 -.00022620  00000-0  13156-2 0  1004
2 64924  53.0000  45.0000 0000000   0.0000  59.4000 15.12078246176404
STARLINK-1255
1 99142U 98065A   24219.50000000 -.00022620  00000-0  13156-2 0  1002
2 99142  53.0000  45.0000 0000000   0.0000  73.8000 15.12078246735741
STARLINK-1256
1 83051U 98065A   24219.50000000 -.00022620  00000-0  13156-2 0  1000
2 83051  53.0000  45.0000 0000000   0.0000  88.2000 15.12078246885045
STARLINK-1257
1 40886U 98065A   24219.50000000 -.00022620  00000-0  13156-2 0  1007
2 40886  53.0000  45.0000 0000000   0.0000 102.6000 15.12078246140873
STARLINK-1258
1 11424U 98065A   24219.50000000 -.00022620  00000-0  13156-2 0  1004
2 11424  53.0000  45.0000 0000000   0.0000 117.0000 15.12078246179723
STARLINK-1259
1 77902U 98065A   24219.50000000 -.00022620  00000-0  13156-2 0  1004
2 77902  53.0000  45.0000 0000000   0.0000 131.4000 15.12078246532894
STARLINK-1260
1 37165U 98065A   24219.50000000 -.00022620  00000-0  13156-2 0  1005
2 37165  53.0000  45.0000 0000000   0.0000 145.8000 15.12078246890294
STARLINK-1261
1 24096U 98065A   24219.50000000 -.00022620  00000-0  13156-2 0  1006
2 24096  53.0000  45.0000 0000000   0.0000 160.2000 15.12078246420421
STARLINK-1262
1 72612U 98065A   24219.50000000 -.00022620  00000-0  13156-2 0  1008
2 72612  53.0000  45.0000 0000000   0.0000 174.6000 15.12078246304895
STARLINK-1263
1 94218U 98065A   24219.50000000 -.00022620  00000-0  13156-2 0  1005
2 94218  53.0000  45.0000 0000000   0.0000 189.0000 15.12078246854286
STARLINK-1264
1 67786U 98065A   24219.50000000 -.00022620  00000-0  13156-2 0  1006
2 67786  53.0000  45.0000 0000000   0.0000 203.4000 15.12078246354448
STARLINK-1265
1 18717U 98065A   24219.50000000 -.00022620  00000-0  13156-2 0  1001
2 18717  53.0000  45.0000 0000000   0.0000 217.8000 15.12078246667458
STARLINK-1266
1 78238U 98065A   24219.50000000 -.00022620  00000-0  13156-2 0  1005
2 78238  53.0000  45.0000 0000000   0.0000 232.2000 15.12078246591047
STARLINK-1267
1 89721U 98065A   24219.50000000 -.00022620  00000-0  13156-2 0  1002
2 89721  53.0000  45.0000 0000000   0.0000 246.6000 15.12078246955976
STARLINK-1268
1 63659U 98065A   24219.50000000 -.00022620  00000-0  13156-2 0  1005
2 63659  53.0000  45.0000 0000000   0.0000 261.0000 15.12078246227103
STARLINK-1269
1 64776U 98065A   24219.50000000 -.00022620  00000-0  13156-2 0  1005
2 64776  53.0000  45.0000 0000000   0.0000 275.4000 15.12078246709393
STARLINK-1270
1 55256U 98065A   24219.50000000 -.00022620  00000-0  13156-2 0  1007
2 55256  53.0000  45.0000 0000000   0.0000 289.8000 15.12078246323560
STARLINK-1271
1 68205U 98065A   24219.50000000 -.00022620  00000-0  13156-2 0  1008
2 68205  53.0000  45.0000 0000000   0.0000 304.2000 15.12078246362982
STARLINK-1272
1 16184U 98065A   24219.50000000 -.00022620  00000-0  13156-2 0  1004
2 16184  53.0000  45.0000 0000000   0.0000 318.6000 15.12078246275068
STARLINK-1273
1 90419U 98065A   24219.50000000 -.00022620  00000-0  13156-2 0  1007
2 90419  53.0000  45.0000 0000000   0.0000 333.0000 15.12078246424465
STARLINK-1274
1 78154U 98065A   24219.50000000 -.00022620  00000-0  13156-2 0  1001
2 78154  53.0000  45.0000 0000000   0.0000 347.4000 15.12078246691985
STARLINK-1275
1 59744U 98065A   24219.50000000 -.00022620  00000-0  13156-2 0  1007
2 59744  53.0000  49.5000 0000000   0.0000   1.9800 15.12078246400033
STARLINK-1276
1 83339U 98065A   24219.50000000 -.00022620  00000-0  13156-2 0  1007
2 83339  53.0000  49.5000 0000000   0.0000  16.3800 15.12078246371108
STARLINK-1277
1 23682U 98065A   24219.50000000 -.00022620  00000-0  13156-2 0  1002
2 23682  53.0000  49.5000 0000000   0.0000  30.7800 15.12078246685416
STARLINK-1278
1 19625U 98065A   24219.50000000 -.00022620  00000-0  13156-2 0  1004
2 19625  53.0000  49.5000 0000000   0.0000  45.1800 15.12078246986681
STARLINK-1279
1 18447U 98065A   24219.50000000 -.00022620  00000-0  13156-2 0  1003
2 18447  53.0000  49.5000 0000000   0.0000  59.5800 15.12078246989300
STARLINK-1280
1 76335U 98065A   24219.50000000 -.00022620  00000-0  13156-2 0  1007
2 76335  53.0000  49.5000 0000000   0.0000  73.9800 15.12078246570976
STARLINK-1281
1 13661U 98065A   24219.50000000 -.00022620  00000-0  13156-2 0  1002
2 13661  53.0000  49.5000 0000000   0.0000  88.3800 15.12078246135814
STARLINK-1282
1 31198U 98065A   24219.50000000 -.00022620  00000-0  13156-2 0  1007
2 31198  53.0000  49.5000 0000000   0.0000 102.7800 15.12078246514365
STARLINK-1283
1 97274U 98065A   24219.50000000 -.00022620  00000-0  13156-2 0  1005
2 97274  53.0000  49.5000 0000000   0.0000 117.1800 15.12078246857642
STARLINK-1284
1 93680U 98065A   24219.50000000 -.00022620  00000-0  13156-2 0  1006
2 93680  53.0000  49.5000 0000000   0.0000 131.5800 15.12078246574970
STARLINK-1285
1 49144U 98065A   24219.50000000 -.00022620  00000-0  13156-2 0  1007
2 49144  53.0000  49.5000 0000000   0.0000 145.9800 15.12078246731084
STARLINK-1286
1 64214U 98065A   24219.50000000 -.00022620  00000-0  13156-2 0  1006
2 64214  53.0000  49.5000 0000000   0.0000 160.3800 15.12078246172902
STARLINK-1287
1 44169U 98065A   24219.50000000 -.00022620  00000-0  13156-2 0  1005
2 44169  53.0000  49.5000 0000000   0.0000 174.7800 15.12078246813123
STARLINK-1288
1 73070U 98065A   24219.50000000 -.00022620  00000-0  13156-2 0  1005
2 73070  53.0000  49.5000 0000000   0.0000 189.1800 15.12078246430274
STARLINK-1289
1 45432U 98065A   24219.50000000 -.00022620  00000-0  13156-2 0  1005
2 45432  53.0000  49.5000 0000000   0.0000 203.5800 15.12078246901844
STARLINK-1290
1 99374U 98065A   24219.50000000 -.00022620  00000-0  13156-2 0  1008
2 99374  53.0000  49.5000 0000000   0.0000 217.9800 15.12078246587448
STARLINK-1291
1 67550U 98065A   24219.50000000 -.00022620  00000-0  13156-2 0  1004
2 67550  53.0000  49.5000 0000000   0.0000 232.3800 15.12078246791434
STARLINK-1292
1 99451U 98065A   24219.50000000 -.00022620  00000-0  13156-2 0  1001
2 99451  53.0000  49.5000 0000000   0.0000 246.7800 15.12078246752305
STARLINK-1293
1 15672U 98065A   24219.50000000 -.00022620  00000-0  13156-2 0  1006
2 15672  53.0000  49.5000 0000000   0.0000 261.1800 15.12078246946983
STARLINK-1294
1 72345U 98065A   24219.50000000 -.00022620  00000-0  13156-2 0  1005
2 72345  53.0000  49.5000 0000000   0.0000 275.5800 15.12078246857603
STARLINK-1295
1 31408U 98065A   24219.50000000 -.00022620  00000-0  13156-2 0  1005
2 31408  53.0000  49.5000 0000000   0.0000 289.9800 15.12078246270655
STARLINK-1296
1 15405U 98065A   24219.50000000 -.00022620  00000-0  13156-2 0  1008
2 15405  53.0000  49.5000 0000000   0.0000 304.3800 15.12078246738472
STARLINK-1297
1 79948U 98065A   24219.50000000 -.00022620  00000-0  13156-2 0  1002
2 79948  53.0000  49.5000 0000000   0.0000 318.7800 15.12078246784600
STARLINK-1298
1 12505U 98065A   24219.50000000 -.00022620  00000-0  13156-2 0  1007
2 12505  53.0000  49.5000 0000000   0.0000 333.1800 15.12078246415480
STARLINK-1299
1 61582U 98065A   24219.50000000 -.00022620  00000-0  13156-2 0  1001
2 61582  53.0000  49.5000 0000000   0.0000 347.5800 15.12078246510868
STARLINK-1300
1 70883U 98065A   24219.50000000 -.00022620  00000-0  13156-2 0  1000
2 70883  53.0000  54.0000 0000000   0.0000   2.1600 15.12078246560442
STARLINK-1301
1 27150U 98065A   24219.50000000 -.00022620  00000-0  13156-2 0  1000
2 27150  53.0000  54.0000 0000000   0.0000  16.5600 15.12078246422511
STARLINK-1302
1 18849U 98065A   24219.50000000 -.00022620  00000-0  13156-2 0  1008
2 18849  53.0000  54.0000 0000000   0.0000  30.9600 15.12078246332796
STARLINK-1303
1 81257U 98065A   24219.50000000 -.00022620  00000-0  13156-2 0  1004
2 81257  53.0000  54.0000 0000000   0.0000  45.3600 15.12078246545448
STARLINK-1304
1 42991U 98065A   24219.50000000 -.00022620  00000-0  13156-2 0  1007
2 42991  53.0000  54.0000 0000000   0.0000  59.7600 15.12078246707224
STARLINK-1305
1 94357U 98065A   24219.50000000 -.00022620  00000-0  13156-2 0  1008
2 94357  53.0000  54.0000 0000000   0.0000  74.1600 15.12078246978155
STARLINK-1306
1 34330U 98065A   24219.50000000 -.00022620  00000-0  13156-2 0  1005
2 34330  53.0000  54.0000 0000000   0.0000  88.5600 15.12078246623242
STARLINK-1307
1 86463U 98065A   24219.50000000 -.00022620  00000-0  13156-2 0  1002
2 86463  53.0000  54.0000 0000000   0.0000 102.9600 15.12078246860680
STARLINK-1308
1 95748U 98065A   24219.50000000 -.00022620  00000-0  13156-2 0  1001
2 95748  53.0000  54.0000 0000000   0.0000 117.3600 15.12078246497391
STARLINK-1309
1 10360U 98065A   24219.50000000 -.00022620  00000-0  13156-2 0  1005
2 10360  53.0000  54.0000 0000000   0.0000 131.7600 15.12078246451072
STARLINK-1310
1 84713U 98065A   24219.50000000 -.00022620  00000-0  13156-2 0  1001
2 84713  53.0000  54.0000 0000000   0.0000 146.1600 15.12078246104823
STARLINK-1311
1 84978U 98065A   24219.50000000 -.00022620  00000-0  13156-2 0  1001
2 84978  53.0000  54.0000 0000000   0.0000 160.5600 15.12078246231248
STARLINK-1312
1 19476U 98065A   24219.50000000 -.00022620  00000-0  13156-2 0  1007
2 19476  53.0000  54.0000 0000000   0.0000 174.9600 15.12078246572301
STARLINK-1313
1 83403U 98065A   24219.50000000 -.00022620  00000-0  13156-2 0  1005
2 83403  53.0000  54.0000 0000000   0.0000 189.3600 15.12078246661358
STARLINK-1314
1 69129U 98065A   24219.50000000 -.00022620  00000-0  13156-2 0  1006
2 69129  53.0000  54.0000 0000000   0.0000 203.7600 15.12078246533096
STARLINK-1315
1 98232U 98065A   24219.50000000 -.00022620  00000-0  13156-2 0  1007
2 98232  53.0000  54.0000 0000000   0.0000 218.1600 15.12078246167415
STARLINK-1316
1 35506U 98065A   24219.50000000 -.00022620  00000-0  13156-2 0  1008
2 35506  53.0000  54.0000 0000000   0.0000 232.5600 15.12078246887618
STARLINK-1317
1 51328U 98065A   24219.50000000 -.00022620  00000-0  13156-2 0  1006
2 51328  53.0000  54.0000 0000000   0.0000 246.9600 15.12078246139908
STARLINK-1318
1 94958U 98065A   24219.50000000 -.00022620  00000-0  13156-2 0  1004
2 94958  53.0000  54.0000 0000000   0.0000 261.3600 15.12078246248015
STARLINK-1319
1 73718U 98065A   24219.50000000 -.00022620  00000-0  13156-2 0  1001
2 73718  53.0000  54.0000 0000000   0.0000 275.7600 15.12078246671328
STARLINK-1320
1 67487U 98065A   24219.50000000 -.00022620  00000-0  13156-2 0  1008
2 67487  53.0000  54.0000 0000000   0.0000 290.1600 15.12078246761622
STARLINK-1321
1 31927U 98065A   24219.50000000 -.00022620  00000-0  13156-2 0  1003
2 31927  53.0000  54.0000 0000000   0.0000 304.5600 15.12078246610555
STARLINK-1322
1 21470U 98065A   24219.50000000 -.00022620  00000-0  13156-2 0  1000
2 21470  53.0000  54.0000 0000000   0.0000 318.9600 15.12078246690224
STARLINK-1323
1 34001U 98065A   24219.50000000 -.00022620  00000-0  13156-2 0  1005
2 34001  53.0000  54.0000 0000000   0.0000 333.3600 15.12078246833875
STARLINK-1324
1 92425U 98065A   24219.50000000 -.00022620  00000-0  13156-2 0  1005
2 92425  53.0000  54.0000 0000000   0.0000 347.7600 15.12078246101106
STARLINK-1325
1 91513U 98065A   24219.50000000 -.00022620  00000-0  13156-2 0  1007
2 91513  53.0000  58.5000 0000000   0.0000   2.3400 15.12078246610733
STARLINK-1326
1 83223U 98065A   24219.50000000 -.00022620  00000-0  13156-2 0  1006
2 83223  53.0000  58.5000 0000000   0.0000  16.7400 15.12078246748185
STARLINK-1327
1 50147U 98065A   24219.50000000 -.00022620  00000-0  13156-2 0  1008
2 50147  53.0000  58.5000 0000000   0.0000  31.1400 15.12078246263100
STARLINK-1328
1 39445U 98065A   24219.50000000 -.00022620  00000-0  13156-2 0  1005
2 39445  53.0000  58.5000 0000000   0.0000  45.5400 15.12078246980491
STARLINK-1329
1 50377U 98065A   24219.50000000 -.00022620  00000-0  13156-2 0  1000
2 50377  53.0000  58.5000 0000000   0.0000  59.9400 15.12078246619376
STARLINK-1330
1 30503U 98065A   24219.50000000 -.00022620  00000-0  13156-2 0  1002
2 30503  53.0000  58.5000 0000000   0.0000  74.3400 15.12078246520845
STARLINK-1331
1 81820U 98065A   24219.50000000 -.00022620  00000-0  13156-2 0  1007
2 81820  53.0000  58.5000 0000000   0.0000  88.7400 15.12078246343570
STARLINK-1332
1 78287U 98065A   24219.50000000 -.00022620  00000-0  13156-2 0  1001
2 78287  53.0000  58.5000 0000000   0.0000 103.1400 15.12078246495551
STARLINK-1333
1 36777U 98065A   24219.50000000 -.00022620  00000-0  13156-2 0  1004
2 36777  53.0000  58.5000 0000000   0.0000 117.5400 15.12078246757261
STARLINK-1334
1 49460U 98065A   24219.50000000 -.00022620  00000-0  13156-2 0  1007
2 49460  53.0000  58.5000 0000000   0.0000 131.9400 15.12078246452603
STARLINK-1335
1 59016U 98065A   24219.50000000 -.00022620  00000-0  13156-2 0  1004
2 59016  53.0000  58.5000 0000000   0.0000 146.3400 15.12078246510182
STARLINK-1336
1 64237U 98065A   24219.50000000 -.00022620  00000-0  13156-2 0  1000
2 64237  53.0000  58.5000 0000000   0.0000 160.7400 15.12078246978933
STARLINK-1337
1 29468U 98065A   24219.50000000 -.00022620  00000-0  13156-2 0  1005
2 29468  53.0000  58.5000 0000000   0.0000 175.1400 15.12078246366476
STARLINK-1338
1 95832U 98065A   24219.50000000 -.00022620  00000-0  13156-2 0  1000
2 95832  53.0000  58.5000 0000000   0.0000 189.5400 15.12078246335996
STARLINK-1339
1 64515U 98065A   24219.50000000 -.00022620  00000-0  13156-2 0  1004
2 64515  53.0000  58.5000 0000000   0.0000 203.9400 15.12078246856541
STARLINK-1340
1 10153U 98065A   24219.50000000 -.00022620  00000-0  13156-2 0  1004
2 10153  53.0000  58.5000 0000000   0.0000 218.3400 15.12078246619780
STARLINK-1341
1 83115U 98065A   24219.50000000 -.00022620  00000-0  13156-2 0  1004
2 83115  53.0000  58.5000 0000000   0.0000 232.7400 15.12078246794366
STARLINK-1342
1 77828U 98065A   24219.50000000 -.00022620  00000-0  13156-2 0  1004
2 77828  53.0000  58.5000 0000000   0.0000 247.1400 15.12078246374962
STARLINK-1343
1 43750U 98065A   24219.50000000 -.00022620  00000-0  13156-2 0  1005
2 43750  53.0000  58.5000 0000000   0.0000 261.5400 15.12078246849237
STARLINK-1344
1 67908U 98065A   24219.50000000 -.00022620  00000-0  13156-2 0  1000
2 67908  53.0000  58.5000 0000000   0.0000 275.9400 15.12078246397002
STARLINK-1345
1 64330U 98065A   24219.50000000 -.00022620  00000-0  13156-2 0  1007
2 64330  53.0000  58.5000 0000000   0.0000 290.3400 15.12078246699364
STARLINK-1346
1 81399U 98065A   24219.50000000 -.00022620  00000-0  13156-2 0  1001
2 81399  53.0000  58.5000 0000000   0.0000 304.7400 15.12078246906197
STARLINK-1347
1 97844U 98065A   24219.50000000 -.00022620  00000-0  13156-2 0  1004
2 97844  53.0000  58.5000 0000000   0.0000 319.1400 15.12078246438484
STARLINK-1348
1 53148U 98065A   24219.50000000 -.00022620  00000-0  13156-2 0  1007
2 53148  53.0000  58.5000 0000000   0.0000 333.5400 15.12078246981123
STARLINK-1349
1 80774U 98065A   24219.50000000 -.00022620  00000-0  13156-2 0  1000
2 80774  53.0000  58.5000 0000000   0.0000 347.9400 15.12078246323203
STARLINK-1350
1 33555U 98065A   24219.50000000 -.00022620  00000-0  13156-2 0  1002
2 33555  53.0000  63.0000 0000000   0.0000   2.5200 15.12078246784901
STARLINK-1351
1 80693U 98065A   24219.50000000 -.00022620  00000-0  13156-2 0  1005
2 80693  53.0000  63.0000 0000000   0.0000  16.9200 15.12078246266943
STARLINK-1352
1 29470U 98065A   24219.50000000 -.00022620  00000-0  13156-2 0  1007
2 29470  53.0000  63.0000 0000000   0.0000  31.3200 15.12078246917055
STARLINK-1353
1 79428U 98065A   24219.50000000 -.00022620  00000-0  13156-2 0  1008
2 79428  53.0000  63.0000 0000000   0.0000  45.7200 15.12078246840123
STARLINK-1354
1 76223U 98065A   24219.50000000 -.00022620  00000-0  13156-2 0  1007
2 76223  53.0000  63.0000 0000000   0.0000  60.1200 15.12078246321238
STARLINK-1355
1 33785U 98065A   24219.50000000 -.00022620  00000-0  13156-2 0  1002
2 33785  53.0000  63.0000 0000000   0.0000  74.5200 15.12078246560048
STARLINK-1356
1 36929U 98065A   24219.50000000 -.00022620  00000-0  13156-2 0  1006
2 36929  53.0000  63.0000 0000000   0.0000  88.9200 15.12078246361338
STARLINK-1357
1 85798U 98065A   24219.50000000 -.00022620  00000-0  13156-2 0  1008
2 85798  53.0000  63.0000 0000000   0.0000 103.3200 15.12078246607941
STARLINK-1358
1 44032U 98065A   24219.50000000 -.00022620  00000-0  13156-2 0  1007
2 44032  53.0000  63.0000 0000000   0.0000 117.7200 15.12078246159422
STARLINK-1359
1 29885U 98065A   24219.50000000 -.00022620  00000-0  13156-2 0  1004
2 29885  53.0000  63.0000 0000000   0.0000 132.1200 15.12078246720852
STARLINK-1360
1 97823U 98065A   24219.50000000 -.00022620  00000-0  13156-2 0  1004
2 97823  53.0000  63.0000 0000000   0.0000 146.5200 15.12078246753235
STARLINK-1361
1 52476U 98065A   24219.50000000 -.00022620  00000-0  13156-2 0  1001
2 52476  53.0000  63.0000 0000000   0.0000 160.9200 15.12078246197535
STARLINK-1362
1 69435U 98065A   24219.50000000 -.00022620  00000-0  13156-2 0  1002
2 69435  53.0000  63.0000 0000000   0.0000 175.3200 15.12078246661904
STARLINK-1363
1 27957U 98065A   24219.50000000 -.00022620  00000-0  13156-2 0  1008
2 27957  53.0000  63.0000 0000000   0.0000 189.7200 15.12078246130155
STARLINK-1364
1 18705U 98065A   24219.50000000 -.00022620  00000-0  13156-2 0  1001
2 18705  53.0000  63.0000 0000000   0.0000 204.1200 15.12078246804595
STARLINK-1365
1 60721U 98065A   24219.50000000 -.00022620  00000-0  13156-2 0  1000
2 60721  53.0000  63.0000 0000000   0.0000 218.5200 15.12078246971337
STARLINK-1366
1 66625U 98065A   24219.50000000 -.00022620  00000-0  13156-2 0  1008
2 66625  53.0000  63.0000 0000000   0.0000 232.9200 15.12078246472880
STARLINK-1367
1 78143U 98065A   24219.50000000 -.00022620  00000-0  13156-2 0  1004
2 78143  53.0000  63.0000 0000000   0.0000 247.3200 15.12078246177120
STARLINK-1368
1 60680U 98065A   24219.50000000 -.00022620  00000-0  13156-2 0  1000
2 60680  53.0000  63.0000 0000000   0.0000 261.7200 15.12078246265215
STARLINK-1369
1 25800U 98065A   24219.50000000 -.00022620  00000-0  13156-2 0  1008
2 25800  53.0000  63.0000 0000000   0.0000 276.1200 15.12078246978548
STARLINK-1370
1 72500U 98065A   24219.50000000 -.00022620  00000-0  13156-2 0  1004
2 72500  53.0000  63.0000 0000000   0.0000 290.5200 15.12078246670317
STARLINK-1371
1 37578U 98065A   24219.50000000 -.00022620  00000-0  13156-2 0  1004
2 37578  53.0000  63.0000 0000000   0.0000 304.9200 15.12078246674547
STARLINK-1372
1 63729U 98065A   24219.50000000 -.00022620  00000-0  13156-2 0  1005
2 63729  53.0000  63.0000 0000000   0.0000 319.3200 15.12078246721866
STARLINK-1373
1 31562U 98065A   24219.50000000 -.00022620  00000-0  13156-2 0  1004
2 31562  53.0000  63.0000 0000000   0.0000 333.7200 15.12078246566117
STARLINK-1374
1 51373U 98065A   24219.50000000 -.00022620  00000-0  13156-2 0  1000
2 51373  53.0000  63.0000 0000000   0.0000 348.1200 15.12078246234254
STARLINK-1375
1 31057U 98065A   24219.50000000 -.00022620  00000-0  13156-2 0  1000
2 31057  53.0000  67.5000 0000000   0.0000   2.7000 15.12078246307063
STARLINK-1376
1 64973U 98065A   24219.50000000 -.00022620  00000-0  13156-2 0  1008
2 64973  53.0000  67.5000 0000000   0.0000  17.1000 15.12078246251456
STARLINK-1377
1 94299U 98065A   24219.50000000 -.00022620  00000-0  13156-2 0  1007
2 94299  53.0000  67.5000 0000000   0.0000  31.5000 15.12078246947534
STARLINK-1378
1 21538U 98065A   24219.50000000 -.00022620  00000-0  13156-2 0  1008
2 21538  53.0000  67.5000 0000000   0.0000  45.9000 15.12078246259143
STARLINK-1379
1 68029U 98065A   24219.50000000 -.00022620  00000-0  13156-2 0  1008
2 68029  53.0000  67.5000 0000000   0.0000  60.3000 15.12078246790495
STARLINK-1380
1 27020U 98065A   24219.50000000 -.00022620  00000-0  13156-2 0  1001
2 27020  53.0000  67.5000 0000000   0.0000  74.7000 15.12078246628838
STARLINK-1381
1 53954U 98065A   24219.50000000 -.00022620  00000-0  13156-2 0  1003
2 53954  53.0000  67.5000 0000000   0.0000  89.1000 15.12078246949283
STARLINK-1382
1 65514U 98065A   24219.50000000 -.00022620  00000-0  13156-2 0  1005
2 65514  53.0000  67.5000 0000000   0.0000 103.5000 15.12078246228108
STARLINK-1383
1 14202U 98065A   24219.50000000 -.00022620  00000-0  13156-2 0  1001
2 14202  53.0000  67.5000 0000000   0.0000 117.9000 15.12078246638047
STARLINK-1384
1 81765U 98065A   24219.50000000 -.00022620  00000-0  13156-2 0  1005
2 81765  53.0000  67.5000 0000000   0.0000 132.3000 15.12078246934442
STARLINK-1385
1 94578U 98065A   24219.50000000 -.00022620  00000-0  13156-2 0  1004
2 94578  53.0000  67.5000 0000000   0.0000 146.7000 15.12078246720140
STARLINK-1386
1 99547U 98065A   24219.50000000 -.00022620  00000-0  13156-2 0  1001
2 99547  53.0000  67.5000 0000000   0.0000 161.1000 15.12078246231812
STARLINK-1387
1 73387U 98065A   24219.50000000 -.00022620  00000-0  13156-2 0  1005
2 73387  53.0000  67.5000 0000000   0.0000 175.5000 15.12078246988311
STARLINK-1388
1 44888U 98065A   24219.50000000 -.00022620  00000-0  13156-2 0  1000
2 44888  53.0000  67.5000 0000000   0.0000 189.9000 15.12078246788073
STARLINK-1389
1 65595U 98065A   24219.50000000 -.00022620  00000-0  13156-2 0  1005
2 65595  53.0000  67.5000 0000000   0.0000 204.3000 15.12078246584904
STARLINK-1390
1 59006U 98065A   24219.50000000 -.00022620  00000-0  13156-2 0  1007
2 59006  53.0000  67.5000 0000000   0.0000 218.7000 15.12078246325146
STARLINK-1391
1 86564U 98065A   24219.50000000 -.00022620  00000-0  13156-2 0  1000
2 86564  53.0000  67.5000 0000000   0.0000 233.1000 15.12078246365081
STARLINK-1392
1 98874U 98065A   24219.50000000 -.00022620  00000-0  13156-2 0  1004
2 98874  53.0000  67.5000 0000000   0.0000 247.5000 15.12078246995090
STARLINK-1393
1 99467U 98065A   24219.50000000 -.00022620  00000-0  13156-2 0  1002
2 99467  53.0000  67.5000 0000000   0.0000 261.9000 15.12078246257556
STARLINK-1394
1 38711U 98065A   24219.50000000 -.00022620  00000-0  13156-2 0  1006
2 38711  53.0000  67.5000 0000000   0.0000 276.3000 15.12078246737137
STARLINK-1395
1 61487U 98065A   24219.50000000 -.00022620  00000-0  13156-2 0  1003
2 61487  53.0000  67.5000 0000000   0.0000 290.7000 15.12078246355542
STARLINK-1396
1 36891U 98065A   24219.50000000 -.00022620  00000-0  13156-2 0  1004
2 36891  53.0000  67.5000 0000000   0.0000 305.1000 15.12078246119544
STARLINK-1397
1 38723U 98065A   24219.50000000 -.00022620  00000-0  13156-2 0  1005
2 38723  53.0000  67.5000 0000000   0.0000 319.5000 15.12078246138094
STARLINK-1398
1 81070U 98065A   24219.50000000 -.00022620  00000-0  13156-2 0  1002
2 81070  53.0000  67.5000 0000000   0.0000 333.9000 15.12078246513521
STARLINK-1399
1 65767U 98065A   24219.50000000 -.00022620  00000-0  13156-2 0  1007
2 65767  53.0000  67.5000 0000000   0.0000 348.3000 15.12078246934593
STARLINK-1400
1 32797U 98065A   24219.50000000 -.00022620  00000-0  13156-2 0  1006
2 32797  53.0000  72.0000 0000000   0.0000   2.8800 15.12078246945168
STARLINK-1401
1 57184U 98065A   24219.50000000 -.00022620  00000-0  13156-2 0  1006
2 57184  53.0000  72.0000 0000000   0.0000  17.2800 15.12078246713585
STARLINK-1402
1 32702U 98065A   24219.50000000 -.00022620  00000-0  13156-2 0  1002
2 32702  53.0000  72.0000 0000000   0.0000  31.6800 15.12078246457251
STARLINK-1403
1 85280U 98065A   24219.50000000 -.00022620  00000-0  13156-2 0  1005
2 85280  53.0000  72.0000 0000000   0.0000  46.0800 15.12078246461176
STARLINK-1404
1 64490U 98065A   24219.50000000 -.00022620  00000-0  13156-2 0  1000
2 64490  53.0000  72.0000 0000000   0.0000  60.4800 15.12078246181950
STARLINK-1405
1 93815U 98065A   24219.50000000 -.00022620  00000-0  13156-2 0  1006
2 93815  53.0000  72.0000 0000000   0.0000  74.8800 15.12078246679272
STARLINK-1406
1 53934U 98065A   24219.50000000 -.00022620  00000-0  13156-2 0  1008
2 53934  53.0000  72.0000 0000000   0.0000  89.2800 15.12078246492910
STARLINK-1407
1 48870U 98065A   24219.50000000 -.00022620  00000-0  13156-2 0  1000
2 48870  53.0000  72.0000 0000000   0.0000 103.6800 15.12078246871876
STARLINK-1408
1 86754U 98065A   24219.50000000 -.00022620  00000-0  13156-2 0  1002
2 86754  53.0000  72.0000 0000000   0.0000 118.0800 15.12078246753472
STARLINK-1409
1 12321U 98065A   24219.50000000 -.00022620  00000-0  13156-2 0  1002
2 12321  53.0000  72.0000 0000000   0.0000 132.4800 15.12078246208605
STARLINK-1410
1 74748U 98065A   24219.50000000 -.00022620  00000-0  13156-2 0  1000
2 74748  53.0000  72.0000 0000000   0.0000 146.8800 15.12078246936483
STARLINK-1411
1 75629U 98065A   24219.50000000 -.00022620  00000-0  13156-2 0  1004
2 75629  53.0000  72.0000 0000000   0.0000 161.2800 15.12078246417184
STARLINK-1412
1 63341U 98065A   24219.50000000 -.00022620  00000-0  13156-2 0  1006
2 63341  53.0000  72.0000 0000000   0.0000 175.6800 15.12078246674368
STARLINK-1413
1 17434U 98065A   24219.50000000 -.00022620  00000-0  13156-2 0  1004
2 17434  53.0000  72.0000 0000000   0.0000 190.0800 15.12078246198617
STARLINK-1414
1 61103U 98065A   24219.50000000 -.00022620  00000-0  13156-2 0  1002
2 61103  53.0000  72.0000 0000000   0.0000 204.4800 15.12078246261127
STARLINK-1415
1 89004U 98065A   24219.50000000 -.00022620  00000-0  13156-2 0  1005
2 89004  53.0000  72.0000 0000000   0.0000 218.8800 15.12078246961464
STARLINK-1416
1 86354U 98065A   24219.50000000 -.00022620  00000-0  13156-2 0  1007
2 86354  53.0000  72.0000 0000000   0.0000 233.2800 15.12078246500920
STARLINK-1417
1 33985U 98065A   24219.50000000 -.00022620  00000-0  13156-2 0  1007
2 33985  53.0000  72.0000 0000000   0.0000 247.6800 15.12078246189824
STARLINK-1418
1 83300U 98065A   24219.50000000 -.00022620  00000-0  13156-2 0  1000
2 83300  53.0000  72.0000 0000000   0.0000 262.0800 15.12078246562072
STARLINK-1419
1 16119U 98065A   24219.50000000 -.00022620  00000-0  13156-2 0  1000
2 16119  53.0000  72.0000 0000000   0.0000 276.4800 15.12078246469993
STARLINK-1420
1 79933U 98065A   24219.50000000 -.00022620  00000-0  13156-2 0  1004
2 79933  53.0000  72.0000 0000000   0.0000 290.8800 15.12078246355851
STARLINK-1421
1 75024U 98065A   24219.50000000 -.00022620  00000-0  13156-2 0  1008
2 75024  53.0000  72.0000 0000000   0.0000 305.2800 15.12078246466453
STARLINK-1422
1 68979U 98065A   24219.50000000 -.00022620  00000-0  13156-2 0  1007
2 68979  53.0000  72.0000 0000000   0.0000 319.6800 15.12078246449064
STARLINK-1423
1 94987U 98065A   24219.50000000 -.00022620  00000-0  13156-2 0  1007
2 94987  53.0000  72.0000 0000000   0.0000 334.0800 15.12078246639671
STARLINK-1424
1 16177U 98065A   24219.50000000 -.00022620  00000-0  13156-2 0  1004
2 16177  53.0000  72.0000 0000000   0.0000 348.4800 15.12078246712995
STARLINK-1425
1 64894U 98065A   24219.50000000 -.00022620  00000-0  13156-2 0  1004
2 64894  53.0000  76.5000 0000000   0.0000   3.0600 15.12078246376766
STARLINK-1426
1 84538U 98065A   24219.50000000 -.00022620  00000-0  13156-2 0  1008
2 84538  53.0000  76.5000 0000000   0.0000  17.4600 15.12078246151524
STARLINK-1427
1 87406U 98065A   24219.50000000 -.00022620  00000-0  13156-2 0  1003
2 87406  53.0000  76.5000 0000000   0.0000  31.8600 15.12078246196630
STARLINK-1428
1 82430U 98065A   24219.50000000 -.00022620  00000-0  13156-2 0  1003
2 82430  53.0000  76.5000 0000000   0.0000  46.2600 15.12078246656964
STARLINK-1429
1 85571U 98065A   24219.50000000 -.00022620  00000-0  13156-2 0  1000
2 85571  53.0000  76.5000 0000000   0.0000  60.6600 15.12078246125104
STARLINK-1430
1 78096U 98065A   24219.50000000 -.00022620  00000-0  13156-2 0  1001
2 78096  53.0000  76.5000 0000000   0.0000  75.0600 15.12078246832652
STARLINK-1431
1 68447U 98065A   24219.50000000 -.00022620  00000-0  13156-2 0  1000
2 68447  53.0000  76.5000 0000000   0.0000  89.4600 15.12078246393398
STARLINK-1432
1 10421U 98065A   24219.50000000 -.00022620  00000-0  13156-2 0  1001
2 10421  53.0000  76.5000 0000000   0.0000 103.8600 15.12078246219827
STARLINK-1433
1 95972U 98065A   24219.50000000 -.00022620  00000-0  13156-2 0  1004
2 95972  53.0000  76.5000 0000000   0.0000 118.2600 15.12078246461964
STARLINK-1434
1 33500U 98065A   24219.50000000 -.00022620  00000-0  13156-2 0  1008
2 33500  53.0000  76.5000 0000000   0.0000 132.6600 15.12078246922257
STARLINK-1435
1 97452U 98065A   24219.50000000 -.00022620  00000-0  13156-2 0  1005
2 97452  53.0000  76.5000 0000000   0.0000 147.0600 15.12078246692248
STARLINK-1436
1 70946U 98065A   24219.50000000 -.00022620  00000-0  13156-2 0  1000
2 70946  53.0000  76.5000 0000000   0.0000 161.4600 15.12078246239056
STARLINK-1437
1 27744U 98065A   24219.50000000 -.00022620  00000-0  13156-2 0  1005
2 27744  53.0000  76.5000 0000000   0.0000 175.8600 15.12078246758986
STARLINK-1438
1 22186U 98065A   24219.50000000 -.00022620  00000-0  13156-2 0  1002
2 22186  53.0000  76.5000 0000000   0.0000 190.2600 15.12078246363032
STARLINK-1439
1 82761U 98065A   24219.50000000 -.00022620  00000-0  13156-2 0  1004
2 82761  53.0000  76.5000 0000000   0.0000 204.6600 15.12078246554718
STARLINK-1440
1 95733U 98065A   24219.50000000 -.00022620  00000-0  13156-2 0  1008
2 95733  53.0000  76.5000 0000000   0.0000 219.0600 15.12078246743902
STARLINK-1441
1 60164U 98065A   24219.50000000 -.00022620  00000-0  13156-2 0  1002
2 60164  53.0000  76.5000 0000000   0.0000 233.4600 15.12078246330151
STARLINK-1442
1 40324U 98065A   24219.50000000 -.00022620  00000-0  13156-2 0  1008
2 40324  53.0000  76.5000 0000000   0.0000 247.8600 15.12078246496232
STARLINK-1443
1 33994U 98065A   24219.50000000 -.00022620  00000-0  13156-2 0  1002
2 33994  53.0000  76.5000 0000000   0.0000 262.2600 15.12078246987347
STARLINK-1444
1 59976U 98065A   24219.50000000 -.00022620  00000-0  13156-2 0  1000
2 59976  53.0000  76.5000 0000000   0.0000 276.6600 15.12078246372385
STARLINK-1445
1 78138U 98065A   24219.50000000 -.00022620  00000-0  13156-2 0  1003
2 78138  53.0000  76.5000 0000000   0.0000 291.0600 15.12078246409146
STARLINK-1446
1 14685U 98065A   24219.50000000 -.00022620  00000-0  13156-2 0  1005
2 14685  53.0000  76.5000 0000000   0.0000 305.4600 15.12078246332991
STARLINK-1447
1 93097U 98065A   24219.50000000 -.00022620  00000-0  13156-2 0  1005
2 93097  53.0000  76.5000 0000000   0.0000 319.8600 15.12078246165943
STARLINK-1448
1 35736U 98065A   24219.50000000 -.00022620  00000-0  13156-2 0  1005
2 35736  53.0000  76.5000 0000000   0.0000 334.2600 15.12078246252505
STARLINK-1449
1 94431U 98065A   24219.50000000 -.00022620  00000-0  13156-2 0  1000
2 94431  53.0000  76.5000 0000000   0.0000 348.6600 15.12078246637140
STARLINK-1450
1 81085U 98065A   24219.50000000 -.00022620  00000-0  13156-2 0  1005
2 81085  53.0000  81.0000 0000000   0.0000   3.2400 15.12078246222920
STARLINK-1451
1 69758U 98065A   24219.50000000 -.00022620  00000-0  13156-2 0  1006
2 69758  53.0000  81.0000 0000000   0.0000  17.6400 15.12078246466687
STARLINK-1452
1 11559U 98065A   24219.50000000 -.00022620  00000-0  13156-2 0  1000
2 11559  53.0000  81.0000 0000000   0.0000  32.0400 15.12078246627867
STARLINK-1453
1 28985U 98065A   24219.50000000 -.00022620  00000-0  13156-2 0  1002
2 28985  53.0000  81.0000 0000000   0.0000  46.4400 15.12078246412198
STARLINK-1454
1 31693U 98065A   24219.50000000 -.00022620  00000-0  13156-2 0  1008
2 31693  53.0000  81.0000 0000000   0.0000  60.8400 15.12078246612326
STARLINK-1455
1 91234U 98065A   24219.50000000 -.00022620  00000-0  13156-2 0  1005
2 91234  53.0000  81.0000 0000000   0.0000  75.2400 15.12078246670871
STARLINK-1456
1 81927U 98065A   24219.50000000 -.00022620  00000-0  13156-2 0  1004
2 81927  53.0000  81.0000 0000000   0.0000  89.6400 15.12078246213488
STARLINK-1457
1 72538U 98065A   24219.50000000 -.00022620  00000-0  13156-2 0  1006
2 72538  53.0000  81.0000 0000000   0.0000 104.0400 15.12078246823842
STARLINK-1458
1 24380U 98065A   24219.50000000 -.00022620  00000-0  13156-2 0  1001
2 24380  53.0000  81.0000 0000000   0.0000 118.4400 15.12078246380971
STARLINK-1459
1 11754U 98065A   24219.50000000 -.00022620  00000-0  13156-2 0  1005
2 11754  53.0000  81.0000 0000000   0.0000 132.8400 15.12078246583198
STARLINK-1460
1 69440U 98065A   24219.50000000 -.00022620  00000-0  13156-2 0  1003
2 69440  53.0000  81.0000 0000000   0.0000 147.2400 15.12078246760622
STARLINK-1461
1 16827U 98065A   24219.50000000 -.00022620  00000-0  13156-2 0  1008
2 16827  53.0000  81.0000 0000000   0.0000 161.6400 15.12078246441335
STARLINK-1462
1 49609U 98065A   24219.50000000 -.00022620  00000-0  13156-2 0  1008
2 49609  53.0000  81.0000 0000000   0.0000 176.0400 15.12078246934841
STARLINK-1463
1 38689U 98065A   24219.50000000 -.00022620  00000-0  13156-2 0  1006
2 38689  53.0000  81.0000 0000000   0.0000 190.4400 15.12078246972488
STARLINK-1464
1 73091U 98065A   24219.50000000 -.00022620  00000-0  13156-2 0  1006
2 73091  53.0000  81.0000 0000000   0.0000 204.8400 15.12078246556298
STARLINK-1465
1 30914U 98065A   24219.50000000 -.00022620  00000-0  13156-2 0  1005
2 30914  53.0000  81.0000 0000000   0.0000 219.2400 15.12078246845672
STARLINK-1466
1 38023U 98065A   24219.50000000 -.00022620  00000-0  13156-2 0  1003
2 38023  53.0000  81.0000 0000000   0.0000 233.6400 15.12078246258247
STARLINK-1467
1 93919U 98065A   24219.50000000 -.00022620  00000-0  13156-2 0  1001
2 93919  53.0000  81.0000 0000000   0.0000 248.0400 15.12078246820445
STARLINK-1468
1 46767U 98065A   24219.50000000 -.00022620  00000-0  13156-2 0  1004
2 46767  53.0000  81.0000 0000000   0.0000 262.4400 15.12078246306315
STARLINK-1469
1 10207U 98065A   24219.50000000 -.00022620  00000-0  13156-2 0  1006
2 10207  53.0000  81.0000 0000000   0.0000 276.8400 15.12078246212862
STARLINK-1470
1 35549U 98065A   24219.50000000 -.00022620  00000-0  13156-2 0  1003
2 35549  53.0000  81.0000 0000000   0.0000 291.2400 15.12078246483922
STARLINK-1471
1 49349U 98065A   24219.50000000 -.00022620  00000-0  13156-2 0  1002
2 49349  53.0000  81.0000 0000000   0.0000 305.6400 15.12078246606001
STARLINK-1472
1 57916U 98065A   24219.50000000 -.00022620  00000-0  13156-2 0  1001
2 57916  53.0000  81.0000 0000000   0.0000 320.0400 15.12078246803250
STARLINK-1473
1 85384U 98065A   24219.50000000 -.00022620  00000-0  13156-2 0  1005
2 85384  53.0000  81.0000 0000000   0.0000 334.4400 15.12078246712543
STARLINK-1474
1 82436U 98065A   24219.50000000 -.00022620  00000-0  13156-2 0  1007
2 82436  53.0000  81.0000 0000000   0.0000 348.8400 15.12078246935551
STARLINK-1475
1 96520U 98065A   24219.50000000 -.00022620  00000-0  13156-2 0  1005
2 96520  53.0000  85.5000 0000000   0.0000   3.4200 15.12078246124931
STARLINK-1476
1 98966U 98065A   24219.50000000 -.00022620  00000-0  13156-2 0  1000
2 98966  53.0000  85.5000 0000000   0.0000  17.8200 15.12078246628905
STARLINK-1477
1 54959U 98065A   24219.50000000 -.00022620  00000-0  13156-2 0  1003
2 54959  53.0000  85.5000 0000000   0.0000  32.2200 15.12078246100272
STARLINK-1478
1 43808U 98065A   24219.50000000 -.00022620  00000-0  13156-2 0  1007
2 43808  53.0000  85.5000 0000000   0.0000  46.6200 15.12078246846633
STARLINK-1479
1 24005U 98065A   24219.50000000 -.00022620  00000-0  13156-2 0  1006
2 24005  53.0000  85.5000 0000000   0.0000  61.0200 15.12078246205782
STARLINK-1480
1 67162U 98065A   24219.50000000 -.00022620  00000-0  13156-2 0  1003
2 67162  53.0000  85.5000 0000000   0.0000  75.4200 15.12078246510207
STARLINK-1481
1 80413U 98065A   24219.50000000 -.00022620  00000-0  13156-2 0  1008
2 80413  53.0000  85.5000 0000000   0.0000  89.8200 15.12078246728323
STARLINK-1482
1 63820U 98065A   24219.50000000 -.00022620  00000-0  13156-2 0  1000
2 63820  53.0000  85.5000 0000000   0.0000 104.2200 15.12078246255600
STARLINK-1483
1 57608U 98065A   24219.50000000 -.00022620  00000-0  13156-2 0  1002
2 57608  53.0000  85.5000 0000000   0.0000 118.6200 15.12078246848757
STARLINK-1484
1 92307U 98065A   24219.50000000 -.00022620  00000-0  13156-2 0  1002
2 92307  53.0000  85.5000 0000000   0.0000 133.0200 15.12078246688961
STARLINK-1485
1 54842U 98065A   24219.50000000 -.00022620  00000-0  13156-2 0  1002
2 54842  53.0000  85.5000 0000000   0.0000 147.4200 15.12078246142566
STARLINK-1486
1 98986U 98065A   24219.50000000 -.00022620  00000-0  13156-2 0  1007
2 98986  53.0000  85.5000 0000000   0.0000 161.8200 15.12078246458407
STARLINK-1487
1 46612U 98065A   24219.50000000 -.00022620  00000-0  13156-2 0  1005
2 46612  53.0000  85.5000 0000000   0.0000 176.2200 15.12078246943221
STARLINK-1488
1 64773U 98065A   24219.50000000 -.00022620  00000-0  13156-2 0  1003
2 64773  53.0000  85.5000 0000000   0.0000 190.6200 15.12078246427835
STARLINK-1489
1 15718U 98065A   24219.50000000 -.00022620  00000-0  13156-2 0  1002
2 15718  53.0000  85.5000 0000000   0.0000 205.0200 15.12078246848676
STARLINK-1490
1 54059U 98065A   24219.50000000 -.00022620  00000-0  13156-2 0  1008
2 54059  53.0000  85.5000 0000000   0.0000 219.4200 15.12078246850497
STARLINK-1491
1 69297U 98065A   24219.50000000 -.00022620  00000-0  13156-2 0  1002
2 69297  53.0000  85.5000 0000000   0.0000 233.8200 15.12078246730007
STARLINK-1492
1 22225U 98065A   24219.50000000 -.00022620  00000-0  13156-2 0  1007
2 22225  53.0000  85.5000 0000000   0.0000 248.2200 15.12078246179961
STARLINK-1493
1 87969U 98065A   24219.50000000 -.00022620  00000-0  13156-2 0  1004
2 87969  53.0000  85.5000 0000000   0.0000 262.6200 15.12078246329447
STARLINK-1494
1 56864U 98065A   24219.50000000 -.00022620  00000-0  13156-2 0  1004
2 56864  53.0000  85.5000 0000000   0.0000 277.0200 15.12078246442523
STARLINK-1495
1 48175U 98065A   24219.50000000 -.00022620  00000-0  13156-2 0  1008
2 48175  53.0000  85.5000 0000000   0.0000 291.4200 15.12078246563767
STARLINK-1496
1 69554U 98065A   24219.50000000 -.00022620  00000-0  13156-2 0  1003
2 69554  53.0000  85.5000 0000000   0.0000 305.8200 15.12078246743767
STARLINK-1497
1 47583U 98065A   24219.50000000 -.00022620  00000-0  13156-2 0  1000
2 47583  53.0000  85.5000 0000000   0.0000 320.2200 15.12078246792754
STARLINK-1498
1 63702U 98065A   24219.50000000 -.00022620  00000-0  13156-2 0  1000
2 63702  53.0000  85.5000 0000000   0.0000 334.6200 15.12078246986951
STARLINK-1499
1 75998U 98065A   24219.50000000 -.00022620  00000-0  13156-2 0  1002
2 75998  53.0000  85.5000 0000000   0.0000 349.0200 15.12078246705203
STARLINK-1500
1 28536U 98065A   24219.50000000 -.00022620  00000-0  13156-2 0  1005
2 28536  53.0000  90.0000 0000000   0.0000   3.6000 15.12078246984350
STARLINK-1501
1 96292U 98065A   24219.50000000 -.00022620  00000-0  13156-2 0  1000
2 96292  53.0000  90.0000 0000000   0.0000  18.0000 15.12078246343893
STARLINK-1502
1 25784U 98065A   24219.50000000 -.00022620  00000-0  13156-2 0  1004
2 25784  53.0000  90.0000 0000000   0.0000  32.4000 15.12078246922286
STARLINK-1503
1 44075U 98065A   24219.50000000 -.00022620  00000-0  13156-2 0  1008
2 44075  53.0000  90.0000 0000000   0.0000  46.8000 15.12078246838514
STARLINK-1504
1 49674U 98065A   24219.50000000 -.00022620  00000-0  13156-2 0  1002
2 49674  53.0000  90.0000 0000000   0.0000  61.2000 15.12078246694440
STARLINK-1505
1 60700U 98065A   24219.50000000 -.00022620  00000-0  13156-2 0  1005
2 60700  53.0000  90.0000 0000000   0.0000  75.6000 15.12078246171736
STARLINK-1506
1 77170U 98065A   24219.50000000 -.00022620  00000-0  13156-2 0  1001
2 77170  53.0000  90.0000 0000000   0.0000  90.0000 15.12078246580286
STARLINK-1507
1 62860U 98065A   24219.50000000 -.00022620  00000-0  13156-2 0  1000
2 62860  53.0000  90.0000 0000000   0.0000 104.4000 15.12078246219864
STARLINK-1508
1 93805U 98065A   24219.50000000 -.00022620  00000-0  13156-2 0  1005
2 93805  53.0000  90.0000 0000000   0.0000 118.8000 15.12078246339103
STARLINK-1509
1 35270U 98065A   24219.50000000 -.00022620  00000-0  13156-2 0  1003
2 35270  53.0000  90.0000 0000000   0.0000 133.2000 15.12078246978163
STARLINK-1510
1 58937U 98065A   24219.50000000 -.00022620  00000-0  13156-2 0  1005
2 58937  53.0000  90.0000 0000000   0.0000 147.6000 15.12078246223201
STARLINK-1511
1 96347U 98065A   24219.50000000 -.00022620  00000-0  13156-2 0  1000
2 96347  53.0000  90.0000 0000000   0.0000 162.0000 15.12078246321608
STARLINK-1512
1 40051U 98065A   24219.50000000 -.00022620  00000-0  13156-2 0  1000
2 40051  53.0000  90.0000 0000000   0.0000 176.4000 15.12078246210157
STARLINK-1513
1 77823U 98065A   24219.50000000 -.00022620  00000-0  13156-2 0  1004
2 77823  53.0000  90.0000 0000000   0.0000 190.8000 15.12078246224735
STARLINK-1514
1 12354U 98065A   24219.50000000 -.00022620  00000-0  13156-2 0  1008
2 12354  53.0000  90.0000 0000000   0.0000 205.2000 15.12078246609385
STARLINK-1515
1 55278U 98065A   24219.50000000 -.00022620  00000-0  13156-2 0  1008
2 55278  53.0000  90.0000 0000000   0.0000 219.6000 15.12078246892360
STARLINK-1516
1 19306U 98065A   24219.50000000 -.00022620  00000-0  13156-2 0  1008
2 19306  53.0000  90.0000 0000000   0.0000 234.0000 15.12078246938176
STARLINK-1517
1 72925U 98065A   24219.50000000 -.00022620  00000-0  13156-2 0  1001
2 72925  53.0000  90.0000 0000000   0.0000 248.4000 15.12078246483694
STARLINK-1518
1 68755U 98065A   24219.50000000 -.00022620  00000-0  13156-2 0  1008
2 68755  53.0000  90.0000 0000000   0.0000 262.8000 15.12078246418651
STARLINK-1519
1 63321U 98065A   24219.50000000 -.00022620  00000-0  13156-2 0  1003
2 63321  53.0000  90.0000 0000000   0.0000 277.2000 15.12078246234356
STARLINK-1520
1 73168U 98065A   24219.50000000 -.00022620  00000-0  13156-2 0  1005
2 73168  53.0000  90.0000 0000000   0.0000 291.6000 15.12078246798518
STARLINK-1521
1 33029U 98065A   24219.50000000 -.00022620  00000-0  13156-2 0  1000
2 33029  53.0000  90.0000 0000000   0.0000 306.0000 15.12078246923250
STARLINK-1522
1 99487U 98065A   24219.50000000 -.00022620  00000-0  13156-2 0  1006
2 99487  53.0000  90.0000 0000000   0.0000 320.4000 15.12078246345670
STARLINK-1523
1 89235U 98065A   24219.50000000 -.00022620  00000-0  13156-2 0  1008
2 89235  53.0000  90.0000 0000000   0.0000 334.8000 15.12078246639526
STARLINK-1524
1 69565U 98065A   24219.50000000 -.00022620  00000-0  13156-2 0  1007
2 69565  53.0000  90.0000 0000000   0.0000 349.2000 15.12078246535180
STARLINK-1525
1 54760U 98065A   24219.50000000 -.00022620  00000-0  13156-2 0  1008
2 54760  53.0000  94.5000 0000000   0.0000   3.7800 15.12078246826364
STARLINK-1526
1 68171U 98065A   24219.50000000 -.00022620  00000-0  13156-2 0  1004
2 68171  53.0000  94.5000 0000000   0.0000  18.1800 15.12078246420475
STARLINK-1527
1 39086U 98065A   24219.50000000 -.00022620  00000-0  13156-2 0  1003
2 39086  53.0000  94.5000 0000000   0.0000  32.5800 15.12078246224593
STARLINK-1528
1 83642U 98065A   24219.50000000 -.00022620  00000-0  13156-2 0  1007
2 83642  53.0000  94.5000 0000000   0.0000  46.9800 15.12078246713430
STARLINK-1529
1 96237U 98065A   24219.50000000 -.00022620  00000-0  13156-2 0  1005
2 96237  53.0000  94.5000 0000000   0.0000  61.3800 15.12078246707906
STARLINK-1530
1 53173U 98065A   24219.50000000 -.00022620  00000-0  13156-2 0  1004
2 53173  53.0000  94.5000 0000000   0.0000  75.7800 15.12078246161232
STARLINK-1531
1 20385U 98065A   24219.50000000 -.00022620  00000-0  13156-2 0  1008
2 20385  53.0000  94.5000 0000000   0.0000  90.1800 15.12078246382967
STARLINK-1532
1 53345U 98065A   24219.50000000 -.00022620  00000-0  13156-2 0  1004
2 53345  53.0000  94.5000 0000000   0.0000 104.5800 15.12078246244331
STARLINK-1533
1 28154U 98065A   24219.50000000 -.00022620  00000-0  13156-2 0  1003
2 28154  53.0000  94.5000 0000000   0.0000 118.9800 15.12078246637378
STARLINK-1534
1 24398U 98065A   24219.50000000 -.00022620  00000-0  13156-2 0  1001
2 24398  53.0000  94.5000 0000000   0.0000 133.3800 15.12078246837324
STARLINK-1535
1 30960U 98065A   24219.50000000 -.00022620  00000-0  13156-2 0  1004
2 30960  53.0000  94.5000 0000000   0.0000 147.7800 15.12078246857251
STARLINK-1536
1 50677U 98065A   24219.50000000 -.00022620  00000-0  13156-2 0  1008
2 50677  53.0000  94.5000 0000000   0.0000 162.1800 15.12078246544245
STARLINK-1537
1 28002U 98065A   24219.50000000 -.00022620  00000-0  13156-2 0  1007
2 28002  53.0000  94.5000 0000000   0.0000 176.5800 15.12078246777871
STARLINK-1538
1 90145U 98065A   24219.50000000 -.00022620  00000-0  13156-2 0  1008
2 90145  53.0000  94.5000 0000000   0.0000 190.9800 15.12078246816647
STARLINK-1539
1 79191U 98065A   24219.50000000 -.00022620  00000-0  13156-2 0  1005
2 79191  53.0000  94.5000 0000000   0.0000 205.3800 15.12078246898232
STARLINK-1540
1 69826U 98065A   24219.50000000 -.00022620  00000-0  13156-2 0  1008
2 69826  53.0000  94.5000 0000000   0.0000 219.7800 15.12078246617615
STARLINK-1541
1 61499U 98065A   24219.50000000 -.00022620  00000-0  13156-2 0  1008
2 61499  53.0000  94.5000 0000000   0.0000 234.1800 15.12078246554548
STARLINK-1542
1 35136U 98065A   24219.50000000 -.00022620  00000-0  13156-2 0  1008
2 35136  53.0000  94.5000 0000000   0.0000 248.5800 15.12078246796302
STARLINK-1543
1 18057U 98065A   24219.50000000 -.00022620  00000-0  13156-2 0  1001
2 18057  53.0000  94.5000 0000000   0.0000 262.9800 15.12078246249218
STARLINK-1544
1 73641U 98065A   24219.50000000 -.00022620  00000-0  13156-2 0  1006
2 73641  53.0000  94.5000 0000000   0.0000 277.3800 15.12078246526846
STARLINK-1545
1 37017U 98065A   24219.50000000 -.00022620  00000-0  13156-2 0  1005
2 37017  53.0000  94.5000 0000000   0.0000 291.7800 15.12078246159773
STARLINK-1546
1 40504U 98065A   24219.50000000 -.00022620  00000-0  13156-2 0  1006
2 40504  53.0000  94.5000 0000000   0.0000 306.1800 15.12078246871581
STARLINK-1547
1 31186U 98065A   24219.50000000 -.00022620  00000-0  13156-2 0  1003
2 31186  53.0000  94.5000 0000000   0.0000 320.5800 15.12078246449567
STARLINK-1548
1 40923U 98065A   24219.50000000 -.00022620  00000-0  13156-2 0  1004
2 40923  53.0000  94.5000 0000000   0.0000 334.9800 15.12078246711353
STARLINK-1549
1 94728U 98065A   24219.50000000 -.00022620  00000-0  13156-2 0  1006
2 94728  53.0000  94.5000 0000000   0.0000 349.3800 15.12078246468381
STARLINK-1550
1 31608U 98065A   24219.50000000 -.00022620  00000-0  13156-2 0  1007
2 31608  53.0000  99.0000 0000000   0.0000   3.9600 15.12078246942687
STARLINK-1551
1 61208U 98065A   24219.50000000 -.00022620  00000-0  13156-2 0  1000
2 61208  53.0000  99.0000 0000000   0.0000  18.3600 15.12078246736371
STARLINK-1552
1 52479U 98065A   24219.50000000 -.00022620  00000-0  13156-2 0  1000
2 52479  53.0000  99.0000 0000000   0.0000  32.7600 15.12078246970425
STARLINK-1553
1 95422U 98065A   24219.50000000 -.00022620  00000-0  13156-2 0  1008
2 95422  53.0000  99.0000 0000000   0.0000  47.1600 15.12078246469191
STARLINK-1554
1 89822U 98065A   24219.50000000 -.00022620  00000-0  13156-2 0  1007
2 89822  53.0000  99.0000 0000000   0.0000  61.5600 15.12078246723425
STARLINK-1555
1 33751U 98065A   24219.50000000 -.00022620  00000-0  13156-2 0  1008
2 33751  53.0000  99.0000 0000000   0.0000  75.9600 15.12078246759903
STARLINK-1556
1 69242U 98065A   24219.50000000 -.00022620  00000-0  13156-2 0  1003
2 69242  53.0000  99.0000 0000000   0.0000  90.3600 15.12078246923968
STARLINK-1557
1 27685U 98065A   24219.50000000 -.00022620  00000-0  13156-2 0  1003
2 27685  53.0000  99.0000 0000000   0.0000 104.7600 15.12078246927096
STARLINK-1558
1 67613U 98065A   24219.50000000 -.00022620  00000-0  13156-2 0  1004
2 67613  53.0000  99.0000 0000000   0.0000 119.1600 15.12078246746890
STARLINK-1559
1 52446U 98065A   24219.50000000 -.00022620  00000-0  13156-2 0  1008
2 52446  53.0000  99.0000 0000000   0.0000 133.5600 15.12078246857640
STARLINK-1560
1 21689U 98065A   24219.50000000 -.00022620  00000-0  13156-2 0  1005
2 21689  53.0000  99.0000 0000000   0.0000 147.9600 15.12078246434826
STARLINK-1561
1 82002U 98065A   24219.50000000 -.00022620  00000-0  13156-2 0  1005
2 82002  53.0000  99.0000 0000000   0.0000 162.3600 15.12078246999342
STARLINK-1562
1 98564U 98065A   24219.50000000 -.00022620  00000-0  13156-2 0  1000
2 98564  53.0000  99.0000 0000000   0.0000 176.7600 15.12078246723432
STARLINK-1563
1 36038U 98065A   24219.50000000 -.00022620  00000-0  13156-2 0  1004
2 36038  53.0000  99.0000 0000000   0.0000 191.1600 15.12078246896090
STARLINK-1564
1 15317U 98065A   24219.50000000 -.00022620  00000-0  13156-2 0  1007
2 15317  53.0000  99.0000 0000000   0.0000 205.5600 15.12078246231350
STARLINK-1565
1 13635U 98065A   24219.50000000 -.00022620  00000-0  13156-2 0  1008
2 13635  53.0000  99.0000 0000000   0.0000 219.9600 15.12078246834684
STARLINK-1566
1 72134U 98065A   24219.50000000 -.00022620  00000-0  13156-2 0  1000
2 72134  53.0000  99.0000 0000000   0.0000 234.3600 15.12078246873098
STARLINK-1567
1 19755U 98065A   24219.50000000 -.00022620  00000-0  13156-2 0  1003
2 19755  53.0000  99.0000 0000000   0.0000 248.7600 15.12078246411583
STARLINK-1568
1 51144U 98065A   24219.50000000 -.00022620  00000-0  13156-2 0  1000
2 51144  53.0000  99.0000 0000000   0.0000 263.1600 15.12078246242507
STARLINK-1569
1 84110U 98065A   24219.50000000 -.00022620  00000-0  13156-2 0  1006
2 84110  53.0000  99.0000 0000000   0.0000 277.5600 15.12078246794825
STARLINK-1570
1 60757U 98065A   24219.50000000 -.00022620  00000-0  13156-2 0  1002
2 60757  53.0000  99.0000 0000000   0.0000 291.9600 15.12078246886572
STARLINK-1571
1 84699U 98065A   24219.50000000 -.00022620  00000-0  13156-2 0  1008
2 84699  53.0000  99.0000 0000000   0.0000 306.3600 15.12078246742976
STARLINK-1572
1 58192U 98065A   24219.50000000 -.00022620  00000-0  13156-2 0  1005
2 58192  53.0000  99.0000 0000000   0.0000 320.7600 15.12078246305210
STARLINK-1573
1 71736U 98065A   24219.50000000 -.00022620  00000-0  13156-2 0  1007
2 71736  53.0000  99.0000 0000000   0.0000 335.1600 15.12078246132250
STARLINK-1574
1 20810U 98065A   24219.50000000 -.00022620  00000-0  13156-2 0  1006
2 20810  53.0000  99.0000 0000000   0.0000 349.5600 15.12078246692160
STARLINK-1575
1 35829U 98065A   24219.50000000 -.00022620  00000-0  13156-2 0  1002
2 35829  53.0000 103.5000 0000000   0.0000   4.1400 15.12078246449021
STARLINK-1576
1 55116U 98065A   24219.50000000 -.00022620  00000-0  13156-2 0  1008
2 55116  53.0000 103.5000 0000000   0.0000  18.5400 15.12078246358427
STARLINK-1577
1 72895U 98065A   24219.50000000 -.00022620  00000-0  13156-2 0  1002
2 72895  53.0000 103.5000 0000000   0.0000  32.9400 15.12078246820313
STARLINK-1578
1 53982U 98065A   24219.50000000 -.00022620  00000-0  13156-2 0  1008
2 53982  53.0000 103.5000 0000000   0.0000  47.3400 15.12078246863235
STARLINK-1579
1 49611U 98065A   24219.50000000 -.00022620  00000-0  13156-2 0  1008
2 49611  53.0000 103.5000 0000000   0.0000  61.7400 15.12078246591542
STARLINK-1580
1 84237U 98065A   24219.50000000 -.00022620  00000-0  13156-2 0  1005
2 84237  53.0000 103.5000 0000000   0.0000  76.1400 15.12078246304510
STARLINK-1581
1 12726U 98065A   24219.50000000 -.00022620  00000-0  13156-2 0  1003
2 12726  53.0000 103.5000 0000000   0.0000  90.5400 15.12078246118470
STARLINK-1582
1 22616U 98065A   24219.50000000 -.00022620  00000-0  13156-2 0  1001
2 22616  53.0000 103.5000 0000000   0.0000 104.9400 15.12078246919607
STARLINK-1583
1 15196U 98065A   24219.50000000 -.00022620  00000-0  13156-2 0  1000
2 15196  53.0000 103.5000 0000000   0.0000 119.3400 15.12078246666256
STARLINK-1584
1 52096U 98065A   24219.50000000 -.00022620  00000-0  13156-2 0  1001
2 52096  53.0000 103.5000 0000000   0.0000 133.7400 15.12078246966035
STARLINK-1585
1 27347U 98065A   24219.50000000 -.00022620  00000-0  13156-2 0  1000
2 27347  53.0000 103.5000 0000000   0.0000 148.1400 15.12078246183236
STARLINK-1586
1 90733U 98065A   24219.50000000 -.00022620  00000-0  13156-2 0  1008
2 90733  53.0000 103.5000 0000000   0.0000 162.5400 15.12078246144263
STARLINK-1587
1 72182U 98065A   24219.50000000 -.00022620  00000-0  13156-2 0  1004
2 72182  53.0000 103.5000 0000000   0.0000 176.9400 15.12078246442192
STARLINK-1588
1 74745U 98065A   24219.50000000 -.00022620  00000-0  13156-2 0  1005
2 74745  53.0000 103.5000 0000000   0.0000 191.3400 15.12078246606082
STARLINK-1589
1 59765U 98065A   24219.50000000 -.00022620  00000-0  13156-2 0  1001
2 59765  53.0000 103.5000 0000000   0.0000 205.7400 15.12078246403387
STARLINK-1590
1 52632U 98065A   24219.50000000 -.00022620  00000-0  13156-2 0  1001
2 52632  53.0000 103.5000 0000000   0.0000 220.1400 15.12078246681306
STARLINK-1591
1 67260U 98065A   24219.50000000 -.00022620  00000-0  13156-2 0  1007
2 67260  53.0000 103.5000 0000000   0.0000 234.5400 15.12078246728264
STARLINK-1592
1 28437U 98065A   24219.50000000 -.00022620  00000-0  13156-2 0  1000
2 28437  53.0000 103.5000 0000000   0.0000 248.9400 15.12078246383194
STARLINK-1593
1 91172U 98065A   24219.50000000 -.00022620  00000-0  13156-2 0  1007
2 91172  53.0000 103.5000 0000000   0.0000 263.3400 15.12078246232364
STARLINK-1594
1 63637U 98065A   24219.50000000 -.00022620  00000-0  13156-2 0  1005
2 63637  53.0000 103.5000 0000000   0.0000 277.7400 15.12078246539936
STARLINK-1595
1 47132U 98065A   24219.50000000 -.00022620  00000-0  13156-2 0  1002
2 47132  53.0000 103.5000 0000000   0.0000 292.1400 15.12078246910363
STARLINK-1596
1 22817U 98065A   24219.50000000 -.00022620  00000-0  13156-2 0  1008
2 22817  53.0000 103.5000 0000000   0.0000 306.5400 15.12078246822941
STARLINK-1597
1 60477U 98065A   24219.50000000 -.00022620  00000-0  13156-2 0  1000
2 60477  53.0000 103.5000 0000000   0.0000 320.9400 15.12078246187081
STARLINK-1598
1 45024U 98065A   24219.50000000 -.00022620  00000-0  13156-2 0  1004
2 45024  53.0000 103.5000 0000000   0.0000 335.3400 15.12078246937796
STARLINK-1599
1 84396U 98065A   24219.50000000 -.00022620  00000-0  13156-2 0  1000
2 84396  53.0000 103.5000 0000000   0.0000 349.7400 15.12078246831256
STARLINK-1600
1 13752U 98065A   24219.50000000 -.00022620  00000-0  13156-2 0  1006
2 13752  53.0000 108.0000 0000000   0.0000   4.3200 15.12078246312643
STARLINK-1601
1 48471U 98065A   24219.50000000 -.00022620  00000-0  13156-2 0  1001
2 48471  53.0000 108.0000 0000000   0.0000  18.7200 15.12078246452218
STARLINK-1602
1 57552U 98065A   24219.50000000 -.00022620  00000-0  13156-2 0  1003
2 57552  53.0000 108.0000 0000000   0.0000  33.1200 15.12078246843976
STARLINK-1603
1 86117U 98065A   24219.50000000 -.00022620  00000-0  13156-2 0  1002
2 86117  53.0000 108.0000 0000000   0.0000  47.5200 15.12078246894012
STARLINK-1604
1 58067U 98065A   24219.50000000 -.00022620  00000-0  13156-2 0  1002
2 58067  53.0000 108.0000 0000000   0.0000  61.9200 15.12078246772303
STARLINK-1605
1 52843U 98065A   24219.50000000 -.00022620  00000-0  13156-2 0  1004
2 52843  53.0000 108.0000 0000000   0.0000  76.3200 15.12078246887036
STARLINK-1606
1 29003U 98065A   24219.50000000 -.00022620  00000-0  13156-2 0  1007
2 29003  53.0000 108.0000 0000000   0.0000  90.7200 15.12078246717994
STARLINK-1607
1 73316U 98065A   24219.50000000 -.00022620  00000-0  13156-2 0  1003
2 73316  53.0000 108.0000 0000000   0.0000 105.1200 15.12078246312213
STARLINK-1608
1 88081U 98065A   24219.50000000 -.00022620  00000-0  13156-2 0  1004
2 88081  53.0000 108.0000 0000000   0.0000 119.5200 15.12078246814703
STARLINK-1609
1 75537U 98065A   24219.50000000 -.00022620  00000-0  13156-2 0  1006
2 75537  53.0000 108.0000 0000000   0.0000 133.9200 15.12078246381836
STARLINK-1610
1 79265U 98065A   24219.50000000 -.00022620  00000-0  13156-2 0  1002
2 79265  53.0000 108.0000 0000000   0.0000 148.3200 15.12078246104308
STARLINK-1611
1 77772U 98065A   24219.50000000 -.00022620  00000-0  13156-2 0  1003
2 77772  53.0000 108.0000 0000000   0.0000 162.7200 15.12078246525374
STARLINK-1612
1 71517U 98065A   24219.50000000 -.00022620  00000-0  13156-2 0  1001
2 71517  53.0000 108.0000 0000000   0.0000 177.1200 15.12078246220475
STARLINK-1613
1 27147U 98065A   24219.50000000 -.00022620  00000-0  13156-2 0  1008
2 27147  53.0000 108.0000 0000000   0.0000 191.5200 15.12078246777488
STARLINK-1614
1 35746U 98065A   24219.50000000 -.00022620  00000-0  13156-2 0  1002
2 35746  53.0000 108.0000 0000000   0.0000 205.9200 15.12078246393271
STARLINK-1615
1 93172U 98065A   24219.50000000 -.00022620  00000-0  13156-2 0  1003
2 93172  53.0000 108.0000 0000000   0.0000 220.3200 15.12078246605524
STARLINK-1616
1 12309U 98065A   24219.50000000 -.00022620  00000-0  13156-2 0  1000
2 12309  53.0000 108.0000 0000000   0.0000 234.7200 15.12078246351567
STARLINK-1617
1 50489U 98065A   24219.50000000 -.00022620  00000-0  13156-2 0  1004
2 50489  53.0000 108.0000 0000000   0.0000 249.1200 15.12078246626583
STARLINK-1618
1 17613U 98065A   24219.50000000 -.00022620  00000-0  13156-2 0  1008
2 17613  53.0000 108.0000 0000000   0.0000 263.5200 15.12078246958625
STARLINK-1619
1 56663U 98065A   24219.50000000 -.00022620  00000-0  13156-2 0  1005
2 56663  53.0000 108.0000 0000000   0.0000 277.9200 15.12078246393984
STARLINK-1620
1 29537U 98065A   24219.50000000 -.00022620  00000-0  13156-2 0  1007
2 29537  53.0000 108.0000 0000000   0.0000 292.3200 15.12078246965391
STARLINK-1621
1 28851U 98065A   24219.50000000 -.00022620  00000-0  13156-2 0  1008
2 28851  53.0000 108.0000 0000000   0.0000 306.7200 15.12078246911384
STARLINK-1622
1 60829U 98065A   24219.50000000 -.00022620  00000-0  13156-2 0  1001
2 60829  53.0000 108.0000 0000000   0.0000 321.1200 15.12078246490953
STARLINK-1623
1 42066U 98065A   24219.50000000 -.00022620  00000-0  13156-2 0  1008
2 42066  53.0000 108.0000 0000000   0.0000 335.5200 15.12078246478982
STARLINK-1624
1 36039U 98065A   24219.50000000 -.00022620  00000-0  13156-2 0  1004
2 36039  53.0000 108.0000 0000000   0.0000 349.9200 15.12078246581012
STARLINK-1625
1 58833U 98065A   24219.50000000 -.00022620  00000-0  13156-2 0  1006
2 58833  53.0000 112.5000 0000000   0.0000   4.5000 15.12078246788312
STARLINK-1626
1 88366U 98065A   24219.50000000 -.00022620  00000-0  13156-2 0  1006
2 88366  53.0000 112.5000 0000000   0.0000  18.9000 15.12078246375251
STARLINK-1627
1 44147U 98065A   24219.50000000 -.00022620  00000-0  13156-2 0  1006
2 44147  53.0000 112.5000 0000000   0.0000  33.3000 15.12078246135366
STARLINK-1628
1 27576U 98065A   24219.50000000 -.00022620  00000-0  13156-2 0  1001
2 27576  53.0000 112.5000 0000000   0.0000  47.7000 15.12078246137140
STARLINK-1629
1 46630U 98065A   24219.50000000 -.00022620  00000-0  13156-2 0  1003
2 46630  53.0000 112.5000 0000000   0.0000  62.1000 15.12078246660253
STARLINK-1630
1 69521U 98065A   24219.50000000 -.00022620  00000-0  13156-2 0  1001
2 69521  53.0000 112.5000 0000000   0.0000  76.5000 15.12078246185286
STARLINK-1631
1 65815U 98065A   24219.50000000 -.00022620  00000-0  13156-2 0  1004
2 65815  53.0000 112.5000 0000000   0.0000  90.9000 15.12078246871342
STARLINK-1632
1 50475U 98065A   24219.50000000 -.00022620  00000-0  13156-2 0  1000
2 50475  53.0000 112.5000 0000000   0.0000 105.3000 15.12078246355280
STARLINK-1633
1 73779U 98065A   24219.50000000 -.00022620  00000-0  13156-2 0  1005
2 73779  53.0000 112.5000 0000000   0.0000 119.7000 15.12078246120948
STARLINK-1634
1 87467U 98065A   24219.50000000 -.00022620  00000-0  13156-2 0  1007
2 87467  53.0000 112.5000 0000000   0.0000 134.1000 15.12078246555991
STARLINK-1635
1 80678U 98065A   24219.50000000 -.00022620  00000-0  13156-2 0  1006
2 80678  53.0000 112.5000 0000000   0.0000 148.5000 15.12078246723838
STARLINK-1636
1 74737U 98065A   24219.50000000 -.00022620  00000-0  13156-2 0  1002
2 74737  53.0000 112.5000 0000000   0.0000 162.9000 15.12078246731625
STARLINK-1637
1 45821U 98065A   24219.50000000 -.00022620  00000-0  13156-2 0  1004
2 45821  53.0000 112.5000 0000000   0.0000 177.3000 15.12078246852441
STARLINK-1638
1 84486U 98065A   24219.50000000 -.00022620  00000-0  13156-2 0  1005
2 84486  53.0000 112.5000 0000000   0.0000 191.7000 15.12078246962718
STARLINK-1639
1 84849U 98065A   24219.50000000 -.00022620  00000-0  13156-2 0  1005
2 84849  53.0000 112.5000 0000000   0.0000 206.1000 15.12078246391414
STARLINK-1640
1 66742U 98065A   24219.50000000 -.00022620  00000-0  13156-2 0  1005
2 66742  53.0000 112.5000 0000000   0.0000 220.5000 15.12078246177833
STARLINK-1641
1 98241U 98065A   24219.50000000 -.00022620  00000-0  13156-2 0  1001
2 98241  53.0000 112.5000 0000000   0.0000 234.9000 15.12078246317760
STARLINK-1642
1 90327U 98065A   24219.50000000 -.00022620  00000-0  13156-2 0  1006
2 90327  53.0000 112.5000 0000000   0.0000 249.3000 15.12078246115187
STARLINK-1643
1 52894U 98065A   24219.50000000 -.00022620  00000-0  13156-2 0  1000
2 52894  53.0000 112.5000 0000000   0.0000 263.7000 15.12078246903411
STARLINK-1644
1 55084U 98065A   24219.50000000 -.00022620  00000-0  13156-2 0  1003
2 55084  53.0000 112.5000 0000000   0.0000 278.1000 15.12078246678158
STARLINK-1645
1 64811U 98065A   24219.50000000 -.00022620  00000-0  13156-2 0  1006
2 64811  53.0000 112.5000 0000000   0.0000 292.5000 15.12078246854171
STARLINK-1646
1 44444U 98065A   24219.50000000 -.00022620  00000-0  13156-2 0  1007
2 44444  53.0000 112.5000 0000000   0.0000 306.9000 15.12078246936084
STARLINK-1647
1 89288U 98065A   24219.50000000 -.00022620  00000-0  13156-2 0  1001
2 89288  53.0000 112.5000 0000000   0.0000 321.3000 15.12078246270438
STARLINK-1648
1 92849U 98065A   24219.50000000 -.00022620  00000-0  13156-2 0  1007
2 92849  53.0000 112.5000 0000000   0.0000 335.7000 15.12078246672500
STARLINK-1649
1 24394U 98065A   24219.50000000 -.00022620  00000-0  13156-2 0  1004
2 24394  53.0000 112.5000 0000000   0.0000 350.1000 15.12078246865837
STARLINK-1650
1 77643U 98065A   24219.50000000 -.00022620  00000-0  13156-2 0  1006
2 77643  53.0000 117.0000 0000000   0.0000   4.6800 15.12078246383436
STARLINK-1651
1 91731U 98065A   24219.50000000 -.00022620  00000-0  13156-2 0  1005
2 91731  53.0000 117.0000 0000000   0.0000  19.0800 15.12078246101201
STARLINK-1652
1 20313U 98065A   24219.50000000 -.00022620  00000-0  13156-2 0  1000
2 20313  53.0000 117.0000 0000000   0.0000  33.4800 15.12078246525633
STARLINK-1653
1 11856U 98065A   24219.50000000 -.00022620  00000-0  13156-2 0  1008
2 11856  53.0000 117.0000 0000000   0.0000  47.8800 15.12078246347891
STARLINK-1654
1 19331U 98065A   24219.50000000 -.00022620  00000-0  13156-2 0  1000
2 19331  53.0000 117.0000 0000000   0.0000  62.2800 15.12078246959960
STARLINK-1655
1 95319U 98065A   24219.50000000 -.00022620  00000-0  13156-2 0  1003
2 95319  53.0000 117.0000 0000000   0.0000  76.6800 15.12078246199227
STARLINK-1656
1 15368U 98065A   24219.50000000 -.00022620  00000-0  13156-2 0  1003
2 15368  53.0000 117.0000 0000000   0.0000  91.0800 15.12078246624718
STARLINK-1657
1 89278U 98065A   24219.50000000 -.00022620  00000-0  13156-2 0  1008
2 89278  53.0000 117.0000 0000000   0.0000 105.4800 15.12078246240371
STARLINK-1658
1 79189U 98065A   24219.50000000 -.00022620  00000-0  13156-2 0  1008
2 79189  53.0000 117.0000 0000000   0.0000 119.8800 15.12078246706016
STARLINK-1659
1 93380U 98065A   24219.50000000 -.00022620  00000-0  13156-2 0  1002
2 93380  53.0000 117.0000 0000000   0.0000 134.2800 15.12078246988084
STARLINK-1660
1 30377U 98065A   24219.50000000 -.00022620  00000-0  13156-2 0  1000
2 30377  53.0000 117.0000 0000000   0.0000 148.6800 15.12078246200540
STARLINK-1661
1 32066U 98065A   24219.50000000 -.00022620  00000-0  13156-2 0  1002
2 32066  53.0000 117.0000 0000000   0.0000 163.0800 15.12078246939998
STARLINK-1662
1 92934U 98065A   24219.50000000 -.00022620  00000-0  13156-2 0  1006
2 92934  53.0000 117.0000 0000000   0.0000 177.4800 15.12078246588180
STARLINK-1663
1 40774U 98065A   24219.50000000 -.00022620  00000-0  13156-2 0  1007
2 40774  53.0000 117.0000 0000000   0.0000 191.8800 15.12078246132012
STARLINK-1664
1 89935U 98065A   24219.50000000 -.00022620  00000-0  13156-2 0  1006
2 89935  53.0000 117.0000 0000000   0.0000 206.2800 15.12078246980506
STARLINK-1665
1 36793U 98065A   24219.50000000 -.00022620  00000-0  13156-2 0  1006
2 36793  53.0000 117.0000 0000000   0.0000 220.6800 15.12078246846541
STARLINK-1666
1 16276U 98065A   24219.50000000 -.00022620  00000-0  13156-2 0  1001
2 16276  53.0000 117.0000 0000000   0.0000 235.0800 15.12078246121836
STARLINK-1667
1 32912U 98065A   24219.50000000 -.00022620  00000-0  13156-2 0  1008
2 32912  53.0000 117.0000 0000000   0.0000 249.4800 15.12078246526155
STARLINK-1668
1 62345U 98065A   24219.50000000 -.00022620  00000-0  13156-2 0  1004
2 62345  53.0000 117.0000 0000000   0.0000 263.8800 15.12078246859081
STARLINK-1669
1 81442U 98065A   24219.50000000 -.00022620  00000-0  13156-2 0  1001
2 81442  53.0000 117.0000 0000000   0.0000 278.2800 15.12078246701090
STARLINK-1670
1 73307U 98065A   24219.50000000 -.00022620  00000-0  13156-2 0  1005
2 73307  53.0000 117.0000 0000000   0.0000 292.6800 15.12078246238088
STARLINK-1671
1 89192U 98065A   24219.50000000 -.00022620  00000-0  13156-2 0  1006
2 89192  53.0000 117.0000 0000000   0.0000 307.0800 15.12078246558447
STARLINK-1672
1 49285U 98065A   24219.50000000 -.00022620  00000-0  13156-2 0  1006
2 49285  53.0000 117.0000 0000000   0.0000 321.4800 15.12078246444288
STARLINK-1673
1 66640U 98065A   24219.50000000 -.00022620  00000-0  13156-2 0  1004
2 66640  53.0000 117.0000 0000000   0.0000 335.8800 15.12078246996618
STARLINK-1674
1 48218U 98065A   24219.50000000 -.00022620  00000-0  13156-2 0  1003
2 48218  53.0000 117.0000 0000000   0.0000 350.2800 15.12078246224516
STARLINK-1675
1 44456U 98065A   24219.50000000 -.00022620  00000-0  13156-2 0  1000
2 44456  53.0000 121.5000 0000000   0.0000   4.8600 15.12078246759443
STARLINK-1676
1 22342U 98065A   24219.50000000 -.00022620  00000-0  13156-2 0  1004
2 22342  53.0000 121.5000 0000000   0.0000  19.2600 15.12078246139550
STARLINK-1677
1 64195U 98065A   24219.50000000 -.00022620  00000-0  13156-2 0  1004
2 64195  53.0000 121.5000 0000000   0.0000  33.6600 15.12078246114538
STARLINK-1678
1 28021U 98065A   24219.50000000 -.00022620  00000-0  13156-2 0  1002
2 28021  53.0000 121.5000 0000000   0.0000  48.0600 15.12078246302861
STARLINK-1679
1 72677U 98065A   24219.50000000 -.00022620  00000-0  13156-2 0  1003
2 72677  53.0000 121.5000 0000000   0.0000  62.4600 15.12078246782433
STARLINK-1680
1 32969U 98065A   24219.50000000 -.00022620  00000-0  13156-2 0  1000
2 32969  53.0000 121.5000 0000000   0.0000  76.8600 15.12078246823488
STARLINK-1681
1 89824U 98065A   24219.50000000 -.00022620  00000-0  13156-2 0  1004
2 89824  53.0000 121.5000 0000000   0.0000  91.2600 15.12078246549944
STARLINK-1682
1 97190U 98065A   24219.50000000 -.00022620  00000-0  13156-2 0  1008
2 97190  53.0000 121.5000 0000000   0.0000 105.6600 15.12078246961703
STARLINK-1683
1 15273U 98065A   24219.50000000 -.00022620  00000-0  13156-2 0  1007
2 15273  53.0000 121.5000 0000000   0.0000 120.0600 15.12078246868117
STARLINK-1684
1 33652U 98065A   24219.50000000 -.00022620  00000-0  13156-2 0  1001
2 33652  53.0000 121.5000 0000000   0.0000 134.4600 15.12078246705884
STARLINK-1685
1 27039U 98065A   24219.50000000 -.00022620  00000-0  13156-2 0  1007
2 27039  53.0000 121.5000 0000000   0.0000 148.8600 15.12078246611518
STARLINK-1686
1 29516U 98065A   24219.50000000 -.00022620  00000-0  13156-2 0  1005
2 29516  53.0000 121.5000 0000000   0.0000 163.2600 15.12078246562630
STARLINK-1687
1 59983U 98065A   24219.50000000 -.00022620  00000-0  13156-2 0  1003
2 59983  53.0000 121.5000 0000000   0.0000 177.6600 15.12078246739104
STARLINK-1688
1 76171U 98065A   24219.50000000 -.00022620  00000-0  13156-2 0  1006
2 76171  53.0000 121.5000 0000000   0.0000 192.0600 15.12078246344158
STARLINK-1689
1 96232U 98065A   24219.50000000 -.00022620  00000-0  13156-2 0  1001
2 96232  53.0000 121.5000 0000000   0.0000 206.4600 15.12078246949332
STARLINK-1690
1 77806U 98065A   24219.50000000 -.00022620  00000-0  13156-2 0  1004
2 77806  53.0000 121.5000 0000000   0.0000 220.8600 15.12078246603363
STARLINK-1691
1 76213U 98065A   24219.50000000 -.00022620  00000-0  13156-2 0  1002
2 76213  53.0000 121.5000 0000000   0.0000 235.2600 15.12078246663907
STARLINK-1692
1 17016U 98065A   24219.50000000 -.00022620  00000-0  13156-2 0  1007
2 17016  53.0000 121.5000 0000000   0.0000 249.6600 15.12078246503484
STARLINK-1693
1 25755U 98065A   24219.50000000 -.00022620  00000-0  13156-2 0  1005
2 25755  53.0000 121.5000 0000000   0.0000 264.0600 15.12078246969971
STARLINK-1694
1 67561U 98065A   24219.50000000 -.00022620  00000-0  13156-2 0  1003
2 67561  53.0000 121.5000 0000000   0.0000 278.4600 15.12078246849798
STARLINK-1695
1 47573U 98065A   24219.50000000 -.00022620  00000-0  13156-2 0  1005
2 47573  53.0000 121.5000 0000000   0.0000 292.8600 15.12078246681213
STARLINK-1696
1 80456U 98065A   24219.50000000 -.00022620  00000-0  13156-2 0  1006
2 80456  53.0000 121.5000 0000000   0.0000 307.2600 15.12078246619592
STARLINK-1697
1 37296U 98065A   24219.50000000 -.00022620  00000-0  13156-2 0  1002
2 37296  53.0000 121.5000 0000000   0.0000 321.6600 15.12078246467908
STARLINK-1698
1 90371U 98065A   24219.50000000 -.00022620  00000-0  13156-2 0  1006
2 90371  53.0000 121.5000 0000000   0.0000 336.0600 15.12078246800290
STARLINK-1699
1 10430U 98065A   24219.50000000 -.00022620  00000-0  13156-2 0  1008
2 10430  53.0000 121.5000 0000000   0.0000 350.4600 15.12078246245252
STARLINK-1700
1 84248U 98065A   24219.50000000 -.00022620  00000-0  13156-2 0  1004
2 84248  53.0000 126.0000 0000000   0.0000   5.0400 15.12078246396993
STARLINK-1701
1 77540U 98065A   24219.50000000 -.00022620  00000-0  13156-2 0  1007
2 77540  53.0000 126.0000 0000000   0.0000  19.4400 15.12078246861573
STARLINK-1702
1 44472U 98065A   24219.50000000 -.00022620  00000-0  13156-2 0  1000
2 44472  53.0000 126.0000 0000000   0.0000  33.8400 15.12078246161216
STARLINK-1703
1 28466U 98065A   24219.50000000 -.00022620  00000-0  13156-2 0  1005
2 28466  53.0000 126.0000 0000000   0.0000  48.2400 15.12078246507888
STARLINK-1704
1 51065U 98065A   24219.50000000 -.00022620  00000-0  13156-2 0  1001
2 51065  53.0000 126.0000 0000000   0.0000  62.6400 15.12078246477390
STARLINK-1705
1 69225U 98065A   24219.50000000 -.00022620  00000-0  13156-2 0  1000
2 69225  53.0000 126.0000 0000000   0.0000  77.0400 15.12078246998831
STARLINK-1706
1 42132U 98065A   24219.50000000 -.00022620  00000-0  13156-2 0  1000
2 42132  53.0000 126.0000 0000000   0.0000  91.4400 15.12078246219126
STARLINK-1707
1 87951U 98065A   24219.50000000 -.00022620  00000-0  13156-2 0  1006
2 87951  53.0000 126.0000 0000000   0.0000 105.8400 15.12078246974143
STARLINK-1708
1 98024U 98065A   24219.50000000 -.00022620  00000-0  13156-2 0  1006
2 98024  53.0000 126.0000 0000000   0.0000 120.2400 15.12078246771540
STARLINK-1709
1 21980U 98065A   24219.50000000 -.00022620  00000-0  13156-2 0  1004
2 21980  53.0000 126.0000 0000000   0.0000 134.6400 15.12078246957333
STARLINK-1710
1 35254U 98065A   24219.50000000 -.00022620  00000-0  13156-2 0  1002
2 35254  53.0000 126.0000 0000000   0.0000 149.0400 15.12078246952860
STARLINK-1711
1 90134U 98065A   24219.50000000 -.00022620  00000-0  13156-2 0  1003
2 90134  53.0000 126.0000 0000000   0.0000 163.4400 15.12078246892006
STARLINK-1712
1 95715U 98065A   24219.50000000 -.00022620  00000-0  13156-2 0  1003
2 95715  53.0000 126.0000 0000000   0.0000 177.8400 15.12078246875526
STARLINK-1713
1 62949U 98065A   24219.50000000 -.00022620  00000-0  13156-2 0  1006
2 62949  53.0000 126.0000 0000000   0.0000 192.2400 15.12078246577590
STARLINK-1714
1 35500U 98065A   24219.50000000 -.00022620  00000-0  13156-2 0  1006
2 35500  53.0000 126.0000 0000000   0.0000 206.6400 15.12078246559227
STARLINK-1715
1 46875U 98065A   24219.50000000 -.00022620  00000-0  13156-2 0  1001
2 46875  53.0000 126.0000 0000000   0.0000 221.0400 15.12078246396811
STARLINK-1716
1 29287U 98065A   24219.50000000 -.00022620  00000-0  13156-2 0  1008
2 29287  53.0000 126.0000 0000000   0.0000 235.4400 15.12078246792213
STARLINK-1717
1 89210U 98065A   24219.50000000 -.00022620  00000-0  13156-2 0  1001
2 89210  53.0000 126.0000 0000000   0.0000 249.8400 15.12078246891024
STARLINK-1718
1 78623U 98065A   24219.50000000 -.00022620  00000-0  13156-2 0  1008
2 78623  53.0000 126.0000 0000000   0.0000 264.2400 15.12078246478845
STARLINK-1719
1 93522U 98065A   24219.50000000 -.00022620  00000-0  13156-2 0  1004
2 93522  53.0000 126.0000 0000000   0.0000 278.6400 15.12078246740756
STARLINK-1720
1 34235U 98065A   24219.50000000 -.00022620  00000-0  13156-2 0  1006
2 34235  53.0000 126.0000 0000000   0.0000 293.0400 15.12078246259044
STARLINK-1721
1 37866U 98065A   24219.50000000 -.00022620  00000-0  13156-2 0  1008
2 37866  53.0000 126.0000 0000000   0.0000 307.4400 15.12078246335927
STARLINK-1722
1 24001U 98065A   24219.50000000 -.00022620  00000-0  13156-2 0  1005
2 24001  53.0000 126.0000 0000000   0.0000 321.8400 15.12078246707903
STARLINK-1723
1 97426U 98065A   24219.50000000 -.00022620  00000-0  13156-2 0  1006
2 97426  53.0000 126.0000 0000000   0.0000 336.2400 15.12078246426253
STARLINK-1724
1 19173U 98065A   24219.50000000 -.00022620  00000-0  13156-2 0  1001
2 19173  53.0000 126.0000 0000000   0.0000 350.6400 15.12078246609375
STARLINK-1725
1 98165U 98065A   24219.50000000 -.00022620  00000-0  13156-2 0  1002
2 98165  53.0000 130.5000 0000000   0.0000   5.2200 15.12078246862830
STARLINK-1726
1 72817U 98065A   24219.50000000 -.00022620  00000-0  13156-2 0  1002
2 72817  53.0000 130.5000 0000000   0.0000  19.6200 15.12078246237901
STARLINK-1727
1 81518U 98065A   24219.50000000 -.00022620  00000-0  13156-2 0  1002
2 81518  53.0000 130.5000 0000000   0.0000  34.0200 15.12078246445941
STARLINK-1728
1 40671U 98065A   24219.50000000 -.00022620  00000-0  13156-2 0  1004
2 40671  53.0000 130.5000 0000000   0.0000  48.4200 15.12078246445755
STARLINK-1729
1 97653U 98065A   24219.50000000 -.00022620  00000-0  13156-2 0  1004
2 97653  53.0000 130.5000 0000000   0.0000  62.8200 15.12078246178498
STARLINK-1730
1 32759U 98065A   24219.50000000 -.00022620  00000-0  13156-2 0  1006
2 32759  53.0000 130.5000 0000000   0.0000  77.2200 15.12078246606158
STARLINK-1731
1 90871U 98065A   24219.50000000 -.00022620  00000-0  13156-2 0  1004
2 90871  53.0000 130.5000 0000000   0.0000  91.6200 15.12078246246291
STARLINK-1732
1 78692U 98065A   24219.50000000 -.00022620  00000-0  13156-2 0  1004
2 78692  53.0000 130.5000 0000000   0.0000 106.0200 15.12078246159398
STARLINK-1733
1 22440U 98065A   24219.50000000 -.00022620  00000-0  13156-2 0  1008
2 22440  53.0000 130.5000 0000000   0.0000 120.4200 15.12078246872066
STARLINK-1734
1 52016U 98065A   24219.50000000 -.00022620  00000-0  13156-2 0  1003
2 52016  53.0000 130.5000 0000000   0.0000 134.8200 15.12078246554350
STARLINK-1735
1 14464U 98065A   24219.50000000 -.00022620  00000-0  13156-2 0  1004
2 14464  53.0000 130.5000 0000000   0.0000 149.2200 15.12078246703625
STARLINK-1736
1 96895U 98065A   24219.50000000 -.00022620  00000-0  13156-2 0  1001
2 96895  53.0000 130.5000 0000000   0.0000 163.6200 15.12078246686035
STARLINK-1737
1 35401U 98065A   24219.50000000 -.00022620  00000-0  13156-2 0  1006
2 35401  53.0000 130.5000 0000000   0.0000 178.0200 15.12078246610554
STARLINK-1738
1 19764U 98065A   24219.50000000 -.00022620  00000-0  13156-2 0  1004
2 19764  53.0000 130.5000 0000000   0.0000 192.4200 15.12078246763148
STARLINK-1739
1 93816U 98065A   24219.50000000 -.00022620  00000-0  13156-2 0  1000
2 93816  53.0000 130.5000 0000000   0.0000 206.8200 15.12078246663780
STARLINK-1740
1 11034U 98065A   24219.50000000 -.00022620  00000-0  13156-2 0  1001
2 11034  53.0000 130.5000 0000000   0.0000 221.2200 15.12078246940826
STARLINK-1741
1 92248U 98065A   24219.50000000 -.00022620  00000-0  13156-2 0  1001
2 92248  53.0000 130.5000 0000000   0.0000 235.6200 15.12078246975603
STARLINK-1742
1 13483U 98065A   24219.50000000 -.00022620  00000-0  13156-2 0  1000
2 13483  53.0000 130.5000 0000000   0.0000 250.0200 15.12078246742397
STARLINK-1743
1 70552U 98065A   24219.50000000 -.00022620  00000-0  13156-2 0  1008
2 70552  53.0000 130.5000 0000000   0.0000 264.4200 15.12078246869812
STARLINK-1744
1 27810U 98065A   24219.50000000 -.00022620  00000-0  13156-2 0  1004
2 27810  53.0000 130.5000 0000000   0.0000 278.8200 15.12078246784717
STARLINK-1745
1 27418U 98065A   24219.50000000 -.00022620  00000-0  13156-2 0  1003
2 27418  53.0000 130.5000 0000000   0.0000 293.2200 15.12078246716706
STARLINK-1746
1 20798U 98065A   24219.50000000 -.00022620  00000-0  13156-2 0  1008
2 20798  53.0000 130.5000 0000000   0.0000 307.6200 15.12078246365687
STARLINK-1747
1 11758U 98065A   24219.50000000 -.00022620  00000-0  13156-2 0  1004
2 11758  53.0000 130.5000 0000000   0.0000 322.0200 15.12078246871297
STARLINK-1748
1 97432U 98065A   24219.50000000 -.00022620  00000-0  13156-2 0  1005
2 97432  53.0000 130.5000 0000000   0.0000 336.4200 15.12078246618284
STARLINK-1749
1 12039U 98065A   24219.50000000 -.00022620  00000-0  13156-2 0  1001
2 12039  53.0000 130.5000 0000000   0.0000 350.8200 15.12078246905591
STARLINK-1750
1 29405U 98065A   24219.50000000 -.00022620  00000-0  13156-2 0  1000
2 29405  53.0000 135.0000 0000000   0.0000   5.4000 15.12078246340122
STARLINK-1751
1 30487U 98065A   24219.50000000 -.00022620  00000-0  13156-2 0  1007
2 30487  53.0000 135.0000 0000000   0.0000  19.8000 15.12078246444204
STARLINK-1752
1 47523U 98065A   24219.50000000 -.00022620  00000-0  13156-2 0  1001
2 47523  53.0000 135.0000 0000000   0.0000  34.2000 15.12078246329626
STARLINK-1753
1 37287U 98065A   24219.50000000 -.00022620  00000-0  13156-2 0  1002
2 37287  53.0000 135.0000 0000000   0.0000  48.6000 15.12078246383506
STARLINK-1754
1 18734U 98065A   24219.50000000 -.00022620  00000-0  13156-2 0  1008
2 18734  53.0000 135.0000 0000000   0.0000  63.0000 15.12078246730886
STARLINK-1755
1 88149U 98065A   24219.50000000 -.00022620  00000-0  13156-2 0  1004
2 88149  53.0000 135.0000 0000000   0.0000  77.4000 15.12078246929714
STARLINK-1756
1 44607U 98065A   24219.50000000 -.00022620  00000-0  13156-2 0  1001
2 44607  53.0000 135.0000 0000000   0.0000  91.8000 15.12078246511878
STARLINK-1757
1 22276U 98065A   24219.50000000 -.00022620  00000-0  13156-2 0  1006
2 22276  53.0000 135.0000 0000000   0.0000 106.2000 15.12078246550845
STARLINK-1758
1 10219U 98065A   24219.50000000 -.00022620  00000-0  13156-2 0  1001
2 10219  53.0000 135.0000 0000000   0.0000 120.6000 15.12078246791793
STARLINK-1759
1 91826U 98065A   24219.50000000 -.00022620  00000-0  13156-2 0  1006
2 91826  53.0000 135.0000 0000000   0.0000 135.0000 15.12078246740355
STARLINK-1760
1 52473U 98065A   24219.50000000 -.00022620  00000-0  13156-2 0  1007
2 52473  53.0000 135.0000 0000000   0.0000 149.4000 15.12078246873202
STARLINK-1761
1 12550U 98065A   24219.50000000 -.00022620  00000-0  13156-2 0  1001
2 12550  53.0000 135.0000 0000000   0.0000 163.8000 15.12078246253408
STARLINK-1762
1 32484U 98065A   24219.50000000 -.00022620  00000-0  13156-2 0  1003
2 32484  53.0000 135.0000 0000000   0.0000 178.2000 15.12078246101481
STARLINK-1763
1 18503U 98065A   24219.50000000 -.00022620  00000-0  13156-2 0  1006
2 18503  53.0000 135.0000 0000000   0.0000 192.6000 15.12078246629992
STARLINK-1764
1 27266U 98065A   24219.50000000 -.00022620  00000-0  13156-2 0  1008
2 27266  53.0000 135.0000 0000000   0.0000 207.0000 15.12078246953180
STARLINK-1765
1 38592U 98065A   24219.50000000 -.00022620  00000-0  13156-2 0  1000
2 38592  53.0000 135.0000 0000000   0.0000 221.4000 15.12078246885465
STARLINK-1766
1 14252U 98065A   24219.50000000 -.00022620  00000-0  13156-2 0  1006
2 14252  53.0000 135.0000 0000000   0.0000 235.8000 15.12078246643620
STARLINK-1767
1 65272U 98065A   24219.50000000 -.00022620  00000-0  13156-2 0  1005
2 65272  53.0000 135.0000 0000000   0.0000 250.2000 15.12078246430328
STARLINK-1768
1 26563U 98065A   24219.50000000 -.00022620  00000-0  13156-2 0  1007
2 26563  53.0000 135.0000 0000000   0.0000 264.6000 15.12078246735487
STARLINK-1769
1 97840U 98065A   24219.50000000 -.00022620  00000-0  13156-2 0  1005
2 97840  53.0000 135.0000 0000000   0.0000 279.0000 15.12078246179885
STARLINK-1770
1 40046U 98065A   24219.50000000 -.00022620  00000-0  13156-2 0  1004
2 40046  53.0000 135.0000 0000000   0.0000 293.4000 15.12078246787368
STARLINK-1771
1 21421U 98065A   24219.50000000 -.00022620  00000-0  13156-2 0  1004
2 21421  53.0000 135.0000 0000000   0.0000 307.8000 15.12078246721357
STARLINK-1772
1 82517U 98065A   24219.50000000 -.00022620  00000-0  13156-2 0  1007
2 82517  53.0000 135.0000 0000000   0.0000 322.2000 15.12078246848831
STARLINK-1773
1 24585U 98065A   24219.50000000 -.00022620  00000-0  13156-2 0  1000
2 24585  53.0000 135.0000 0000000   0.0000 336.6000 15.12078246585846
STARLINK-1774
1 87009U 98065A   24219.50000000 -.00022620  00000-0  13156-2 0  1002
2 87009  53.0000 135.0000 0000000   0.0000 351.0000 15.12078246738044
STARLINK-1775
1 82379U 98065A   24219.50000000 -.00022620  00000-0  13156-2 0  1003
2 82379  53.0000 139.5000 0000000   0.0000   5.5800 15.12078246997110
STARLINK-1776
1 62166U 98065A   24219.50000000 -.00022620  00000-0  13156-2 0  1003
2 62166  53.0000 139.5000 0000000   0.0000  19.9800 15.12078246226488
STARLINK-1777
1 95384U 98065A   24219.50000000 -.00022620  00000-0  13156-2 0  1007
2 95384  53.0000 139.5000 0000000   0.0000  34.3800 15.12078246582697
STARLINK-1778
1 41482U 98065A   24219.50000000 -.00022620  00000-0  13156-2 0  1000
2 41482  53.0000 139.5000 0000000   0.0000  48.7800 15.12078246151535
STARLINK-1779
1 71552U 98065A   24219.50000000 -.00022620  00000-0  13156-2 0  1006
2 71552  53.0000 139.5000 0000000   0.0000  63.1800 15.12078246782758
STARLINK-1780
1 52967U 98065A   24219.50000000 -.00022620  00000-0  13156-2 0  1003
2 52967  53.0000 139.5000 0000000   0.0000  77.5800 15.12078246131555
STARLINK-1781
1 71013U 98065A   24219.50000000 -.00022620  00000-0  13156-2 0  1008
2 71013  53.0000 139.5000 0000000   0.0000  91.9800 15.12078246481568
STARLINK-1782
1 95886U 98065A   24219.50000000 -.00022620  00000-0  13156-2 0  1008
2 95886  53.0000 139.5000 0000000   0.0000 106.3800 15.12078246902685
STARLINK-1783
1 87182U 98065A   24219.50000000 -.00022620  00000-0  13156-2 0  1004
2 87182  53.0000 139.5000 0000000   0.0000 120.7800 15.12078246985284
STARLINK-1784
1 98957U 98065A   24219.50000000 -.00022620  00000-0  13156-2 0  1007
2 98957  53.0000 139.5000 0000000   0.0000 135.1800 15.12078246558907
STARLINK-1785
1 69018U 98065A   24219.50000000 -.00022620  00000-0  13156-2 0  1000
2 69018  53.0000 139.5000 0000000   0.0000 149.5800 15.12078246773840
STARLINK-1786
1 43669U 98065A   24219.50000000 -.00022620  00000-0  13156-2 0  1001
2 43669  53.0000 139.5000 0000000   0.0000 163.9800 15.12078246170224
STARLINK-1787
1 39242U 98065A   24219.50000000 -.00022620  00000-0  13156-2 0  1001
2 39242  53.0000 139.5000 0000000   0.0000 178.3800 15.12078246237051
STARLINK-1788
1 98427U 98065A   24219.50000000 -.00022620  00000-0  13156-2 0  1008
2 98427  53.0000 139.5000 0000000   0.0000 192.7800 15.12078246481142
STARLINK-1789
1 17912U 98065A   24219.50000000 -.00022620  00000-0  13156-2 0  1001
2 17912  53.0000 139.5000 0000000   0.0000 207.1800 15.12078246158522
STARLINK-1790
1 36767U 98065A   24219.50000000 -.00022620  00000-0  13156-2 0  1000
2 36767  53.0000 139.5000 0000000   0.0000 221.5800 15.12078246989221
STARLINK-1791
1 77261U 98065A   24219.50000000 -.00022620  00000-0  13156-2 0  1001
2 77261  53.0000 139.5000 0000000   0.0000 235.9800 15.12078246215005
STARLINK-1792
1 18906U 98065A   24219.50000000 -.00022620  00000-0  13156-2 0  1006
2 18906  53.0000 139.5000 0000000   0.0000 250.3800 15.12078246649070
STARLINK-1793
1 73532U 98065A   24219.50000000 -.00022620  00000-0  13156-2 0  1006
2 73532  53.0000 139.5000 0000000   0.0000 264.7800 15.12078246968593
STARLINK-1794
1 91060U 98065A   24219.50000000 -.00022620  00000-0  13156-2 0  1006
2 91060  53.0000 139.5000 0000000   0.0000 279.1800 15.12078246678713
STARLINK-1795
1 12219U 98065A   24219.50000000 -.00022620  00000-0  13156-2 0  1000
2 12219  53.0000 139.5000 0000000   0.0000 293.5800 15.12078246224021
STARLINK-1796
1 71477U 98065A   24219.50000000 -.00022620  00000-0  13156-2 0  1005
2 71477  53.0000 139.5000 0000000   0.0000 307.9800 15.12078246701586
STARLINK-1797
1 90255U 98065A   24219.50000000 -.00022620  00000-0  13156-2 0  1007
2 90255  53.0000 139.5000 0000000   0.0000 322.3800 15.12078246814713
STARLINK-1798
1 54158U 98065A   24219.50000000 -.00022620  00000-0  13156-2 0  1001
2 54158  53.0000 139.5000 0000000   0.0000 336.7800 15.12078246519255
STARLINK-1799
1 84367U 98065A   24219.50000000 -.00022620  00000-0  13156-2 0  1004
2 84367  53.0000 139.5000 0000000   0.0000 351.1800 15.12078246893818
STARLINK-1800
1 35267U 98065A   24219.50000000 -.00022620  00000-0  13156-2 0  1002
2 35267  53.0000 144.0000 0000000   0.0000   5.7600 15.12078246804791
STARLINK-1801
1 18384U 98065A   24219.50000000 -.00022620  00000-0  13156-2 0  1008
2 18384  53.0000 144.0000 0000000   0.0000  20.1600 15.12078246444760
STARLINK-1802
1 98613U 98065A   24219.50000000 -.00022620  00000-0  13156-2 0  1001
2 98613  53.0000 144.0000 0000000   0.0000  34.5600 15.12078246198537
STARLINK-1803
1 99732U 98065A   24219.50000000 -.00022620  00000-0  13156-2 0  1007
2 99732  53.0000 144.0000 0000000   0.0000  48.9600 15.12078246127647
STARLINK-1804
1 42031U 98065A   24219.50000000 -.00022620  00000-0  13156-2 0  1007
2 42031  53.0000 144.0000 0000000   0.0000  63.3600 15.12078246764140
STARLINK-1805
1 35784U 98065A   24219.50000000 -.00022620  00000-0  13156-2 0  1003
2 35784  53.0000 144.0000 0000000   0.0000  77.7600 15.12078246587156
STARLINK-1806
1 84724U 98065A   24219.50000000 -.00022620  00000-0  13156-2 0  1006
2 84724  53.0000 144.0000 0000000   0.0000  92.1600 15.12078246548152
STARLINK-1807
1 87979U 98065A   24219.50000000 -.00022620  00000-0  13156-2 0  1006
2 87979  53.0000 144.0000 0000000   0.0000 106.5600 15.12078246508062
STARLINK-1808
1 96753U 98065A   24219.50000000 -.00022620  00000-0  13156-2 0  1004
2 96753  53.0000 144.0000 0000000   0.0000 120.9600 15.12078246223194
STARLINK-1809
1 18922U 98065A   24219.50000000 -.00022620  00000-0  13156-2 0  1002
2 18922  53.0000 144.0000 0000000   0.0000 135.3600 15.12078246494238
STARLINK-1810
1 40795U 98065A   24219.50000000 -.00022620  00000-0  13156-2 0  1001
2 40795  53.0000 144.0000 0000000   0.0000 149.7600 15.12078246485541
STARLINK-1811
1 66812U 98065A   24219.50000000 -.00022620  00000-0  13156-2 0  1006
2 66812  53.0000 144.0000 0000000   0.0000 164.1600 15.12078246716644
STARLINK-1812
1 75004U 98065A   24219.50000000 -.00022620  00000-0  13156-2 0  1004
2 75004  53.0000 144.0000 0000000   0.0000 178.5600 15.12078246514856
STARLINK-1813
1 46098U 98065A   24219.50000000 -.00022620  00000-0  13156-2 0  1003
2 46098  53.0000 144.0000 0000000   0.0000 192.9600 15.12078246797461
STARLINK-1814
1 69257U 98065A   24219.50000000 -.00022620  00000-0  13156-2 0  1006
2 69257  53.0000 144.0000 0000000   0.0000 207.3600 15.12078246929130
STARLINK-1815
1 98748U 98065A   24219.50000000 -.00022620  00000-0  13156-2 0  1007
2 98748  53.0000 144.0000 0000000   0.0000 221.7600 15.12078246705344
STARLINK-1816
1 57166U 98065A   24219.50000000 -.00022620  00000-0  13156-2 0  1002
2 57166  53.0000 144.0000 0000000   0.0000 236.1600 15.12078246697668
STARLINK-1817
1 83315U 98065A   24219.50000000 -.00022620  00000-0  13156-2 0  1004
2 83315  53.0000 144.0000 0000000   0.0000 250.5600 15.12078246204312
STARLINK-1818
1 95457U 98065A   24219.50000000 -.00022620  00000-0  13156-2 0  1007
2 95457  53.0000 144.0000 0000000   0.0000 264.9600 15.12078246898191
STARLINK-1819
1 44899U 98065A   24219.50000000 -.00022620  00000-0  13156-2 0  1004
2 44899  53.0000 144.0000 0000000   0.0000 279.3600 15.12078246140730
STARLINK-1820
1 55732U 98065A   24219.50000000 -.00022620  00000-0  13156-2 0  1006
2 55732  53.0000 144.0000 0000000   0.0000 293.7600 15.12078246436770
STARLINK-1821
1 78308U 98065A   24219.50000000 -.00022620  00000-0  13156-2 0  1003
2 78308  53.0000 144.0000 0000000   0.0000 308.1600 15.12078246791598
STARLINK-1822
1 84507U 98065A   24219.50000000 -.00022620  00000-0  13156-2 0  1008
2 84507  53.0000 144.0000 0000000   0.0000 322.5600 15.12078246209297
STARLINK-1823
1 88833U 98065A   24219.50000000 -.00022620  00000-0  13156-2 0  1008
2 88833  53.0000 144.0000 0000000   0.0000 336.9600 15.12078246173065
STARLINK-1824
1 17519U 98065A   24219.50000000 -.00022620  00000-0  13156-2 0  1005
2 17519  53.0000 144.0000 0000000   0.0000 351.3600 15.12078246650114
STARLINK-1825
1 34475U 98065A   24219.50000000 -.00022620  00000-0  13156-2 0  1001
2 34475  53.0000 148.5000 0000000   0.0000   5.9400 15.12078246710036
STARLINK-1826
1 95085U 98065A   24219.50000000 -.00022620  00000-0  13156-2 0  1001
2 95085  53.0000 148.5000 0000000   0.0000  20.3400 15.12078246290868
STARLINK-1827
1 16535U 98065A   24219.50000000 -.00022620  00000-0  13156-2 0  1004
2 16535  53.0000 148.5000 0000000   0.0000  34.7400 15.12078246332064
STARLINK-1828
1 12553U 98065A   24219.50000000 -.00022620  00000-0  13156-2 0  1005
2 12553  53.0000 148.5000 0000000   0.0000  49.1400 15.12078246808297
STARLINK-1829
1 77169U 98065A   24219.50000000 -.00022620  00000-0  13156-2 0  1006
2 77169  53.0000 148.5000 0000000   0.0000  63.5400 15.12078246935980
STARLINK-1830
1 88259U 98065A   24219.50000000 -.00022620  00000-0  13156-2 0  1000
2 88259  53.0000 148.5000 0000000   0.0000  77.9400 15.12078246795356
STARLINK-1831
1 12677U 98065A   24219.50000000 -.00022620  00000-0  13156-2 0  1006
2 12677  53.0000 148.5000 0000000   0.0000  92.3400 15.12078246190354
STARLINK-1832
1 51966U 98065A   24219.50000000 -.00022620  00000-0  13156-2 0  1004
2 51966  53.0000 148.5000 0000000   0.0000 106.7400 15.12078246180920
STARLINK-1833
1 39316U 98065A   24219.50000000 -.00022620  00000-0  13156-2 0  1001
2 39316  53.0000 148.5000 0000000   0.0000 121.1400 15.12078246310457
STARLINK-1834
1 86431U 98065A   24219.50000000 -.00022620  00000-0  13156-2 0  1006
2 86431  53.0000 148.5000 0000000   0.0000 135.5400 15.12078246418856
STARLINK-1835
1 34157U 98065A   24219.50000000 -.00022620  00000-0  13156-2 0  1005
2 34157  53.0000 148.5000 0000000   0.0000 149.9400 15.12078246230633
STARLINK-1836
1 72766U 98065A   24219.50000000 -.00022620  00000-0  13156-2 0  1008
2 72766  53.0000 148.5000 0000000   0.0000 164.3400 15.12078246163277
STARLINK-1837
1 79255U 98065A   24219.50000000 -.00022620  00000-0  13156-2 0  1006
2 79255  53.0000 148.5000 0000000   0.0000 178.7400 15.12078246601822
STARLINK-1838
1 55103U 98065A   24219.50000000 -.00022620  00000-0  13156-2 0  1008
2 55103  53.0000 148.5000 0000000   0.0000 193.1400 15.12078246990632
STARLINK-1839
1 47421U 98065A   24219.50000000 -.00022620  00000-0  13156-2 0  1004
2 47421  53.0000 148.5000 0000000   0.0000 207.5400 15.12078246129152
STARLINK-1840
1 75104U 98065A   24219.50000000 -.00022620  00000-0  13156-2 0  1005
2 75104  53.0000 148.5000 0000000   0.0000 221.9400 15.12078246811790
STARLINK-1841
1 47224U 98065A   24219.50000000 -.00022620  00000-0  13156-2 0  1006
2 47224  53.0000 148.5000 0000000   0.0000 236.3400 15.12078246895662
STARLINK-1842
1 46704U 98065A   24219.50000000 -.00022620  00000-0  13156-2 0  1005
2 46704  53.0000 148.5000 0000000   0.0000 250.7400 15.12078246856640
STARLINK-1843
1 42362U 98065A   24219.50000000 -.00022620  00000-0  13156-2 0  1002
2 42362  53.0000 148.5000 0000000   0.0000 265.1400 15.12078246690411
STARLINK-1844
1 28668U 98065A   24219.50000000 -.00022620  00000-0  13156-2 0  1006
2 28668  53.0000 148.5000 0000000   0.0000 279.5400 15.12078246759086
STARLINK-1845
1 26434U 98065A   24219.50000000 -.00022620  00000-0  13156-2 0  1007
2 26434  53.0000 148.5000 0000000   0.0000 293.9400 15.12078246621820
STARLINK-1846
1 13870U 98065A   24219.50000000 -.00022620  00000-0  13156-2 0  1002
2 13870  53.0000 148.5000 0000000   0.0000 308.3400 15.12078246968931
STARLINK-1847
1 41448U 98065A   24219.50000000 -.00022620  00000-0  13156-2 0  1003
2 41448  53.0000 148.5000 0000000   0.0000 322.7400 15.12078246771760
STARLINK-1848
1 41788U 98065A   24219.50000000 -.00022620  00000-0  13156-2 0  1007
2 41788  53.0000 148.5000 0000000   0.0000 337.1400 15.12078246982043
STARLINK-1849
1 52063U 98065A   24219.50000000 -.00022620  00000-0  13156-2 0  1002
2 52063  53.0000 148.5000 0000000   0.0000 351.5400 15.12078246355606
STARLINK-1850
1 15084U 98065A   24219.50000000 -.00022620  00000-0  13156-2 0  1005
2 15084  53.0000 153.0000 0000000   0.0000   6.1200 15.12078246490895
STARLINK-1851
1 92858U 98065A   24219.50000000 -.00022620  00000-0  13156-2 0  1007
2 92858  53.0000 153.0000 0000000   0.0000  20.5200 15.12078246458367
STARLINK-1852
1 82177U 98065A   24219.50000000 -.00022620  00000-0  13156-2 0  1007
2 82177  53.0000 153.0000 0000000   0.0000  34.9200 15.12078246208343
STARLINK-1853
1 80618U 98065A   24219.50000000 -.00022620  00000-0  13156-2 0  1006
2 80618  53.0000 153.0000 0000000   0.0000  49.3200 15.12078246750922
STARLINK-1854
1 56102U 98065A   24219.50000000 -.00022620  00000-0  13156-2 0  1007
2 56102  53.0000 153.0000 0000000   0.0000  63.7200 15.12078246755975
STARLINK-1855
1 39691U 98065A   24219.50000000 -.00022620  00000-0  13156-2 0  1004
2 39691  53.0000 153.0000 0000000   0.0000  78.1200 15.12078246700260
STARLINK-1856
1 15079U 98065A   24219.50000000 -.00022620  00000-0  13156-2 0  1002
2 15079  53.0000 153.0000 0000000   0.0000  92.5200 15.12078246469678
STARLINK-1857
1 42709U 98065A   24219.50000000 -.00022620  00000-0  13156-2 0  1008
2 42709  53.0000 153.0000 0000000   0.0000 106.9200 15.12078246628353
STARLINK-1858
1 64678U 98065A   24219.50000000 -.00022620  00000-0  13156-2 0  1001
2 64678  53.0000 153.0000 0000000   0.0000 121.3200 15.12078246868891
STARLINK-1859
1 95615U 98065A   24219.50000000 -.00022620  00000-0  13156-2 0  1005
2 95615  53.0000 153.0000 0000000   0.0000 135.7200 15.12078246102913
STARLINK-1860
1 79101U 98065A   24219.50000000 -.00022620  00000-0  13156-2 0  1007
2 79101  53.0000 153.0000 0000000   0.0000 150.1200 15.12078246320311
STARLINK-1861
1 15559U 98065A   24219.50000000 -.00022620  00000-0  13156-2 0  1001
2 15559  53.0000 153.0000 0000000   0.0000 164.5200 15.12078246349770
STARLINK-1862
1 26389U 98065A   24219.50000000 -.00022620  00000-0  13156-2 0  1000
2 26389  53.0000 153.0000 0000000   0.0000 178.9200 15.12078246144206
STARLINK-1863
1 32583U 98065A   24219.50000000 -.00022620  00000-0  13156-2 0  1000
2 32583  53.0000 153.0000 0000000   0.0000 193.3200 15.12078246428628
STARLINK-1864
1 44898U 98065A   24219.50000000 -.00022620  00000-0  13156-2 0  1007
2 44898  53.0000 153.0000 0000000   0.0000 207.7200 15.12078246509898
STARLINK-1865
1 99137U 98065A   24219.50000000 -.00022620  00000-0  13156-2 0  1004
2 99137  53.0000 153.0000 0000000   0.0000 222.1200 15.12078246994300
STARLINK-1866
1 12169U 98065A   24219.50000000 -.00022620  00000-0  13156-2 0  1001
2 12169  53.0000 153.0000 0000000   0.0000 236.5200 15.12078246246207
STARLINK-1867
1 47257U 98065A   24219.50000000 -.00022620  00000-0  13156-2 0  1005
2 47257  53.0000 153.0000 0000000   0.0000 250.9200 15.12078246455176
STARLINK-1868
1 81416U 98065A   24219.50000000 -.00022620  00000-0  13156-2 0  1005
2 81416  53.0000 153.0000 0000000   0.0000 265.3200 15.12078246221644
STARLINK-1869
1 66528U 98065A   24219.50000000 -.00022620  00000-0  13156-2 0  1000
2 66528  53.0000 153.0000 0000000   0.0000 279.7200 15.12078246206675
STARLINK-1870
1 88285U 98065A   24219.50000000 -.00022620  00000-0  13156-2 0  1003
2 88285  53.0000 153.0000 0000000   0.0000 294.1200 15.12078246626917
STARLINK-1871
1 63635U 98065A   24219.50000000 -.00022620  00000-0  13156-2 0  1000
2 63635  53.0000 153.0000 0000000   0.0000 308.5200 15.12078246543877
STARLINK-1872
1 70090U 98065A   24219.50000000 -.00022620  00000-0  13156-2 0  1005
2 70090  53.0000 153.0000 0000000   0.0000 322.9200 15.12078246651077
STARLINK-1873
1 41143U 98065A   24219.50000000 -.00022620  00000-0  13156-2 0  1007
2 41143  53.0000 153.0000 0000000   0.0000 337.3200 15.12078246819194
STARLINK-1874
1 17717U 98065A   24219.50000000 -.00022620  00000-0  13156-2 0  1005
2 17717  53.0000 153.0000 0000000   0.0000 351.7200 15.12078246108833
STARLINK-1875
1 34946U 98065A   24219.50000000 -.00022620  00000-0  13156-2 0  1003
2 34946  53.0000 157.5000 0000000   0.0000   6.3000 15.12078246930843
STARLINK-1876
1 98702U 98065A   24219.50000000 -.00022620  00000-0  13156-2 0  1001
2 98702  53.0000 157.5000 0000000   0.0000  20.7000 15.12078246407967
STARLINK-1877
1 78537U 98065A   24219.50000000 -.00022620  00000-0  13156-2 0  1006
2 78537  53.0000 157.5000 0000000   0.0000  35.1000 15.12078246753168
STARLINK-1878
1 73418U 98065A   24219.50000000 -.00022620  00000-0  13156-2 0  1000
2 73418  53.0000 157.5000 0000000   0.0000  49.5000 15.12078246987887
STARLINK-1879
1 93035U 98065A   24219.50000000 -.00022620  00000-0  13156-2 0  1003
2 93035  53.0000 157.5000 0000000   0.0000  63.9000 15.12078246973278
STARLINK-1880
1 10766U 98065A   24219.50000000 -.00022620  00000-0  13156-2 0  1008
2 10766  53.0000 157.5000 0000000   0.0000  78.3000 15.12078246947091
STARLINK-1881
1 18543U 98065A   24219.50000000 -.00022620  00000-0  13156-2 0  1002
2 18543  53.0000 157.5000 0000000   0.0000  92.7000 15.12078246711975
STARLINK-1882
1 51957U 98065A   24219.50000000 -.00022620  00000-0  13156-2 0  1001
2 51957  53.0000 157.5000 0000000   0.0000 107.1000 15.12078246228466
STARLINK-1883
1 17278U 98065A   24219.50000000 -.00022620  00000-0  13156-2 0  1003
2 17278  53.0000 157.5000 0000000   0.0000 121.5000 15.12078246287623
STARLINK-1884
1 24829U 98065A   24219.50000000 -.00022620  00000-0  13156-2 0  1000
2 24829  53.0000 157.5000 0000000   0.0000 135.9000 15.12078246754405
STARLINK-1885
1 36098U 98065A   24219.50000000 -.00022620  00000-0  13156-2 0  1003
2 36098  53.0000 157.5000 0000000   0.0000 150.3000 15.12078246344211
STARLINK-1886
1 77928U 98065A   24219.50000000 -.00022620  00000-0  13156-2 0  1000
2 77928  53.0000 157.5000 0000000   0.0000 164.7000 15.12078246856203
STARLINK-1887
1 73614U 98065A   24219.50000000 -.00022620  00000-0  13156-2 0  1001
2 73614  53.0000 157.5000 0000000   0.0000 179.1000 15.12078246355012
STARLINK-1888
1 35390U 98065A   24219.50000000 -.00022620  00000-0  13156-2 0  1000
2 35390  53.0000 157.5000 0000000   0.0000 193.5000 15.12078246916036
STARLINK-1889
1 11941U 98065A   24219.50000000 -.00022620  00000-0  13156-2 0  1002
2 11941  53.0000 157.5000 0000000   0.0000 207.9000 15.12078246918696
STARLINK-1890
1 50849U 98065A   24219.50000000 -.00022620  00000-0  13156-2 0  1008
2 50849  53.0000 157.5000 0000000   0.0000 222.3000 15.12078246595005
STARLINK-1891
1 88341U 98065A   24219.50000000 -.00022620  00000-0  13156-2 0  1007
2 88341  53.0000 157.5000 0000000   0.0000 236.7000 15.12078246599944
STARLINK-1892
1 51669U 98065A   24219.50000000 -.00022620  00000-0  13156-2 0  1008
2 51669  53.0000 157.5000 0000000   0.0000 251.1000 15.12078246384461
STARLINK-1893
1 89710U 98065A   24219.50000000 -.00022620  00000-0  13156-2 0  1000
2 89710  53.0000 157.5000 0000000   0.0000 265.5000 15.12078246920138
STARLINK-1894
1 46646U 98065A   24219.50000000 -.00022620  00000-0  13156-2 0  1003
2 46646  53.0000 157.5000 0000000   0.0000 279.9000 15.12078246547543
STARLINK-1895
1 35990U 98065A   24219.50000000 -.00022620  00000-0  13156-2 0  1005
2 35990  53.0000 157.5000 0000000   0.0000 294.3000 15.12078246253227
STARLINK-1896
1 16231U 98065A   24219.50000000 -.00022620  00000-0  13156-2 0  1000
2 16231  53.0000 157.5000 0000000   0.0000 308.7000 15.12078246523817
STARLINK-1897
1 73753U 98065A   24219.50000000 -.00022620  00000-0  13156-2 0  1004
2 73753  53.0000 157.5000 0000000   0.0000 323.1000 15.12078246641477
STARLINK-1898
1 35670U 98065A   24219.50000000 -.00022620  00000-0  13156-2 0  1000
2 35670  53.0000 157.5000 0000000   0.0000 337.5000 15.12078246271873
STARLINK-1899
1 19315U 98065A   24219.50000000 -.00022620  00000-0  13156-2 0  1005
2 19315  53.0000 157.5000 0000000   0.0000 351.9000 15.12078246917314
STARLINK-1900
1 37809U 98065A   24219.50000000 -.00022620  00000-0  13156-2 0  1000
2 37809  53.0000 162.0000 0000000   0.0000   6.4800 15.12078246435734
STARLINK-1901
1 35034U 98065A   24219.50000000 -.00022620  00000-0  13156-2 0  1008
2 35034  53.0000 162.0000 0000000   0.0000  20.8800 15.12078246477032
STARLINK-1902
1 70934U 98065A   24219.50000000 -.00022620  00000-0  13156-2 0  1004
2 70934  53.0000 162.0000 0000000   0.0000  35.2800 15.12078246423570
STARLINK-1903
1 95784U 98065A   24219.50000000 -.00022620  00000-0  13156-2 0  1003
2 95784  53.0000 162.0000 0000000   0.0000  49.6800 15.12078246496232
STARLINK-1904
1 50315U 98065A   24219.50000000 -.00022620  00000-0  13156-2 0  1003
2 50315  53.0000 162.0000 0000000   0.0000  64.0800 15.12078246530824
STARLINK-1905
1 75663U 98065A   24219.50000000 -.00022620  00000-0  13156-2 0  1005
2 75663  53.0000 162.0000 0000000   0.0000  78.4800 15.12078246130090
STARLINK-1906
1 94878U 98065A   24219.50000000 -.00022620  00000-0  13156-2 0  1001
2 94878  53.0000 162.0000 0000000   0.0000  92.8800 15.12078246372565
STARLINK-1907
1 49285U 98065A   24219.50000000 -.00022620  00000-0  13156-2 0  1001
2 49285  53.0000 162.0000 0000000   0.0000 107.2800 15.12078246642391
STARLINK-1908
1 73332U 98065A   24219.50000000 -.00022620  00000-0  13156-2 0  1005
2 73332  53.0000 162.0000 0000000   0.0000 121.6800 15.12078246691657
STARLINK-1909
1 88305U 98065A   24219.50000000 -.00022620  00000-0  13156-2 0  1002
2 88305  53.0000 162.0000 0000000   0.0000 136.0800 15.12078246275383
STARLINK-1910
1 31493U 98065A   24219.50000000 -.00022620  00000-0  13156-2 0  1005
2 31493  53.0000 162.0000 0000000   0.0000 150.4800 15.12078246648223
STARLINK-1911
1 72324U 98065A   24219.50000000 -.00022620  00000-0  13156-2 0  1002
2 72324  53.0000 162.0000 0000000   0.0000 164.8800 15.12078246502604
STARLINK-1912
1 39834U 98065A   24219.50000000 -.00022620  00000-0  13156-2 0  1004
2 39834  53.0000 162.0000 0000000   0.0000 179.2800 15.12078246442303
STARLINK-1913
1 68755U 98065A   24219.50000000 -.00022620  00000-0  13156-2 0  1004
2 68755  53.0000 162.0000 0000000   0.0000 193.6800 15.12078246982568
STARLINK-1914
1 73075U 98065A   24219.50000000 -.00022620  00000-0  13156-2 0  1006
2 73075  53.0000 162.0000 0000000   0.0000 208.0800 15.12078246561535
STARLINK-1915
1 38917U 98065A   24219.50000000 -.00022620  00000-0  13156-2 0  1001
2 38917  53.0000 162.0000 0000000   0.0000 222.4800 15.12078246153220
STARLINK-1916
1 43271U 98065A   24219.50000000 -.00022620  00000-0  13156-2 0  1003
2 43271  53.0000 162.0000 0000000   0.0000 236.8800 15.12078246986688
STARLINK-1917
1 98712U 98065A   24219.50000000 -.00022620  00000-0  13156-2 0  1002
2 98712  53.0000 162.0000 0000000   0.0000 251.2800 15.12078246225654
STARLINK-1918
1 29661U 98065A   24219.50000000 -.00022620  00000-0  13156-2 0  1004
2 29661  53.0000 162.0000 0000000   0.0000 265.6800 15.12078246662510
STARLINK-1919
1 85466U 98065A   24219.50000000 -.00022620  00000-0  13156-2 0  1000
2 85466  53.0000 162.0000 0000000   0.0000 280.0800 15.12078246916806
STARLINK-1920
1 69152U 98065A   24219.50000000 -.00022620  00000-0  13156-2 0  1004
2 69152  53.0000 162.0000 0000000   0.0000 294.4800 15.12078246303690
STARLINK-1921
1 83581U 98065A   24219.50000000 -.00022620  00000-0  13156-2 0  1001
2 83581  53.0000 162.0000 0000000   0.0000 308.8800 15.12078246475495
STARLINK-1922
1 57185U 98065A   24219.50000000 -.00022620  00000-0  13156-2 0  1008
2 57185  53.0000 162.0000 0000000   0.0000 323.2800 15.12078246873382
STARLINK-1923
1 56506U 98065A   24219.50000000 -.00022620  00000-0  13156-2 0  1004
2 56506  53.0000 162.0000 0000000   0.0000 337.6800 15.12078246111358
STARLINK-1924
1 88722U 98065A   24219.50000000 -.00022620  00000-0  13156-2 0  1001
2 88722  53.0000 162.0000 0000000   0.0000 352.0800 15.12078246307357
STARLINK-1925
1 23975U 98065A   24219.50000000 -.00022620  00000-0  13156-2 0  1005
2 23975  53.0000 166.5000 0000000   0.0000   6.6600 15.12078246174017
STARLINK-1926
1 16055U 98065A   24219.50000000 -.00022620  00000-0  13156-2 0  1000
2 16055  53.0000 166.5000 0000000   0.0000  21.0600 15.12078246834825
STARLINK-1927
1 77595U 98065A   24219.50000000 -.00022620  00000-0  13156-2 0  1008
2 77595  53.0000 166.5000 0000000   0.0000  35.4600 15.12078246473763
STARLINK-1928
1 29158U 98065A   24219.50000000 -.00022620  00000-0  13156-2 0  1000
2 29158  53.0000 166.5000 0000000   0.0000  49.8600 15.12078246601715
STARLINK-1929
1 85896U 98065A   24219.50000000 -.00022620  00000-0  13156-2 0  1003
2 85896  53.0000 166.5000 0000000   0.0000  64.2600 15.12078246207554
STARLINK-1930
1 80234U 98065A   24219.50000000 -.00022620  00000-0  13156-2 0  1007
2 80234  53.0000 166.5000 0000000   0.0000  78.6600 15.12078246170548
STARLINK-1931
1 19556U 98065A   24219.50000000 -.00022620  00000-0  13156-2 0  1001
2 19556  53.0000 166.5000 0000000   0.0000  93.0600 15.12078246718365
STARLINK-1932
1 89055U 98065A   24219.50000000 -.00022620  00000-0  13156-2 0  1001
2 89055  53.0000 166.5000 0000000   0.0000 107.4600 15.12078246226655
STARLINK-1933
1 46889U 98065A   24219.50000000 -.00022620  00000-0  13156-2 0  1000
2 46889  53.0000 166.5000 0000000   0.0000 121.8600 15.12078246287528
STARLINK-1934
1 86958U 98065A   24219.50000000 -.00022620  00000-0  13156-2 0  1006
2 86958  53.0000 166.5000 0000000   0.0000 136.2600 15.12078246536918
STARLINK-1935
1 93331U 98065A   24219.50000000 -.00022620  00000-0  13156-2 0  1003
2 93331  53.0000 166.5000 0000000   0.0000 150.6600 15.12078246233944
STARLINK-1936
1 70063U 98065A   24219.50000000 -.00022620  00000-0  13156-2 0  1008
2 70063  53.0000 166.5000 0000000   0.0000 165.0600 15.12078246642354
STARLINK-1937
1 80114U 98065A   24219.50000000 -.00022620  00000-0  13156-2 0  1005
2 80114  53.0000 166.5000 0000000   0.0000 179.4600 15.12078246668271
STARLINK-1938
1 73977U 98065A   24219.50000000 -.00022620  00000-0  13156-2 0  1004
2 73977  53.0000 166.5000 0000000   0.0000 193.8600 15.12078246125430
STARLINK-1939
1 67045U 98065A   24219.50000000 -.00022620  00000-0  13156-2 0  1007
2 67045  53.0000 166.5000 0000000   0.0000 208.2600 15.12078246518872
STARLINK-1940
1 67102U 98065A   24219.50000000 -.00022620  00000-0  13156-2 0  1000
2 67102  53.0000 166.5000 0000000   0.0000 222.6600 15.12078246627984
STARLINK-1941
1 81218U 98065A   24219.50000000 -.00022620  00000-0  13156-2 0  1005
2 81218  53.0000 166.5000 0000000   0.0000 237.0600 15.12078246387577
STARLINK-1942
1 54515U 98065A   24219.50000000 -.00022620  00000-0  13156-2 0  1006
2 54515  53.0000 166.5000 0000000   0.0000 251.4600 15.12078246800364
STARLINK-1943
1 91210U 98065A   24219.50000000 -.00022620  00000-0  13156-2 0  1007
2 91210  53.0000 166.5000 0000000   0.0000 265.8600 15.12078246329040
STARLINK-1944
1 41646U 98065A   24219.50000000 -.00022620  00000-0  13156-2 0  1004
2 41646  53.0000 166.5000 0000000   0.0000 280.2600 15.12078246428108
STARLINK-1945
1 36569U 98065A   24219.50000000 -.00022620  00000-0  13156-2 0  1006
2 36569  53.0000 166.5000 0000000   0.0000 294.6600 15.12078246269227
STARLINK-1946
1 59997U 98065A   24219.50000000 -.00022620  00000-0  13156-2 0  1000
2 59997  53.0000 166.5000 0000000   0.0000 309.0600 15.12078246370543
STARLINK-1947
1 72272U 98065A   24219.50000000 -.00022620  00000-0  13156-2 0  1000
2 72272  53.0000 166.5000 0000000   0.0000 323.4600 15.12078246627060
STARLINK-1948
1 23750U 98065A   24219.50000000 -.00022620  00000-0  13156-2 0  1006
2 23750  53.0000 166.5000 0000000   0.0000 337.8600 15.12078246561706
STARLINK-1949
1 40632U 98065A   24219.50000000 -.00022620  00000-0  13156-2 0  1002
2 40632  53.0000 166.5000 0000000   0.0000 352.2600 15.12078246566358
STARLINK-1950
1 64855U 98065A   24219.50000000 -.00022620  00000-0  13156-2 0  1004
2 64855  53.0000 171.0000 0000000   0.0000   6.8400 15.12078246189137
STARLINK-1951
1 85907U 98065A   24219.50000000 -.00022620  00000-0  13156-2 0  1008
2 85907  53.0000 171.0000 0000000   0.0000  21.2400 15.12078246807874
STARLINK-1952
1 29025U 98065A   24219.50000000 -.00022620  00000-0  13156-2 0  1001
2 29025  53.0000 171.0000 0000000   0.0000  35.6400 15.12078246638731
STARLINK-1953
1 63510U 98065A   24219.50000000 -.00022620  00000-0  13156-2 0  1002
2 63510  53.0000 171.0000 0000000   0.0000  50.0400 15.12078246738671
STARLINK-1954
1 27213U 98065A   24219.50000000 -.00022620  00000-0  13156-2 0  1004
2 27213  53.0000 171.0000 0000000   0.0000  64.4400 15.12078246267594
STARLINK-1955
1 50735U 98065A   24219.50000000 -.00022620  00000-0  13156-2 0  1005
2 50735  53.0000 171.0000 0000000   0.0000  78.8400 15.12078246536247
STARLINK-1956
1 41184U 98065A   24219.50000000 -.00022620  00000-0  13156-2 0  1005
2 41184  53.0000 171.0000 0000000   0.0000  93.2400 15.12078246964982
STARLINK-1957
1 45500U 98065A   24219.50000000 -.00022620  00000-0  13156-2 0  1006
2 45500  53.0000 171.0000 0000000   0.0000 107.6400 15.12078246411395
STARLINK-1958
1 57902U 98065A   24219.50000000 -.00022620  00000-0  13156-2 0  1001
2 57902  53.0000 171.0000 0000000   0.0000 122.0400 15.12078246362508
STARLINK-1959
1 86533U 98065A   24219.50000000 -.00022620  00000-0  13156-2 0  1004
2 86533  53.0000 171.0000 0000000   0.0000 136.4400 15.12078246464897
STARLINK-1960
1 75958U 98065A   24219.50000000 -.00022620  00000-0  13156-2 0  1001
2 75958  53.0000 171.0000 0000000   0.0000 150.8400 15.12078246247632
STARLINK-1961
1 60524U 98065A   24219.50000000 -.00022620  00000-0  13156-2 0  1006
2 60524  53.0000 171.0000 0000000   0.0000 165.2400 15.12078246345487
STARLINK-1962
1 40382U 98065A   24219.50000000 -.00022620  00000-0  13156-2 0  1006
2 40382  53.0000 171.0000 0000000   0.0000 179.6400 15.12078246760853
STARLINK-1963
1 72206U 98065A   24219.50000000 -.00022620  00000-0  13156-2 0  1006
2 72206  53.0000 171.0000 0000000   0.0000 194.0400 15.12078246168456
STARLINK-1964
1 90166U 98065A   24219.50000000 -.00022620  00000-0  13156-2 0  1003
2 90166  53.0000 171.0000 0000000   0.0000 208.4400 15.12078246992497
STARLINK-1965
1 53815U 98065A   24219.50000000 -.00022620  00000-0  13156-2 0  1008
2 53815  53.0000 171.0000 0000000   0.0000 222.8400 15.12078246366555
STARLINK-1966
1 12258U 98065A   24219.50000000 -.00022620  00000-0  13156-2 0  1001
2 12258  53.0000 171.0000 0000000   0.0000 237.2400 15.12078246528281
STARLINK-1967
1 65191U 98065A   24219.50000000 -.00022620  00000-0  13156-2 0  1005
2 65191  53.0000 171.0000 0000000   0.0000 251.6400 15.12078246945767
STARLINK-1968
1 65067U 98065A   24219.50000000 -.00022620  00000-0  13156-2 0  1000
2 65067  53.0000 171.0000 0000000   0.0000 266.0400 15.12078246650898
STARLINK-1969
1 21304U 98065A   24219.50000000 -.00022620  00000-0  13156-2 0  1002
2 21304  53.0000 171.0000 0000000   0.0000 280.4400 15.12078246329297
STARLINK-1970
1 36429U 98065A   24219.50000000 -.00022620  00000-0  13156-2 0  1005
2 36429  53.0000 171.0000 0000000   0.0000 294.8400 15.12078246703812
STARLINK-1971
1 28821U 98065A   24219.50000000 -.00022620  00000-0  13156-2 0  1003
2 28821  53.0000 171.0000 0000000   0.0000 309.2400 15.12078246805711
STARLINK-1972
1 55873U 98065A   24219.50000000 -.00022620  00000-0  13156-2 0  1003
2 55873  53.0000 171.0000 0000000   0.0000 323.6400 15.12078246871390
STARLINK-1973
1 70397U 98065A   24219.50000000 -.00022620  00000-0  13156-2 0  1004
2 70397  53.0000 171.0000 0000000   0.0000 338.0400 15.12078246323410
STARLINK-1974
1 51957U 98065A   24219.50000000 -.00022620  00000-0  13156-2 0  1002
2 51957  53.0000 171.0000 0000000   0.0000 352.4400 15.12078246738055
STARLINK-1975
1 28887U 98065A   24219.50000000 -.00022620  00000-0  13156-2 0  1002
2 28887  53.0000 175.5000 0000000   0.0000   7.0200 15.12078246888905
STARLINK-1976
1 41466U 98065A   24219.50000000 -.00022620  00000-0  13156-2 0  1000
2 41466  53.0000 175.5000 0000000   0.0000  21.4200 15.12078246199822
STARLINK-1977
1 57891U 98065A   24219.50000000 -.00022620  00000-0  13156-2 0  1003
2 57891  53.0000 175.5000 0000000   0.0000  35.8200 15.12078246528804
STARLINK-1978
1 95641U 98065A   24219.50000000 -.00022620  00000-0  13156-2 0  1007
2 95641  53.0000 175.5000 0000000   0.0000  50.2200 15.12078246358281
STARLINK-1979
1 72622U 98065A   24219.50000000 -.00022620  00000-0  13156-2 0  1000
2 72622  53.0000 175.5000 0000000   0.0000  64.6200 15.12078246185613
STARLINK-1980
1 42324U 98065A   24219.50000000 -.00022620  00000-0  13156-2 0  1004
2 42324  53.0000 175.5000 0000000   0.0000  79.0200 15.12078246262310
STARLINK-1981
1 13524U 98065A   24219.50000000 -.00022620  00000-0  13156-2 0  1005
2 13524  53.0000 175.5000 0000000   0.0000  93.4200 15.12078246685670
STARLINK-1982
1 57957U 98065A   24219.50000000 -.00022620  00000-0  13156-2 0  1003
2 57957  53.0000 175.5000 0000000   0.0000 107.8200 15.12078246372122
STARLINK-1983
1 54309U 98065A   24219.50000000 -.00022620  00000-0  13156-2 0  1003
2 54309  53.0000 175.5000 0000000   0.0000 122.2200 15.12078246745137
STARLINK-1984
1 97439U 98065A   24219.50000000 -.00022620  00000-0  13156-2 0  1008
2 97439  53.0000 175.5000 0000000   0.0000 136.6200 15.12078246382283
STARLINK-1985
1 11776U 98065A   24219.50000000 -.00022620  00000-0  13156-2 0  1001
2 11776  53.0000 175.5000 0000000   0.0000 151.0200 15.12078246376753
STARLINK-1986
1 13033U 98065A   24219.50000000 -.00022620  00000-0  13156-2 0  1007
2 13033  53.0000 175.5000 0000000   0.0000 165.4200 15.12078246213831
STARLINK-1987
1 43194U 98065A   24219.50000000 -.00022620  00000-0  13156-2 0  1004
2 43194  53.0000 175.5000 0000000   0.0000 179.8200 15.12078246255423
STARLINK-1988
1 25725U 98065A   24219.50000000 -.00022620  00000-0  13156-2 0  1007
2 25725  53.0000 175.5000 0000000   0.0000 194.2200 15.12078246567395
STARLINK-1989
1 71216U 98065A   24219.50000000 -.00022620  00000-0  13156-2 0  1008
2 71216  53.0000 175.5000 0000000   0.0000 208.6200 15.12078246351352
STARLINK-1990
1 31042U 98065A   24219.50000000 -.00022620  00000-0  13156-2 0  1007
2 31042  53.0000 175.5000 0000000   0.0000 223.0200 15.12078246398384
STARLINK-1991
1 70415U 98065A   24219.50000000 -.00022620  00000-0  13156-2 0  1001
2 70415  53.0000 175.5000 0000000   0.0000 237.4200 15.12078246744297
STARLINK-1992
1 44117U 98065A   24219.50000000 -.00022620  00000-0  13156-2 0  1004
2 44117  53.0000 175.5000 0000000   0.0000 251.8200 15.12078246581441
STARLINK-1993
1 21148U 98065A   24219.50000000 -.00022620  00000-0  13156-2 0  1004
2 21148  53.0000 175.5000 0000000   0.0000 266.2200 15.12078246652871
STARLINK-1994
1 93396U 98065A   24219.50000000 -.00022620  00000-0  13156-2 0  1008
2 93396  53.0000 175.5000 0000000   0.0000 280.6200 15.12078246232466
STARLINK-1995
1 37581U 98065A   24219.50000000 -.00022620  00000-0  13156-2 0  1001
2 37581  53.0000 175.5000 0000000   0.0000 295.0200 15.12078246825740
STARLINK-1996
1 16943U 98065A   24219.50000000 -.00022620  00000-0  13156-2 0  1001
2 16943  53.0000 175.5000 0000000   0.0000 309.4200 15.12078246536565
STARLINK-1997
1 63694U 98065A   24219.50000000 -.00022620  00000-0  13156-2 0  1005
2 63694  53.0000 175.5000 0000000   0.0000 323.8200 15.12078246191161
STARLINK-1998
1 65597U 98065A   24219.50000000 -.00022620  00000-0  13156-2 0  1000
2 65597  53.0000 175.5000 0000000   0.0000 338.2200 15.12078246227650
STARLINK-1999
1 65047U 98065A   24219.50000000 -.00022620  00000-0  13156-2 0  1004
2 65047  53.0000 175.5000 0000000   0.0000 352.6200 15.12078246900037
STARLINK-2000
1 52971U 98065A   24219.50000000 -.00022620  00000-0  13156-2 0  1005
2 52971  53.0000 180.0000 0000000   0.0000   7.2000 15.12078246933121
STARLINK-2001
1 58456U 98065A   24219.50000000 -.00022620  00000-0  13156-2 0  1000
2 58456  53.0000 180.0000 0000000   0.0000  21.6000 15.12078246982394
STARLINK-2002
1 54465U 98065A   24219.50000000 -.00022620  00000-0  13156-2 0  1008
2 54465  53.0000 180.0000 0000000   0.0000  36.0000 15.12078246695254
STARLINK-2003
1 66108U 98065A   24219.50000000 -.00022620  00000-0  13156-2 0  1000
2 66108  53.0000 180.0000 0000000   0.0000  50.4000 15.12078246976484
STARLINK-2004
1 57848U 98065A   24219.50000000 -.00022620  00000-0  13156-2 0  1000
2 57848  53.0000 180.0000 0000000   0.0000  64.8000 15.12078246414086
STARLINK-2005
1 91117U 98065A   24219.50000000 -.00022620  00000-0  13156-2 0  1000
2 91117  53.0000 180.0000 0000000   0.0000  79.2000 15.12078246644878
STARLINK-2006
1 73514U 98065A   24219.50000000 -.00022620  00000-0  13156-2 0  1000
2 73514  53.0000 180.0000 0000000   0.0000  93.6000 15.12078246469111
STARLINK-2007
1 92204U 98065A   24219.50000000 -.00022620  00000-0  13156-2 0  1003
2 92204  53.0000 180.0000 0000000   0.0000 108.0000 15.12078246542834
STARLINK-2008
1 68412U 98065A   24219.50000000 -.00022620  00000-0  13156-2 0  1002
2 68412  53.0000 180.0000 0000000   0.0000 122.4000 15.12078246484120
STARLINK-2009
1 13988U 98065A   24219.50000000 -.00022620  00000-0  13156-2 0  1003
2 13988  53.0000 180.0000 0000000   0.0000 136.8000 15.12078246770133
STARLINK-2010
1 39841U 98065A   24219.50000000 -.00022620  00000-0  13156-2 0  1006
2 39841  53.0000 180.0000 0000000   0.0000 151.2000 15.12078246952315
STARLINK-2011
1 74844U 98065A   24219.50000000 -.00022620  00000-0  13156-2 0  1000
2 74844  53.0000 180.0000 0000000   0.0000 165.6000 15.12078246382017
STARLINK-2012
1 70613U 98065A   24219.50000000 -.00022620  00000-0  13156-2 0  1005
2 70613  53.0000 180.0000 0000000   0.0000 180.0000 15.12078246919407
STARLINK-2013
1 19774U 98065A   24219.50000000 -.00022620  00000-0  13156-2 0  1001
2 19774  53.0000 180.0000 0000000   0.0000 194.4000 15.12078246626783
STARLINK-2014
1 69662U 98065A   24219.50000000 -.00022620  00000-0  13156-2 0  1006
2 69662  53.0000 180.0000 0000000   0.0000 208.8000 15.12078246317931
STARLINK-2015
1 37157U 98065A   24219.50000000 -.00022620  00000-0  13156-2 0  1008
2 37157  53.0000 180.0000 0000000   0.0000 223.2000 15.12078246617806
STARLINK-2016
1 67831U 98065A   24219.50000000 -.00022620  00000-0  13156-2 0  1005
2 67831  53.0000 180.0000 0000000   0.0000 237.6000 15.12078246847136
STARLINK-2017
1 30494U 98065A   24219.50000000 -.00022620  00000-0  13156-2 0  1006
2 30494  53.0000 180.0000 0000000   0.0000 252.0000 15.12078246385004
STARLINK-2018
1 53614U 98065A   24219.50000000 -.00022620  00000-0  13156-2 0  1001
2 53614  53.0000 180.0000 0000000   0.0000 266.4000 15.12078246912114
STARLINK-2019
1 54073U 98065A   24219.50000000 -.00022620  00000-0  13156-2 0  1002
2 54073  53.0000 180.0000 0000000   0.0000 280.8000 15.12078246718603
STARLINK-2020
1 87164U 98065A   24219.50000000 -.00022620  00000-0  13156-2 0  1003
2 87164  53.0000 180.0000 0000000   0.0000 295.2000 15.12078246734918
STARLINK-2021
1 90975U 98065A   24219.50000000 -.00022620  00000-0  13156-2 0  1006
2 90975  53.0000 180.0000 0000000   0.0000 309.6000 15.12078246777103
STARLINK-2022
1 30992U 98065A   24219.50000000 -.00022620  00000-0  13156-2 0  1008
2 30992  53.0000 180.0000 0000000   0.0000 324.0000 15.12078246319476
STARLINK-2023
1 71411U 98065A   24219.50000000 -.00022620  00000-0  13156-2 0  1004
2 71411  53.0000 180.0000 0000000   0.0000 338.4000 15.12078246820943
STARLINK-2024
1 82332U 98065A   24219.50000000 -.00022620  00000-0  13156-2 0  1004
2 82332  53.0000 180.0000 0000000   0.0000 352.8000 15.12078246697108
STARLINK-2025
1 84637U 98065A   24219.50000000 -.00022620  00000-0  13156-2 0  1007
2 84637  53.0000 184.5000 0000000   0.0000   7.3800 15.12078246407667
STARLINK-2026
1 33887U 98065A   24219.50000000 -.00022620  00000-0  13156-2 0  1003
2 33887  53.0000 184.5000 0000000   0.0000  21.7800 15.12078246671985
STARLINK-2027
1 18495U 98065A   24219.50000000 -.00022620  00000-0  13156-2 0  1002
2 18495  53.0000 184.5000 0000000   0.0000  36.1800 15.12078246734371
STARLINK-2028
1 37911U 98065A   24219.50000000 -.00022620  00000-0  13156-2 0  1004
2 37911  53.0000 184.5000 0000000   0.0000  50.5800 15.12078246345092
STARLINK-2029
1 18873U 98065A   24219.50000000 -.00022620  00000-0  13156-2 0  1007
2 18873  53.0000 184.5000 0000000   0.0000  64.9800 15.12078246177328
STARLINK-2030
1 29221U 98065A   24219.50000000 -.00022620  00000-0  13156-2 0  1004
2 29221  53.0000 184.5000 0000000   0.0000  79.3800 15.12078246569607
STARLINK-2031
1 78072U 98065A   24219.50000000 -.00022620  00000-0  13156-2 0  1008
2 78072  53.0000 184.5000 0000000   0.0000  93.7800 15.12078246395086
STARLINK-2032
1 57309U 98065A   24219.50000000 -.00022620  00000-0  13156-2 0  1004
2 57309  53.0000 184.5000 0000000   0.0000 108.1800 15.12078246830057
STARLINK-2033
1 34061U 98065A   24219.50000000 -.00022620  00000-0  13156-2 0  1000
2 34061  53.0000 184.5000 0000000   0.0000 122.5800 15.12078246524187
STARLINK-2034
1 86890U 98065A   24219.50000000 -.00022620  00000-0  13156-2 0  1004
2 86890  53.0000 184.5000 0000000   0.0000 136.9800 15.12078246430347
STARLINK-2035
1 63993U 98065A   24219.50000000 -.00022620  00000-0  13156-2 0  1006
2 63993  53.0000 184.5000 0000000   0.0000 151.3800 15.12078246730257
STARLINK-2036
1 49212U 98065A   24219.50000000 -.00022620  00000-0  13156-2 0  1007
2 49212  53.0000 184.5000 0000000   0.0000 165.7800 15.12078246254505
STARLINK-2037
1 38853U 98065A   24219.50000000 -.00022620  00000-0  13156-2 0  1005
2 38853  53.0000 184.5000 0000000   0.0000 180.1800 15.12078246438018
STARLINK-2038
1 63100U 98065A   24219.50000000 -.00022620  00000-0  13156-2 0  1008
2 63100  53.0000 184.5000 0000000   0.0000 194.5800 15.12078246844816
STARLINK-2039
1 98345U 98065A   24219.50000000 -.00022620  00000-0  13156-2 0  1006
2 98345  53.0000 184.5000 0000000   0.0000 208.9800 15.12078246483137
STARLINK-2040
1 85430U 98065A   24219.50000000 -.00022620  00000-0  13156-2 0  1007
2 85430  53.0000 184.5000 0000000   0.0000 223.3800 15.12078246346997
STARLINK-2041
1 62057U 98065A   24219.50000000 -.00022620  00000-0  13156-2 0  1007
2 62057  53.0000 184.5000 0000000   0.0000 237.7800 15.12078246392255
STARLINK-2042
1 18496U 98065A   24219.50000000 -.00022620  00000-0  13156-2 0  1006
2 18496  53.0000 184.5000 0000000   0.0000 252.1800 15.12078246852784
STARLINK-2043
1 32675U 98065A   24219.50000000 -.00022620  00000-0  13156-2 0  1005
2 32675  53.0000 184.5000 0000000   0.0000 266.5800 15.12078246816788
STARLINK-2044
1 19960U 98065A   24219.50000000 -.00022620  00000-0  13156-2 0  1004
2 19960  53.0000 184.5000 0000000   0.0000 280.9800 15.12078246197853
STARLINK-2045
1 53553U 98065A   24219.50000000 -.00022620  00000-0  13156-2 0  1001
2 53553  53.0000 184.5000 0000000   0.0000 295.3800 15.12078246469378
STARLINK-2046
1 63779U 98065A   24219.50000000 -.00022620  00000-0  13156-2 0  1006
2 63779  53.0000 184.5000 0000000   0.0000 309.7800 15.12078246684647
STARLINK-2047
1 64714U 98065A   24219.50000000 -.00022620  00000-0  13156-2 0  1002
2 64714  53.0000 184.5000 0000000   0.0000 324.1800 15.12078246992727
STARLINK-2048
1 84973U 98065A   24219.50000000 -.00022620  00000-0  13156-2 0  1003
2 84973  53.0000 184.5000 0000000   0.0000 338.5800 15.12078246901948
STARLINK-2049
1 94750U 98065A   24219.50000000 -.00022620  00000-0  13156-2 0  1001
2 94750  53.0000 184.5000 0000000   0.0000 352.9800 15.12078246570546
STARLINK-2050
1 45056U 98065A   24219.50000000 -.00022620  00000-0  13156-2 0  1008
2 45056  53.0000 189.0000 0000000   0.0000   7.5600 15.12078246828535
STARLINK-2051
1 37865U 98065A   24219.50000000 -.00022620  00000-0  13156-2 0  1003
2 37865  53.0000 189.0000 0000000   0.0000  21.9600 15.12078246958391
STARLINK-2052
1 24941U 98065A   24219.50000000 -.00022620  00000-0  13156-2 0  1007
2 24941  53.0000 189.0000 0000000   0.0000  36.3600 15.12078246592845
STARLINK-2053
1 62461U 98065A   24219.50000000 -.00022620  00000-0  13156-2 0  1002
2 62461  53.0000 189.0000 0000000   0.0000  50.7600 15.12078246218357
STARLINK-2054
1 17779U 98065A   24219.50000000 -.00022620  00000-0  13156-2 0  1001
2 17779  53.0000 189.0000 0000000   0.0000  65.1600 15.12078246688696
STARLINK-2055
1 44117U 98065A   24219.50000000 -.00022620  00000-0  13156-2 0  1003
2 44117  53.0000 189.0000 0000000   0.0000  79.5600 15.12078246465203
STARLINK-2056
1 30638U 98065A   24219.50000000 -.00022620  00000-0  13156-2 0  1006
2 30638  53.0000 189.0000 0000000   0.0000  93.9600 15.12078246592008
STARLINK-2057
1 49221U 98065A   24219.50000000 -.00022620  00000-0  13156-2 0  1000
2 49221  53.0000 189.0000 0000000   0.0000 108.3600 15.12078246384625
STARLINK-2058
1 65687U 98065A   24219.50000000 -.00022620  00000-0  13156-2 0  1003
2 65687  53.0000 189.0000 0000000   0.0000 122.7600 15.12078246452723
STARLINK-2059
1 72228U 98065A   24219.50000000 -.00022620  00000-0  13156-2 0  1008
2 72228  53.0000 189.0000 0000000   0.0000 137.1600 15.12078246286146
STARLINK-2060
1 97195U 98065A   24219.50000000 -.00022620  00000-0  13156-2 0  1005
2 97195  53.0000 189.0000 0000000   0.0000 151.5600 15.12078246402580
STARLINK-2061
1 28921U 98065A   24219.50000000 -.00022620  00000-0  13156-2 0  1003
2 28921  53.0000 189.0000 0000000   0.0000 165.9600 15.12078246351511
STARLINK-2062
1 23729U 98065A   24219.50000000 -.00022620  00000-0  13156-2 0  1008
2 23729  53.0000 189.0000 0000000   0.0000 180.3600 15.12078246895320
STARLINK-2063
1 87997U 98065A   24219.50000000 -.00022620  00000-0  13156-2 0  1004
2 87997  53.0000 189.0000 0000000   0.0000 194.7600 15.12078246727797
STARLINK-2064
1 78336U 98065A   24219.50000000 -.00022620  00000-0  13156-2 0  1003
2 78336  53.0000 189.0000 0000000   0.0000 209.1600 15.12078246327708
STARLINK-2065
1 74542U 98065A   24219.50000000 -.00022620  00000-0  13156-2 0  1004
2 74542  53.0000 189.0000 0000000   0.0000 223.5600 15.12078246815465
STARLINK-2066
1 10583U 98065A   24219.50000000 -.00022620  00000-0  13156-2 0  1002
2 10583  53.0000 189.0000 0000000   0.0000 237.9600 15.12078246824370
STARLINK-2067
1 12047U 98065A   24219.50000000 -.00022620  00000-0  13156-2 0  1001
2 12047  53.0000 189.0000 0000000   0.0000 252.3600 15.12078246737823
STARLINK-2068
1 81030U 98065A   24219.50000000 -.00022620  00000-0  13156-2 0  1001
2 81030  53.0000 189.0000 0000000   0.0000 266.7600 15.12078246252788
STARLINK-2069
1 20961U 98065A   24219.50000000 -.00022620  00000-0  13156-2 0  1006
2 20961  53.0000 189.0000 0000000   0.0000 281.1600 15.12078246933858
STARLINK-2070
1 64575U 98065A   24219.50000000 -.00022620  00000-0  13156-2 0  1000
2 64575  53.0000 189.0000 0000000   0.0000 295.5600 15.12078246748187
STARLINK-2071
1 85531U 98065A   24219.50000000 -.00022620  00000-0  13156-2 0  1005
2 85531  53.0000 189.0000 0000000   0.0000 309.9600 15.12078246482635
STARLINK-2072
1 90682U 98065A   24219.50000000 -.00022620  00000-0  13156-2 0  1004
2 90682  53.0000 189.0000 0000000   0.0000 324.3600 15.12078246338022
STARLINK-2073
1 86620U 98065A   24219.50000000 -.00022620  00000-0  13156-2 0  1001
2 86620  53.0000 189.0000 0000000   0.0000 338.7600 15.12078246287697
STARLINK-2074
1 52951U 98065A   24219.50000000 -.00022620  00000-0  13156-2 0  1001
2 52951  53.0000 189.0000 0000000   0.0000 353.1600 15.12078246327504
STARLINK-2075
1 71527U 98065A   24219.50000000 -.00022620  00000-0  13156-2 0  1008
2 71527  53.0000 193.5000 0000000   0.0000   7.7400 15.12078246583878
STARLINK-2076
1 37528U 98065A   24219.50000000 -.00022620  00000-0  13156-2 0  1002
2 37528  53.0000 193.5000 0000000   0.0000  22.1400 15.12078246640514
STARLINK-2077
1 16903U 98065A   24219.50000000 -.00022620  00000-0  13156-2 0  1007
2 16903  53.0000 193.5000 0000000   0.0000  36.5400 15.12078246128722
STARLINK-2078
1 72037U 98065A   24219.50000000 -.00022620  00000-0  13156-2 0  1006
2 72037  53.0000 193.5000 0000000   0.0000  50.9400 15.12078246419336
STARLINK-2079
1 78386U 98065A   24219.50000000 -.00022620  00000-0  13156-2 0  1006
2 78386  53.0000 193.5000 0000000   0.0000  65.3400 15.12078246926728
STARLINK-2080
1 36826U 98065A   24219.50000000 -.00022620  00000-0  13156-2 0  1003
2 36826  53.0000 193.5000 0000000   0.0000  79.7400 15.12078246868321
STARLINK-2081
1 63755U 98065A   24219.50000000 -.00022620  00000-0  13156-2 0  1008
2 63755  53.0000 193.5000 0000000   0.0000  94.1400 15.12078246962730
STARLINK-2082
1 75126U 98065A   24219.50000000 -.00022620  00000-0  13156-2 0  1003
2 75126  53.0000 193.5000 0000000   0.0000 108.5400 15.12078246412571
STARLINK-2083
1 62083U 98065A   24219.50000000 -.00022620  00000-0  13156-2 0  1004
2 62083  53.0000 193.5000 0000000   0.0000 122.9400 15.12078246332668
STARLINK-2084
1 92873U 98065A   24219.50000000 -.00022620  00000-0  13156-2 0  1002
2 92873  53.0000 193.5000 0000000   0.0000 137.3400 15.12078246332378
STARLINK-2085
1 36004U 98065A   24219.50000000 -.00022620  00000-0  13156-2 0  1003
2 36004  53.0000 193.5000 0000000   0.0000 151.7400 15.12078246210120
STARLINK-2086
1 56221U 98065A   24219.50000000 -.00022620  00000-0  13156-2 0  1007
2 56221  53.0000 193.5000 0000000   0.0000 166.1400 15.12078246737304
STARLINK-2087
1 66192U 98065A   24219.50000000 -.00022620  00000-0  13156-2 0  1003
2 66192  53.0000 193.5000 0000000   0.0000 180.5400 15.12078246326190
STARLINK-2088
1 70007U 98065A   24219.50000000 -.00022620  00000-0  13156-2 0  1006
2 70007  53.0000 193.5000 0000000   0.0000 194.9400 15.12078246999783
STARLINK-2089
1 61907U 98065A   24219.50000000 -.00022620  00000-0  13156-2 0  1005
2 61907  53.0000 193.5000 0000000   0.0000 209.3400 15.12078246883981
STARLINK-2090
1 30677U 98065A   24219.50000000 -.00022620  00000-0  13156-2 0  1000
2 30677  53.0000 193.5000 0000000   0.0000 223.7400 15.12078246434526
STARLINK-2091
1 42966U 98065A   24219.50000000 -.00022620  00000-0  13156-2 0  1001
2 42966  53.0000 193.5000 0000000   0.0000 238.1400 15.12078246385951
STARLINK-2092
1 20241U 98065A   24219.50000000 -.00022620  00000-0  13156-2 0  1003
2 20241  53.0000 193.5000 0000000   0.0000 252.5400 15.12078246517884
STARLINK-2093
1 91986U 98065A   24219.50000000 -.00022620  00000-0  13156-2 0  1002
2 91986  53.0000 193.5000 0000000   0.0000 266.9400 15.12078246149897
STARLINK-2094
1 93177U 98065A   24219.50000000 -.00022620  00000-0  13156-2 0  1007
2 93177  53.0000 193.5000 0000000   0.0000 281.3400 15.12078246886767
STARLINK-2095
1 39377U 98065A   24219.50000000 -.00022620  00000-0  13156-2 0  1007
2 39377  53.0000 193.5000 0000000   0.0000 295.7400 15.12078246685028
STARLINK-2096
1 59606U 98065A   24219.50000000 -.00022620  00000-0  13156-2 0  1006
2 59606  53.0000 193.5000 0000000   0.0000 310.1400 15.12078246537196
STARLINK-2097
1 86940U 98065A   24219.50000000 -.00022620  00000-0  13156-2 0  1004
2 86940  53.0000 193.5000 0000000   0.0000 324.5400 15.12078246757296
STARLINK-2098
1 51190U 98065A   24219.50000000 -.00022620  00000-0  13156-2 0  1004
2 51190  53.0000 193.5000 0000000   0.0000 338.9400 15.12078246232896
STARLINK-2099
1 22897U 98065A   24219.50000000 -.00022620  00000-0  13156-2 0  1008
2 22897  53.0000 193.5000 0000000   0.0000 353.3400 15.12078246199645
STARLINK-2100
1 79965U 98065A   24219.50000000 -.00022620  00000-0  13156-2 0  1005
2 79965  53.0000 198.0000 0000000   0.0000   7.9200 15.12078246397244
STARLINK-2101
1 56566U 98065A   24219.50000000 -.00022620  00000-0  13156-2 0  1001
2 56566  53.0000 198.0000 0000000   0.0000  22.3200 15.12078246782246
STARLINK-2102
1 18916U 98065A   24219.50000000 -.00022620  00000-0  13156-2 0  1006
2 18916  53.0000 198.0000 0000000   0.0000  36.7200 15.12078246657413
STARLINK-2103
1 43645U 98065A   24219.50000000 -.00022620  00000-0  13156-2 0  1007
2 43645  53.0000 198.0000 0000000   0.0000  51.1200 15.12078246244028
STARLINK-2104
1 37541U 98065A   24219.50000000 -.00022620  00000-0  13156-2 0  1006
2 37541  53.0000 198.0000 0000000   0.0000  65.5200 15.12078246202718
STARLINK-2105
1 72442U 98065A   24219.50000000 -.00022620  00000-0  13156-2 0  1002
2 72442  53.0000 198.0000 0000000   0.0000  79.9200 15.12078246543428
STARLINK-2106
1 33488U 98065A   24219.50000000 -.00022620  00000-0  13156-2 0  1007
2 33488  53.0000 198.0000 0000000   0.0000  94.3200 15.12078246889044
STARLINK-2107
1 87307U 98065A   24219.50000000 -.00022620  00000-0  13156-2 0  1007
2 87307  53.0000 198.0000 0000000   0.0000 108.7200 15.12078246364392
STARLINK-2108
1 77451U 98065A   24219.50000000 -.00022620  00000-0  13156-2 0  1003
2 77451  53.0000 198.0000 0000000   0.0000 123.1200 15.12078246695605
STARLINK-2109
1 67024U 98065A   24219.50000000 -.00022620  00000-0  13156-2 0  1007
2 67024  53.0000 198.0000 0000000   0.0000 137.5200 15.12078246413143
STARLINK-2110
1 87227U 98065A   24219.50000000 -.00022620  00000-0  13156-2 0  1005
2 87227  53.0000 198.0000 0000000   0.0000 151.9200 15.12078246676457
STARLINK-2111
1 33120U 98065A   24219.50000000 -.00022620  00000-0  13156-2 0  1005
2 33120  53.0000 198.0000 0000000   0.0000 166.3200 15.12078246978395
STARLINK-2112
1 61433U 98065A   24219.50000000 -.00022620  00000-0  13156-2 0  1005
2 61433  53.0000 198.0000 0000000   0.0000 180.7200 15.12078246628046
STARLINK-2113
1 72622U 98065A   24219.50000000 -.00022620  00000-0  13156-2 0  1000
2 72622  53.0000 198.0000 0000000   0.0000 195.1200 15.12078246773904
STARLINK-2114
1 55622U 98065A   24219.50000000 -.00022620  00000-0  13156-2 0  1005
2 55622  53.0000 198.0000 0000000   0.0000 209.5200 15.12078246165842
STARLINK-2115
1 49512U 98065A   24219.50000000 -.00022620  00000-0  13156-2 0  1000
2 49512  53.0000 198.0000 0000000   0.0000 223.9200 15.12078246751334
STARLINK-2116
1 95211U 98065A   24219.50000000 -.00022620  00000-0  13156-2 0  1001
2 95211  53.0000 198.0000 0000000   0.0000 238.3200 15.12078246652124
STARLINK-2117
1 39010U 98065A   24219.50000000 -.00022620  00000-0  13156-2 0  1004
2 39010  53.0000 198.0000 0000000   0.0000 252.7200 15.12078246882218
STARLINK-2118
1 46069U 98065A   24219.50000000 -.00022620  00000-0  13156-2 0  1008
2 46069  53.0000 198.0000 0000000   0.0000 267.1200 15.12078246337981
STARLINK-2119
1 47839U 98065A   24219.50000000 -.00022620  00000-0  13156-2 0  1001
2 47839  53.0000 198.0000 0000000   0.0000 281.5200 15.12078246556470
STARLINK-2120
1 60247U 98065A   24219.50000000 -.00022620  00000-0  13156-2 0  1000
2 60247  53.0000 198.0000 0000000   0.0000 295.9200 15.12078246954682
STARLINK-2121
1 32479U 98065A   24219.50000000 -.00022620  00000-0  13156-2 0  1007
2 32479  53.0000 198.0000 0000000   0.0000 310.3200 15.12078246105223
STARLINK-2122
1 81058U 98065A   24219.50000000 -.00022620  00000-0  13156-2 0  1003
2 81058  53.0000 198.0000 0000000   0.0000 324.7200 15.12078246337768
STARLINK-2123
1 96552U 98065A   24219.50000000 -.00022620  00000-0  13156-2 0  1003
2 96552  53.0000 198.0000 0000000   0.0000 339.1200 15.12078246205944
STARLINK-2124
1 35555U 98065A   24219.50000000 -.00022620  00000-0  13156-2 0  1003
2 35555  53.0000 198.0000 0000000   0.0000 353.5200 15.12078246349675
STARLINK-2125
1 33107U 98065A   24219.50000000 -.00022620  00000-0  13156-2 0  1002
2 33107  53.0000 202.5000 0000000   0.0000   8.1000 15.12078246188058
STARLINK-2126
1 64215U 98065A   24219.50000000 -.00022620  00000-0  13156-2 0  1004
2 64215  53.0000 202.5000 0000000   0.0000  22.5000 15.12078246515196
STARLINK-2127
1 31289U 98065A   24219.50000000 -.00022620  00000-0  13156-2 0  1003
2 31289  53.0000 202.5000 0000000   0.0000  36.9000 15.12078246320603
STARLINK-2128
1 48003U 98065A   24219.50000000 -.00022620  00000-0  13156-2 0  1007
2 48003  53.0000 202.5000 0000000   0.0000  51.3000 15.12078246472173
STARLINK-2129
1 68936U 98065A   24219.50000000 -.00022620  00000-0  13156-2 0  1006
2 68936  53.0000 202.5000 0000000   0.0000  65.7000 15.12078246578191
STARLINK-2130
1 59180U 98065A   24219.50000000 -.00022620  00000-0  13156-2 0  1000
2 59180  53.0000 202.5000 0000000   0.0000  80.1000 15.12078246763426
STARLINK-2131
1 32897U 98065A   24219.50000000 -.00022620  00000-0  13156-2 0  1003
2 32897  53.0000 202.5000 0000000   0.0000  94.5000 15.12078246337653
STARLINK-2132
1 28415U 98065A   24219.50000000 -.00022620  00000-0  13156-2 0  1002
2 28415  53.0000 202.5000 0000000   0.0000 108.9000 15.12078246138395
STARLINK-2133
1 67847U 98065A   24219.50000000 -.00022620  00000-0  13156-2 0  1001
2 67847  53.0000 202.5000 0000000   0.0000 123.3000 15.12078246496800
STARLINK-2134
1 81817U 98065A   24219.50000000 -.00022620  00000-0  13156-2 0  1008
2 81817  53.0000 202.5000 0000000   0.0000 137.7000 15.12078246107966
STARLINK-2135
1 84818U 98065A   24219.50000000 -.00022620  00000-0  13156-2 0  1000
2 84818  53.0000 202.5000 0000000   0.0000 152.1000 15.12078246278905
STARLINK-2136
1 69307U 98065A   24219.50000000 -.00022620  00000-0  13156-2 0  1005
2 69307  53.0000 202.5000 0000000   0.0000 166.5000 15.12078246667285
STARLINK-2137
1 69872U 98065A   24219.50000000 -.00022620  00000-0  13156-2 0  1001
2 69872  53.0000 202.5000 0000000   0.0000 180.9000 15.12078246337547
STARLINK-2138
1 16155U 98065A   24219.50000000 -.00022620  00000-0  13156-2 0  1005
2 16155  53.0000 202.5000 0000000   0.0000 195.3000 15.12078246422376
STARLINK-2139
1 76638U 98065A   24219.50000000 -.00022620  00000-0  13156-2 0  1003
2 76638  53.0000 202.5000 0000000   0.0000 209.7000 15.12078246688354
STARLINK-2140
1 54711U 98065A   24219.50000000 -.00022620  00000-0  13156-2 0  1004
2 54711  53.0000 202.5000 0000000   0.0000 224.1000 15.12078246429867
STARLINK-2141
1 59222U 98065A   24219.50000000 -.00022620  00000-0  13156-2 0  1008
2 59222  53.0000 202.5000 0000000   0.0000 238.5000 15.12078246895167
STARLINK-2142
1 85844U 98065A   24219.50000000 -.00022620  00000-0  13156-2 0  1008
2 85844  53.0000 202.5000 0000000   0.0000 252.9000 15.12078246921937
STARLINK-2143
1 23654U 98065A   24219.50000000 -.00022620  00000-0  13156-2 0  1001
2 23654  53.0000 202.5000 0000000   0.0000 267.3000 15.12078246437066
STARLINK-2144
1 71160U 98065A   24219.50000000 -.00022620  00000-0  13156-2 0  1001
2 71160  53.0000 202.5000 0000000   0.0000 281.7000 15.12078246616252
STARLINK-2145
1 64198U 98065A   24219.50000000 -.00022620  00000-0  13156-2 0  1002
2 64198  53.0000 202.5000 0000000   0.0000 296.1000 15.12078246381647
STARLINK-2146
1 48807U 98065A   24219.50000000 -.00022620  00000-0  13156-2 0  1007
2 48807  53.0000 202.5000 0000000   0.0000 310.5000 15.12078246212188
STARLINK-2147
1 29462U 98065A   24219.50000000 -.00022620  00000-0  13156-2 0  1003
2 29462  53.0000 202.5000 0000000   0.0000 324.9000 15.12078246184148
STARLINK-2148
1 98861U 98065A   24219.50000000 -.00022620  00000-0  13156-2 0  1007
2 98861  53.0000 202.5000 0000000   0.0000 339.3000 15.12078246360208
STARLINK-2149
1 73330U 98065A   24219.50000000 -.00022620  00000-0  13156-2 0  1005
2 73330  53.0000 202.5000 0000000   0.0000 353.7000 15.12078246688341
STARLINK-2150
1 15195U 98065A   24219.50000000 -.00022620  00000-0  13156-2 0  1002
2 15195  53.0000 207.0000 0000000   0.0000   8.2800 15.12078246861058
STARLINK-2151
1 33755U 98065A   24219.50000000 -.00022620  00000-0  13156-2 0  1003
2 33755  53.0000 207.0000 0000000   0.0000  22.6800 15.12078246531590
STARLINK-2152
1 47977U 98065A   24219.50000000 -.00022620  00000-0  13156-2 0  1004
2 47977  53.0000 207.0000 0000000   0.0000  37.0800 15.12078246442334
STARLINK-2153
1 62964U 98065A   24219.50000000 -.00022620  00000-0  13156-2 0  1001
2 62964  53.0000 207.0000 0000000   0.0000  51.4800 15.12078246832134
STARLINK-2154
1 22858U 98065A   24219.50000000 -.00022620  00000-0  13156-2 0  1001
2 22858  53.0000 207.0000 0000000   0.0000  65.8800 15.12078246151794
STARLINK-2155
1 29007U 98065A   24219.50000000 -.00022620  00000-0  13156-2 0  1007
2 29007  53.0000 207.0000 0000000   0.0000  80.2800 15.12078246846098
STARLINK-2156
1 28661U 98065A   24219.50000000 -.00022620  00000-0  13156-2 0  1005
2 28661  53.0000 207.0000 0000000   0.0000  94.6800 15.12078246881256
STARLINK-2157
1 33095U 98065A   24219.50000000 -.00022620  00000-0  13156-2 0  1000
2 33095  53.0000 207.0000 0000000   0.0000 109.0800 15.12078246694851
STARLINK-2158
1 82531U 98065A   24219.50000000 -.00022620  00000-0  13156-2 0  1004
2 82531  53.0000 207.0000 0000000   0.0000 123.4800 15.12078246206724
STARLINK-2159
1 52182U 98065A   24219.50000000 -.00022620  00000-0  13156-2 0  1006
2 52182  53.0000 207.0000 0000000   0.0000 137.8800 15.12078246801444
STARLINK-2160
1 33757U 98065A   24219.50000000 -.00022620  00000-0  13156-2 0  1002
2 33757  53.0000 207.0000 0000000   0.0000 152.2800 15.12078246637110
STARLINK-2161
1 59083U 98065A   24219.50000000 -.00022620  00000-0  13156-2 0  1004
2 59083  53.0000 207.0000 0000000   0.0000 166.6800 15.12078246270524
STARLINK-2162
1 79254U 98065A   24219.50000000 -.00022620  00000-0  13156-2 0  1002
2 79254  53.0000 207.0000 0000000   0.0000 181.0800 15.12078246578344
STARLINK-2163
1 80404U 98065A   24219.50000000 -.00022620  00000-0  13156-2 0  1006
2 80404  53.0000 207.0000 0000000   0.0000 195.4800 15.12078246521633
STARLINK-2164
1 56851U 98065A   24219.50000000 -.00022620  00000-0  13156-2 0  1001
2 56851  53.0000 207.0000 0000000   0.0000 209.8800 15.12078246668262
STARLINK-2165
1 38980U 98065A   24219.50000000 -.00022620  00000-0  13156-2 0  1001
2 38980  53.0000 207.0000 0000000   0.0000 224.2800 15.12078246198027
STARLINK-2166
1 78670U 98065A   24219.50000000 -.00022620  00000-0  13156-2 0  1003
2 78670  53.0000 207.0000 0000000   0.0000 238.6800 15.12078246475685
STARLINK-2167
1 11605U 98065A   24219.50000000 -.00022620  00000-0  13156-2 0  1005
2 11605  53.0000 207.0000 0000000   0.0000 253.0800 15.12078246849664
STARLINK-2168
1 99108U 98065A   24219.50000000 -.00022620  00000-0  13156-2 0  1005
2 99108  53.0000 207.0000 0000000   0.0000 267.4800 15.12078246364526
STARLINK-2169
1 41900U 98065A   24219.50000000 -.00022620  00000-0  13156-2 0  1002
2 41900  53.0000 207.0000 0000000   0.0000 281.8800 15.12078246295098
STARLINK-2170
1 78552U 98065A   24219.50000000 -.00022620  00000-0  13156-2 0  1003
2 78552  53.0000 207.0000 0000000   0.0000 296.2800 15.12078246389263
STARLINK-2171
1 19241U 98065A   24219.50000000 -.00022620  00000-0  13156-2 0  1004
2 19241  53.0000 207.0000 0000000   0.0000 310.6800 15.12078246705165
STARLINK-2172
1 58156U 98065A   24219.50000000 -.00022620  00000-0  13156-2 0  1003
2 58156  53.0000 207.0000 0000000   0.0000 325.0800 15.12078246660910
STARLINK-2173
1 43138U 98065A   24219.50000000 -.00022620  00000-0  13156-2 0  1003
2 43138  53.0000 207.0000 0000000   0.0000 339.4800 15.12078246266285
STARLINK-2174
1 27017U 98065A   24219.50000000 -.00022620  00000-0  13156-2 0  1008
2 27017  53.0000 207.0000 0000000   0.0000 353.8800 15.12078246303894
STARLINK-2175
1 47207U 98065A   24219.50000000 -.00022620  00000-0  13156-2 0  1004
2 47207  53.0000 211.5000 0000000   0.0000   8.4600 15.12078246936735
STARLINK-2176
1 78100U 98065A   24219.50000000 -.00022620  00000-0  13156-2 0  1005
2 78100  53.0000 211.5000 0000000   0.0000  22.8600 15.12078246629680
STARLINK-2177
1 43455U 98065A   24219.50000000 -.00022620  00000-0  13156-2 0  1003
2 43455  53.0000 211.5000 0000000   0.0000  37.2600 15.12078246602893
STARLINK-2178
1 82211U 98065A   24219.50000000 -.00022620  00000-0  13156-2 0  1006
2 82211  53.0000 211.5000 0000000   0.0000  51.6600 15.12078246768838
STARLINK-2179
1 47800U 98065A   24219.50000000 -.00022620  00000-0  13156-2 0  1000
2 47800  53.0000 211.5000 0000000   0.0000  66.0600 15.12078246103456
STARLINK-2180
1 38664U 98065A   24219.50000000 -.00022620  00000-0  13156-2 0  1001
2 38664  53.0000 211.5000 0000000   0.0000  80.4600 15.12078246783927
STARLINK-2181
1 29923U 98065A   24219.50000000 -.00022620  00000-0  13156-2 0  1002
2 29923  53.0000 211.5000 0000000   0.0000  94.8600 15.12078246749258
STARLINK-2182
1 98807U 98065A   24219.50000000 -.00022620  00000-0  13156-2 0  1002
2 98807  53.0000 211.5000 0000000   0.0000 109.2600 15.12078246916916
STARLINK-2183
1 37973U 98065A   24219.50000000 -.00022620  00000-0  13156-2 0  1006
2 37973  53.0000 211.5000 0000000   0.0000 123.6600 15.12078246955557
STARLINK-2184
1 66277U 98065A   24219.50000000 -.00022620  00000-0  13156-2 0  1007
2 66277  53.0000 211.5000 0000000   0.0000 138.0600 15.12078246510942
STARLINK-2185
1 94718U 98065A   24219.50000000 -.00022620  00000-0  13156-2 0  1005
2 94718  53.0000 211.5000 0000000   0.0000 152.4600 15.12078246534265
STARLINK-2186
1 59504U 98065A   24219.50000000 -.00022620  00000-0  13156-2 0  1006
2 59504  53.0000 211.5000 0000000   0.0000 166.8600 15.12078246459346
STARLINK-2187
1 79831U 98065A   24219.50000000 -.00022620  00000-0  13156-2 0  1005
2 79831  53.0000 211.5000 0000000   0.0000 181.2600 15.12078246535448
STARLINK-2188
1 74641U 98065A   24219.50000000 -.00022620  00000-0  13156-2 0  1007
2 74641  53.0000 211.5000 0000000   0.0000 195.6600 15.12078246340533
STARLINK-2189
1 94968U 98065A   24219.50000000 -.00022620  00000-0  13156-2 0  1001
2 94968  53.0000 211.5000 0000000   0.0000 210.0600 15.12078246601327
STARLINK-2190
1 10241U 98065A   24219.50000000 -.00022620  00000-0  13156-2 0  1003
2 10241  53.0000 211.5000 0000000   0.0000 224.4600 15.12078246751381
STARLINK-2191
1 13635U 98065A   24219.50000000 -.00022620  00000-0  13156-2 0  1001
2 13635  53.0000 211.5000 0000000   0.0000 238.8600 15.12078246133334
STARLINK-2192
1 39451U 98065A   24219.50000000 -.00022620  00000-0  13156-2 0  1000
2 39451  53.0000 211.5000 0000000   0.0000 253.2600 15.12078246885144
STARLINK-2193
1 23120U 98065A   24219.50000000 -.00022620  00000-0  13156-2 0  1007
2 23120  53.0000 211.5000 0000000   0.0000 267.6600 15.12078246628168
STARLINK-2194
1 20936U 98065A   24219.50000000 -.00022620  00000-0  13156-2 0  1002
2 20936  53.0000 211.5000 0000000   0.0000 282.0600 15.12078246460675
STARLINK-2195
1 65539U 98065A   24219.50000000 -.00022620  00000-0  13156-2 0  1004
2 65539  53.0000 211.5000 0000000   0.0000 296.4600 15.12078246970974
STARLINK-2196
1 45236U 98065A   24219.50000000 -.00022620  00000-0  13156-2 0  1002
2 45236  53.0000 211.5000 0000000   0.0000 310.8600 15.12078246338006
STARLINK-2197
1 10451U 98065A   24219.50000000 -.00022620  00000-0  13156-2 0  1004
2 10451  53.0000 211.5000 0000000   0.0000 325.2600 15.12078246682068
STARLINK-2198
1 81513U 98065A   24219.50000000 -.00022620  00000-0  13156-2 0  1003
2 81513  53.0000 211.5000 0000000   0.0000 339.6600 15.12078246612320
STARLINK-2199
1 99022U 98065A   24219.50000000 -.00022620  00000-0  13156-2 0  1005
2 99022  53.0000 211.5000 0000000   0.0000 354.0600 15.12078246276194
STARLINK-2200
1 49211U 98065A   24219.50000000 -.00022620  00000-0  13156-2 0  1005
2 49211  53.0000 216.0000 0000000   0.0000   8.6400 15.12078246657433
STARLINK-2201
1 78752U 98065A   24219.50000000 -.00022620  00000-0  13156-2 0  1001
2 78752  53.0000 216.0000 0000000   0.0000  23.0400 15.12078246610572
STARLINK-2202
1 84136U 98065A   24219.50000000 -.00022620  00000-0  13156-2 0  1006
2 84136  53.0000 216.0000 0000000   0.0000  37.4400 15.12078246785531
STARLINK-2203
1 32688U 98065A   24219.50000000 -.00022620  00000-0  13156-2 0  1006
2 32688  53.0000 216.0000 0000000   0.0000  51.8400 15.12078246713620
STARLINK-2204
1 79035U 98065A   24219.50000000 -.00022620  00000-0  13156-2 0  1008
2 79035  53.0000 216.0000 0000000   0.0000  66.2400 15.12078246209826
STARLINK-2205
1 11878U 98065A   24219.50000000 -.00022620  00000-0  13156-2 0  1006
2 11878  53.0000 216.0000 0000000   0.0000  80.6400 15.12078246861622
STARLINK-2206
1 25630U 98065A   24219.50000000 -.00022620  00000-0  13156-2 0  1002
2 25630  53.0000 216.0000 0000000   0.0000  95.0400 15.12078246851415
STARLINK-2207
1 63802U 98065A   24219.50000000 -.00022620  00000-0  13156-2 0  1005
2 63802  53.0000 216.0000 0000000   0.0000 109.4400 15.12078246261550
STARLINK-2208
1 99253U 98065A   24219.50000000 -.00022620  00000-0  13156-2 0  1002
2 99253  53.0000 216.0000 0000000   0.0000 123.8400 15.12078246574423
STARLINK-2209
1 71698U 98065A   24219.50000000 -.00022620  00000-0  13156-2 0  1003
2 71698  53.0000 216.0000 0000000   0.0000 138.2400 15.12078246888042
STARLINK-2210
1 21918U 98065A   24219.50000000 -.00022620  00000-0  13156-2 0  1004
2 21918  53.0000 216.0000 0000000   0.0000 152.6400 15.12078246816243
STARLINK-2211
1 78450U 98065A   24219.50000000 -.00022620  00000-0  13156-2 0  1005
2 78450  53.0000 216.0000 0000000   0.0000 167.0400 15.12078246413291
STARLINK-2212
1 90770U 98065A   24219.50000000 -.00022620  00000-0  13156-2 0  1004
2 90770  53.0000 216.0000 0000000   0.0000 181.4400 15.12078246527066
STARLINK-2213
1 37467U 98065A   24219.50000000 -.00022620  00000-0  13156-2 0  1001
2 37467  53.0000 216.0000 0000000   0.0000 195.8400 15.12078246620650
STARLINK-2214
1 28784U 98065A   24219.50000000 -.00022620  00000-0  13156-2 0  1000
2 28784  53.0000 216.0000 0000000   0.0000 210.2400 15.12078246522427
STARLINK-2215
1 55055U 98065A   24219.50000000 -.00022620  00000-0  13156-2 0  1006
2 55055  53.0000 216.0000 0000000   0.0000 224.6400 15.12078246713408
STARLINK-2216
1 87946U 98065A   24219.50000000 -.00022620  00000-0  13156-2 0  1008
2 87946  53.0000 216.0000 0000000   0.0000 239.0400 15.12078246178233
STARLINK-2217
1 90642U 98065A   24219.50000000 -.00022620  00000-0  13156-2 0  1005
2 90642  53.0000 216.0000 0000000   0.0000 253.4400 15.12078246275130
STARLINK-2218
1 67023U 98065A   24219.50000000 -.00022620  00000-0  13156-2 0  1000
2 67023  53.0000 216.0000 0000000   0.0000 267.8400 15.12078246902708
STARLINK-2219
1 18912U 98065A   24219.50000000 -.00022620  00000-0  13156-2 0  1003
2 18912  53.0000 216.0000 0000000   0.0000 282.2400 15.12078246897828
STARLINK-2220
1 98868U 98065A   24219.50000000 -.00022620  00000-0  13156-2 0  1008
2 98868  53.0000 216.0000 0000000   0.0000 296.6400 15.12078246438755
STARLINK-2221
1 55161U 98065A   24219.50000000 -.00022620  00000-0  13156-2 0  1008
2 55161  53.0000 216.0000 0000000   0.0000 311.0400 15.12078246958021
STARLINK-2222
1 65238U 98065A   24219.50000000 -.00022620  00000-0  13156-2 0  1003
2 65238  53.0000 216.0000 0000000   0.0000 325.4400 15.12078246367646
STARLINK-2223
1 75061U 98065A   24219.50000000 -.00022620  00000-0  13156-2 0  1003
2 75061  53.0000 216.0000 0000000   0.0000 339.8400 15.12078246668161
STARLINK-2224
1 25288U 98065A   24219.50000000 -.00022620  00000-0  13156-2 0  1007
2 25288  53.0000 216.0000 0000000   0.0000 354.2400 15.12078246196983
STARLINK-2225
1 63641U 98065A   24219.50000000 -.00022620  00000-0  13156-2 0  1005
2 63641  53.0000 220.5000 0000000   0.0000   8.8200 15.12078246905137
STARLINK-2226
1 57686U 98065A   24219.50000000 -.00022620  00000-0  13156-2 0  1008
2 57686  53.0000 220.5000 0000000   0.0000  23.2200 15.12078246406197
STARLINK-2227
1 43093U 98065A   24219.50000000 -.00022620  00000-0  13156-2 0  1004
2 43093  53.0000 220.5000 0000000   0.0000  37.6200 15.12078246141606
STARLINK-2228
1 32535U 98065A   24219.50000000 -.00022620  00000-0  13156-2 0  1005
2 32535  53.0000 220.5000 0000000   0.0000  52.0200 15.12078246461431
STARLINK-2229
1 76964U 98065A   24219.50000000 -.00022620  00000-0  13156-2 0  1002
2 76964  53.0000 220.5000 0000000   0.0000  66.4200 15.12078246303338
STARLINK-2230
1 68239U 98065A   24219.50000000 -.00022620  00000-0  13156-2 0  1000
2 68239  53.0000 220.5000 0000000   0.0000  80.8200 15.12078246390843
STARLINK-2231
1 96723U 98065A   24219.50000000 -.00022620  00000-0  13156-2 0  1008
2 96723  53.0000 220.5000 0000000   0.0000  95.2200 15.12078246520276
STARLINK-2232
1 76270U 98065A   24219.50000000 -.00022620  00000-0  13156-2 0  1001
2 76270  53.0000 220.5000 0000000   0.0000 109.6200 15.12078246221970
STARLINK-2233
1 15323U 98065A   24219.50000000 -.00022620  00000-0  13156-2 0  1005
2 15323  53.0000 220.5000 0000000   0.0000 124.0200 15.12078246154404
STARLINK-2234
1 52411U 98065A   24219.50000000 -.00022620  00000-0  13156-2 0  1003
2 52411  53.0000 220.5000 0000000   0.0000 138.4200 15.12078246428340
STARLINK-2235
1 65559U 98065A   24219.50000000 -.00022620  00000-0  13156-2 0  1001
2 65559  53.0000 220.5000 0000000   0.0000 152.8200 15.12078246809408
STARLINK-2236
1 22274U 98065A   24219.50000000 -.00022620  00000-0  13156-2 0  1007
2 22274  53.0000 220.5000 0000000   0.0000 167.2200 15.12078246825454
STARLINK-2237
1 24305U 98065A   24219.50000000 -.00022620  00000-0  13156-2 0  1006
2 24305  53.0000 220.5000 0000000   0.0000 181.6200 15.12078246173050
STARLINK-2238
1 42612U 98065A   24219.50000000 -.00022620  00000-0  13156-2 0  1006
2 42612  53.0000 220.5000 0000000   0.0000 196.0200 15.12078246390622
STARLINK-2239
1 50125U 98065A   24219.50000000 -.00022620  00000-0  13156-2 0  1000
2 50125  53.0000 220.5000 0000000   0.0000 210.4200 15.12078246979358
STARLINK-2240
1 33336U 98065A   24219.50000000 -.00022620  00000-0  13156-2 0  1000
2 33336  53.0000 220.5000 0000000   0.0000 224.8200 15.12078246292012
STARLINK-2241
1 86202U 98065A   24219.50000000 -.00022620  00000-0  13156-2 0  1003
2 86202  53.0000 220.5000 0000000   0.0000 239.2200 15.12078246723020
STARLINK-2242
1 84434U 98065A   24219.50000000 -.00022620  00000-0  13156-2 0  1004
2 84434  53.0000 220.5000 0000000   0.0000 253.6200 15.12078246189932
STARLINK-2243
1 87413U 98065A   24219.50000000 -.00022620  00000-0  13156-2 0  1002
2 87413  53.0000 220.5000 0000000   0.0000 268.0200 15.12078246152066
STARLINK-2244
1 43083U 98065A   24219.50000000 -.00022620  00000-0  13156-2 0  1008
2 43083  53.0000 220.5000 0000000   0.0000 282.4200 15.12078246949691
STARLINK-2245
1 17206U 98065A   24219.50000000 -.00022620  00000-0  13156-2 0  1002
2 17206  53.0000 220.5000 0000000   0.0000 296.8200 15.12078246738982
STARLINK-2246
1 28926U 98065A   24219.50000000 -.00022620  00000-0  13156-2 0  1008
2 28926  53.0000 220.5000 0000000   0.0000 311.2200 15.12078246659674
STARLINK-2247
1 13776U 98065A   24219.50000000 -.00022620  00000-0  13156-2 0  1002
2 13776  53.0000 220.5000 0000000   0.0000 325.6200 15.12078246866811
STARLINK-2248
1 51834U 98065A   24219.50000000 -.00022620  00000-0  13156-2 0  1005
2 51834  53.0000 220.5000 0000000   0.0000 340.0200 15.12078246154543
STARLINK-2249
1 69971U 98065A   24219.50000000 -.00022620  00000-0  13156-2 0  1002
2 69971  53.0000 220.5000 0000000   0.0000 354.4200 15.12078246396292
STARLINK-2250
1 40216U 98065A   24219.50000000 -.00022620  00000-0  13156-2 0  1003
2 40216  53.0000 225.0000 0000000   0.0000   9.0000 15.12078246258491
STARLINK-2251
1 84153U 98065A   24219.50000000 -.00022620  00000-0  13156-2 0  1003
2 84153  53.0000 225.0000 0000000   0.0000  23.4000 15.12078246580655
STARLINK-2252
1 49663U 98065A   24219.50000000 -.00022620  00000-0  13156-2 0  1007
2 49663  53.0000 225.0000 0000000   0.0000  37.8000 15.12078246604157
STARLINK-2253
1 48971U 98065A   24219.50000000 -.00022620  00000-0  13156-2 0  1000
2 48971  53.0000 225.0000 0000000   0.0000  52.2000 15.12078246893920
STARLINK-2254
1 28080U 98065A   24219.50000000 -.00022620  00000-0  13156-2 0  1002
2 28080  53.0000 225.0000 0000000   0.0000  66.6000 15.12078246735157
STARLINK-2255
1 24591U 98065A   24219.50000000 -.00022620  00000-0  13156-2 0  1007
2 24591  53.0000 225.0000 0000000   0.0000  81.0000 15.12078246488887
STARLINK-2256
1 62564U 98065A   24219.50000000 -.00022620  00000-0  13156-2 0  1003
2 62564  53.0000 225.0000 0000000   0.0000  95.4000 15.12078246194686
STARLINK-2257
1 24056U 98065A   24219.50000000 -.00022620  00000-0  13156-2 0  1008
2 24056  53.0000 225.0000 0000000   0.0000 109.8000 15.12078246175420
STARLINK-2258
1 71490U 98065A   24219.50000000 -.00022620  00000-0  13156-2 0  1007
2 71490  53.0000 225.0000 0000000   0.0000 124.2000 15.12078246649264
STARLINK-2259
1 31743U 98065A   24219.50000000 -.00022620  00000-0  13156-2 0  1005
2 31743  53.0000 225.0000 0000000   0.0000 138.6000 15.12078246392811
STARLINK-2260
1 81652U 98065A   24219.50000000 -.00022620  00000-0  13156-2 0  1006
2 81652  53.0000 225.0000 0000000   0.0000 153.0000 15.12078246651032
STARLINK-2261
1 82521U 98065A   24219.50000000 -.00022620  00000-0  13156-2 0  1002
2 82521  53.0000 225.0000 0000000   0.0000 167.4000 15.12078246171035
STARLINK-2262
1 56873U 98065A   24219.50000000 -.00022620  00000-0  13156-2 0  1008
2 56873  53.0000 225.0000 0000000   0.0000 181.8000 15.12078246397195
STARLINK-2263
1 18257U 98065A   24219.50000000 -.00022620  00000-0  13156-2 0  1005
2 18257  53.0000 225.0000 0000000   0.0000 196.2000 15.12078246978691
STARLINK-2264
1 30037U 98065A   24219.50000000 -.00022620  00000-0  13156-2 0  1007
2 30037  53.0000 225.0000 0000000   0.0000 210.6000 15.12078246249753
STARLINK-2265
1 58872U 98065A   24219.50000000 -.00022620  00000-0  13156-2 0  1008
2 58872  53.0000 225.0000 0000000   0.0000 225.0000 15.12078246683117
STARLINK-2266
1 92236U 98065A   24219.50000000 -.00022620  00000-0  13156-2 0  1000
2 92236  53.0000 225.0000 0000000   0.0000 239.4000 15.12078246149197
STARLINK-2267
1 36987U 98065A   24219.50000000 -.00022620  00000-0  13156-2 0  1002
2 36987  53.0000 225.0000 0000000   0.0000 253.8000 15.12078246470458
STARLINK-2268
1 34351U 98065A   24219.50000000 -.00022620  00000-0  13156-2 0  1001
2 34351  53.0000 225.0000 0000000   0.0000 268.2000 15.12078246898585
STARLINK-2269
1 32595U 98065A   24219.50000000 -.00022620  00000-0  13156-2 0  1004
2 32595  53.0000 225.0000 0000000   0.0000 282.6000 15.12078246690071
STARLINK-2270
1 44697U 98065A   24219.50000000 -.00022620  00000-0  13156-2 0  1004
2 44697  53.0000 225.0000 0000000   0.0000 297.0000 15.12078246700831
STARLINK-2271
1 59234U 98065A   24219.50000000 -.00022620  00000-0  13156-2 0  1005
2 59234  53.0000 225.0000 0000000   0.0000 311.4000 15.12078246933365
STARLINK-2272
1 89878U 98065A   24219.50000000 -.00022620  00000-0  13156-2 0  1002
2 89878  53.0000 225.0000 0000000   0.0000 325.8000 15.12078246968517
STARLINK-2273
1 57327U 98065A   24219.50000000 -.00022620  00000-0  13156-2 0  1002
2 57327  53.0000 225.0000 0000000   0.0000 340.2000 15.12078246574554
STARLINK-2274
1 79926U 98065A   24219.50000000 -.00022620  00000-0  13156-2 0  1003
2 79926  53.0000 225.0000 0000000   0.0000 354.6000 15.12078246458650
STARLINK-2275
1 79222U 98065A   24219.50000000 -.00022620  00000-0  13156-2 0  1001
2 79222  53.0000 229.5000 0000000   0.0000   9.1800 15.12078246399426
STARLINK-2276
1 86109U 98065A   24219.50000000 -.00022620  00000-0  13156-2 0  1001
2 86109  53.0000 229.5000 0000000   0.0000  23.5800 15.12078246344383
STARLINK-2277
1 44318U 98065A   24219.50000000 -.00022620  00000-0  13156-2 0  1000
2 44318  53.0000 229.5000 0000000   0.0000  37.9800 15.12078246962084
STARLINK-2278
1 86962U 98065A   24219.50000000 -.00022620  00000-0  13156-2 0  1000
2 86962  53.0000 229.5000 0000000   0.0000  52.3800 15.12078246314382
STARLINK-2279
1 39973U 98065A   24219.50000000 -.00022620  00000-0  13156-2 0  1007
2 39973  53.0000 229.5000 0000000   0.0000  66.7800 15.12078246679202
STARLINK-2280
1 94846U 98065A   24219.50000000 -.00022620  00000-0  13156-2 0  1007
2 94846  53.0000 229.5000 0000000   0.0000  81.1800 15.12078246161191
STARLINK-2281
1 98625U 98065A   24219.50000000 -.00022620  00000-0  13156-2 0  1003
2 98625  53.0000 229.5000 0000000   0.0000  95.5800 15.12078246149478
STARLINK-2282
1 41882U 98065A   24219.50000000 -.00022620  00000-0  13156-2 0  1006
2 41882  53.0000 229.5000 0000000   0.0000 109.9800 15.12078246297875
STARLINK-2283
1 88391U 98065A   24219.50000000 -.00022620  00000-0  13156-2 0  1000
2 88391  53.0000 229.5000 0000000   0.0000 124.3800 15.12078246691277
STARLINK-2284
1 83263U 98065A   24219.50000000 -.00022620  00000-0  13156-2 0  1002
2 83263  53.0000 229.5000 0000000   0.0000 138.7800 15.12078246733343
STARLINK-2285
1 37032U 98065A   24219.50000000 -.00022620  00000-0  13156-2 0  1007
2 37032  53.0000 229.5000 0000000   0.0000 153.1800 15.12078246464932
STARLINK-2286
1 21371U 98065A   24219.50000000 -.00022620  00000-0  13156-2 0  1001
2 21371  53.0000 229.5000 0000000   0.0000 167.5800 15.12078246152213
STARLINK-2287
1 86631U 98065A   24219.50000000 -.00022620  00000-0  13156-2 0  1007
2 86631  53.0000 229.5000 0000000   0.0000 181.9800 15.12078246623346
STARLINK-2288
1 90981U 98065A   24219.50000000 -.00022620  00000-0  13156-2 0  1007
2 90981  53.0000 229.5000 0000000   0.0000 196.3800 15.12078246576976
STARLINK-2289
1 16184U 98065A   24219.50000000 -.00022620  00000-0  13156-2 0  1006
2 16184  53.0000 229.5000 0000000   0.0000 210.7800 15.12078246465527
STARLINK-2290
1 50330U 98065A   24219.50000000 -.00022620  00000-0  13156-2 0  1002
2 50330  53.0000 229.5000 0000000   0.0000 225.1800 15.12078246794196
STARLINK-2291
1 21927U 98065A   24219.50000000 -.00022620  00000-0  13156-2 0  1004
2 21927  53.0000 229.5000 0000000   0.0000 239.5800 15.12078246883363
STARLINK-2292
1 65335U 98065A   24219.50000000 -.00022620  00000-0  13156-2 0  1005
2 65335  53.0000 229.5000 0000000   0.0000 253.9800 15.12078246183802
STARLINK-2293
1 43888U 98065A   24219.50000000 -.00022620  00000-0  13156-2 0  1001
2 43888  53.0000 229.5000 0000000   0.0000 268.3800 15.12078246662665
STARLINK-2294
1 40147U 98065A   24219.50000000 -.00022620  00000-0  13156-2 0  1000
2 40147  53.0000 229.5000 0000000   0.0000 282.7800 15.12078246629730
STARLINK-2295
1 10356U 98065A   24219.50000000 -.00022620  00000-0  13156-2 0  1006
2 10356  53.0000 229.5000 0000000   0.0000 297.1800 15.12078246856975
STARLINK-2296
1 51810U 98065A   24219.50000000 -.00022620  00000-0  13156-2 0  1001
2 51810  53.0000 229.5000 0000000   0.0000 311.5800 15.12078246936590
STARLINK-2297
1 83582U 98065A   24219.50000000 -.00022620  00000-0  13156-2 0  1004
2 83582  53.0000 229.5000 0000000   0.0000 325.9800 15.12078246678174
STARLINK-2298
1 78524U 98065A   24219.50000000 -.00022620  00000-0  13156-2 0  1003
2 78524  53.0000 229.5000 0000000   0.0000 340.3800 15.12078246821874
STARLINK-2299
1 61055U 98065A   24219.50000000 -.00022620  00000-0  13156-2 0  1007
2 61055  53.0000 229.5000 0000000   0.0000 354.7800 15.12078246499322
STARLINK-2300
1 62711U 98065A   24219.50000000 -.00022620  00000-0  13156-2 0  1003
2 62711  53.0000 234.0000 0000000   0.0000   9.3600 15.12078246643073
STARLINK-2301
1 74201U 98065A   24219.50000000 -.00022620  00000-0  13156-2 0  1000
2 74201  53.0000 234.0000 0000000   0.0000  23.7600 15.12078246830798
STARLINK-2302
1 84643U 98065A   24219.50000000 -.00022620  00000-0  13156-2 0  1003
2 84643  53.0000 234.0000 0000000   0.0000  38.1600 15.12078246667407
STARLINK-2303
1 31852U 98065A   24219.50000000 -.00022620  00000-0  13156-2 0  1000
2 31852  53.0000 234.0000 0000000   0.0000  52.5600 15.12078246513370
STARLINK-2304
1 38919U 98065A   24219.50000000 -.00022620  00000-0  13156-2 0  1006
2 38919  53.0000 234.0000 0000000   0.0000  66.9600 15.12078246259084
STARLINK-2305
1 25851U 98065A   24219.50000000 -.00022620  00000-0  13156-2 0  1003
2 25851  53.0000 234.0000 0000000   0.0000  81.3600 15.12078246107592
STARLINK-2306
1 12825U 98065A   24219.50000000 -.00022620  00000-0  13156-2 0  1007
2 12825  53.0000 234.0000 0000000   0.0000  95.7600 15.12078246967321
STARLINK-2307
1 93456U 98065A   24219.50000000 -.00022620  00000-0  13156-2 0  1008
2 93456  53.0000 234.0000 0000000   0.0000 110.1600 15.12078246244755
STARLINK-2308
1 22798U 98065A   24219.50000000 -.00022620  00000-0  13156-2 0  1002
2 22798  53.0000 234.0000 0000000   0.0000 124.5600 15.12078246491621
STARLINK-2309
1 12491U 98065A   24219.50000000 -.00022620  00000-0  13156-2 0  1005
2 12491  53.0000 234.0000 0000000   0.0000 138.9600 15.12078246861148
STARLINK-2310
1 99306U 98065A   24219.50000000 -.00022620  00000-0  13156-2 0  1007
2 99306  53.0000 234.0000 0000000   0.0000 153.3600 15.12078246343353
STARLINK-2311
1 63973U 98065A   24219.50000000 -.00022620  00000-0  13156-2 0  1005
2 63973  53.0000 234.0000 0000000   0.0000 167.7600 15.12078246328650
STARLINK-2312
1 79172U 98065A   24219.50000000 -.00022620  00000-0  13156-2 0  1008
2 79172  53.0000 234.0000 0000000   0.0000 182.1600 15.12078246648336
STARLINK-2313
1 97458U 98065A   24219.50000000 -.00022620  00000-0  13156-2 0  1003
2 97458  53.0000 234.0000 0000000   0.0000 196.5600 15.12078246507163
STARLINK-2314
1 70001U 98065A   24219.50000000 -.00022620  00000-0  13156-2 0  1001
2 70001  53.0000 234.0000 0000000   0.0000 210.9600 15.12078246203705
STARLINK-2315
1 85061U 98065A   24219.50000000 -.00022620  00000-0  13156-2 0  1002
2 85061  53.0000 234.0000 0000000   0.0000 225.3600 15.12078246528247
STARLINK-2316
1 81637U 98065A   24219.50000000 -.00022620  00000-0  13156-2 0  1003
2 81637  53.0000 234.0000 0000000   0.0000 239.7600 15.12078246417116
STARLINK-2317
1 39641U 98065A   24219.50000000 -.00022620  00000-0  13156-2 0  1001
2 39641  53.0000 234.0000 0000000   0.0000 254.1600 15.12078246763741
STARLINK-2318
1 56639U 98065A   24219.50000000 -.00022620  00000-0  13156-2 0  1001
2 56639  53.0000 234.0000 0000000   0.0000 268.5600 15.12078246468284
STARLINK-2319
1 77252U 98065A   24219.50000000 -.00022620  00000-0  13156-2 0  1007
2 77252  53.0000 234.0000 0000000   0.0000 282.9600 15.12078246396442
STARLINK-2320
1 90009U 98065A   24219.50000000 -.00022620  00000-0  13156-2 0  1004
2 90009  53.0000 234.0000 0000000   0.0000 297.3600 15.12078246639480
STARLINK-2321
1 67655U 98065A   24219.50000000 -.00022620  00000-0  13156-2 0  1004
2 67655  53.0000 234.0000 0000000   0.0000 311.7600 15.12078246177173
STARLINK-2322
1 81509U 98065A   24219.50000000 -.00022620  00000-0  13156-2 0  1001
2 81509  53.0000 234.0000 0000000   0.0000 326.1600 15.12078246214475
STARLINK-2323
1 56638U 98065A   24219.50000000 -.00022620  00000-0  13156-2 0  1006
2 56638  53.0000 234.0000 0000000   0.0000 340.5600 15.12078246392334
STARLINK-2324
1 36005U 98065A   24219.50000000 -.00022620  00000-0  13156-2 0  1007
2 36005  53.0000 234.0000 0000000   0.0000 354.9600 15.12078246443244
STARLINK-2325
1 83647U 98065A   24219.50000000 -.00022620  00000-0  13156-2 0  1002
2 83647  53.0000 238.5000 0000000   0.0000   9.5400 15.12078246526952
STARLINK-2326
1 36318U 98065A   24219.50000000 -.00022620  00000-0  13156-2 0  1007
2 36318  53.0000 238.5000 0000000   0.0000  23.9400 15.12078246169785
STARLINK-2327
1 74453U 98065A   24219.50000000 -.00022620  00000-0  13156-2 0  1001
2 74453  53.0000 238.5000 0000000   0.0000  38.3400 15.12078246129113
STARLINK-2328
1 78754U 98065A   24219.50000000 -.00022620  00000-0  13156-2 0  1004
2 78754  53.0000 238.5000 0000000   0.0000  52.7400 15.12078246208984
STARLINK-2329
1 18683U 98065A   24219.50000000 -.00022620  00000-0  13156-2 0  1003
2 18683  53.0000 238.5000 0000000   0.0000  67.1400 15.12078246636975
STARLINK-2330
1 93394U 98065A   24219.50000000 -.00022620  00000-0  13156-2 0  1007
2 93394  53.0000 238.5000 0000000   0.0000  81.5400 15.12078246143712
STARLINK-2331
1 45577U 98065A   24219.50000000 -.00022620  00000-0  13156-2 0  1007
2 45577  53.0000 238.5000 0000000   0.0000  95.9400 15.12078246381292
STARLINK-2332
1 91666U 98065A   24219.50000000 -.00022620  00000-0  13156-2 0  1005
2 91666  53.0000 238.5000 0000000   0.0000 110.3400 15.12078246553578
STARLINK-2333
1 29244U 98065A   24219.50000000 -.00022620  00000-0  13156-2 0  1001
2 29244  53.0000 238.5000 0000000   0.0000 124.7400 15.12078246215073
STARLINK-2334
1 78963U 98065A   24219.50000000 -.00022620  00000-0  13156-2 0  1005
2 78963  53.0000 238.5000 0000000   0.0000 139.1400 15.12078246481841
STARLINK-2335
1 24646U 98065A   24219.50000000 -.00022620  00000-0  13156-2 0  1007
2 24646  53.0000 238.5000 0000000   0.0000 153.5400 15.12078246653113
STARLINK-2336
1 56646U 98065A   24219.50000000 -.00022620  00000-0  13156-2 0  1005
2 56646  53.0000 238.5000 0000000   0.0000 167.9400 15.12078246987468
STARLINK-2337
1 50390U 98065A   24219.50000000 -.00022620  00000-0  13156-2 0  1004
2 50390  53.0000 238.5000 0000000   0.0000 182.3400 15.12078246598064
STARLINK-2338
1 45673U 98065A   24219.50000000 -.00022620  00000-0  13156-2 0  1003
2 45673  53.0000 238.5000 0000000   0.0000 196.7400 15.12078246854711
STARLINK-2339
1 46243U 98065A   24219.50000000 -.00022620  00000-0  13156-2 0  1005
2 46243  53.0000 238.5000 0000000   0.0000 211.1400 15.12078246353186
STARLINK-2340
1 56792U 98065A   24219.50000000 -.00022620  00000-0  13156-2 0  1001
2 56792  53.0000 238.5000 0000000   0.0000 225.5400 15.12078246404024
STARLINK-2341
1 76808U 98065A   24219.50000000 -.00022620  00000-0  13156-2 0  1007
2 76808  53.0000 238.5000 0000000   0.0000 239.9400 15.12078246413820
STARLINK-2342
1 70093U 98065A   24219.50000000 -.00022620  00000-0  13156-2 0  1005
2 70093  53.0000 238.5000 0000000   0.0000 254.3400 15.12078246792106
STARLINK-2343
1 75549U 98065A   24219.50000000 -.00022620  00000-0  13156-2 0  1001
2 75549  53.0000 238.5000 0000000   0.0000 268.7400 15.12078246546113
STARLINK-2344
1 78787U 98065A   24219.50000000 -.00022620  00000-0  13156-2 0  1008
2 78787  53.0000 238.5000 0000000   0.0000 283.1400 15.12078246323463
STARLINK-2345
1 48784U 98065A   24219.50000000 -.00022620  00000-0  13156-2 0  1004
2 48784  53.0000 238.5000 0000000   0.0000 297.5400 15.12078246643632
STARLINK-2346
1 16360U 98065A   24219.50000000 -.00022620  00000-0  13156-2 0  1001
2 16360  53.0000 238.5000 0000000   0.0000 311.9400 15.12078246750007
STARLINK-2347
1 80366U 98065A   24219.50000000 -.00022620  00000-0  13156-2 0  1006
2 80366  53.0000 238.5000 0000000   0.0000 326.3400 15.12078246872450
STARLINK-2348
1 68042U 98065A   24219.50000000 -.00022620  00000-0  13156-2 0  1003
2 68042  53.0000 238.5000 0000000   0.0000 340.7400 15.12078246294400
STARLINK-2349
1 50579U 98065A   24219.50000000 -.00022620  00000-0  13156-2 0  1008
2 50579  53.0000 238.5000 0000000   0.0000 355.1400 15.12078246263738
STARLINK-2350
1 22304U 98065A   24219.50000000 -.00022620  00000-0  13156-2 0  1003
2 22304  53.0000 243.0000 0000000   0.0000   9.7200 15.12078246141631
STARLINK-2351
1 81040U 98065A   24219.50000000 -.00022620  00000-0  13156-2 0  1006
2 81040  53.0000 243.0000 0000000   0.0000  24.1200 15.12078246331121
STARLINK-2352
1 22639U 98065A   24219.50000000 -.00022620  00000-0  13156-2 0  1000
2 22639  53.0000 243.0000 0000000   0.0000  38.5200 15.12078246482196
STARLINK-2353
1 39432U 98065A   24219.50000000 -.00022620  00000-0  13156-2 0  1004
2 39432  53.0000 243.0000 0000000   0.0000  52.9200 15.12078246684922
STARLINK-2354
1 44962U 98065A   24219.50000000 -.00022620  00000-0  13156-2 0  1000
2 44962  53.0000 243.0000 0000000   0.0000  67.3200 15.12078246355474
STARLINK-2355
1 83275U 98065A   24219.50000000 -.00022620  00000-0  13156-2 0  1006
2 83275  53.0000 243.0000 0000000   0.0000  81.7200 15.12078246222741
STARLINK-2356
1 46412U 98065A   24219.50000000 -.00022620  00000-0  13156-2 0  1003
2 46412  53.0000 243.0000 0000000   0.0000  96.1200 15.12078246212553
STARLINK-2357
1 43145U 98065A   24219.50000000 -.00022620  00000-0  13156-2 0  1003
2 43145  53.0000 243.0000 0000000   0.0000 110.5200 15.12078246482455
STARLINK-2358
1 94841U 98065A   24219.50000000 -.00022620  00000-0  13156-2 0  1005
2 94841  53.0000 243.0000 0000000   0.0000 124.9200 15.12078246930311
STARLINK-2359
1 35354U 98065A   24219.50000000 -.00022620  00000-0  13156-2 0  1005
2 35354  53.0000 243.0000 0000000   0.0000 139.3200 15.12078246671571
STARLINK-2360
1 98275U 98065A   24219.50000000 -.00022620  00000-0  13156-2 0  1008
2 98275  53.0000 243.0000 0000000   0.0000 153.7200 15.12078246179164
STARLINK-2361
1 79127U 98065A   24219.50000000 -.00022620  00000-0  13156-2 0  1000
2 79127  53.0000 243.0000 0000000   0.0000 168.1200 15.12078246327045
STARLINK-2362
1 97803U 98065A   24219.50000000 -.00022620  00000-0  13156-2 0  1007
2 97803  53.0000 243.0000 0000000   0.0000 182.5200 15.12078246964291
STARLINK-2363
1 26957U 98065A   24219.50000000 -.00022620  00000-0  13156-2 0  1008
2 26957  53.0000 243.0000 0000000   0.0000 196.9200 15.12078246753277
STARLINK-2364
1 41951U 98065A   24219.50000000 -.00022620  00000-0  13156-2 0  1008
2 41951  53.0000 243.0000 0000000   0.0000 211.3200 15.12078246656927
STARLINK-2365
1 77813U 98065A   24219.50000000 -.00022620  00000-0  13156-2 0  1003
2 77813  53.0000 243.0000 0000000   0.0000 225.7200 15.12078246216943
STARLINK-2366
1 89921U 98065A   24219.50000000 -.00022620  00000-0  13156-2 0  1001
2 89921  53.0000 243.0000 0000000   0.0000 240.1200 15.12078246574496
STARLINK-2367
1 77124U 98065A   24219.50000000 -.00022620  00000-0  13156-2 0  1004
2 77124  53.0000 243.0000 0000000   0.0000 254.5200 15.12078246303706
STARLINK-2368
1 49894U 98065A   24219.50000000 -.00022620  00000-0  13156-2 0  1008
2 49894  53.0000 243.0000 0000000   0.0000 268.9200 15.12078246223963
STARLINK-2369
1 49688U 98065A   24219.50000000 -.00022620  00000-0  13156-2 0  1001
2 49688  53.0000 243.0000 0000000   0.0000 283.3200 15.12078246195726
STARLINK-2370
1 21968U 98065A   24219.50000000 -.00022620  00000-0  13156-2 0  1008
2 21968  53.0000 243.0000 0000000   0.0000 297.7200 15.12078246979533
STARLINK-2371
1 65090U 98065A   24219.50000000 -.00022620  00000-0  13156-2 0  1003
2 65090  53.0000 243.0000 0000000   0.0000 312.1200 15.12078246717292
STARLINK-2372
1 63357U 98065A   24219.50000000 -.00022620  00000-0  13156-2 0  1000
2 63357  53.0000 243.0000 0000000   0.0000 326.5200 15.12078246295652
STARLINK-2373
1 23318U 98065A   24219.50000000 -.00022620  00000-0  13156-2 0  1002
2 23318  53.0000 243.0000 0000000   0.0000 340.9200 15.12078246916746
STARLINK-2374
1 73136U 98065A   24219.50000000 -.00022620  00000-0  13156-2 0  1001
2 73136  53.0000 243.0000 0000000   0.0000 355.3200 15.12078246418131
STARLINK-2375
1 75864U 98065A   24219.50000000 -.00022620  00000-0  13156-2 0  1008
2 75864  53.0000 247.5000 0000000   0.0000   9.9000 15.12078246609507
STARLINK-2376
1 61819U 98065A   24219.50000000 -.00022620  00000-0  13156-2 0  1007
2 61819  53.0000 247.5000 0000000   0.0000  24.3000 15.12078246241622
STARLINK-2377
1 50563U 98065A   24219.50000000 -.00022620  00000-0  13156-2 0  1006
2 50563  53.0000 247.5000 0000000   0.0000  38.7000 15.12078246118558
STARLINK-2378
1 81369U 98065A   24219.50000000 -.00022620  00000-0  13156-2 0  1007
2 81369  53.0000 247.5000 0000000   0.0000  53.1000 15.12078246908802
STARLINK-2379
1 96019U 98065A   24219.50000000 -.00022620  00000-0  13156-2 0  1000
2 96019  53.0000 247.5000 0000000   0.0000  67.5000 15.12078246997894
STARLINK-2380
1 64848U 98065A   24219.50000000 -.00022620  00000-0  13156-2 0  1005
2 64848  53.0000 247.5000 0000000   0.0000  81.9000 15.12078246732515
STARLINK-2381
1 83388U 98065A   24219.50000000 -.00022620  00000-0  13156-2 0  1005
2 83388  53.0000 247.5000 0000000   0.0000  96.3000 15.12078246557703
STARLINK-2382
1 62568U 98065A   24219.50000000 -.00022620  00000-0  13156-2 0  1004
2 62568  53.0000 247.5000 0000000   0.0000 110.7000 15.12078246216543
STARLINK-2383
1 60801U 98065A   24219.50000000 -.00022620  00000-0  13156-2 0  1001
2 60801  53.0000 247.5000 0000000   0.0000 125.1000 15.12078246238793
STARLINK-2384
1 36943U 98065A   24219.50000000 -.00022620  00000-0  13156-2 0  1003
2 36943  53.0000 247.5000 0000000   0.0000 139.5000 15.12078246572082
STARLINK-2385
1 86644U 98065A   24219.50000000 -.00022620  00000-0  13156-2 0  1004
2 86644  53.0000 247.5000 0000000   0.0000 153.9000 15.12078246408854
STARLINK-2386
1 77992U 98065A   24219.50000000 -.00022620  00000-0  13156-2 0  1002
2 77992  53.0000 247.5000 0000000   0.0000 168.3000 15.12078246186574
STARLINK-2387
1 48967U 98065A   24219.50000000 -.00022620  00000-0  13156-2 0  1005
2 48967  53.0000 247.5000 0000000   0.0000 182.7000 15.12078246414001
STARLINK-2388
1 49204U 98065A   24219.50000000 -.00022620  00000-0  13156-2 0  1000
2 49204  53.0000 247.5000 0000000   0.0000 197.1000 15.12078246288753
STARLINK-2389
1 39644U 98065A   24219.50000000 -.00022620  00000-0  13156-2 0  1006
2 39644  53.0000 247.5000 0000000   0.0000 211.5000 15.12078246902492
STARLINK-2390
1 38198U 98065A   24219.50000000 -.00022620  00000-0  13156-2 0  1008
2 38198  53.0000 247.5000 0000000   0.0000 225.9000 15.12078246936201
STARLINK-2391
1 47443U 98065A   24219.50000000 -.00022620  00000-0  13156-2 0  1000
2 47443  53.0000 247.5000 0000000   0.0000 240.3000 15.12078246488008
STARLINK-2392
1 56070U 98065A   24219.50000000 -.00022620  00000-0  13156-2 0  1004
2 56070  53.0000 247.5000 0000000   0.0000 254.7000 15.12078246609742
STARLINK-2393
1 66753U 98065A   24219.50000000 -.00022620  00000-0  13156-2 0  1005
2 66753  53.0000 247.5000 0000000   0.0000 269.1000 15.12078246847983
STARLINK-2394
1 76414U 98065A   24219.50000000 -.00022620  00000-0  13156-2 0  1001
2 76414  53.0000 247.5000 0000000   0.0000 283.5000 15.12078246991990
STARLINK-2395
1 34624U 98065A   24219.50000000 -.00022620  00000-0  13156-2 0  1003
2 34624  53.0000 247.5000 0000000   0.0000 297.9000 15.12078246404846
STARLINK-2396
1 95027U 98065A   24219.50000000 -.00022620  00000-0  13156-2 0  1005
2 95027  53.0000 247.5000 0000000   0.0000 312.3000 15.12078246846848
STARLINK-2397
1 32507U 98065A   24219.50000000 -.00022620  00000-0  13156-2 0  1003
2 32507  53.0000 247.5000 0000000   0.0000 326.7000 15.12078246914702
STARLINK-2398
1 42477U 98065A   24219.50000000 -.00022620  00000-0  13156-2 0  1002
2 42477  53.0000 247.5000 0000000   0.0000 341.1000 15.12078246646803
STARLINK-2399
1 12649U 98065A   24219.50000000 -.00022620  00000-0  13156-2 0  1006
2 12649  53.0000 247.5000 0000000   0.0000 355.5000 15.12078246850736
STARLINK-2400
1 34253U 98065A   24219.50000000 -.00022620  00000-0  13156-2 0  1005
2 34253  53.0000 252.0000 0000000   0.0000  10.0800 15.12078246461291
STARLINK-2401
1 34306U 98065A   24219.50000000 -.00022620  00000-0  13156-2 0  1007
2 34306  53.0000 252.0000 0000000   0.0000  24.4800 15.12078246915390
STARLINK-2402
1 74840U 98065A   24219.50000000 -.00022620  00000-0  13156-2 0  1000
2 74840  53.0000 252.0000 0000000   0.0000  38.8800 15.12078246643293
STARLINK-2403
1 99512U 98065A   24219.50000000 -.00022620  00000-0  13156-2 0  1006
2 99512  53.0000 252.0000 0000000   0.0000  53.2800 15.12078246820691
STARLINK-2404
1 10763U 98065A   24219.50000000 -.00022620  00000-0  13156-2 0  1008
2 10763  53.0000 252.0000 0000000   0.0000  67.6800 15.12078246712007
STARLINK-2405
1 27720U 98065A   24219.50000000 -.00022620  00000-0  13156-2 0  1007
2 27720  53.0000 252.0000 0000000   0.0000  82.0800 15.12078246985036
STARLINK-2406
1 26422U 98065A   24219.50000000 -.00022620  00000-0  13156-2 0  1002
2 26422  53.0000 252.0000 0000000   0.0000  96.4800 15.12078246694228
STARLINK-2407
1 69211U 98065A   24219.50000000 -.00022620  00000-0  13156-2 0  1008
2 69211  53.0000 252.0000 0000000   0.0000 110.8800 15.12078246345980
STARLINK-2408
1 30887U 98065A   24219.50000000 -.00022620  00000-0  13156-2 0  1008
2 30887  53.0000 252.0000 0000000   0.0000 125.2800 15.12078246378014
STARLINK-2409
1 14947U 98065A   24219.50000000 -.00022620  00000-0  13156-2 0  1001
2 14947  53.0000 252.0000 0000000   0.0000 139.6800 15.12078246387618
STARLINK-2410
1 10490U 98065A   24219.50000000 -.00022620  00000-0  13156-2 0  1008
2 10490  53.0000 252.0000 0000000   0.0000 154.0800 15.12078246542428
STARLINK-2411
1 56682U 98065A   24219.50000000 -.00022620  00000-0  13156-2 0  1007
2 56682  53.0000 252.0000 0000000   0.0000 168.4800 15.12078246879053
STARLINK-2412
1 61622U 98065A   24219.50000000 -.00022620  00000-0  13156-2 0  1005
2 61622  53.0000 252.0000 0000000   0.0000 182.8800 15.12078246526081
STARLINK-2413
1 14223U 98065A   24219.50000000 -.00022620  00000-0  13156-2 0  1006
2 14223  53.0000 252.0000 0000000   0.0000 197.2800 15.12078246777262
STARLINK-2414
1 95784U 98065A   24219.50000000 -.00022620  00000-0  13156-2 0  1006
2 95784  53.0000 252.0000 0000000   0.0000 211.6800 15.12078246508815
STARLINK-2415
1 13320U 98065A   24219.50000000 -.00022620  00000-0  13156-2 0  1003
2 13320  53.0000 252.0000 0000000   0.0000 226.0800 15.12078246131080
STARLINK-2416
1 67335U 98065A   24219.50000000 -.00022620  00000-0  13156-2 0  1003
2 67335  53.0000 252.0000 0000000   0.0000 240.4800 15.12078246174822
STARLINK-2417
1 50166U 98065A   24219.50000000 -.00022620  00000-0  13156-2 0  1005
2 50166  53.0000 252.0000 0000000   0.0000 254.8800 15.12078246526698
STARLINK-2418
1 62286U 98065A   24219.50000000 -.00022620  00000-0  13156-2 0  1004
2 62286  53.0000 252.0000 0000000   0.0000 269.2800 15.12078246101157
STARLINK-2419
1 65748U 98065A   24219.50000000 -.00022620  00000-0  13156-2 0  1002
2 65748  53.0000 252.0000 0000000   0.0000 283.6800 15.12078246653982
STARLINK-2420
1 76531U 98065A   24219.50000000 -.00022620  00000-0  13156-2 0  1001
2 76531  53.0000 252.0000 0000000   0.0000 298.0800 15.12078246821776
STARLINK-2421
1 73418U 98065A   24219.50000000 -.00022620  00000-0  13156-2 0  1006
2 73418  53.0000 252.0000 0000000   0.0000 312.4800 15.12078246451357
STARLINK-2422
1 84478U 98065A   24219.50000000 -.00022620  00000-0  13156-2 0  1005
2 84478  53.0000 252.0000 0000000   0.0000 326.8800 15.12078246342406
STARLINK-2423
1 50064U 98065A   24219.50000000 -.00022620  00000-0  13156-2 0  1003
2 50064  53.0000 252.0000 0000000   0.0000 341.2800 15.12078246300838
STARLINK-2424
1 59182U 98065A   24219.50000000 -.00022620  00000-0  13156-2 0  1001
2 59182  53.0000 252.0000 0000000   0.0000 355.6800 15.12078246669326
STARLINK-2425
1 55870U 98065A   24219.50000000 -.00022620  00000-0  13156-2 0  1005
2 55870  53.0000 256.5000 0000000   0.0000  10.2600 15.12078246731410
STARLINK-2426
1 89514U 98065A   24219.50000000 -.00022620  00000-0  13156-2 0  1006
2 89514  53.0000 256.5000 0000000   0.0000  24.6600 15.12078246632664
STARLINK-2427
1 99977U 98065A   24219.50000000 -.00022620  00000-0  13156-2 0  1005
2 99977  53.0000 256.5000 0000000   0.0000  39.0600 15.12078246281293
STARLINK-2428
1 79837U 98065A   24219.50000000 -.00022620  00000-0  13156-2 0  1007
2 79837  53.0000 256.5000 0000000   0.0000  53.4600 15.12078246716456
STARLINK-2429
1 50287U 98065A   24219.50000000 -.00022620  00000-0  13156-2 0  1001
2 50287  53.0000 256.5000 0000000   0.0000  67.8600 15.12078246339972
STARLINK-2430
1 55727U 98065A   24219.50000000 -.00022620  00000-0  13156-2 0  1002
2 55727  53.0000 256.5000 0000000   0.0000  82.2600 15.12078246477974
STARLINK-2431
1 54926U 98065A   24219.50000000 -.00022620  00000-0  13156-2 0  1001
2 54926  53.0000 256.5000 0000000   0.0000  96.6600 15.12078246340384
STARLINK-2432
1 18022U 98065A   24219.50000000 -.00022620  00000-0  13156-2 0  1000
2 18022  53.0000 256.5000 0000000   0.0000 111.0600 15.12078246829237
STARLINK-2433
1 46025U 98065A   24219.50000000 -.00022620  00000-0  13156-2 0  1001
2 46025  53.0000 256.5000 0000000   0.0000 125.4600 15.12078246614322
STARLINK-2434
1 83060U 98065A   24219.50000000 -.00022620  00000-0  13156-2 0  1007
2 83060  53.0000 256.5000 0000000   0.0000 139.8600 15.12078246497561
STARLINK-2435
1 34035U 98065A   24219.50000000 -.00022620  00000-0  13156-2 0  1002
2 34035  53.0000 256.5000 0000000   0.0000 154.2600 15.12078246145768
STARLINK-2436
1 57108U 98065A   24219.50000000 -.00022620  00000-0  13156-2 0  1005
2 57108  53.0000 256.5000 0000000   0.0000 168.6600 15.12078246606088
STARLINK-2437
1 98231U 98065A   24219.50000000 -.00022620  00000-0  13156-2 0  1006
2 98231  53.0000 256.5000 0000000   0.0000 183.0600 15.12078246657907
STARLINK-2438
1 27115U 98065A   24219.50000000 -.00022620  00000-0  13156-2 0  1001
2 27115  53.0000 256.5000 0000000   0.0000 197.4600 15.12078246221828
STARLINK-2439
1 77768U 98065A   24219.50000000 -.00022620  00000-0  13156-2 0  1002
2 77768  53.0000 256.5000 0000000   0.0000 211.8600 15.12078246783004
STARLINK-2440
1 20558U 98065A   24219.50000000 -.00022620  00000-0  13156-2 0  1008
2 20558  53.0000 256.5000 0000000   0.0000 226.2600 15.12078246373504
STARLINK-2441
1 89298U 98065A   24219.50000000 -.00022620  00000-0  13156-2 0  1006
2 89298  53.0000 256.5000 0000000   0.0000 240.6600 15.12078246384794
STARLINK-2442
1 10696U 98065A   24219.50000000 -.00022620  00000-0  13156-2 0  1002
2 10696  53.0000 256.5000 0000000   0.0000 255.0600 15.12078246992808
STARLINK-2443
1 41330U 98065A   24219.50000000 -.00022620  00000-0  13156-2 0  1003
2 41330  53.0000 256.5000 0000000   0.0000 269.4600 15.12078246595785
STARLINK-2444
1 85457U 98065A   24219.50000000 -.00022620  00000-0  13156-2 0  1001
2 85457  53.0000 256.5000 0000000   0.0000 283.8600 15.12078246212142
STARLINK-2445
1 42034U 98065A   24219.50000000 -.00022620  00000-0  13156-2 0  1006
2 42034  53.0000 256.5000 0000000   0.0000 298.2600 15.12078246122415
STARLINK-2446
1 62754U 98065A   24219.50000000 -.00022620  00000-0  13156-2 0  1002
2 62754  53.0000 256.5000 0000000   0.0000 312.6600 15.12078246795321
STARLINK-2447
1 99269U 98065A   24219.50000000 -.00022620  00000-0  13156-2 0  1001
2 99269  53.0000 256.5000 0000000   0.0000 327.0600 15.12078246175985
STARLINK-2448
1 32241U 98065A   24219.50000000 -.00022620  00000-0  13156-2 0  1007
2 32241  53.0000 256.5000 0000000   0.0000 341.4600 15.12078246313614
STARLINK-2449
1 94711U 98065A   24219.50000000 -.00022620  00000-0  13156-2 0  1007
2 94711  53.0000 256.5000 0000000   0.0000 355.8600 15.12078246619096
STARLINK-2450
1 46133U 98065A   24219.50000000 -.00022620  00000-0  13156-2 0  1002
2 46133  53.0000 261.0000 0000000   0.0000  10.4400 15.12078246291121
STARLINK-2451
1 92474U 98065A   24219.50000000 -.00022620  00000-0  13156-2 0  1000
2 92474  53.0000 261.0000 0000000   0.0000  24.8400 15.12078246467006
STARLINK-2452
1 69902U 98065A   24219.50000000 -.00022620  00000-0  13156-2 0  1004
2 69902  53.0000 261.0000 0000000   0.0000  39.2400 15.12078246308348
STARLINK-2453
1 64619U 98065A   24219.50000000 -.00022620  00000-0  13156-2 0  1002
2 64619  53.0000 261.0000 0000000   0.0000  53.6400 15.12078246297567
STARLINK-2454
1 58193U 98065A   24219.50000000 -.00022620  00000-0  13156-2 0  1004
2 58193  53.0000 261.0000 0000000   0.0000  68.0400 15.12078246167105
STARLINK-2455
1 13912U 98065A   24219.50000000 -.00022620  00000-0  13156-2 0  1002
2 13912  53.0000 261.0000 0000000   0.0000  82.4400 15.12078246178253
STARLINK-2456
1 57959U 98065A   24219.50000000 -.00022620  00000-0  13156-2 0  1008
2 57959  53.0000 261.0000 0000000   0.0000  96.8400 15.12078246416663
STARLINK-2457
1 36176U 98065A   24219.50000000 -.00022620  00000-0  13156-2 0  1002
2 36176  53.0000 261.0000 0000000   0.0000 111.2400 15.12078246660586
STARLINK-2458
1 20747U 98065A   24219.50000000 -.00022620  00000-0  13156-2 0  1006
2 20747  53.0000 261.0000 0000000   0.0000 125.6400 15.12078246851161
STARLINK-2459
1 55825U 98065A   24219.50000000 -.00022620  00000-0  13156-2 0  1004
2 55825  53.0000 261.0000 0000000   0.0000 140.0400 15.12078246790823
STARLINK-2460
1 85911U 98065A   24219.50000000 -.00022620  00000-0  13156-2 0  1006
2 85911  53.0000 261.0000 0000000   0.0000 154.4400 15.12078246892738
STARLINK-2461
1 78530U 98065A   24219.50000000 -.00022620  00000-0  13156-2 0  1008
2 78530  53.0000 261.0000 0000000   0.0000 168.8400 15.12078246871081
STARLINK-2462
1 92808U 98065A   24219.50000000 -.00022620  00000-0  13156-2 0  1002
2 92808  53.0000 261.0000 0000000   0.0000 183.2400 15.12078246683122
STARLINK-2463
1 49492U 98065A   24219.50000000 -.00022620  00000-0  13156-2 0  1002
2 49492  53.0000 261.0000 0000000   0.0000 197.6400 15.12078246626560
STARLINK-2464
1 38090U 98065A   24219.50000000 -.00022620  00000-0  13156-2 0  1007
2 38090  53.0000 261.0000 0000000   0.0000 212.0400 15.12078246576334
STARLINK-2465
1 78255U 98065A   24219.50000000 -.00022620  00000-0  13156-2 0  1007
2 78255  53.0000 261.0000 0000000   0.0000 226.4400 15.12078246372067
STARLINK-2466
1 13420U 98065A   24219.50000000 -.00022620  00000-0  13156-2 0  1005
2 13420  53.0000 261.0000 0000000   0.0000 240.8400 15.12078246585905
STARLINK-2467
1 93812U 98065A   24219.50000000 -.00022620  00000-0  13156-2 0  1006
2 93812  53.0000 261.0000 0000000   0.0000 255.2400 15.12078246914843
STARLINK-2468
1 87604U 98065A   24219.50000000 -.00022620  00000-0  13156-2 0  1001
2 87604  53.0000 261.0000 0000000   0.0000 269.6400 15.12078246165057
STARLINK-2469
1 55674U 98065A   24219.50000000 -.00022620  00000-0  13156-2 0  1003
2 55674  53.0000 261.0000 0000000   0.0000 284.0400 15.12078246519807
STARLINK-2470
1 62796U 98065A   24219.50000000 -.00022620  00000-0  13156-2 0  1005
2 62796  53.0000 261.0000 0000000   0.0000 298.4400 15.12078246574208
STARLINK-2471
1 68445U 98065A   24219.50000000 -.00022620  00000-0  13156-2 0  1001
2 68445  53.0000 261.0000 0000000   0.0000 312.8400 15.12078246537935
STARLINK-2472
1 58600U 98065A   24219.50000000 -.00022620  00000-0  13156-2 0  1001
2 58600  53.0000 261.0000 0000000   0.0000 327.2400 15.12078246651228
STARLINK-2473
1 65441U 98065A   24219.50000000 -.00022620  00000-0  13156-2 0  1000
2 65441  53.0000 261.0000 0000000   0.0000 341.6400 15.12078246481314
STARLINK-2474
1 76341U 98065A   24219.50000000 -.00022620  00000-0  13156-2 0  1003
2 76341  53.0000 261.0000 0000000   0.0000 356.0400 15.12078246666133
STARLINK-2475
1 60625U 98065A   24219.50000000 -.00022620  00000-0  13156-2 0  1000
2 60625  53.0000 265.5000 0000000   0.0000  10.6200 15.12078246232971
STARLINK-2476
1 89880U 98065A   24219.50000000 -.00022620  00000-0  13156-2 0  1008
2 89880  53.0000 265.5000 0000000   0.0000  25.0200 15.12078246179001
STARLINK-2477
1 46619U 98065A   24219.50000000 -.00022620  00000-0  13156-2 0  1008
2 46619  53.0000 265.5000 0000000   0.0000  39.4200 15.12078246449072
STARLINK-2478
1 69369U 98065A   24219.50000000 -.00022620  00000-0  13156-2 0  1003
2 69369  53.0000 265.5000 0000000   0.0000  53.8200 15.12078246381515
STARLINK-2479
1 42929U 98065A   24219.50000000 -.00022620  00000-0  13156-2 0  1006
2 42929  53.0000 265.5000 0000000   0.0000  68.2200 15.12078246971834
STARLINK-2480
1 72772U 98065A   24219.50000000 -.00022620  00000-0  13156-2 0  1006
2 72772  53.0000 265.5000 0000000   0.0000  82.6200 15.12078246161322
STARLINK-2481
1 12603U 98065A   24219.50000000 -.00022620  00000-0  13156-2 0  1008
2 12603  53.0000 265.5000 0000000   0.0000  97.0200 15.12078246226910
STARLINK-2482
1 92377U 98065A   24219.50000000 -.00022620  00000-0  13156-2 0  1007
2 92377  53.0000 265.5000 0000000   0.0000 111.4200 15.12078246531290
STARLINK-2483
1 65417U 98065A   24219.50000000 -.00022620  00000-0  13156-2 0  1008
2 65417  53.0000 265.5000 0000000   0.0000 125.8200 15.12078246429948
STARLINK-2484
1 95673U 98065A   24219.50000000 -.00022620  00000-0  13156-2 0  1007
2 95673  53.0000 265.5000 0000000   0.0000 140.2200 15.12078246115955
STARLINK-2485
1 47106U 98065A   24219.50000000 -.00022620  00000-0  13156-2 0  1006
2 47106  53.0000 265.5000 0000000   0.0000 154.6200 15.12078246646187
STARLINK-2486
1 10276U 98065A   24219.50000000 -.00022620  00000-0  13156-2 0  1005
2 10276  53.0000 265.5000 0000000   0.0000 169.0200 15.12078246924317
STARLINK-2487
1 11332U 98065A   24219.50000000 -.00022620  00000-0  13156-2 0  1006
2 11332  53.0000 265.5000 0000000   0.0000 183.4200 15.12078246135463
STARLINK-2488
1 30345U 98065A   24219.50000000 -.00022620  00000-0  13156-2 0  1008
2 30345  53.0000 265.5000 0000000   0.0000 197.8200 15.12078246611526
STARLINK-2489
1 80310U 98065A   24219.50000000 -.00022620  00000-0  13156-2 0  1003
2 80310  53.0000 265.5000 0000000   0.0000 212.2200 15.12078246240831
STARLINK-2490
1 71152U 98065A   24219.50000000 -.00022620  00000-0  13156-2 0  1006
2 71152  53.0000 265.5000 0000000   0.0000 226.6200 15.12078246484585
STARLINK-2491
1 86165U 98065A   24219.50000000 -.00022620  00000-0  13156-2 0  1004
2 86165  53.0000 265.5000 0000000   0.0000 241.0200 15.12078246191131
STARLINK-2492
1 54779U 98065A   24219.50000000 -.00022620  00000-0  13156-2 0  1001
2 54779  53.0000 265.5000 0000000   0.0000 255.4200 15.12078246213391
STARLINK-2493
1 94806U 98065A   24219.50000000 -.00022620  00000-0  13156-2 0  1003
2 94806  53.0000 265.5000 0000000   0.0000 269.8200 15.12078246199068
STARLINK-2494
1 39539U 98065A   24219.50000000 -.00022620  00000-0  13156-2 0  1004
2 39539  53.0000 265.5000 0000000   0.0000 284.2200 15.12078246230896
STARLINK-2495
1 49530U 98065A   24219.50000000 -.00022620  00000-0  13156-2 0  1003
2 49530  53.0000 265.5000 0000000   0.0000 298.6200 15.12078246313965
STARLINK-2496
1 27443U 98065A   24219.50000000 -.00022620  00000-0  13156-2 0  1002
2 27443  53.0000 265.5000 0000000   0.0000 313.0200 15.12078246747970
STARLINK-2497
1 59957U 98065A   24219.50000000 -.00022620  00000-0  13156-2 0  1007
2 59957  53.0000 265.5000 0000000   0.0000 327.4200 15.12078246743112
STARLINK-2498
1 84407U 98065A   24219.50000000 -.00022620  00000-0  13156-2 0  1008
2 84407  53.0000 265.5000 0000000   0.0000 341.8200 15.12078246315588
STARLINK-2499
1 46226U 98065A   24219.50000000 -.00022620  00000-0  13156-2 0  1001
2 46226  53.0000 265.5000 0000000   0.0000 356.2200 15.12078246476937
STARLINK-2500
1 46993U 98065A   24219.50000000 -.00022620  00000-0  13156-2 0  1001
2 46993  53.0000 270.0000 0000000   0.0000  10.8000 15.12078246231794
STARLINK-2501
1 11423U 98065A   24219.50000000 -.00022620  00000-0  13156-2 0  1004
2 11423  53.0000 270.0000 0000000   0.0000  25.2000 15.12078246247112
STARLINK-2502
1 48538U 98065A   24219.50000000 -.00022620  00000-0  13156-2 0  1000
2 48538  53.0000 270.0000 0000000   0.0000  39.6000 15.12078246555023
STARLINK-2503
1 70418U 98065A   24219.50000000 -.00022620  00000-0  13156-2 0  1003
2 70418  53.0000 270.0000 0000000   0.0000  54.0000 15.12078246907291
STARLINK-2504
1 45451U 98065A   24219.50000000 -.00022620  00000-0  13156-2 0  1003
2 45451  53.0000 270.0000 0000000   0.0000  68.4000 15.12078246893654
STARLINK-2505
1 12397U 98065A   24219.50000000 -.00022620  00000-0  13156-2 0  1004
2 12397  53.0000 270.0000 0000000   0.0000  82.8000 15.12078246409742
STARLINK-2506
1 60139U 98065A   24219.50000000 -.00022620  00000-0  13156-2 0  1001
2 60139  53.0000 270.0000 0000000   0.0000  97.2000 15.12078246894221
STARLINK-2507
1 98641U 98065A   24219.50000000 -.00022620  00000-0  13156-2 0  1002
2 98641  53.0000 270.0000 0000000   0.0000 111.6000 15.12078246282247
STARLINK-2508
1 96812U 98065A   24219.50000000 -.00022620  00000-0  13156-2 0  1001
2 96812  53.0000 270.0000 0000000   0.0000 126.0000 15.12078246206542
STARLINK-2509
1 34073U 98065A   24219.50000000 -.00022620  00000-0  13156-2 0  1002
2 34073  53.0000 270.0000 0000000   0.0000 140.4000 15.12078246349877
STARLINK-2510
1 74628U 98065A   24219.50000000 -.00022620  00000-0  13156-2 0  1006
2 74628  53.0000 270.0000 0000000   0.0000 154.8000 15.12078246469801
STARLINK-2511
1 50137U 98065A   24219.50000000 -.00022620  00000-0  13156-2 0  1008
2 50137  53.0000 270.0000 0000000   0.0000 169.2000 15.12078246360528
STARLINK-2512
1 69718U 98065A   24219.50000000 -.00022620  00000-0  13156-2 0  1002
2 69718  53.0000 270.0000 0000000   0.0000 183.6000 15.12078246185020
STARLINK-2513
1 16782U 98065A   24219.50000000 -.00022620  00000-0  13156-2 0  1007
2 16782  53.0000 270.0000 0000000   0.0000 198.0000 15.12078246786696
STARLINK-2514
1 92153U 98065A   24219.50000000 -.00022620  00000-0  13156-2 0  1002
2 92153  53.0000 270.0000 0000000   0.0000 212.4000 15.12078246708983
STARLINK-2515
1 77742U 98065A   24219.50000000 -.00022620  00000-0  13156-2 0  1008
2 77742  53.0000 270.0000 0000000   0.0000 226.8000 15.12078246434692
STARLINK-2516
1 29044U 98065A   24219.50000000 -.00022620  00000-0  13156-2 0  1006
2 29044  53.0000 270.0000 0000000   0.0000 241.2000 15.12078246702418
STARLINK-2517
1 56756U 98065A   24219.50000000 -.00022620  00000-0  13156-2 0  1002
2 56756  53.0000 270.0000 0000000   0.0000 255.6000 15.12078246779665
STARLINK-2518
1 91135U 98065A   24219.50000000 -.00022620  00000-0  13156-2 0  1005
2 91135  53.0000 270.0000 0000000   0.0000 270.0000 15.12078246529288
STARLINK-2519
1 26837U 98065A   24219.50000000 -.00022620  00000-0  13156-2 0  1007
2 26837  53.0000 270.0000 0000000   0.0000 284.4000 15.12078246871346
STARLINK-2520
1 90903U 98065A   24219.50000000 -.00022620  00000-0  13156-2 0  1008
2 90903  53.0000 270.0000 0000000   0.0000 298.8000 15.12078246294985
STARLINK-2521
1 14162U 98065A   24219.50000000 -.00022620  00000-0  13156-2 0  1002
2 14162  53.0000 270.0000 0000000   0.0000 313.2000 15.12078246421418
STARLINK-2522
1 55869U 98065A   24219.50000000 -.00022620  00000-0  13156-2 0  1000
2 55869  53.0000 270.0000 0000000   0.0000 327.6000 15.12078246127104
STARLINK-2523
1 44903U 98065A   24219.50000000 -.00022620  00000-0  13156-2 0  1007
2 44903  53.0000 270.0000 0000000   0.0000 342.0000 15.12078246200105
STARLINK-2524
1 67131U 98065A   24219.50000000 -.00022620  00000-0  13156-2 0  1000
2 67131  53.0000 270.0000 0000000   0.0000 356.4000 15.12078246464295
STARLINK-2525
1 45970U 98065A   24219.50000000 -.00022620  00000-0  13156-2 0  1005
2 45970  53.0000 274.5000 0000000   0.0000  10.9800 15.12078246387373
STARLINK-2526
1 44983U 98065A   24219.50000000 -.00022620  00000-0  13156-2 0  1008
2 44983  53.0000 274.5000 0000000   0.0000  25.3800 15.12078246846355
STARLINK-2527
1 31915U 98065A   24219.50000000 -.00022620  00000-0  13156-2 0  1001
2 31915  53.0000 274.5000 0000000   0.0000  39.7800 15.12078246321185
STARLINK-2528
1 96701U 98065A   24219.50000000 -.00022620  00000-0  13156-2 0  1004
2 96701  53.0000 274.5000 0000000   0.0000  54.1800 15.12078246206804
STARLINK-2529
1 91943U 98065A   24219.50000000 -.00022620  00000-0  13156-2 0  1007
2 91943  53.0000 274.5000 0000000   0.0000  68.5800 15.12078246605822
STARLINK-2530
1 75967U 98065A   24219.50000000 -.00022620  00000-0  13156-2 0  1001
2 75967  53.0000 274.5000 0000000   0.0000  82.9800 15.12078246848792
STARLINK-2531
1 78329U 98065A   24219.50000000 -.00022620  00000-0  13156-2 0  1008
2 78329  53.0000 274.5000 0000000   0.0000  97.3800 15.12078246494715
STARLINK-2532
1 60382U 98065A   24219.50000000 -.00022620  00000-0  13156-2 0  1002
2 60382  53.0000 274.5000 0000000   0.0000 111.7800 15.12078246695372
STARLINK-2533
1 73542U 98065A   24219.50000000 -.00022620  00000-0  13156-2 0  1005
2 73542  53.0000 274.5000 0000000   0.0000 126.1800 15.12078246682595
STARLINK-2534
1 87205U 98065A   24219.50000000 -.00022620  00000-0  13156-2 0  1002
2 87205  53.0000 274.5000 0000000   0.0000 140.5800 15.12078246641910
STARLINK-2535
1 76426U 98065A   24219.50000000 -.00022620  00000-0  13156-2 0  1001
2 76426  53.0000 274.5000 0000000   0.0000 154.9800 15.12078246797283
STARLINK-2536
1 13719U 98065A   24219.50000000 -.00022620  00000-0  13156-2 0  1003
2 13719  53.0000 274.5000 0000000   0.0000 169.3800 15.12078246420232
STARLINK-2537
1 21377U 98065A   24219.50000000 -.00022620  00000-0  13156-2 0  1005
2 21377  53.0000 274.5000 0000000   0.0000 183.7800 15.12078246348475
STARLINK-2538
1 20079U 98065A   24219.50000000 -.00022620  00000-0  13156-2 0  1006
2 20079  53.0000 274.5000 0000000   0.0000 198.1800 15.12078246987238
STARLINK-2539
1 34801U 98065A   24219.50000000 -.00022620  00000-0  13156-2 0  1001
2 34801  53.0000 274.5000 0000000   0.0000 212.5800 15.12078246992590
STARLINK-2540
1 75509U 98065A   24219.50000000 -.00022620  00000-0  13156-2 0  1002
2 75509  53.0000 274.5000 0000000   0.0000 226.9800 15.12078246877048
STARLINK-2541
1 42831U 98065A   24219.50000000 -.00022620  00000-0  13156-2 0  1002
2 42831  53.0000 274.5000 0000000   0.0000 241.3800 15.12078246541858
STARLINK-2542
1 16599U 98065A   24219.50000000 -.00022620  00000-0  13156-2 0  1002
2 16599  53.0000 274.5000 0000000   0.0000 255.7800 15.12078246631257
STARLINK-2543
1 52346U 98065A   24219.50000000 -.00022620  00000-0  13156-2 0  1003
2 52346  53.0000 274.5000 0000000   0.0000 270.1800 15.12078246710108
STARLINK-2544
1 31024U 98065A   24219.50000000 -.00022620  00000-0  13156-2 0  1003
2 31024  53.0000 274.5000 0000000   0.0000 284.5800 15.12078246421037
STARLINK-2545
1 64703U 98065A   24219.50000000 -.00022620  00000-0  13156-2 0  1002
2 64703  53.0000 274.5000 0000000   0.0000 298.9800 15.12078246557397
STARLINK-2546
1 92385U 98065A   24219.50000000 -.00022620  00000-0  13156-2 0  1004
2 92385  53.0000 274.5000 0000000   0.0000 313.3800 15.12078246904143
STARLINK-2547
1 95798U 98065A   24219.50000000 -.00022620  00000-0  13156-2 0  1008
2 95798  53.0000 274.5000 0000000   0.0000 327.7800 15.12078246325867
STARLINK-2548
1 13664U 98065A   24219.50000000 -.00022620  00000-0  13156-2 0  1002
2 13664  53.0000 274.5000 0000000   0.0000 342.1800 15.12078246685767
STARLINK-2549
1 51352U 98065A   24219.50000000 -.00022620  00000-0  13156-2 0  1007
2 51352  53.0000 274.5000 0000000   0.0000 356.5800 15.12078246173140
STARLINK-2550
1 65826U 98065A   24219.50000000 -.00022620  00000-0  13156-2 0  1002
2 65826  53.0000 279.0000 0000000   0.0000  11.1600 15.12078246503940
STARLINK-2551
1 20926U 98065A   24219.50000000 -.00022620  00000-0  13156-2 0  1001
2 20926  53.0000 279.0000 0000000   0.0000  25.5600 15.12078246557238
STARLINK-2552
1 11660U 98065A   24219.50000000 -.00022620  00000-0  13156-2 0  1005
2 11660  53.0000 279.0000 0000000   0.0000  39.9600 15.12078246388626
STARLINK-2553
1 66748U 98065A   24219.50000000 -.00022620  00000-0  13156-2 0  1001
2 66748  53.0000 279.0000 0000000   0.0000  54.3600 15.12078246495086
STARLINK-2554
1 37208U 98065A   24219.50000000 -.00022620  00000-0  13156-2 0  1005
2 37208  53.0000 279.0000 0000000   0.0000  68.7600 15.12078246156176
STARLINK-2555
1 84291U 98065A   24219.50000000 -.00022620  00000-0  13156-2 0  1004
2 84291  53.0000 279.0000 0000000   0.0000  83.1600 15.12078246626147
STARLINK-2556
1 12544U 98065A   24219.50000000 -.00022620  00000-0  13156-2 0  1006
2 12544  53.0000 279.0000 0000000   0.0000  97.5600 15.12078246989324
STARLINK-2557
1 30692U 98065A   24219.50000000 -.00022620  00000-0  13156-2 0  1001
2 30692  53.0000 279.0000 0000000   0.0000 111.9600 15.12078246287901
STARLINK-2558
1 62076U 98065A   24219.50000000 -.00022620  00000-0  13156-2 0  1004
2 62076  53.0000 279.0000 0000000   0.0000 126.3600 15.12078246901106
STARLINK-2559
1 58951U 98065A   24219.50000000 -.00022620  00000-0  13156-2 0  1001
2 58951  53.0000 279.0000 0000000   0.0000 140.7600 15.12078246624375
STARLINK-2560
1 70651U 98065A   24219.50000000 -.00022620  00000-0  13156-2 0  1008
2 70651  53.0000 279.0000 0000000   0.0000 155.1600 15.12078246465846
STARLINK-2561
1 48535U 98065A   24219.50000000 -.00022620  00000-0  13156-2 0  1006
2 48535  53.0000 279.0000 0000000   0.0000 169.5600 15.12078246430874
STARLINK-2562
1 66206U 98065A   24219.50000000 -.00022620  00000-0  13156-2 0  1008
2 66206  53.0000 279.0000 0000000   0.0000 183.9600 15.12078246664241
STARLINK-2563
1 73949U 98065A   24219.50000000 -.00022620  00000-0  13156-2 0  1005
2 73949  53.0000 279.0000 0000000   0.0000 198.3600 15.12078246841876
STARLINK-2564
1 71991U 98065A   24219.50000000 -.00022620  00000-0  13156-2 0  1003
2 71991  53.0000 279.0000 0000000   0.0000 212.7600 15.12078246979218
STARLINK-2565
1 88175U 98065A   24219.50000000 -.00022620  00000-0  13156-2 0  1002
2 88175  53.0000 279.0000 0000000   0.0000 227.1600 15.12078246249930
STARLINK-2566
1 86576U 98065A   24219.50000000 -.00022620  00000-0  13156-2 0  1007
2 86576  53.0000 279.0000 0000000   0.0000 241.5600 15.12078246213712
STARLINK-2567
1 84896U 98065A   24219.50000000 -.00022620  00000-0  13156-2 0  1007
2 84896  53.0000 279.0000 0000000   0.0000 255.9600 15.12078246678801
STARLINK-2568
1 41958U 98065A   24219.50000000 -.00022620  00000-0  13156-2 0  1005
2 41958  53.0000 279.0000 0000000   0.0000 270.3600 15.12078246502114
STARLINK-2569
1 86459U 98065A   24219.50000000 -.00022620  00000-0  13156-2 0  1007
2 86459  53.0000 279.0000 0000000   0.0000 284.7600 15.12078246657677
STARLINK-2570
1 54451U 98065A   24219.50000000 -.00022620  00000-0  13156-2 0  1008
2 54451  53.0000 279.0000 0000000   0.0000 299.1600 15.12078246331823
STARLINK-2571
1 31479U 98065A   24219.50000000 -.00022620  00000-0  13156-2 0  1005
2 31479  53.0000 279.0000 0000000   0.0000 313.5600 15.12078246482118
STARLINK-2572
1 72716U 98065A   24219.50000000 -.00022620  00000-0  13156-2 0  1007
2 72716  53.0000 279.0000 0000000   0.0000 327.9600 15.12078246312752
STARLINK-2573
1 16240U 98065A   24219.50000000 -.00022620  00000-0  13156-2 0  1006
2 16240  53.0000 279.0000 0000000   0.0000 342.3600 15.12078246671133
STARLINK-2574
1 81387U 98065A   24219.50000000 -.00022620  00000-0  13156-2 0  1008
2 81387  53.0000 279.0000 0000000   0.0000 356.7600 15.12078246680090
STARLINK-2575
1 55075U 98065A   24219.50000000 -.00022620  00000-0  13156-2 0  1005
2 55075  53.0000 283.5000 0000000   0.0000  11.3400 15.12078246145191
STARLINK-2576
1 85134U 98065A   24219.50000000 -.00022620  00000-0  13156-2 0  1006
2 85134  53.0000 283.5000 0000000   0.0000  25.7400 15.12078246657280
STARLINK-2577
1 26142U 98065A   24219.50000000 -.00022620  00000-0  13156-2 0  1003
2 26142  53.0000 283.5000 0000000   0.0000  40.1400 15.12078246180972
STARLINK-2578
1 97259U 98065A   24219.50000000 -.00022620  00000-0  13156-2 0  1001
2 97259  53.0000 283.5000 0000000   0.0000  54.5400 15.12078246192973
STARLINK-2579
1 19474U 98065A   24219.50000000 -.00022620  00000-0  13156-2 0  1000
2 19474  53.0000 283.5000 0000000   0.0000  68.9400 15.12078246136811
STARLINK-2580
1 67182U 98065A   24219.50000000 -.00022620  00000-0  13156-2 0  1006
2 67182  53.0000 283.5000 0000000   0.0000  83.3400 15.12078246808294
STARLINK-2581
1 35722U 98065A   24219.50000000 -.00022620  00000-0  13156-2 0  1001
2 35722  53.0000 283.5000 0000000   0.0000  97.7400 15.12078246935734
STARLINK-2582
1 98004U 98065A   24219.50000000 -.00022620  00000-0  13156-2 0  1007
2 98004  53.0000 283.5000 0000000   0.0000 112.1400 15.12078246971998
STARLINK-2583
1 51740U 98065A   24219.50000000 -.00022620  00000-0  13156-2 0  1004
2 51740  53.0000 283.5000 0000000   0.0000 126.5400 15.12078246286544
STARLINK-2584
1 92812U 98065A   24219.50000000 -.00022620  00000-0  13156-2 0  1005
2 92812  53.0000 283.5000 0000000   0.0000 140.9400 15.12078246343540
STARLINK-2585
1 45514U 98065A   24219.50000000 -.00022620  00000-0  13156-2 0  1003
2 45514  53.0000 283.5000 0000000   0.0000 155.3400 15.12078246119836
STARLINK-2586
1 89359U 98065A   24219.50000000 -.00022620  00000-0  13156-2 0  1008
2 89359  53.0000 283.5000 0000000   0.0000 169.7400 15.12078246410592
STARLINK-2587
1 88089U 98065A   24219.50000000 -.00022620  00000-0  13156-2 0  1003
2 88089  53.0000 283.5000 0000000   0.0000 184.1400 15.12078246236025
STARLINK-2588
1 40712U 98065A   24219.50000000 -.00022620  00000-0  13156-2 0  1006
2 40712  53.0000 283.5000 0000000   0.0000 198.5400 15.12078246635371
STARLINK-2589
1 96826U 98065A   24219.50000000 -.00022620  00000-0  13156-2 0  1007
2 96826  53.0000 283.5000 0000000   0.0000 212.9400 15.12078246304046
STARLINK-2590
1 96519U 98065A   24219.50000000 -.00022620  00000-0  13156-2 0  1003
2 96519  53.0000 283.5000 0000000   0.0000 227.3400 15.12078246781584
STARLINK-2591
1 41132U 98065A   24219.50000000 -.00022620  00000-0  13156-2 0  1005
2 41132  53.0000 283.5000 0000000   0.0000 241.7400 15.12078246223693
STARLINK-2592
1 84649U 98065A   24219.50000000 -.00022620  00000-0  13156-2 0  1004
2 84649  53.0000 283.5000 0000000   0.0000 256.1400 15.12078246581685
STARLINK-2593
1 90980U 98065A   24219.50000000 -.00022620  00000-0  13156-2 0  1001
2 90980  53.0000 283.5000 0000000   0.0000 270.5400 15.12078246369672
STARLINK-2594
1 21676U 98065A   24219.50000000 -.00022620  00000-0  13156-2 0  1000
2 21676  53.0000 283.5000 0000000   0.0000 284.9400 15.12078246345626
STARLINK-2595
1 89453U 98065A   24219.50000000 -.00022620  00000-0  13156-2 0  1006
2 89453  53.0000 283.5000 0000000   0.0000 299.3400 15.12078246300635
STARLINK-2596
1 14740U 98065A   24219.50000000 -.00022620  00000-0  13156-2 0  1005
2 14740  53.0000 283.5000 0000000   0.0000 313.7400 15.12078246573227
STARLINK-2597
1 19859U 98065A   24219.50000000 -.00022620  00000-0  13156-2 0  1000
2 19859  53.0000 283.5000 0000000   0.0000 328.1400 15.12078246668150
STARLINK-2598
1 22997U 98065A   24219.50000000 -.00022620  00000-0  13156-2 0  1000
2 22997  53.0000 283.5000 0000000   0.0000 342.5400 15.12078246654045
STARLINK-2599
1 78459U 98065A   24219.50000000 -.00022620  00000-0  13156-2 0  1008
2 78459  53.0000 283.5000 0000000   0.0000 356.9400 15.12078246894244
STARLINK-2600
1 70009U 98065A   24219.50000000 -.00022620  00000-0  13156-2 0  1007
2 70009  53.0000 288.0000 0000000   0.0000  11.5200 15.12078246109982
STARLINK-2601
1 71290U 98065A   24219.50000000 -.00022620  00000-0  13156-2 0  1003
2 71290  53.0000 288.0000 0000000   0.0000  25.9200 15.12078246647524
STARLINK-2602
1 57027U 98065A   24219.50000000 -.00022620  00000-0  13156-2 0  1006
2 57027  53.0000 288.0000 0000000   0.0000  40.3200 15.12078246105544
STARLINK-2603
1 75772U 98065A   24219.50000000 -.00022620  00000-0  13156-2 0  1002
2 75772  53.0000 288.0000 0000000   0.0000  54.7200 15.12078246170622
STARLINK-2604
1 72315U 98065A   24219.50000000 -.00022620  00000-0  13156-2 0  1005
2 72315  53.0000 288.0000 0000000   0.0000  69.1200 15.12078246438525
STARLINK-2605
1 80220U 98065A   24219.50000000 -.00022620  00000-0  13156-2 0  1003
2 80220  53.0000 288.0000 0000000   0.0000  83.5200 15.12078246254458
STARLINK-2606
1 79629U 98065A   24219.50000000 -.00022620  00000-0  13156-2 0  1004
2 79629  53.0000 288.0000 0000000   0.0000  97.9200 15.12078246760431
STARLINK-2607
1 82619U 98065A   24219.50000000 -.00022620  00000-0  13156-2 0  1002
2 82619  53.0000 288.0000 0000000   0.0000 112.3200 15.12078246670290
STARLINK-2608
1 86936U 98065A   24219.50000000 -.00022620  00000-0  13156-2 0  1008
2 86936  53.0000 288.0000 0000000   0.0000 126.7200 15.12078246380985
STARLINK-2609
1 70836U 98065A   24219.50000000 -.00022620  00000-0  13156-2 0  1008
2 70836  53.0000 288.0000 0000000   0.0000 141.1200 15.12078246273238
STARLINK-2610
1 48843U 98065A   24219.50000000 -.00022620  00000-0  13156-2 0  1000
2 48843  53.0000 288.0000 0000000   0.0000 155.5200 15.12078246393907
STARLINK-2611
1 19399U 98065A   24219.50000000 -.00022620  00000-0  13156-2 0  1006
2 19399  53.0000 288.0000 0000000   0.0000 169.9200 15.12078246370385
STARLINK-2612
1 47517U 98065A   24219.50000000 -.00022620  00000-0  13156-2 0  1004
2 47517  53.0000 288.0000 0000000   0.0000 184.3200 15.12078246893451
STARLINK-2613
1 92517U 98065A   24219.50000000 -.00022620  00000-0  13156-2 0  1006
2 92517  53.0000 288.0000 0000000   0.0000 198.7200 15.12078246858192
STARLINK-2614
1 72474U 98065A   24219.50000000 -.00022620  00000-0  13156-2 0  1007
2 72474  53.0000 288.0000 0000000   0.0000 213.1200 15.12078246598567
STARLINK-2615
1 26103U 98065A   24219.50000000 -.00022620  00000-0  13156-2 0  1003
2 26103  53.0000 288.0000 0000000   0.0000 227.5200 15.12078246516343
STARLINK-2616
1 24074U 98065A   24219.50000000 -.00022620  00000-0  13156-2 0  1003
2 24074  53.0000 288.0000 0000000   0.0000 241.9200 15.12078246504627
STARLINK-2617
1 78891U 98065A   24219.50000000 -.00022620  00000-0  13156-2 0  1006
2 78891  53.0000 288.0000 0000000   0.0000 256.3200 15.12078246611503
STARLINK-2618
1 16854U 98065A   24219.50000000 -.00022620  00000-0  13156-2 0  1008
2 16854  53.0000 288.0000 0000000   0.0000 270.7200 15.12078246855074
STARLINK-2619
1 24435U 98065A   24219.50000000 -.00022620  00000-0  13156-2 0  1005
2 24435  53.0000 288.0000 0000000   0.0000 285.1200 15.12078246162977
STARLINK-2620
1 91494U 98065A   24219.50000000 -.00022620  00000-0  13156-2 0  1003
2 91494  53.0000 288.0000 0000000   0.0000 299.5200 15.12078246684466
STARLINK-2621
1 40333U 98065A   24219.50000000 -.00022620  00000-0  13156-2 0  1008
2 40333  53.0000 288.0000 0000000   0.0000 313.9200 15.12078246603903
STARLINK-2622
1 97572U 98065A   24219.50000000 -.00022620  00000-0  13156-2 0  1005
2 97572  53.0000 288.0000 0000000   0.0000 328.3200 15.12078246435051
STARLINK-2623
1 10803U 98065A   24219.50000000 -.00022620  00000-0  13156-2 0  1003
2 10803  53.0000 288.0000 0000000   0.0000 342.7200 15.12078246236415
STARLINK-2624
1 55829U 98065A   24219.50000000 -.00022620  00000-0  13156-2 0  1004
2 55829  53.0000 288.0000 0000000   0.0000 357.1200 15.12078246360328
STARLINK-2625
1 69041U 98065A   24219.50000000 -.00022620  00000-0  13156-2 0  1005
2 69041  53.0000 292.5000 0000000   0.0000  11.7000 15.12078246353904
STARLINK-2626
1 86074U 98065A   24219.50000000 -.00022620  00000-0  13156-2 0  1008
2 86074  53.0000 292.5000 0000000   0.0000  26.1000 15.12078246257862
STARLINK-2627
1 46888U 98065A   24219.50000000 -.00022620  00000-0  13156-2 0  1002
2 46888  53.0000 292.5000 0000000   0.0000  40.5000 15.12078246163452
STARLINK-2628
1 94136U 98065A   24219.50000000 -.00022620  00000-0  13156-2 0  1006
2 94136  53.0000 292.5000 0000000   0.0000  54.9000 15.12078246378044
STARLINK-2629
1 91232U 98065A   24219.50000000 -.00022620  00000-0  13156-2 0  1003
2 91232  53.0000 292.5000 0000000   0.0000  69.3000 15.12078246924664
STARLINK-2630
1 67044U 98065A   24219.50000000 -.00022620  00000-0  13156-2 0  1003
2 67044  53.0000 292.5000 0000000   0.0000  83.7000 15.12078246130083
STARLINK-2631
1 51217U 98065A   24219.50000000 -.00022620  00000-0  13156-2 0  1000
2 51217  53.0000 292.5000 0000000   0.0000  98.1000 15.12078246468656
STARLINK-2632
1 77938U 98065A   24219.50000000 -.00022620  00000-0  13156-2 0  1002
2 77938  53.0000 292.5000 0000000   0.0000 112.5000 15.12078246995815
STARLINK-2633
1 97441U 98065A   24219.50000000 -.00022620  00000-0  13156-2 0  1003
2 97441  53.0000 292.5000 0000000   0.0000 126.9000 15.12078246438871
STARLINK-2634
1 78344U 98065A   24219.50000000 -.00022620  00000-0  13156-2 0  1005
2 78344  53.0000 292.5000 0000000   0.0000 141.3000 15.12078246303857
STARLINK-2635
1 48466U 98065A   24219.50000000 -.00022620  00000-0  13156-2 0  1006
2 48466  53.0000 292.5000 0000000   0.0000 155.7000 15.12078246785052
STARLINK-2636
1 61674U 98065A   24219.50000000 -.00022620  00000-0  13156-2 0  1005
2 61674  53.0000 292.5000 0000000   0.0000 170.1000 15.12078246825745
STARLINK-2637
1 31365U 98065A   24219.50000000 -.00022620  00000-0  13156-2 0  1003
2 31365  53.0000 292.5000 0000000   0.0000 184.5000 15.12078246849791
STARLINK-2638
1 41465U 98065A   24219.50000000 -.00022620  00000-0  13156-2 0  1003
2 41465  53.0000 292.5000 0000000   0.0000 198.9000 15.12078246862242
STARLINK-2639
1 41037U 98065A   24219.50000000 -.00022620  00000-0  13156-2 0  1000
2 41037  53.0000 292.5000 0000000   0.0000 213.3000 15.12078246312192
STARLINK-2640
1 75757U 98065A   24219.50000000 -.00022620  00000-0  13156-2 0  1005
2 75757  53.0000 292.5000 0000000   0.0000 227.7000 15.12078246873264
STARLINK-2641
1 52290U 98065A   24219.50000000 -.00022620  00000-0  13156-2 0  1005
2 52290  53.0000 292.5000 0000000   0.0000 242.1000 15.12078246776423
STARLINK-2642
1 10677U 98065A   24219.50000000 -.00022620  00000-0  13156-2 0  1007
2 10677  53.0000 292.5000 0000000   0.0000 256.5000 15.12078246747514
STARLINK-2643
1 26687U 98065A   24219.50000000 -.00022620  00000-0  13156-2 0  1000
2 26687  53.0000 292.5000 0000000   0.0000 270.9000 15.12078246939983
STARLINK-2644
1 26643U 98065A   24219.50000000 -.00022620  00000-0  13156-2 0  1004
2 26643  53.0000 292.5000 0000000   0.0000 285.3000 15.12078246436305
STARLINK-2645
1 16890U 98065A   24219.50000000 -.00022620  00000-0  13156-2 0  1005
2 16890  53.0000 292.5000 0000000   0.0000 299.7000 15.12078246514056
STARLINK-2646
1 81553U 98065A   24219.50000000 -.00022620  00000-0  13156-2 0  1005
2 81553  53.0000 292.5000 0000000   0.0000 314.1000 15.12078246615758
STARLINK-2647
1 51764U 98065A   24219.50000000 -.00022620  00000-0  13156-2 0  1003
2 51764  53.0000 292.5000 0000000   0.0000 328.5000 15.12078246301528
STARLINK-2648
1 65520U 98065A   24219.50000000 -.00022620  00000-0  13156-2 0  1008
2 65520  53.0000 292.5000 0000000   0.0000 342.9000 15.12078246472188
STARLINK-2649
1 84440U 98065A   24219.50000000 -.00022620  00000-0  13156-2 0  1008
2 84440  53.0000 292.5000 0000000   0.0000 357.3000 15.12078246114763
STARLINK-2650
1 16529U 98065A   24219.50000000 -.00022620  00000-0  13156-2 0  1000
2 16529  53.0000 297.0000 0000000   0.0000  11.8800 15.12078246964412
STARLINK-2651
1 76699U 98065A   24219.50000000 -.00022620  00000-0  13156-2 0  1006
2 76699  53.0000 297.0000 0000000   0.0000  26.2800 15.12078246232052
STARLINK-2652
1 74879U 98065A   24219.50000000 -.00022620  00000-0  13156-2 0  1001
2 74879  53.0000 297.0000 0000000   0.0000  40.6800 15.12078246314352
STARLINK-2653
1 50815U 98065A   24219.50000000 -.00022620  00000-0  13156-2 0  1002
2 50815  53.0000 297.0000 0000000   0.0000  55.0800 15.12078246457592
STARLINK-2654
1 15678U 98065A   24219.50000000 -.00022620  00000-0  13156-2 0  1006
2 15678  53.0000 297.0000 0000000   0.0000  69.4800 15.12078246282128
STARLINK-2655
1 15042U 98065A   24219.50000000 -.00022620  00000-0  13156-2 0  1004
2 15042  53.0000 297.0000 0000000   0.0000  83.8800 15.12078246765555
STARLINK-2656
1 97434U 98065A   24219.50000000 -.00022620  00000-0  13156-2 0  1007
2 97434  53.0000 297.0000 0000000   0.0000  98.2800 15.12078246789141
STARLINK-2657
1 91465U 98065A   24219.50000000 -.00022620  00000-0  13156-2 0  1003
2 91465  53.0000 297.0000 0000000   0.0000 112.6800 15.12078246426664
STARLINK-2658
1 96262U 98065A   24219.50000000 -.00022620  00000-0  13156-2 0  1003
2 96262  53.0000 297.0000 0000000   0.0000 127.0800 15.12078246799151
STARLINK-2659
1 86605U 98065A   24219.50000000 -.00022620  00000-0  13156-2 0  1006
2 86605  53.0000 297.0000 0000000   0.0000 141.4800 15.12078246873124
STARLINK-2660
1 96332U 98065A   24219.50000000 -.00022620  00000-0  13156-2 0  1004
2 96332  53.0000 297.0000 0000000   0.0000 155.8800 15.12078246129412
STARLINK-2661
1 91043U 98065A   24219.50000000 -.00022620  00000-0  13156-2 0  1001
2 91043  53.0000 297.0000 0000000   0.0000 170.2800 15.12078246818205
STARLINK-2662
1 57797U 98065A   24219.50000000 -.00022620  00000-0  13156-2 0  1001
2 57797  53.0000 297.0000 0000000   0.0000 184.6800 15.12078246452297
STARLINK-2663
1 20140U 98065A   24219.50000000 -.00022620  00000-0  13156-2 0  1004
2 20140  53.0000 297.0000 0000000   0.0000 199.0800 15.12078246672557
STARLINK-2664
1 23323U 98065A   24219.50000000 -.00022620  00000-0  13156-2 0  1008
2 23323  53.0000 297.0000 0000000   0.0000 213.4800 15.12078246984847
STARLINK-2665
1 61331U 98065A   24219.50000000 -.00022620  00000-0  13156-2 0  1005
2 61331  53.0000 297.0000 0000000   0.0000 227.8800 15.12078246758098
STARLINK-2666
1 57005U 98065A   24219.50000000 -.00022620  00000-0  13156-2 0  1007
2 57005  53.0000 297.0000 0000000   0.0000 242.2800 15.12078246863898
STARLINK-2667
1 80439U 98065A   24219.50000000 -.00022620  00000-0  13156-2 0  1001
2 80439  53.0000 297.0000 0000000   0.0000 256.6800 15.12078246919237
STARLINK-2668
1 28018U 98065A   24219.50000000 -.00022620  00000-0  13156-2 0  1005
2 28018  53.0000 297.0000 0000000   0.0000 271.0800 15.12078246291162
STARLINK-2669
1 75195U 98065A   24219.50000000 -.00022620  00000-0  13156-2 0  1004
2 75195  53.0000 297.0000 0000000   0.0000 285.4800 15.12078246573681
STARLINK-2670
1 73069U 98065A   24219.50000000 -.00022620  00000-0  13156-2 0  1002
2 73069  53.0000 297.0000 0000000   0.0000 299.8800 15.12078246731396
STARLINK-2671
1 14693U 98065A   24219.50000000 -.00022620  00000-0  13156-2 0  1003
2 14693  53.0000 297.0000 0000000   0.0000 314.2800 15.12078246551894
STARLINK-2672
1 80141U 98065A   24219.50000000 -.00022620  00000-0  13156-2 0  1002
2 80141  53.0000 297.0000 0000000   0.0000 328.6800 15.12078246470955
STARLINK-2673
1 72041U 98065A   24219.50000000 -.00022620  00000-0  13156-2 0  1003
2 72041  53.0000 297.0000 0000000   0.0000 343.0800 15.12078246828127
STARLINK-2674
1 74010U 98065A   24219.50000000 -.00022620  00000-0  13156-2 0  1007
2 74010  53.0000 297.0000 0000000   0.0000 357.4800 15.12078246352403
STARLINK-2675
1 75185U 98065A   24219.50000000 -.00022620  00000-0  13156-2 0  1007
2 75185  53.0000 301.5000 0000000   0.0000  12.0600 15.12078246981938
STARLINK-2676
1 36224U 98065A   24219.50000000 -.00022620  00000-0  13156-2 0  1008
2 36224  53.0000 301.5000 0000000   0.0000  26.4600 15.12078246423224
STARLINK-2677
1 26637U 98065A   24219.50000000 -.00022620  00000-0  13156-2 0  1001
2 26637  53.0000 301.5000 0000000   0.0000  40.8600 15.12078246777394
STARLINK-2678
1 72866U 98065A   24219.50000000 -.00022620  00000-0  13156-2 0  1008
2 72866  53.0000 301.5000 0000000   0.0000  55.2600 15.12078246523394
STARLINK-2679
1 71184U 98065A   24219.50000000 -.00022620  00000-0  13156-2 0  1004
2 71184  53.0000 301.5000 0000000   0.0000  69.6600 15.12078246428770
STARLINK-2680
1 79204U 98065A   24219.50000000 -.00022620  00000-0  13156-2 0  1006
2 79204  53.0000 301.5000 0000000   0.0000  84.0600 15.12078246331608
STARLINK-2681
1 85586U 98065A   24219.50000000 -.00022620  00000-0  13156-2 0  1007
2 85586  53.0000 301.5000 0000000   0.0000  98.4600 15.12078246864577
STARLINK-2682
1 25374U 98065A   24219.50000000 -.00022620  00000-0  13156-2 0  1005
2 25374  53.0000 301.5000 0000000   0.0000 112.8600 15.12078246699792
STARLINK-2683
1 98154U 98065A   24219.50000000 -.00022620  00000-0  13156-2 0  1004
2 98154  53.0000 301.5000 0000000   0.0000 127.2600 15.12078246486072
STARLINK-2684
1 89549U 98065A   24219.50000000 -.00022620  00000-0  13156-2 0  1001
2 89549  53.0000 301.5000 0000000   0.0000 141.6600 15.12078246150101
STARLINK-2685
1 48673U 98065A   24219.50000000 -.00022620  00000-0  13156-2 0  1008
2 48673  53.0000 301.5000 0000000   0.0000 156.0600 15.12078246987668
STARLINK-2686
1 70021U 98065A   24219.50000000 -.00022620  00000-0  13156-2 0  1008
2 70021  53.0000 301.5000 0000000   0.0000 170.4600 15.12078246715915
STARLINK-2687
1 11238U 98065A   24219.50000000 -.00022620  00000-0  13156-2 0  1004
2 11238  53.0000 301.5000 0000000   0.0000 184.8600 15.12078246574081
STARLINK-2688
1 21204U 98065A   24219.50000000 -.00022620  00000-0  13156-2 0  1000
2 21204  53.0000 301.5000 0000000   0.0000 199.2600 15.12078246891218
STARLINK-2689
1 58294U 98065A   24219.50000000 -.00022620  00000-0  13156-2 0  1004
2 58294  53.0000 301.5000 0000000   0.0000 213.6600 15.12078246114691
STARLINK-2690
1 81247U 98065A   24219.50000000 -.00022620  00000-0  13156-2 0  1006
2 81247  53.0000 301.5000 0000000   0.0000 228.0600 15.12078246503838
STARLINK-2691
1 16933U 98065A   24219.50000000 -.00022620  00000-0  13156-2 0  1000
2 16933  53.0000 301.5000 0000000   0.0000 242.4600 15.12078246484667
STARLINK-2692
1 44021U 98065A   24219.50000000 -.00022620  00000-0  13156-2 0  1006
2 44021  53.0000 301.5000 0000000   0.0000 256.8600 15.12078246824007
STARLINK-2693
1 28676U 98065A   24219.50000000 -.00022620  00000-0  13156-2 0  1008
2 28676  53.0000 301.5000 0000000   0.0000 271.2600 15.12078246100405
STARLINK-2694
1 85562U 98065A   24219.50000000 -.00022620  00000-0  13156-2 0  1007
2 85562  53.0000 301.5000 0000000   0.0000 285.6600 15.12078246751328
STARLINK-2695
1 27523U 98065A   24219.50000000 -.00022620  00000-0  13156-2 0  1002
2 27523  53.0000 301.5000 0000000   0.0000 300.0600 15.12078246816965
STARLINK-2696
1 72272U 98065A   24219.50000000 -.00022620  00000-0  13156-2 0  1000
2 72272  53.0000 301.5000 0000000   0.0000 314.4600 15.12078246595890
STARLINK-2697
1 17713U 98065A   24219.50000000 -.00022620  00000-0  13156-2 0  1005
2 17713  53.0000 301.5000 0000000   0.0000 328.8600 15.12078246216861
STARLINK-2698
1 83088U 98065A   24219.50000000 -.00022620  00000-0  13156-2 0  1004
2 83088  53.0000 301.5000 0000000   0.0000 343.2600 15.12078246618822
STARLINK-2699
1 97218U 98065A   24219.50000000 -.00022620  00000-0  13156-2 0  1005
2 97218  53.0000 301.5000 0000000   0.0000 357.6600 15.12078246319918
STARLINK-2700
1 68661U 98065A   24219.50000000 -.00022620  00000-0  13156-2 0  1007
2 68661  53.0000 306.0000 0000000   0.0000  12.2400 15.12078246493110
STARLINK-2701
1 42838U 98065A   24219.50000000 -.00022620  00000-0  13156-2 0  1000
2 42838  53.0000 306.0000 0000000   0.0000  26.6400 15.12078246530115
STARLINK-2702
1 55376U 98065A   24219.50000000 -.00022620  00000-0  13156-2 0  1001
2 55376  53.0000 306.0000 0000000   0.0000  41.0400 15.12078246685423
STARLINK-2703
1 53727U 98065A   24219.50000000 -.00022620  00000-0  13156-2 0  1000
2 53727  53.0000 306.0000 0000000   0.0000  55.4400 15.12078246909113
STARLINK-2704
1 90747U 98065A   24219.50000000 -.00022620  00000-0  13156-2 0  1000
2 90747  53.0000 306.0000 0000000   0.0000  69.8400 15.12078246314358
STARLINK-2705
1 54375U 98065A   24219.50000000 -.00022620  00000-0  13156-2 0  1006
2 54375  53.0000 306.0000 0000000   0.0000  84.2400 15.12078246739390
STARLINK-2706
1 17954U 98065A   24219.50000000 -.00022620  00000-0  13156-2 0  1004
2 17954  53.0000 306.0000 0000000   0.0000  98.6400 15.12078246658614
STARLINK-2707
1 28516U 98065A   24219.50000000 -.00022620  00000-0  13156-2 0  1004
2 28516  53.0000 306.0000 0000000   0.0000 113.0400 15.12078246307700
STARLINK-2708
1 45131U 98065A   24219.50000000 -.00022620  00000-0  13156-2 0  1001
2 45131  53.0000 306.0000 0000000   0.0000 127.4400 15.12078246417264
STARLINK-2709
1 92066U 98065A   24219.50000000 -.00022620  00000-0  13156-2 0  1005
2 92066  53.0000 306.0000 0000000   0.0000 141.8400 15.12078246105160
STARLINK-2710
1 13342U 98065A   24219.50000000 -.00022620  00000-0  13156-2 0  1006
2 13342  53.0000 306.0000 0000000   0.0000 156.2400 15.12078246681545
STARLINK-2711
1 71191U 98065A   24219.50000000 -.00022620  00000-0  13156-2 0  1003
2 71191  53.0000 306.0000 0000000   0.0000 170.6400 15.12078246667350
STARLINK-2712
1 48188U 98065A   24219.50000000 -.00022620  00000-0  13156-2 0  1002
2 48188  53.0000 306.0000 0000000   0.0000 185.0400 15.12078246410367
STARLINK-2713
1 83439U 98065A   24219.50000000 -.00022620  00000-0  13156-2 0  1000
2 83439  53.0000 306.0000 0000000   0.0000 199.4400 15.12078246657820
STARLINK-2714
1 50741U 98065A   24219.50000000 -.00022620  00000-0  13156-2 0  1001
2 50741  53.0000 306.0000 0000000   0.0000 213.8400 15.12078246414377
STARLINK-2715
1 95583U 98065A   24219.50000000 -.00022620  00000-0  13156-2 0  1007
2 95583  53.0000 306.0000 0000000   0.0000 228.2400 15.12078246145517
STARLINK-2716
1 62802U 98065A   24219.50000000 -.00022620  00000-0  13156-2 0  1002
2 62802  53.0000 306.0000 0000000   0.0000 242.6400 15.12078246205381
STARLINK-2717
1 71893U 98065A   24219.50000000 -.00022620  00000-0  13156-2 0  1002
2 71893  53.0000 306.0000 0000000   0.0000 257.0400 15.12078246574366
STARLINK-2718
1 66773U 98065A   24219.50000000 -.00022620  00000-0  13156-2 0  1001
2 66773  53.0000 306.0000 0000000   0.0000 271.4400 15.12078246819748
STARLINK-2719
1 38482U 98065A   24219.50000000 -.00022620  00000-0  13156-2 0  1008
2 38482  53.0000 306.0000 0000000   0.0000 285.8400 15.12078246648593
STARLINK-2720
1 55372U 98065A   24219.50000000 -.00022620  00000-0  13156-2 0  1007
2 55372  53.0000 306.0000 0000000   0.0000 300.2400 15.12078246163818
STARLINK-2721
1 31939U 98065A   24219.50000000 -.00022620  00000-0  13156-2 0  1007
2 31939  53.0000 306.0000 0000000   0.0000 314.6400 15.12078246202247
STARLINK-2722
1 51326U 98065A   24219.50000000 -.00022620  00000-0  13156-2 0  1008
2 51326  53.0000 306.0000 0000000   0.0000 329.0400 15.12078246273093
STARLINK-2723
1 55391U 98065A   24219.50000000 -.00022620  00000-0  13156-2 0  1001
2 55391  53.0000 306.0000 0000000   0.0000 343.4400 15.12078246301200
STARLINK-2724
1 95387U 98065A   24219.50000000 -.00022620  00000-0  13156-2 0  1003
2 95387  53.0000 306.0000 0000000   0.0000 357.8400 15.12078246786551
STARLINK-2725
1 39939U 98065A   24219.50000000 -.00022620  00000-0  13156-2 0  1001
2 39939  53.0000 310.5000 0000000   0.0000  12.4200 15.12078246852140
STARLINK-2726
1 50055U 98065A   24219.50000000 -.00022620  00000-0  13156-2 0  1008
2 50055  53.0000 310.5000 0000000   0.0000  26.8200 15.12078246307863
STARLINK-2727
1 84889U 98065A   24219.50000000 -.00022620  00000-0  13156-2 0  1004
2 84889  53.0000 310.5000 0000000   0.0000  41.2200 15.12078246332437
STARLINK-2728
1 62068U 98065A   24219.50000000 -.00022620  00000-0  13156-2 0  1004
2 62068  53.0000 310.5000 0000000   0.0000  55.6200 15.12078246414871
STARLINK-2729
1 29160U 98065A   24219.50000000 -.00022620  00000-0  13156-2 0  1003
2 29160  53.0000 310.5000 0000000   0.0000  70.0200 15.12078246399674
STARLINK-2730
1 57706U 98065A   24219.50000000 -.00022620  00000-0  13156-2 0  1007
2 57706  53.0000 310.5000 0000000   0.0000  84.4200 15.12078246700408
STARLINK-2731
1 60351U 98065A   24219.50000000 -.00022620  00000-0  13156-2 0  1006
2 60351  53.0000 310.5000 0000000   0.0000  98.8200 15.12078246989221
STARLINK-2732
1 47752U 98065A   24219.50000000 -.00022620  00000-0  13156-2 0  1000
2 47752  53.0000 310.5000 0000000   0.0000 113.2200 15.12078246990798
STARLINK-2733
1 43348U 98065A   24219.50000000 -.00022620  00000-0  13156-2 0  1004
2 43348  53.0000 310.5000 0000000   0.0000 127.6200 15.12078246189248
STARLINK-2734
1 47481U 98065A   24219.50000000 -.00022620  00000-0  13156-2 0  1004
2 47481  53.0000 310.5000 0000000   0.0000 142.0200 15.12078246566248
STARLINK-2735
1 53143U 98065A   24219.50000000 -.00022620  00000-0  13156-2 0  1005
2 53143  53.0000 310.5000 0000000   0.0000 156.4200 15.12078246670538
STARLINK-2736
1 93091U 98065A   24219.50000000 -.00022620  00000-0  13156-2 0  1006
2 93091  53.0000 310.5000 0000000   0.0000 170.8200 15.12078246698245
STARLINK-2737
1 66029U 98065A   24219.50000000 -.00022620  00000-0  13156-2 0  1006
2 66029  53.0000 310.5000 0000000   0.0000 185.2200 15.12078246240507
STARLINK-2738
1 53511U 98065A   24219.50000000 -.00022620  00000-0  13156-2 0  1000
2 53511  53.0000 310.5000 0000000   0.0000 199.6200 15.12078246474922
STARLINK-2739
1 96162U 98065A   24219.50000000 -.00022620  00000-0  13156-2 0  1004
2 96162  53.0000 310.5000 0000000   0.0000 214.0200 15.12078246527808
STARLINK-2740
1 41006U 98065A   24219.50000000 -.00022620  00000-0  13156-2 0  1007
2 41006  53.0000 310.5000 0000000   0.0000 228.4200 15.12078246242914
STARLINK-2741
1 29755U 98065A   24219.50000000 -.00022620  00000-0  13156-2 0  1007
2 29755  53.0000 310.5000 0000000   0.0000 242.8200 15.12078246153037
STARLINK-2742
1 97955U 98065A   24219.50000000 -.00022620  00000-0  13156-2 0  1002
2 97955  53.0000 310.5000 0000000   0.0000 257.2200 15.12078246949218
STARLINK-2743
1 58796U 98065A   24219.50000000 -.00022620  00000-0  13156-2 0  1008
2 58796  53.0000 310.5000 0000000   0.0000 271.6200 15.12078246495585
STARLINK-2744
1 81239U 98065A   24219.50000000 -.00022620  00000-0  13156-2 0  1001
2 81239  53.0000 310.5000 0000000   0.0000 286.0200 15.12078246533320
STARLINK-2745
1 65251U 98065A   24219.50000000 -.00022620  00000-0  13156-2 0  1006
2 65251  53.0000 310.5000 0000000   0.0000 300.4200 15.12078246176013
STARLINK-2746
1 32578U 98065A   24219.50000000 -.00022620  00000-0  13156-2 0  1001
2 32578  53.0000 310.5000 0000000   0.0000 314.8200 15.12078246115802
STARLINK-2747
1 97260U 98065A   24219.50000000 -.00022620  00000-0  13156-2 0  1003
2 97260  53.0000 310.5000 0000000   0.0000 329.2200 15.12078246656978
STARLINK-2748
1 91581U 98065A   24219.50000000 -.00022620  00000-0  13156-2 0  1001
2 91581  53.0000 310.5000 0000000   0.0000 343.6200 15.12078246188006
STARLINK-2749
1 47937U 98065A   24219.50000000 -.00022620  00000-0  13156-2 0  1004
2 47937  53.0000 310.5000 0000000   0.0000 358.0200 15.12078246173158
STARLINK-2750
1 75249U 98065A   24219.50000000 -.00022620  00000-0  13156-2 0  1003
2 75249  53.0000 315.0000 0000000   0.0000  12.6000 15.12078246141750
STARLINK-2751
1 80538U 98065A   24219.50000000 -.00022620  00000-0  13156-2 0  1006
2 80538  53.0000 315.0000 0000000   0.0000  27.0000 15.12078246936724
STARLINK-2752
1 85703U 98065A   24219.50000000 -.00022620  00000-0  13156-2 0  1007
2 85703  53.0000 315.0000 0000000   0.0000  41.4000 15.12078246604438
STARLINK-2753
1 97444U 98065A   24219.50000000 -.00022620  00000-0  13156-2 0  1002
2 97444  53.0000 315.0000 0000000   0.0000  55.8000 15.12078246356935
STARLINK-2754
1 41162U 98065A   24219.50000000 -.00022620  00000-0  13156-2 0  1008
2 41162  53.0000 315.0000 0000000   0.0000  70.2000 15.12078246775223
STARLINK-2755
1 29415U 98065A   24219.50000000 -.00022620  00000-0  13156-2 0  1006
2 29415  53.0000 315.0000 0000000   0.0000  84.6000 15.12078246972822
STARLINK-2756
1 91736U 98065A   24219.50000000 -.00022620  00000-0  13156-2 0  1005
2 91736  53.0000 315.0000 0000000   0.0000  99.0000 15.12078246701120
STARLINK-2757
1 85957U 98065A   24219.50000000 -.00022620  00000-0  13156-2 0  1002
2 85957  53.0000 315.0000 0000000   0.0000 113.4000 15.12078246571436
STARLINK-2758
1 85371U 98065A   24219.50000000 -.00022620  00000-0  13156-2 0  1004
2 85371  53.0000 315.0000 0000000   0.0000 127.8000 15.12078246962350
STARLINK-2759
1 94627U 98065A   24219.50000000 -.00022620  00000-0  13156-2 0  1007
2 94627  53.0000 315.0000 0000000   0.0000 142.2000 15.12078246428681
STARLINK-2760
1 41378U 98065A   24219.50000000 -.00022620  00000-0  13156-2 0  1004
2 41378  53.0000 315.0000 0000000   0.0000 156.6000 15.12078246583738
STARLINK-2761
1 70428U 98065A   24219.50000000 -.00022620  00000-0  13156-2 0  1008
2 70428  53.0000 315.0000 0000000   0.0000 171.0000 15.12078246279834
STARLINK-2762
1 34731U 98065A   24219.50000000 -.00022620  00000-0  13156-2 0  1003
2 34731  53.0000 315.0000 0000000   0.0000 185.4000 15.12078246605735
STARLINK-2763
1 60555U 98065A   24219.50000000 -.00022620  00000-0  13156-2 0  1005
2 60555  53.0000 315.0000 0000000   0.0000 199.8000 15.12078246123876
STARLINK-2764
1 63427U 98065A   24219.50000000 -.00022620  00000-0  13156-2 0  1004
2 63427  53.0000 315.0000 0000000   0.0000 214.2000 15.12078246329336
STARLINK-2765
1 23671U 98065A   24219.50000000 -.00022620  00000-0  13156-2 0  1002
2 23671  53.0000 315.0000 0000000   0.0000 228.6000 15.12078246581882
STARLINK-2766
1 89120U 98065A   24219.50000000 -.00022620  00000-0  13156-2 0  1003
2 89120  53.0000 315.0000 0000000   0.0000 243.0000 15.12078246997443
STARLINK-2767
1 39548U 98065A   24219.50000000 -.00022620  00000-0  13156-2 0  1006
2 39548  53.0000 315.0000 0000000   0.0000 257.4000 15.12078246535033
STARLINK-2768
1 30260U 98065A   24219.50000000 -.00022620  00000-0  13156-2 0  1005
2 30260  53.0000 315.0000 0000000   0.0000 271.8000 15.12078246664028
STARLINK-2769
1 67575U 98065A   24219.50000000 -.00022620  00000-0  13156-2 0  1006
2 67575  53.0000 315.0000 0000000   0.0000 286.2000 15.12078246639855
STARLINK-2770
1 77345U 98065A   24219.50000000 -.00022620  00000-0  13156-2 0  1007
2 77345  53.0000 315.0000 0000000   0.0000 300.6000 15.12078246967018
STARLINK-2771
1 20166U 98065A   24219.50000000 -.00022620  00000-0  13156-2 0  1008
2 20166  53.0000 315.0000 0000000   0.0000 315.0000 15.12078246768805
STARLINK-2772
1 82960U 98065A   24219.50000000 -.00022620  00000-0  13156-2 0  1000
2 82960  53.0000 315.0000 0000000   0.0000 329.4000 15.12078246664958
STARLINK-2773
1 69531U 98065A   24219.50000000 -.00022620  00000-0  13156-2 0  1007
2 69531  53.0000 315.0000 0000000   0.0000 343.8000 15.12078246281626
STARLINK-2774
1 43472U 98065A   24219.50000000 -.00022620  00000-0  13156-2 0  1000
2 43472  53.0000 315.0000 0000000   0.0000 358.2000 15.12078246466056
STARLINK-2775
1 72540U 98065A   24219.50000000 -.00022620  00000-0  13156-2 0  1004
2 72540  53.0000 319.5000 0000000   0.0000  12.7800 15.12078246384540
STARLINK-2776
1 45090U 98065A   24219.50000000 -.00022620  00000-0  13156-2 0  1008
2 45090  53.0000 319.5000 0000000   0.0000  27.1800 15.12078246608880
STARLINK-2777
1 56888U 98065A   24219.50000000 -.00022620  00000-0  13156-2 0  1002
2 56888  53.0000 319.5000 0000000   0.0000  41.5800 15.12078246656675
STARLINK-2778
1 56870U 98065A   24219.50000000 -.00022620  00000-0  13156-2 0  1001
2 56870  53.0000 319.5000 0000000   0.0000  55.9800 15.12078246422392
STARLINK-2779
1 93323U 98065A   24219.50000000 -.00022620  00000-0  13156-2 0  1007
2 93323  53.0000 319.5000 0000000   0.0000  70.3800 15.12078246718398
STARLINK-2780
1 89657U 98065A   24219.50000000 -.00022620  00000-0  13156-2 0  1005
2 89657  53.0000 319.5000 0000000   0.0000  84.7800 15.12078246302145
STARLINK-2781
1 33324U 98065A   24219.50000000 -.00022620  00000-0  13156-2 0  1001
2 33324  53.0000 319.5000 0000000   0.0000  99.1800 15.12078246397246
STARLINK-2782
1 41722U 98065A   24219.50000000 -.00022620  00000-0  13156-2 0  1008
2 41722  53.0000 319.5000 0000000   0.0000 113.5800 15.12078246693356
STARLINK-2783
1 64165U 98065A   24219.50000000 -.00022620  00000-0  13156-2 0  1008
2 64165  53.0000 319.5000 0000000   0.0000 127.9800 15.12078246258225
STARLINK-2784
1 75582U 98065A   24219.50000000 -.00022620  00000-0  13156-2 0  1002
2 75582  53.0000 319.5000 0000000   0.0000 142.3800 15.12078246265896
STARLINK-2785
1 73643U 98065A   24219.50000000 -.00022620  00000-0  13156-2 0  1005
2 73643  53.0000 319.5000 0000000   0.0000 156.7800 15.12078246807723
STARLINK-2786
1 36894U 98065A   24219.50000000 -.00022620  00000-0  13156-2 0  1003
2 36894  53.0000 319.5000 0000000   0.0000 171.1800 15.12078246194751
STARLINK-2787
1 99736U 98065A   24219.50000000 -.00022620  00000-0  13156-2 0  1006
2 99736  53.0000 319.5000 0000000   0.0000 185.5800 15.12078246534043
STARLINK-2788
1 61892U 98065A   24219.50000000 -.00022620  00000-0  13156-2 0  1003
2 61892  53.0000 319.5000 0000000   0.0000 199.9800 15.12078246377672
STARLINK-2789
1 41897U 98065A   24219.50000000 -.00022620  00000-0  13156-2 0  1000
2 41897  53.0000 319.5000 0000000   0.0000 214.3800 15.12078246801995
STARLINK-2790
1 40184U 98065A   24219.50000000 -.00022620  00000-0  13156-2 0  1002
2 40184  53.0000 319.5000 0000000   0.0000 228.7800 15.12078246117857
STARLINK-2791
1 71058U 98065A   24219.50000000 -.00022620  00000-0  13156-2 0  1005
2 71058  53.0000 319.5000 0000000   0.0000 243.1800 15.12078246909211
STARLINK-2792
1 26014U 98065A   24219.50000000 -.00022620  00000-0  13156-2 0  1001
2 26014  53.0000 319.5000 0000000   0.0000 257.5800 15.12078246330695
STARLINK-2793
1 35660U 98065A   24219.50000000 -.00022620  00000-0  13156-2 0  1005
2 35660  53.0000 319.5000 0000000   0.0000 271.9800 15.12078246569232
STARLINK-2794
1 55820U 98065A   24219.50000000 -.00022620  00000-0  13156-2 0  1004
2 55820  53.0000 319.5000 0000000   0.0000 286.3800 15.12078246531115
STARLINK-2795
1 62346U 98065A   24219.50000000 -.00022620  00000-0  13156-2 0  1003
2 62346  53.0000 319.5000 0000000   0.0000 300.7800 15.12078246458761
STARLINK-2796
1 86169U 98065A   24219.50000000 -.00022620  00000-0  13156-2 0  1004
2 86169  53.0000 319.5000 0000000   0.0000 315.1800 15.12078246803772
STARLINK-2797
1 15825U 98065A   24219.50000000 -.00022620  00000-0  13156-2 0  1003
2 15825  53.0000 319.5000 0000000   0.0000 329.5800 15.12078246539826
STARLINK-2798
1 59845U 98065A   24219.50000000 -.00022620  00000-0  13156-2 0  1003
2 59845  53.0000 319.5000 0000000   0.0000 343.9800 15.12078246430387
STARLINK-2799
1 42471U 98065A   24219.50000000 -.00022620  00000-0  13156-2 0  1000
2 42471  53.0000 319.5000 0000000   0.0000 358.3800 15.12078246445038
STARLINK-2800
1 78358U 98065A   24219.50000000 -.00022620  00000-0  13156-2 0  1007
2 78358  53.0000 324.0000 0000000   0.0000  12.9600 15.12078246129126
STARLINK-2801
1 32130U 98065A   24219.50000000 -.00022620  00000-0  13156-2 0  1000
2 32130  53.0000 324.0000 0000000   0.0000  27.3600 15.12078246113618
STARLINK-2802
1 76602U 98065A   24219.50000000 -.00022620  00000-0  13156-2 0  1000
2 76602  53.0000 324.0000 0000000   0.0000  41.7600 15.12078246667513
STARLINK-2803
1 54527U 98065A   24219.50000000 -.00022620  00000-0  13156-2 0  1000
2 54527  53.0000 324.0000 0000000   0.0000  56.1600 15.12078246871601
STARLINK-2804
1 95971U 98065A   24219.50000000 -.00022620  00000-0  13156-2 0  1003
2 95971  53.0000 324.0000 0000000   0.0000  70.5600 15.12078246217624
STARLINK-2805
1 93371U 98065A   24219.50000000 -.00022620  00000-0  13156-2 0  1002
2 93371  53.0000 324.0000 0000000   0.0000  84.9600 15.12078246831530
STARLINK-2806
1 91223U 98065A   24219.50000000 -.00022620  00000-0  13156-2 0  1000
2 91223  53.0000 324.0000 0000000   0.0000  99.3600 15.12078246550831
STARLINK-2807
1 93243U 98065A   24219.50000000 -.00022620  00000-0  13156-2 0  1005
2 93243  53.0000 324.0000 0000000   0.0000 113.7600 15.12078246496923
STARLINK-2808
1 18672U 98065A   24219.50000000 -.00022620  00000-0  13156-2 0  1004
2 18672  53.0000 324.0000 0000000   0.0000 128.1600 15.12078246687678
STARLINK-2809
1 98572U 98065A   24219.50000000 -.00022620  00000-0  13156-2 0  1005
2 98572  53.0000 324.0000 0000000   0.0000 142.5600 15.12078246100896
STARLINK-2810
1 86774U 98065A   24219.50000000 -.00022620  00000-0  13156-2 0  1008
2 86774  53.0000 324.0000 0000000   0.0000 156.9600 15.12078246872286
STARLINK-2811
1 86004U 98065A   24219.50000000 -.00022620  00000-0  13156-2 0  1007
2 86004  53.0000 324.0000 0000000   0.0000 171.3600 15.12078246991875
STARLINK-2812
1 63346U 98065A   24219.50000000 -.00022620  00000-0  13156-2 0  1003
2 63346  53.0000 324.0000 0000000   0.0000 185.7600 15.12078246760501
STARLINK-2813
1 56451U 98065A   24219.50000000 -.00022620  00000-0  13156-2 0  1005
2 56451  53.0000 324.0000 0000000   0.0000 200.1600 15.12078246675677
STARLINK-2814
1 11412U 98065A   24219.50000000 -.00022620  00000-0  13156-2 0  1003
2 11412  53.0000 324.0000 0000000   0.0000 214.5600 15.12078246940987
STARLINK-2815
1 27201U 98065A   24219.50000000 -.00022620  00000-0  13156-2 0  1002
2 27201  53.0000 324.0000 0000000   0.0000 228.9600 15.12078246983078
STARLINK-2816
1 64882U 98065A   24219.50000000 -.00022620  00000-0  13156-2 0  1007
2 64882  53.0000 324.0000 0000000   0.0000 243.3600 15.12078246210612
STARLINK-2817
1 43620U 98065A   24219.50000000 -.00022620  00000-0  13156-2 0  1005
2 43620  53.0000 324.0000 0000000   0.0000 257.7600 15.12078246477507
STARLINK-2818
1 10300U 98065A   24219.50000000 -.00022620  00000-0  13156-2 0  1002
2 10300  53.0000 324.0000 0000000   0.0000 272.1600 15.12078246715395
STARLINK-2819
1 53582U 98065A   24219.50000000 -.00022620  00000-0  13156-2 0  1002
2 53582  53.0000 324.0000 0000000   0.0000 286.5600 15.12078246428956
STARLINK-2820
1 38256U 98065A   24219.50000000 -.00022620  00000-0  13156-2 0  1005
2 38256  53.0000 324.0000 0000000   0.0000 300.9600 15.12078246598402
STARLINK-2821
1 56123U 98065A   24219.50000000 -.00022620  00000-0  13156-2 0  1008
2 56123  53.0000 324.0000 0000000   0.0000 315.3600 15.12078246609898
STARLINK-2822
1 54074U 98065A   24219.50000000 -.00022620  00000-0  13156-2 0  1005
2 54074  53.0000 324.0000 0000000   0.0000 329.7600 15.12078246827220
STARLINK-2823
1 58555U 98065A   24219.50000000 -.00022620  00000-0  13156-2 0  1008
2 58555  53.0000 324.0000 0000000   0.0000 344.1600 15.12078246588358
STARLINK-2824
1 51801U 98065A   24219.50000000 -.00022620  00000-0  13156-2 0  1003
2 51801  53.0000 324.0000 0000000   0.0000 358.5600 15.12078246469504
STARLINK-2825
1 79894U 98065A   24219.50000000 -.00022620  00000-0  13156-2 0  1002
2 79894  53.0000 328.5000 0000000   0.0000  13.1400 15.12078246625110
STARLINK-2826
1 76321U 98065A   24219.50000000 -.00022620  00000-0  13156-2 0  1004
2 76321  53.0000 328.5000 0000000   0.0000  27.5400 15.12078246608450
STARLINK-2827
1 76262U 98065A   24219.50000000 -.00022620  00000-0  13156-2 0  1008
2 76262  53.0000 328.5000 0000000   0.0000  41.9400 15.12078246132227
STARLINK-2828
1 91499U 98065A   24219.50000000 -.00022620  00000-0  13156-2 0  1003
2 91499  53.0000 328.5000 0000000   0.0000  56.3400 15.12078246878686
STARLINK-2829
1 43819U 98065A   24219.50000000 -.00022620  00000-0  13156-2 0  1003
2 43819  53.0000 328.5000 0000000   0.0000  70.7400 15.12078246651706
STARLINK-2830
1 84352U 98065A   24219.50000000 -.00022620  00000-0  13156-2 0  1008
2 84352  53.0000 328.5000 0000000   0.0000  85.1400 15.12078246916693
STARLINK-2831
1 15056U 98065A   24219.50000000 -.00022620  00000-0  13156-2 0  1008
2 15056  53.0000 328.5000 0000000   0.0000  99.5400 15.12078246749021
STARLINK-2832
1 54091U 98065A   24219.50000000 -.00022620  00000-0  13156-2 0  1001
2 54091  53.0000 328.5000 0000000   0.0000 113.9400 15.12078246478680
STARLINK-2833
1 89365U 98065A   24219.50000000 -.00022620  00000-0  13156-2 0  1004
2 89365  53.0000 328.5000 0000000   0.0000 128.3400 15.12078246266486
STARLINK-2834
1 91118U 98065A   24219.50000000 -.00022620  00000-0  13156-2 0  1002
2 91118  53.0000 328.5000 0000000   0.0000 142.7400 15.12078246187791
STARLINK-2835
1 80590U 98065A   24219.50000000 -.00022620  00000-0  13156-2 0  1007
2 80590  53.0000 328.5000 0000000   0.0000 157.1400 15.12078246924092
STARLINK-2836
1 66159U 98065A   24219.50000000 -.00022620  00000-0  13156-2 0  1007
2 66159  53.0000 328.5000 0000000   0.0000 171.5400 15.12078246331547
STARLINK-2837
1 18074U 98065A   24219.50000000 -.00022620  00000-0  13156-2 0  1002
2 18074  53.0000 328.5000 0000000   0.0000 185.9400 15.12078246517602
STARLINK-2838
1 88837U 98065A   24219.50000000 -.00022620  00000-0  13156-2 0  1007
2 88837  53.0000 328.5000 0000000   0.0000 200.3400 15.12078246169701
STARLINK-2839
1 24162U 98065A   24219.50000000 -.00022620  00000-0  13156-2 0  1006
2 24162  53.0000 328.5000 0000000   0.0000 214.7400 15.12078246615304
STARLINK-2840
1 86002U 98065A   24219.50000000 -.00022620  00000-0  13156-2 0  1007
2 86002  53.0000 328.5000 0000000   0.0000 229.1400 15.12078246588200
STARLINK-2841
1 12080U 98065A   24219.50000000 -.00022620  00000-0  13156-2 0  1003
2 12080  53.0000 328.5000 0000000   0.0000 243.5400 15.12078246214915
STARLINK-2842
1 33581U 98065A   24219.50000000 -.00022620  00000-0  13156-2 0  1000
2 33581  53.0000 328.5000 0000000   0.0000 257.9400 15.12078246730412
STARLINK-2843
1 28432U 98065A   24219.50000000 -.00022620  00000-0  13156-2 0  1004
2 28432  53.0000 328.5000 0000000   0.0000 272.3400 15.12078246941268
STARLINK-2844
1 24407U 98065A   24219.50000000 -.00022620  00000-0  13156-2 0  1006
2 24407  53.0000 328.5000 0000000   0.0000 286.7400 15.12078246778731
STARLINK-2845
1 37750U 98065A   24219.50000000 -.00022620  00000-0  13156-2 0  1004
2 37750  53.0000 328.5000 0000000   0.0000 301.1400 15.12078246724897
STARLINK-2846
1 29861U 98065A   24219.50000000 -.00022620  00000-0  13156-2 0  1005
2 29861  53.0000 328.5000 0000000   0.0000 315.5400 15.12078246119594
STARLINK-2847
1 13446U 98065A   24219.50000000 -.00022620  00000-0  13156-2 0  1007
2 13446  53.0000 328.5000 0000000   0.0000 329.9400 15.12078246824984
STARLINK-2848
1 31935U 98065A   24219.50000000 -.00022620  00000-0  13156-2 0  1000
2 31935  53.0000 328.5000 0000000   0.0000 344.3400 15.12078246747721
STARLINK-2849
1 97014U 98065A   24219.50000000 -.00022620  00000-0  13156-2 0  1007
2 97014  53.0000 328.5000 0000000   0.0000 358.7400 15.12078246662501
STARLINK-2850
1 92164U 98065A   24219.50000000 -.00022620  00000-0  13156-2 0  1004
2 92164  53.0000 333.0000 0000000   0.0000  13.3200 15.12078246892940
STARLINK-2851
1 90072U 98065A   24219.50000000 -.00022620  00000-0  13156-2 0  1001
2 90072  53.0000 333.0000 0000000   0.0000  27.7200 15.12078246737453
STARLINK-2852
1 57855U 98065A   24219.50000000 -.00022620  00000-0  13156-2 0  1008
2 57855  53.0000 333.0000 0000000   0.0000  42.1200 15.12078246260538
STARLINK-2853
1 42787U 98065A   24219.50000000 -.00022620  00000-0  13156-2 0  1007
2 42787  53.0000 333.0000 0000000   0.0000  56.5200 15.12078246327986
STARLINK-2854
1 80326U 98065A   24219.50000000 -.00022620  00000-0  13156-2 0  1002
2 80326  53.0000 333.0000 0000000   0.0000  70.9200 15.12078246814916
STARLINK-2855
1 93929U 98065A   24219.50000000 -.00022620  00000-0  13156-2 0  1004
2 93929  53.0000 333.0000 0000000   0.0000  85.3200 15.12078246551263
STARLINK-2856
1 23521U 98065A   24219.50000000 -.00022620  00000-0  13156-2 0  1007
2 23521  53.0000 333.0000 0000000   0.0000  99.7200 15.12078246479411
STARLINK-2857
1 15091U 98065A   24219.50000000 -.00022620  00000-0  13156-2 0  1008
2 15091  53.0000 333.0000 0000000   0.0000 114.1200 15.12078246139067
STARLINK-2858
1 29319U 98065A   24219.50000000 -.00022620  00000-0  13156-2 0  1000
2 29319  53.0000 333.0000 0000000   0.0000 128.5200 15.12078246853950
STARLINK-2859
1 55630U 98065A   24219.50000000 -.00022620  00000-0  13156-2 0  1005
2 55630  53.0000 333.0000 0000000   0.0000 142.9200 15.12078246867598
STARLINK-2860
1 39074U 98065A   24219.50000000 -.00022620  00000-0  13156-2 0  1003
2 39074  53.0000 333.0000 0000000   0.0000 157.3200 15.12078246267535
STARLINK-2861
1 24714U 98065A   24219.50000000 -.00022620  00000-0  13156-2 0  1002
2 24714  53.0000 333.0000 0000000   0.0000 171.7200 15.12078246106008
STARLINK-2862
1 76402U 98065A   24219.50000000 -.00022620  00000-0  13156-2 0  1002
2 76402  53.0000 333.0000 0000000   0.0000 186.1200 15.12078246214184
STARLINK-2863
1 39098U 98065A   24219.50000000 -.00022620  00000-0  13156-2 0  1000
2 39098  53.0000 333.0000 0000000   0.0000 200.5200 15.12078246865878
STARLINK-2864
1 31610U 98065A   24219.50000000 -.00022620  00000-0  13156-2 0  1002
2 31610  53.0000 333.0000 0000000   0.0000 214.9200 15.12078246379754
STARLINK-2865
1 53682U 98065A   24219.50000000 -.00022620  00000-0  13156-2 0  1007
2 53682  53.0000 333.0000 0000000   0.0000 229.3200 15.12078246266960
STARLINK-2866
1 73842U 98065A   24219.50000000 -.00022620  00000-0  13156-2 0  1004
2 73842  53.0000 333.0000 0000000   0.0000 243.7200 15.12078246249244
STARLINK-2867
1 20884U 98065A   24219.50000000 -.00022620  00000-0  13156-2 0  1000
2 20884  53.0000 333.0000 0000000   0.0000 258.1200 15.12078246705314
STARLINK-2868
1 76011U 98065A   24219.50000000 -.00022620  00000-0  13156-2 0  1003
2 76011  53.0000 333.0000 0000000   0.0000 272.5200 15.12078246733228
STARLINK-2869
1 31320U 98065A   24219.50000000 -.00022620  00000-0  13156-2 0  1001
2 31320  53.0000 333.0000 0000000   0.0000 286.9200 15.12078246866397
STARLINK-2870
1 57234U 98065A   24219.50000000 -.00022620  00000-0  13156-2 0  1006
2 57234  53.0000 333.0000 0000000   0.0000 301.3200 15.12078246591490
STARLINK-2871
1 17681U 98065A   24219.50000000 -.00022620  00000-0  13156-2 0  1007
2 17681  53.0000 333.0000 0000000   0.0000 315.7200 15.12078246842875
STARLINK-2872
1 43140U 98065A   24219.50000000 -.00022620  00000-0  13156-2 0  1005
2 43140  53.0000 333.0000 0000000   0.0000 330.1200 15.12078246887761
STARLINK-2873
1 97404U 98065A   24219.50000000 -.00022620  00000-0  13156-2 0  1002
2 97404  53.0000 333.0000 0000000   0.0000 344.5200 15.12078246752981
STARLINK-2874
1 75988U 98065A   24219.50000000 -.00022620  00000-0  13156-2 0  1002
2 75988  53.0000 333.0000 0000000   0.0000 358.9200 15.12078246467445
STARLINK-2875
1 22369U 98065A   24219.50000000 -.00022620  00000-0  13156-2 0  1001
2 22369  53.0000 337.5000 0000000   0.0000  13.5000 15.12078246968984
STARLINK-2876
1 62231U 98065A   24219.50000000 -.00022620  00000-0  13156-2 0  1008
2 62231  53.0000 337.5000 0000000   0.0000  27.9000 15.12078246674126
STARLINK-2877
1 15438U 98065A   24219.50000000 -.00022620  00000-0  13156-2 0  1008
2 15438  53.0000 337.5000 0000000   0.0000  42.3000 15.12078246203666
STARLINK-2878
1 45642U 98065A   24219.50000000 -.00022620  00000-0  13156-2 0  1003
2 45642  53.0000 337.5000 0000000   0.0000  56.7000 15.12078246583815
STARLINK-2879
1 45752U 98065A   24219.50000000 -.00022620  00000-0  13156-2 0  1005
2 45752  53.0000 337.5000 0000000   0.0000  71.1000 15.12078246141492
STARLINK-2880
1 90118U 98065A   24219.50000000 -.00022620  00000-0  13156-2 0  1005
2 90118  53.0000 337.5000 0000000   0.0000  85.5000 15.12078246485717
STARLINK-2881
1 50292U 98065A   24219.50000000 -.00022620  00000-0  13156-2 0  1000
2 50292  53.0000 337.5000 0000000   0.0000  99.9000 15.12078246256824
STARLINK-2882
1 21334U 98065A   24219.50000000 -.00022620  00000-0  13156-2 0  1004
2 21334  53.0000 337.5000 0000000   0.0000 114.3000 15.12078246506431
STARLINK-2883
1 88194U 98065A   24219.50000000 -.00022620  00000-0  13156-2 0  1001
2 88194  53.0000 337.5000 0000000   0.0000 128.7000 15.12078246411058
STARLINK-2884
1 98994U 98065A   24219.50000000 -.00022620  00000-0  13156-2 0  1006
2 98994  53.0000 337.5000 0000000   0.0000 143.1000 15.12078246830644
STARLINK-2885
1 60257U 98065A   24219.50000000 -.00022620  00000-0  13156-2 0  1002
2 60257  53.0000 337.5000 0000000   0.0000 157.5000 15.12078246810234
STARLINK-2886
1 22901U 98065A   24219.50000000 -.00022620  00000-0  13156-2 0  1001
2 22901  53.0000 337.5000 0000000   0.0000 171.9000 15.12078246756557
STARLINK-2887
1 53651U 98065A   24219.50000000 -.00022620  00000-0  13156-2 0  1006
2 53651  53.0000 337.5000 0000000   0.0000 186.3000 15.12078246776476
STARLINK-2888
1 37997U 98065A   24219.50000000 -.00022620  00000-0  13156-2 0  1004
2 37997  53.0000 337.5000 0000000   0.0000 200.7000 15.12078246503397
STARLINK-2889
1 12862U 98065A   24219.50000000 -.00022620  00000-0  13156-2 0  1003
2 12862  53.0000 337.5000 0000000   0.0000 215.1000 15.12078246793383
STARLINK-2890
1 77838U 98065A   24219.50000000 -.00022620  00000-0  13156-2 0  1005
2 77838  53.0000 337.5000 0000000   0.0000 229.5000 15.12078246172541
STARLINK-2891
1 85211U 98065A   24219.50000000 -.00022620  00000-0  13156-2 0  1004
2 85211  53.0000 337.5000 0000000   0.0000 243.9000 15.12078246491031
STARLINK-2892
1 74003U 98065A   24219.50000000 -.00022620  00000-0  13156-2 0  1000
2 74003  53.0000 337.5000 0000000   0.0000 258.3000 15.12078246923017
STARLINK-2893
1 61319U 98065A   24219.50000000 -.00022620  00000-0  13156-2 0  1001
2 61319  53.0000 337.5000 0000000   0.0000 272.7000 15.12078246322731
STARLINK-2894
1 73211U 98065A   24219.50000000 -.00022620  00000-0  13156-2 0  1002
2 73211  53.0000 337.5000 0000000   0.0000 287.1000 15.12078246561658
STARLINK-2895
1 63418U 98065A   24219.50000000 -.00022620  00000-0  13156-2 0  1008
2 63418  53.0000 337.5000 0000000   0.0000 301.5000 15.12078246534375
STARLINK-2896
1 32277U 98065A   24219.50000000 -.00022620  00000-0  13156-2 0  1004
2 32277  53.0000 337.5000 0000000   0.0000 315.9000 15.12078246483757
STARLINK-2897
1 59517U 98065A   24219.50000000 -.00022620  00000-0  13156-2 0  1002
2 59517  53.0000 337.5000 0000000   0.0000 330.3000 15.12078246409488
STARLINK-2898
1 80068U 98065A   24219.50000000 -.00022620  00000-0  13156-2 0  1008
2 80068  53.0000 337.5000 0000000   0.0000 344.7000 15.12078246775686
STARLINK-2899
1 19945U 98065A   24219.50000000 -.00022620  00000-0  13156-2 0  1006
2 19945  53.0000 337.5000 0000000   0.0000 359.1000 15.12078246384892
STARLINK-2900
1 50289U 98065A   24219.50000000 -.00022620  00000-0  13156-2 0  1006
2 50289  53.0000 342.0000 0000000   0.0000  13.6800 15.12078246226306
STARLINK-2901
1 63149U 98065A   24219.50000000 -.00022620  00000-0  13156-2 0  1007
2 63149  53.0000 342.0000 0000000   0.0000  28.0800 15.12078246193296
STARLINK-2902
1 32701U 98065A   24219.50000000 -.00022620  00000-0  13156-2 0  1007
2 32701  53.0000 342.0000 0000000   0.0000  42.4800 15.12078246912535
STARLINK-2903
1 69296U 98065A   24219.50000000 -.00022620  00000-0  13156-2 0  1004
2 69296  53.0000 342.0000 0000000   0.0000  56.8800 15.12078246780295
STARLINK-2904
1 55645U 98065A   24219.50000000 -.00022620  00000-0  13156-2 0  1004
2 55645  53.0000 342.0000 0000000   0.0000  71.2800 15.12078246601217
STARLINK-2905
1 30119U 98065A   24219.50000000 -.00022620  00000-0  13156-2 0  1004
2 30119  53.0000 342.0000 0000000   0.0000  85.6800 15.12078246194962
STARLINK-2906
1 29046U 98065A   24219.50000000 -.00022620  00000-0  13156-2 0  1007
2 29046  53.0000 342.0000 0000000   0.0000 100.0800 15.12078246864168
STARLINK-2907
1 12917U 98065A   24219.50000000 -.00022620  00000-0  13156-2 0  1003
2 12917  53.0000 342.0000 0000000   0.0000 114.4800 15.12078246108105
STARLINK-2908
1 52172U 98065A   24219.50000000 -.00022620  00000-0  13156-2 0  1008
2 52172  53.0000 342.0000 0000000   0.0000 128.8800 15.12078246151582
STARLINK-2909
1 17293U 98065A   24219.50000000 -.00022620  00000-0  13156-2 0  1000
2 17293  53.0000 342.0000 0000000   0.0000 143.2800 15.12078246956754
STARLINK-2910
1 77485U 98065A   24219.50000000 -.00022620  00000-0  13156-2 0  1008
2 77485  53.0000 342.0000 0000000   0.0000 157.6800 15.12078246205261
STARLINK-2911
1 31166U 98065A   24219.50000000 -.00022620  00000-0  13156-2 0  1005
2 31166  53.0000 342.0000 0000000   0.0000 172.0800 15.12078246458444
STARLINK-2912
1 88885U 98065A   24219.50000000 -.00022620  00000-0  13156-2 0  1004
2 88885  53.0000 342.0000 0000000   0.0000 186.4800 15.12078246132293
STARLINK-2913
1 68665U 98065A   24219.50000000 -.00022620  00000-0  13156-2 0  1005
2 68665  53.0000 342.0000 0000000   0.0000 200.8800 15.12078246387912
STARLINK-2914
1 87780U 98065A   24219.50000000 -.00022620  00000-0  13156-2 0  1008
2 87780  53.0000 342.0000 0000000   0.0000 215.2800 15.12078246845014
STARLINK-2915
1 82264U 98065A   24219.50000000 -.00022620  00000-0  13156-2 0  1007
2 82264  53.0000 342.0000 0000000   0.0000 229.6800 15.12078246365406
STARLINK-2916
1 13645U 98065A   24219.50000000 -.00022620  00000-0  13156-2 0  1000
2 13645  53.0000 342.0000 0000000   0.0000 244.0800 15.12078246175206
STARLINK-2917
1 57929U 98065A   24219.50000000 -.00022620  00000-0  13156-2 0  1000
2 57929  53.0000 342.0000 0000000   0.0000 258.4800 15.12078246378554
STARLINK-2918
1 42798U 98065A   24219.50000000 -.00022620  00000-0  13156-2 0  1004
2 42798  53.0000 342.0000 0000000   0.0000 272.8800 15.12078246741528
STARLINK-2919
1 93909U 98065A   24219.50000000 -.00022620  00000-0  13156-2 0  1002
2 93909  53.0000 342.0000 0000000   0.0000 287.2800 15.12078246166970
STARLINK-2920
1 18484U 98065A   24219.50000000 -.00022620  00000-0  13156-2 0  1005
2 18484  53.0000 342.0000 0000000   0.0000 301.6800 15.12078246512020
STARLINK-2921
1 32053U 98065A   24219.50000000 -.00022620  00000-0  13156-2 0  1007
2 32053  53.0000 342.0000 0000000   0.0000 316.0800 15.12078246133171
STARLINK-2922
1 62764U 98065A   24219.50000000 -.00022620  00000-0  13156-2 0  1006
2 62764  53.0000 342.0000 0000000   0.0000 330.4800 15.12078246225565
STARLINK-2923
1 71274U 98065A   24219.50000000 -.00022620  00000-0  13156-2 0  1003
2 71274  53.0000 342.0000 0000000   0.0000 344.8800 15.12078246897452
STARLINK-2924
1 62673U 98065A   24219.50000000 -.00022620  00000-0  13156-2 0  1002
2 62673  53.0000 342.0000 0000000   0.0000 359.2800 15.12078246198770
STARLINK-2925
1 68907U 98065A   24219.50000000 -.00022620  00000-0  13156-2 0  1007
2 68907  53.0000 346.5000 0000000   0.0000  13.8600 15.12078246541137
STARLINK-2926
1 98053U 98065A   24219.50000000 -.00022620  00000-0  13156-2 0  1000
2 98053  53.0000 346.5000 0000000   0.0000  28.2600 15.12078246697720
STARLINK-2927
1 77664U 98065A   24219.50000000 -.00022620  00000-0  13156-2 0  1005
2 77664  53.0000 346.5000 0000000   0.0000  42.6600 15.12078246612227
STARLINK-2928
1 60105U 98065A   24219.50000000 -.00022620  00000-0  13156-2 0  1006
2 60105  53.0000 346.5000 0000000   0.0000  57.0600 15.12078246843257
STARLINK-2929
1 69698U 98065A   24219.50000000 -.00022620  00000-0  13156-2 0  1007
2 69698  53.0000 346.5000 0000000   0.0000  71.4600 15.12078246881755
STARLINK-2930
1 66627U 98065A   24219.50000000 -.00022620  00000-0  13156-2 0  1000
2 66627  53.0000 346.5000 0000000   0.0000  85.8600 15.12078246695465
STARLINK-2931
1 17696U 98065A   24219.50000000 -.00022620  00000-0  13156-2 0  1000
2 17696  53.0000 346.5000 0000000   0.0000 100.2600 15.12078246906272
STARLINK-2932
1 75051U 98065A   24219.50000000 -.00022620  00000-0  13156-2 0  1007
2 75051  53.0000 346.5000 0000000   0.0000 114.6600 15.12078246800907
STARLINK-2933
1 95266U 98065A   24219.50000000 -.00022620  00000-0  13156-2 0  1006
2 95266  53.0000 346.5000 0000000   0.0000 129.0600 15.12078246356108
STARLINK-2934
1 28830U 98065A   24219.50000000 -.00022620  00000-0  13156-2 0  1007
2 28830  53.0000 346.5000 0000000   0.0000 143.4600 15.12078246924188
STARLINK-2935
1 85250U 98065A   24219.50000000 -.00022620  00000-0  13156-2 0  1003
2 85250  53.0000 346.5000 0000000   0.0000 157.8600 15.12078246659347
STARLINK-2936
1 24336U 98065A   24219.50000000 -.00022620  00000-0  13156-2 0  1001
2 24336  53.0000 346.5000 0000000   0.0000 172.2600 15.12078246341407
STARLINK-2937
1 35594U 98065A   24219.50000000 -.00022620  00000-0  13156-2 0  1001
2 35594  53.0000 346.5000 0000000   0.0000 186.6600 15.12078246416004
STARLINK-2938
1 18180U 98065A   24219.50000000 -.00022620  00000-0  13156-2 0  1007
2 18180  53.0000 346.5000 0000000   0.0000 201.0600 15.12078246170737
STARLINK-2939
1 19011U 98065A   24219.50000000 -.00022620  00000-0  13156-2 0  1003
2 19011  53.0000 346.5000 0000000   0.0000 215.4600 15.12078246566702
STARLINK-2940
1 51933U 98065A   24219.50000000 -.00022620  00000-0  13156-2 0  1000
2 51933  53.0000 346.5000 0000000   0.0000 229.8600 15.12078246521648
STARLINK-2941
1 21567U 98065A   24219.50000000 -.00022620  00000-0  13156-2 0  1008
2 21567  53.0000 346.5000 0000000   0.0000 244.2600 15.12078246905521
STARLINK-2942
1 16644U 98065A   24219.50000000 -.00022620  00000-0  13156-2 0  1002
2 16644  53.0000 346.5000 0000000   0.0000 258.6600 15.12078246657084
STARLINK-2943
1 48139U 98065A   24219.50000000 -.00022620  00000-0  13156-2 0  1004
2 48139  53.0000 346.5000 0000000   0.0000 273.0600 15.12078246931641
STARLINK-2944
1 47847U 98065A   24219.50000000 -.00022620  00000-0  13156-2 0  1003
2 47847  53.0000 346.5000 0000000   0.0000 287.4600 15.12078246400528
STARLINK-2945
1 11243U 98065A   24219.50000000 -.00022620  00000-0  13156-2 0  1005
2 11243  53.0000 346.5000 0000000   0.0000 301.8600 15.12078246548260
STARLINK-2946
1 35472U 98065A   24219.50000000 -.00022620  00000-0  13156-2 0  1005
2 35472  53.0000 346.5000 0000000   0.0000 316.2600 15.12078246728966
STARLINK-2947
1 64435U 98065A   24219.50000000 -.00022620  00000-0  13156-2 0  1004
2 64435  53.0000 346.5000 0000000   0.0000 330.6600 15.12078246636090
STARLINK-2948
1 83280U 98065A   24219.50000000 -.00022620  00000-0  13156-2 0  1004
2 83280  53.0000 346.5000 0000000   0.0000 345.0600 15.12078246919432
STARLINK-2949
1 15974U 98065A   24219.50000000 -.00022620  00000-0  13156-2 0  1002
2 15974  53.0000 346.5000 0000000   0.0000 359.4600 15.12078246673286
STARLINK-2950
1 43530U 98065A   24219.50000000 -.00022620  00000-0  13156-2 0  1003
2 43530  53.0000 351.0000 0000000   0.0000  14.0400 15.12078246796548
STARLINK-2951
1 18269U 98065A   24219.50000000 -.00022620  00000-0  13156-2 0  1004
2 18269  53.0000 351.0000 0000000   0.0000  28.4400 15.12078246161071
STARLINK-2952
1 99551U 98065A   24219.50000000 -.00022620  00000-0  13156-2 0  1005
2 99551  53.0000 351.0000 0000000   0.0000  42.8400 15.12078246131175
STARLINK-2953
1 80371U 98065A   24219.50000000 -.00022620  00000-0  13156-2 0  1007
2 80371  53.0000 351.0000 0000000   0.0000  57.2400 15.12078246495660
STARLINK-2954
1 59157U 98065A   24219.50000000 -.00022620  00000-0  13156-2 0  1003
2 59157  53.0000 351.0000 0000000   0.0000  71.6400 15.12078246746084
STARLINK-2955
1 79716U 98065A   24219.50000000 -.00022620  00000-0  13156-2 0  1003
2 79716  53.0000 351.0000 0000000   0.0000  86.0400 15.12078246648896
STARLINK-2956
1 58430U 98065A   24219.50000000 -.00022620  00000-0  13156-2 0  1002
2 58430  53.0000 351.0000 0000000   0.0000 100.4400 15.12078246492250
STARLINK-2957
1 72580U 98065A   24219.50000000 -.00022620  00000-0  13156-2 0  1003
2 72580  53.0000 351.0000 0000000   0.0000 114.8400 15.12078246563856
STARLINK-2958
1 82078U 98065A   24219.50000000 -.00022620  00000-0  13156-2 0  1003
2 82078  53.0000 351.0000 0000000   0.0000 129.2400 15.12078246740285
STARLINK-2959
1 40023U 98065A   24219.50000000 -.00022620  00000-0  13156-2 0  1002
2 40023  53.0000 351.0000 0000000   0.0000 143.6400 15.12078246711071
STARLINK-2960
1 22643U 98065A   24219.50000000 -.00022620  00000-0  13156-2 0  1001
2 22643  53.0000 351.0000 0000000   0.0000 158.0400 15.12078246875063
STARLINK-2961
1 67189U 98065A   24219.50000000 -.00022620  00000-0  13156-2 0  1001
2 67189  53.0000 351.0000 0000000   0.0000 172.4400 15.12078246220644
STARLINK-2962
1 12584U 98065A   24219.50000000 -.00022620  00000-0  13156-2 0  1003
2 12584  53.0000 351.0000 0000000   0.0000 186.8400 15.12078246168060
STARLINK-2963
1 84720U 98065A   24219.50000000 -.00022620  00000-0  13156-2 0  1002
2 84720  53.0000 351.0000 0000000   0.0000 201.2400 15.12078246730121
STARLINK-2964
1 37712U 98065A   24219.50000000 -.00022620  00000-0  13156-2 0  1007
2 37712  53.0000 351.0000 0000000   0.0000 215.6400 15.12078246464446
STARLINK-2965
1 76400U 98065A   24219.50000000 -.00022620  00000-0  13156-2 0  1007
2 76400  53.0000 351.0000 0000000   0.0000 230.0400 15.12078246412980
STARLINK-2966
1 14153U 98065A   24219.50000000 -.00022620  00000-0  13156-2 0  1002
2 14153  53.0000 351.0000 0000000   0.0000 244.4400 15.12078246533208
STARLINK-2967
1 98779U 98065A   24219.50000000 -.00022620  00000-0  13156-2 0  1003
2 98779  53.0000 351.0000 0000000   0.0000 258.8400 15.12078246131431
STARLINK-2968
1 72164U 98065A   24219.50000000 -.00022620  00000-0  13156-2 0  1005
2 72164  53.0000 351.0000 0000000   0.0000 273.2400 15.12078246393767
STARLINK-2969
1 98289U 98065A   24219.50000000 -.00022620  00000-0  13156-2 0  1005
2 98289  53.0000 351.0000 0000000   0.0000 287.6400 15.12078246149678
STARLINK-2970
1 87952U 98065A   24219.50000000 -.00022620  00000-0  13156-2 0  1001
2 87952  53.0000 351.0000 0000000   0.0000 302.0400 15.12078246410818
STARLINK-2971
1 68333U 98065A   24219.50000000 -.00022620  00000-0  13156-2 0  1007
2 68333  53.0000 351.0000 0000000   0.0000 316.4400 15.12078246817396
STARLINK-2972
1 73582U 98065A   24219.50000000 -.00022620  00000-0  13156-2 0  1008
2 73582  53.0000 351.0000 0000000   0.0000 330.8400 15.12078246173091
STARLINK-2973
1 57210U 98065A   24219.50000000 -.00022620  00000-0  13156-2 0  1007
2 57210  53.0000 351.0000 0000000   0.0000 345.2400 15.12078246632731
STARLINK-2974
1 88996U 98065A   24219.50000000 -.00022620  00000-0  13156-2 0  1007
2 88996  53.0000 351.0000 0000000   0.0000 359.6400 15.12078246678500
STARLINK-2975
1 12850U 98065A   24219.50000000 -.00022620  00000-0  13156-2 0  1002
2 12850  53.0000 355.5000 0000000   0.0000  14.2200 15.12078246577513
STARLINK-2976
1 64525U 98065A   24219.50000000 -.00022620  00000-0  13156-2 0  1007
2 64525  53.0000 355.5000 0000000   0.0000  28.6200 15.12078246703390
STARLINK-2977
1 20576U 98065A   24219.50000000 -.00022620  00000-0  13156-2 0  1003
2 20576  53.0000 355.5000 0000000   0.0000  43.0200 15.12078246169260
STARLINK-2978
1 54130U 98065A   24219.50000000 -.00022620  00000-0  13156-2 0  1008
2 54130  53.0000 355.5000 0000000   0.0000  57.4200 15.12078246956910
STARLINK-2979
1 67964U 98065A   24219.50000000 -.00022620  00000-0  13156-2 0  1003
2 67964  53.0000 355.5000 0000000   0.0000  71.8200 15.12078246178662
STARLINK-2980
1 31005U 98065A   24219.50000000 -.00022620  00000-0  13156-2 0  1000
2 31005  53.0000 355.5000 0000000   0.0000  86.2200 15.12078246872164
STARLINK-2981
1 30012U 98065A   24219.50000000 -.00022620  00000-0  13156-2 0  1007
2 30012  53.0000 355.5000 0000000   0.0000 100.6200 15.12078246210866
STARLINK-2982
1 95427U 98065A   24219.50000000 -.00022620  00000-0  13156-2 0  1008
2 95427  53.0000 355.5000 0000000   0.0000 115.0200 15.12078246399946
STARLINK-2983
1 30405U 98065A   24219.50000000 -.00022620  00000-0  13156-2 0  1006
2 30405  53.0000 355.5000 0000000   0.0000 129.4200 15.12078246458710
STARLINK-2984
1 82539U 98065A   24219.50000000 -.00022620  00000-0  13156-2 0  1002
2 82539  53.0000 355.5000 0000000   0.0000 143.8200 15.12078246180174
STARLINK-2985
1 22133U 98065A   24219.50000000 -.00022620  00000-0  13156-2 0  1000
2 22133  53.0000 355.5000 0000000   0.0000 158.2200 15.12078246275994
STARLINK-2986
1 32335U 98065A   24219.50000000 -.00022620  00000-0  13156-2 0  1002
2 32335  53.0000 355.5000 0000000   0.0000 172.6200 15.12078246695201
STARLINK-2987
1 29392U 98065A   24219.50000000 -.00022620  00000-0  13156-2 0  1006
2 29392  53.0000 355.5000 0000000   0.0000 187.0200 15.12078246229998
STARLINK-2988
1 20729U 98065A   24219.50000000 -.00022620  00000-0  13156-2 0  1002
2 20729  53.0000 355.5000 0000000   0.0000 201.4200 15.12078246116343
STARLINK-2989
1 14449U 98065A   24219.50000000 -.00022620  00000-0  13156-2 0  1001
2 14449  53.0000 355.5000 0000000   0.0000 215.8200 15.12078246428034
STARLINK-2990
1 86790U 98065A   24219.50000000 -.00022620  00000-0  13156-2 0  1003
2 86790  53.0000 355.5000 0000000   0.0000 230.2200 15.12078246535425
STARLINK-2991
1 24605U 98065A   24219.50000000 -.00022620  00000-0  13156-2 0  1005
2 24605  53.0000 355.5000 0000000   0.0000 244.6200 15.12078246101921
STARLINK-2992
1 54525U 98065A   24219.50000000 -.00022620  00000-0  13156-2 0  1005
2 54525  53.0000 355.5000 0000000   0.0000 259.0200 15.12078246651071
STARLINK-2993
1 19350U 98065A   24219.50000000 -.00022620  00000-0  13156-2 0  1001
2 19350  53.0000 355.5000 0000000   0.0000 273.4200 15.12078246361250
STARLINK-2994
1 84504U 98065A   24219.50000000 -.00022620  00000-0  13156-2 0  1006
2 84504  53.0000 355.5000 0000000   0.0000 287.8200 15.12078246682237
STARLINK-2995
1 82052U 98065A   24219.50000000 -.00022620  00000-0  13156-2 0  1001
2 82052  53.0000 355.5000 0000000   0.0000 302.2200 15.12078246703418
STARLINK-2996
1 70716U 98065A   24219.50000000 -.00022620  00000-0  13156-2 0  1004
2 70716  53.0000 355.5000 0000000   0.0000 316.6200 15.12078246566021
STARLINK-2997
1 29331U 98065A   24219.50000000 -.00022620  00000-0  13156-2 0  1002
2 29331  53.0000 355.5000 0000000   0.0000 331.0200 15.12078246590368
STARLINK-2998
1 36275U 98065A   24219.50000000 -.00022620  00000-0  13156-2 0  1001
2 36275  53.0000 355.5000 0000000   0.0000 345.4200 15.12078246884883
STARLINK-2999
1 16087U 98065A   24219.50000000 -.00022620  00000-0  13156-2 0  1005
2 16087  53.0000 355.5000 0000000   0.0000 359.8200 15.12078246597554
