STARLINK-1000
1 28823U 98065A   24232.50000000 -.00022620  00000-0  13156-2 0  1002
2 28823  53.0000   0.0000 0000000   0.0000   0.0000 15.12078246236922
STARLINK-1001
1 58555U 98065A   24232.50000000 -.00022620  00000-0  13156-2 0  1005
2 58555  53.0000   0.0000 0000000   0.0000  16.3636 15.12078246560597
STARLINK-1002
1 59935U 98065A   24232.50000000 -.00022620  00000-0  13156-2 0  1007
2 59935  53.0000   0.0000 0000000   0.0000  32.7273 15.12078246566187
STARLINK-1003
1 61606U 98065A   24232.50000000 -.00022620  00000-0  13156-2 0  1003
2 61606  53.0000   0.0000 0000000   0.0000  49.0909 15.12078246122164
STARLINK-1004
1 96419U 98065A   24232.50000000 -.00022620  00000-0  13156-2 0  1003
2 96419  53.0000   0.0000 0000000   0.0000  65.4545 15.12078246519561
STARLINK-1005
1 41309U 98065A   24232.50000000 -.00022620  00000-0  13156-2 0  1000
2 41309  53.0000   0.0000 0000000   0.0000  81.8182 15.12078246341742
STARLINK-1006
1 29126U 98065A   24232.50000000 -.00022620  00000-0  13156-2 0  1005
2 29126  53.0000   0.0000 0000000   0.0000  98.1818 15.12078246268008
STARLINK-1007
1 26798U 98065A   24232.50000000 -.00022620  00000-0  13156-2 0  1006
2 26798  53.0000   0.0000 0000000   0.0000 114.5455 15.12078246819384
STARLINK-1008
1 51535U 98065A   24232.50000000 -.00022620  00000-0  13156-2 0  1007
2 51535  53.0000   0.0000 0000000   0.0000 130.9091 15.12078246463140
STARLINK-1009
1 95174U 98065A   24232.50000000 -.00022620  00000-0  13156-2 0  1006
2 95174  53.0000   0.0000 0000000   0.0000 147.2727 15.12078246603861
STARLINK-1010
1 34817U 98065A   24232.50000000 -.00022620  00000-0  13156-2 0  1002
2 34817  53.0000   0.0000 0000000   0.0000 163.6364 15.12078246947652
STARLINK-1011
1 17655U 98065A   24232.50000000 -.00022620  00000-0  13156-2 0  1008
2 17655  53.0000   0.0000 0000000   0.0000 180.0000 15.12078246298224
STARLINK-1012
1 23285U 98065A   24232.50000000 -.00022620  00000-0  13156-2 0  1004
2 23285  53.0000   0.0000 0000000   0.0000 196.3636 15.12078246311278
STARLINK-1013
1 30008U 98065A   24232.50000000 -.00022620  00000-0  13156-2 0  1006
2 30008  53.0000   0.0000 0000000   0.0000 212.7273 15.12078246277005
STARLINK-1014
1 70431U 98065A   24232.50000000 -.00022620  00000-0  13156-2 0  1003
2 70431  53.0000   0.0000 0000000   0.0000 229.0909 15.12078246242431
STARLINK-1015
1 24874U 98065A   24232.50000000 -.00022620  00000-0  13156-2 0  1005
2 24874  53.0000   0.0000 0000000   0.0000 245.4545 15.12078246390481
STARLINK-1016
1 27162U 98065A   24232.50000000 -.00022620  00000-0  13156-2 0  1002
2 27162  53.0000   0.0000 0000000   0.0000 261.8182 15.12078246573495
STARLINK-1017
1 77803U 98065A   24232.50000000 -.00022620  00000-0  13156-2 0  1003
2 77803  53.0000   0.0000 0000000   0.0000 278.1818 15.12078246186754
STARLINK-1018
1 58190U 98065A   24232.50000000 -.00022620  00000-0  13156-2 0  1006
2 58190  53.0000   0.0000 0000000   0.0000 294.5455 15.12078246383603
STARLINK-1019
1 94487U 98065A   24232.50000000 -.00022620  00000-0  13156-2 0  1001
2 94487  53.0000   0.0000 0000000   0.0000 310.9091 15.12078246131333
STARLINK-1020
1 80763U 98065A   24232.50000000 -.00022620  00000-0  13156-2 0  1000
2 80763  53.0000   0.0000 0000000   0.0000 327.2727 15.12078246616252
STARLINK-1021
1 45379U 98065A   24232.50000000 -.00022620  00000-0  13156-2 0  1006
2 45379  53.0000   0.0000 0000000   0.0000 343.6364 15.12078246671092
STARLINK-1022
1 49420U 98065A   24232.50000000 -.00022620  00000-0  13156-2 0  1007
2 49420  53.0000   5.0000 0000000   0.0000   0.2273 15.12078246490875
STARLINK-1023
1 87087U 98065A   24232.50000000 -.00022620  00000-0  13156-2 0  1005
2 87087  53.0000   5.0000 0000000   0.0000  16.5909 15.12078246463191
STARLINK-1024
1 27469U 98065A   24232.50000000 -.00022620  00000-0  13156-2 0  1003
2 27469  53.0000   5.0000 0000000   0.0000  32.9545 15.12078246321828
STARLINK-1025
1 10628U 98065A   24232.50000000 -.00022620  00000-0  13156-2 0  1005
2 10628  53.0000   5.0000 0000000   0.0000  49.3182 15.12078246538785
STARLINK-1026
1 21059U 98065A   24232.50000000 -.00022620  00000-0  13156-2 0  1004
2 21059  53.0000   5.0000 0000000   0.0000  65.6818 15.12078246507046
STARLINK-1027
1 45287U 98065A   24232.50000000 -.00022620  00000-0  13156-2 0  1006
2 45287  53.0000   5.0000 0000000   0.0000  82.0455 15.12078246767226
STARLINK-1028
1 94184U 98065A   24232.50000000 -.00022620  00000-0  13156-2 0  1003
2 94184  53.0000   5.0000 0000000   0.0000  98.4091 15.12078246975021
STARLINK-1029
1 86456U 98065A   24232.50000000 -.00022620  00000-0  13156-2 0  1006
2 86456  53.0000   5.0000 0000000   0.0000 114.7727 15.12078246536842
STARLINK-1030
1 22411U 98065A   24232.50000000 -.00022620  00000-0  13156-2 0  1006
2 22411  53.0000   5.0000 0000000   0.0000 131.1364 15.12078246127982
STARLINK-1031
1 97921U 98065A   24232.50000000 -.00022620  00000-0  13156-2 0  1008
2 97921  53.0000   5.0000 0000000   0.0000 147.5000 15.12078246853333
STARLINK-1032
1 40636U 98065A   24232.50000000 -.00022620  00000-0  13156-2 0  1000
2 40636  53.0000   5.0000 0000000   0.0000 163.8636 15.12078246398295
STARLINK-1033
1 84775U 98065A   24232.50000000 -.00022620  00000-0  13156-2 0  1002
2 84775  53.0000   5.0000 0000000   0.0000 180.2273 15.12078246974444
STARLINK-1034
1 37664U 98065A   24232.50000000 -.00022620  00000-0  13156-2 0  1002
2 37664  53.0000   5.0000 0000000   0.0000 196.5909 15.12078246973347
STARLINK-1035
1 64396U 98065A   24232.50000000 -.00022620  00000-0  13156-2 0  1003
2 64396  53.0000   5.0000 0000000   0.0000 212.9545 15.12078246117968
STARLINK-1036
1 33261U 98065A   24232.50000000 -.00022620  00000-0  13156-2 0  1005
2 33261  53.0000   5.0000 0000000   0.0000 229.3182 15.12078246115640
STARLINK-1037
1 38711U 98065A   24232.50000000 -.00022620  00000-0  13156-2 0  1007
2 38711  53.0000   5.0000 0000000   0.0000 245.6818 15.12078246394471
STARLINK-1038
1 89934U 98065A   24232.50000000 -.00022620  00000-0  13156-2 0  1005
2 89934  53.0000   5.0000 0000000   0.0000 262.0455 15.12078246566777
STARLINK-1039
1 68925U 98065A   24232.50000000 -.00022620  00000-0  13156-2 0  1007
2 68925  53.0000   5.0000 0000000   0.0000 278.4091 15.12078246132426
STARLINK-1040
1 38738U 98065A   24232.50000000 -.00022620  00000-0  13156-2 0  1002
2 38738  53.0000   5.0000 0000000   0.0000 294.7727 15.12078246984343
STARLINK-1041
1 16961U 98065A   24232.50000000 -.00022620  00000-0  13156-2 0  1003
2 16961  53.0000   5.0000 0000000   0.0000 311.1364 15.12078246516678
STARLINK-1042
1 18871U 98065A   24232.50000000 -.00022620  00000-0  13156-2 0  1005
2 18871  53.0000   5.0000 0000000   0.0000 327.5000 15.12078246553046
STARLINK-1043
1 18061U 98065A   24232.50000000 -.00022620  00000-0  13156-2 0  1002
2 18061  53.0000   5.0000 0000000   0.0000 343.8636 15.12078246277862
STARLINK-1044
1 10091U 98065A   24232.50000000 -.00022620  00000-0  13156-2 0  1007
2 10091  53.0000  10.0000 0000000   0.0000   0.4545 15.12078246335274
STARLINK-1045
1 83624U 98065A   24232.50000000 -.00022620  00000-0  13156-2 0  1005
2 83624  53.0000  10.0000 0000000   0.0000  16.8182 15.12078246387635
STARLINK-1046
1 66041U 98065A   24232.50000000 -.00022620  00000-0  13156-2 0  1004
2 66041  53.0000  10.0000 0000000   0.0000  33.1818 15.12078246668613
STARLINK-1047
1 40736U 98065A   24232.50000000 -.00022620  00000-0  13156-2 0  1006
2 40736  53.0000  10.0000 0000000   0.0000  49.5455 15.12078246447821
STARLINK-1048
1 68075U 98065A   24232.50000000 -.00022620  00000-0  13156-2 0  1000
2 68075  53.0000  10.0000 0000000   0.0000  65.9091 15.12078246624594
STARLINK-1049
1 21781U 98065A   24232.50000000 -.00022620  00000-0  13156-2 0  1006
2 21781  53.0000  10.0000 0000000   0.0000  82.2727 15.12078246561673
STARLINK-1050
1 70925U 98065A   24232.50000000 -.00022620  00000-0  13156-2 0  1004
2 70925  53.0000  10.0000 0000000   0.0000  98.6364 15.12078246740166
STARLINK-1051
1 68369U 98065A   24232.50000000 -.00022620  00000-0  13156-2 0  1000
2 68369  53.0000  10.0000 0000000   0.0000 115.0000 15.12078246435302
STARLINK-1052
1 14586U 98065A   24232.50000000 -.00022620  00000-0  13156-2 0  1008
2 14586  53.0000  10.0000 0000000   0.0000 131.3636 15.12078246248866
STARLINK-1053
1 84048U 98065A   24232.50000000 -.00022620  00000-0  13156-2 0  1007
2 84048  53.0000  10.0000 0000000   0.0000 147.7273 15.12078246871501
STARLINK-1054
1 91602U 98065A   24232.50000000 -.00022620  00000-0  13156-2 0  1001
2 91602  53.0000  10.0000 0000000   0.0000 164.0909 15.12078246707572
STARLINK-1055
1 71274U 98065A   24232.50000000 -.00022620  00000-0  13156-2 0  1006
2 71274  53.0000  10.0000 0000000   0.0000 180.4545 15.12078246393393
STARLINK-1056
1 23397U 98065A   24232.50000000 -.00022620  00000-0  13156-2 0  1006
2 23397  53.0000  10.0000 0000000   0.0000 196.8182 15.12078246976854
STARLINK-1057
1 73200U 98065A   24232.50000000 -.00022620  00000-0  13156-2 0  1007
2 73200  53.0000  10.0000 0000000   0.0000 213.1818 15.12078246295864
STARLINK-1058
1 75345U 98065A   24232.50000000 -.00022620  00000-0  13156-2 0  1008
2 75345  53.0000  10.0000 0000000   0.0000 229.5455 15.12078246512892
STARLINK-1059
1 19033U 98065A   24232.50000000 -.00022620  00000-0  13156-2 0  1002
2 19033  53.0000  10.0000 0000000   0.0000 245.9091 15.12078246770106
STARLINK-1060
1 53118U 98065A   24232.50000000 -.00022620  00000-0  13156-2 0  1008
2 53118  53.0000  10.0000 0000000   0.0000 262.2727 15.12078246319450
STARLINK-1061
1 36598U 98065A   24232.50000000 -.00022620  00000-0  13156-2 0  1004
2 36598  53.0000  10.0000 0000000   0.0000 278.6364 15.12078246600186
STARLINK-1062
1 10319U 98065A   24232.50000000 -.00022620  00000-0  13156-2 0  1004
2 10319  53.0000  10.0000 0000000   0.0000 295.0000 15.12078246521210
STARLINK-1063
1 43683U 98065A   24232.50000000 -.00022620  00000-0  13156-2 0  1001
2 43683  53.0000  10.0000 0000000   0.0000 311.3636 15.12078246872776
STARLINK-1064
1 15415U 98065A   24232.50000000 -.00022620  00000-0  13156-2 0  1007
2 15415  53.0000  10.0000 0000000   0.0000 327.7273 15.12078246893971
STARLINK-1065
1 61199U 98065A   24232.50000000 -.00022620  00000-0  13156-2 0  1002
2 61199  53.0000  10.0000 0000000   0.0000 344.0909 15.12078246392342
STARLINK-1066
1 50623U 98065A   24232.50000000 -.00022620  00000-0  13156-2 0  1006
2 50623  53.0000  15.0000 0000000   0.0000   0.6818 15.12078246351782
STARLINK-1067
1 51890U 98065A   24232.50000000 -.00022620  00000-0  13156-2 0  1007
2 51890  53.0000  15.0000 0000000   0.0000  17.0455 15.12078246185948
STARLINK-1068
1 41240U 98065A   24232.50000000 -.00022620  00000-0  13156-2 0  1003
2 41240  53.0000  15.0000 0000000   0.0000  33.4091 15.12078246465626
STARLINK-1069
1 80451U 98065A   24232.50000000 -.00022620  00000-0  13156-2 0  1001
2 80451  53.0000  15.0000 0000000   0.0000  49.7727 15.12078246560276
STARLINK-1070
1 31216U 98065A   24232.50000000 -.00022620  00000-0  13156-2 0  1002
2 31216  53.0000  15.0000 0000000   0.0000  66.1364 15.12078246741354
STARLINK-1071
1 50094U 98065A   24232.50000000 -.00022620  00000-0  13156-2 0  1002
2 50094  53.0000  15.0000 0000000   0.0000  82.5000 15.12078246856735
STARLINK-1072
1 55263U 98065A   24232.50000000 -.00022620  00000-0  13156-2 0  1004
2 55263  53.0000  15.0000 0000000   0.0000  98.8636 15.12078246259932
STARLINK-1073
1 31868U 98065A   24232.50000000 -.00022620  00000-0  13156-2 0  1006
2 31868  53.0000  15.0000 0000000   0.0000 115.2273 15.12078246848891
STARLINK-1074
1 47217U 98065A   24232.50000000 -.00022620  00000-0  13156-2 0  1003
2 47217  53.0000  15.0000 0000000   0.0000 131.5909 15.12078246695054
STARLINK-1075
1 72469U 98065A   24232.50000000 -.00022620  00000-0  13156-2 0  1001
2 72469  53.0000  15.0000 0000000   0.0000 147.9545 15.12078246579678
STARLINK-1076
1 55543U 98065A   24232.50000000 -.00022620  00000-0  13156-2 0  1005
2 55543  53.0000  15.0000 0000000   0.0000 164.3182 15.12078246577047
STARLINK-1077
1 19069U 98065A   24232.50000000 -.00022620  00000-0  13156-2 0  1004
2 19069  53.0000  15.0000 0000000   0.0000 180.6818 15.12078246181260
STARLINK-1078
1 19500U 98065A   24232.50000000 -.00022620  00000-0  13156-2 0  1007
2 19500  53.0000  15.0000 0000000   0.0000 197.0455 15.12078246982668
STARLINK-1079
1 59512U 98065A   24232.50000000 -.00022620  00000-0  13156-2 0  1007
2 59512  53.0000  15.0000 0000000   0.0000 213.4091 15.12078246814025
STARLINK-1080
1 36025U 98065A   24232.50000000 -.00022620  00000-0  13156-2 0  1001
2 36025  53.0000  15.0000 0000000   0.0000 229.7727 15.12078246502998
STARLINK-1081
1 58338U 98065A   24232.50000000 -.00022620  00000-0  13156-2 0  1002
2 58338  53.0000  15.0000 0000000   0.0000 246.1364 15.12078246107786
STARLINK-1082
1 42724U 98065A   24232.50000000 -.00022620  00000-0  13156-2 0  1002
2 42724  53.0000  15.0000 0000000   0.0000 262.5000 15.12078246477363
STARLINK-1083
1 54228U 98065A   24232.50000000 -.00022620  00000-0  13156-2 0  1005
2 54228  53.0000  15.0000 0000000   0.0000 278.8636 15.12078246755661
STARLINK-1084
1 16078U 98065A   24232.50000000 -.00022620  00000-0  13156-2 0  1008
2 16078  53.0000  15.0000 0000000   0.0000 295.2273 15.12078246846930
STARLINK-1085
1 49476U 98065A   24232.50000000 -.00022620  00000-0  13156-2 0  1004
2 49476  53.0000  15.0000 0000000   0.0000 311.5909 15.12078246902835
STARLINK-1086
1 32228U 98065A   24232.50000000 -.00022620  00000-0  13156-2 0  1003
2 32228  53.0000  15.0000 0000000   0.0000 327.9545 15.12078246943711
STARLINK-1087
1 81642U 98065A   24232.50000000 -.00022620  00000-0  13156-2 0  1008
2 81642  53.0000  15.0000 0000000   0.0000 344.3182 15.12078246597033
STARLINK-1088
1 63874U 98065A   24232.50000000 -.00022620  00000-0  13156-2 0  1002
2 63874  53.0000  20.0000 0000000   0.0000   0.9091 15.12078246857653
STARLINK-1089
1 67547U 98065A   24232.50000000 -.00022620  00000-0  13156-2 0  1001
2 67547  53.0000  20.0000 0000000   0.0000  17.2727 15.12078246136780
STARLINK-1090
1 67155U 98065A   24232.50000000 -.00022620  00000-0  13156-2 0  1002
2 67155  53.0000  20.0000 0000000   0.0000  33.6364 15.12078246769944
STARLINK-1091
1 37516U 98065A   24232.50000000 -.00022620  00000-0  13156-2 0  1008
2 37516  53.0000  20.0000 0000000   0.0000  50.0000 15.12078246416690
STARLINK-1092
1 55341U 98065A   24232.50000000 -.00022620  00000-0  13156-2 0  1008
2 55341  53.0000  20.0000 0000000   0.0000  66.3636 15.12078246288570
STARLINK-1093
1 34922U 98065A   24232.50000000 -.00022620  00000-0  13156-2 0  1008
2 34922  53.0000  20.0000 0000000   0.0000  82.7273 15.12078246620818
STARLINK-1094
1 14359U 98065A   24232.50000000 -.00022620  00000-0  13156-2 0  1002
2 14359  53.0000  20.0000 0000000   0.0000  99.0909 15.12078246464648
STARLINK-1095
1 45852U 98065A   24232.50000000 -.00022620  00000-0  13156-2 0  1004
2 45852  53.0000  20.0000 0000000   0.0000 115.4545 15.12078246527836
STARLINK-1096
1 77221U 98065A   24232.50000000 -.00022620  00000-0  13156-2 0  1003
2 77221  53.0000  20.0000 0000000   0.0000 131.8182 15.12078246616203
STARLINK-1097
1 20939U 98065A   24232.50000000 -.00022620  00000-0  13156-2 0  1006
2 20939  53.0000  20.0000 0000000   0.0000 148.1818 15.12078246371223
STARLINK-1098
1 89373U 98065A   24232.50000000 -.00022620  00000-0  13156-2 0  1005
2 89373  53.0000  20.0000 0000000   0.0000 164.5455 15.12078246171850
STARLINK-1099
1 66400U 98065A   24232.50000000 -.00022620  00000-0  13156-2 0  1004
2 66400  53.0000  20.0000 0000000   0.0000 180.9091 15.12078246469272
STARLINK-1100
1 97682U 98065A   24232.50000000 -.00022620  00000-0  13156-2 0  1002
2 97682  53.0000  20.0000 0000000   0.0000 197.2727 15.12078246725401
STARLINK-1101
1 91446U 98065A   24232.50000000 -.00022620  00000-0  13156-2 0  1007
2 91446  53.0000  20.0000 0000000   0.0000 213.6364 15.12078246428043
STARLINK-1102
1 99315U 98065A   24232.50000000 -.00022620  00000-0  13156-2 0  1001
2 99315  53.0000  20.0000 0000000   0.0000 230.0000 15.12078246681666
STARLINK-1103
1 25253U 98065A   24232.50000000 -.00022620  00000-0  13156-2 0  1008
2 25253  53.0000  20.0000 0000000   0.0000 246.3636 15.12078246257453
STARLINK-1104
1 46956U 98065A   24232.50000000 -.00022620  00000-0  13156-2 0  1004
2 46956  53.0000  20.0000 0000000   0.0000 262.7273 15.12078246558225
STARLINK-1105
1 63844U 98065A   24232.50000000 -.00022620  00000-0  13156-2 0  1001
2 63844  53.0000  20.0000 0000000   0.0000 279.0909 15.12078246994747
STARLINK-1106
1 62147U 98065A   24232.50000000 -.00022620  00000-0  13156-2 0  1006
2 62147  53.0000  20.0000 0000000   0.0000 295.4545 15.12078246523271
STARLINK-1107
1 12279U 98065A   24232.50000000 -.00022620  00000-0  13156-2 0  1000
2 12279  53.0000  20.0000 0000000   0.0000 311.8182 15.12078246811155
STARLINK-1108
1 68215U 98065A   24232.50000000 -.00022620  00000-0  13156-2 0  1007
2 68215  53.0000  20.0000 0000000   0.0000 328.1818 15.12078246169418
STARLINK-1109
1 68354U 98065A   24232.50000000 -.00022620  00000-0  13156-2 0  1005
2 68354  53.0000  20.0000 0000000   0.0000 344.5455 15.12078246868217
STARLINK-1110
1 68936U 98065A   24232.50000000 -.00022620  00000-0  13156-2 0  1008
2 68936  53.0000  25.0000 0000000   0.0000   1.1364 15.12078246385633
STARLINK-1111
1 38727U 98065A   24232.50000000 -.00022620  00000-0  13156-2 0  1008
2 38727  53.0000  25.0000 0000000   0.0000  17.5000 15.12078246809467
STARLINK-1112
1 41288U 98065A   24232.50000000 -.00022620  00000-0  13156-2 0  1008
2 41288  53.0000  25.0000 0000000   0.0000  33.8636 15.12078246260466
STARLINK-1113
1 35706U 98065A   24232.50000000 -.00022620  00000-0  13156-2 0  1004
2 35706  53.0000  25.0000 0000000   0.0000  50.2273 15.12078246885726
STARLINK-1114
1 45456U 98065A   24232.50000000 -.00022620  00000-0  13156-2 0  1006
2 45456  53.0000  25.0000 0000000   0.0000  66.5909 15.12078246932853
STARLINK-1115
1 79542U 98065A   24232.50000000 -.00022620  00000-0  13156-2 0  1000
2 79542  53.0000  25.0000 0000000   0.0000  82.9545 15.12078246432123
STARLINK-1116
1 45483U 98065A   24232.50000000 -.00022620  00000-0  13156-2 0  1005
2 45483  53.0000  25.0000 0000000   0.0000  99.3182 15.12078246565762
STARLINK-1117
1 58851U 98065A   24232.50000000 -.00022620  00000-0  13156-2 0  1006
2 58851  53.0000  25.0000 0000000   0.0000 115.6818 15.12078246216474
STARLINK-1118
1 26534U 98065A   24232.50000000 -.00022620  00000-0  13156-2 0  1000
2 26534  53.0000  25.0000 0000000   0.0000 132.0455 15.12078246900427
STARLINK-1119
1 94103U 98065A   24232.50000000 -.00022620  00000-0  13156-2 0  1008
2 94103  53.0000  25.0000 0000000   0.0000 148.4091 15.12078246956392
STARLINK-1120
1 77082U 98065A   24232.50000000 -.00022620  00000-0  13156-2 0  1003
2 77082  53.0000  25.0000 0000000   0.0000 164.7727 15.12078246911601
STARLINK-1121
1 13892U 98065A   24232.50000000 -.00022620  00000-0  13156-2 0  1001
2 13892  53.0000  25.0000 0000000   0.0000 181.1364 15.12078246285552
STARLINK-1122
1 53216U 98065A   24232.50000000 -.00022620  00000-0  13156-2 0  1001
2 53216  53.0000  25.0000 0000000   0.0000 197.5000 15.12078246294030
STARLINK-1123
1 66768U 98065A   24232.50000000 -.00022620  00000-0  13156-2 0  1007
2 66768  53.0000  25.0000 0000000   0.0000 213.8636 15.12078246864178
STARLINK-1124
1 15226U 98065A   24232.50000000 -.00022620  00000-0  13156-2 0  1006
2 15226  53.0000  25.0000 0000000   0.0000 230.2273 15.12078246379318
STARLINK-1125
1 61791U 98065A   24232.50000000 -.00022620  00000-0  13156-2 0  1008
2 61791  53.0000  25.0000 0000000   0.0000 246.5909 15.12078246774923
STARLINK-1126
1 56769U 98065A   24232.50000000 -.00022620  00000-0  13156-2 0  1007
2 56769  53.0000  25.0000 0000000   0.0000 262.9545 15.12078246549872
STARLINK-1127
1 93491U 98065A   24232.50000000 -.00022620  00000-0  13156-2 0  1004
2 93491  53.0000  25.0000 0000000   0.0000 279.3182 15.12078246119507
STARLINK-1128
1 36338U 98065A   24232.50000000 -.00022620  00000-0  13156-2 0  1001
2 36338  53.0000  25.0000 0000000   0.0000 295.6818 15.12078246917692
STARLINK-1129
1 62913U 98065A   24232.50000000 -.00022620  00000-0  13156-2 0  1008
2 62913  53.0000  25.0000 0000000   0.0000 312.0455 15.12078246305460
STARLINK-1130
1 37351U 98065A   24232.50000000 -.00022620  00000-0  13156-2 0  1003
2 37351  53.0000  25.0000 0000000   0.0000 328.4091 15.12078246817485
STARLINK-1131
1 57582U 98065A   24232.50000000 -.00022620  00000-0  13156-2 0  1006
2 57582  53.0000  25.0000 0000000   0.0000 344.7727 15.12078246400051
STARLINK-1132
1 88448U 98065A   24232.50000000 -.00022620  00000-0  13156-2 0  1000
2 88448  53.0000  30.0000 0000000   0.0000   1.3636 15.12078246573353
STARLINK-1133
1 17309U 98065A   24232.50000000 -.00022620  00000-0  13156-2 0  1005
2 17309  53.0000  30.0000 0000000   0.0000  17.7273 15.12078246615838
STARLINK-1134
1 46576U 98065A   24232.50000000 -.00022620  00000-0  13156-2 0  1006
2 46576  53.0000  30.0000 0000000   0.0000  34.0909 15.12078246747511
STARLINK-1135
1 30665U 98065A   24232.50000000 -.00022620  00000-0  13156-2 0  1008
2 30665  53.0000  30.0000 0000000   0.0000  50.4545 15.12078246759495
STARLINK-1136
1 69248U 98065A   24232.50000000 -.00022620  00000-0  13156-2 0  1000
2 69248  53.0000  30.0000 0000000   0.0000  66.8182 15.12078246545060
STARLINK-1137
1 20791U 98065A   24232.50000000 -.00022620  00000-0  13156-2 0  1008
2 20791  53.0000  30.0000 0000000   0.0000  83.1818 15.12078246581702
STARLINK-1138
1 28684U 98065A   24232.50000000 -.00022620  00000-0  13156-2 0  1005
2 28684  53.0000  30.0000 0000000   0.0000  99.5455 15.12078246439023
STARLINK-1139
1 45941U 98065A   24232.50000000 -.00022620  00000-0  13156-2 0  1007
2 45941  53.0000  30.0000 0000000   0.0000 115.9091 15.12078246219440
STARLINK-1140
1 98865U 98065A   24232.50000000 -.00022620  00000-0  13156-2 0  1002
2 98865  53.0000  30.0000 0000000   0.0000 132.2727 15.12078246818142
STARLINK-1141
1 58875U 98065A   24232.50000000 -.00022620  00000-0  13156-2 0  1000
2 58875  53.0000  30.0000 0000000   0.0000 148.6364 15.12078246185374
STARLINK-1142
1 59999U 98065A   24232.50000000 -.00022620  00000-0  13156-2 0  1005
2 59999  53.0000  30.0000 0000000   0.0000 165.0000 15.12078246365325
STARLINK-1143
1 80963U 98065A   24232.50000000 -.00022620  00000-0  13156-2 0  1004
2 80963  53.0000  30.0000 0000000   0.0000 181.3636 15.12078246181452
STARLINK-1144
1 11606U 98065A   24232.50000000 -.00022620  00000-0  13156-2 0  1003
2 11606  53.0000  30.0000 0000000   0.0000 197.7273 15.12078246636665
STARLINK-1145
1 99180U 98065A   24232.50000000 -.00022620  00000-0  13156-2 0  1004
2 99180  53.0000  30.0000 0000000   0.0000 214.0909 15.12078246575143
STARLINK-1146
1 27213U 98065A   24232.50000000 -.00022620  00000-0  13156-2 0  1002
2 27213  53.0000  30.0000 0000000   0.0000 230.4545 15.12078246289024
STARLINK-1147
1 74125U 98065A   24232.50000000 -.00022620  00000-0  13156-2 0  1002
2 74125  53.0000  30.0000 0000000   0.0000 246.8182 15.12078246884190
STARLINK-1148
1 82305U 98065A   24232.50000000 -.00022620  00000-0  13156-2 0  1003
2 82305  53.0000  30.0000 0000000   0.0000 263.1818 15.12078246129858
STARLINK-1149
1 87383U 98065A   24232.50000000 -.00022620  00000-0  13156-2 0  1002
2 87383  53.0000  30.0000 0000000   0.0000 279.5455 15.12078246443991
STARLINK-1150
1 64930U 98065A   24232.50000000 -.00022620  00000-0  13156-2 0  1000
2 64930  53.0000  30.0000 0000000   0.0000 295.9091 15.12078246315730
STARLINK-1151
1 35950U 98065A   24232.50000000 -.00022620  00000-0  13156-2 0  1002
2 35950  53.0000  30.0000 0000000   0.0000 312.2727 15.12078246792968
STARLINK-1152
1 89915U 98065A   24232.50000000 -.00022620  00000-0  13156-2 0  1000
2 89915  53.0000  30.0000 0000000   0.0000 328.6364 15.12078246749566
STARLINK-1153
1 81934U 98065A   24232.50000000 -.00022620  00000-0  13156-2 0  1004
2 81934  53.0000  30.0000 0000000   0.0000 345.0000 15.12078246767435
STARLINK-1154
1 36358U 98065A   24232.50000000 -.00022620  00000-0  13156-2 0  1006
2 36358  53.0000  35.0000 0000000   0.0000   1.5909 15.12078246816886
STARLINK-1155
1 67082U 98065A   24232.50000000 -.00022620  00000-0  13156-2 0  1000
2 67082  53.0000  35.0000 0000000   0.0000  17.9545 15.12078246519892
STARLINK-1156
1 58984U 98065A   24232.50000000 -.00022620  00000-0  13156-2 0  1007
2 58984  53.0000  35.0000 0000000   0.0000  34.3182 15.12078246565642
STARLINK-1157
1 32281U 98065A   24232.50000000 -.00022620  00000-0  13156-2 0  1005
2 32281  53.0000  35.0000 0000000   0.0000  50.6818 15.12078246757225
STARLINK-1158
1 88385U 98065A   24232.50000000 -.00022620  00000-0  13156-2 0  1001
2 88385  53.0000  35.0000 0000000   0.0000  67.0455 15.12078246116182
STARLINK-1159
1 21538U 98065A   24232.50000000 -.00022620  00000-0  13156-2 0  1007
2 21538  53.0000  35.0000 0000000   0.0000  83.4091 15.12078246783470
STARLINK-1160
1 33288U 98065A   24232.50000000 -.00022620  00000-0  13156-2 0  1000
2 33288  53.0000  35.0000 0000000   0.0000  99.7727 15.12078246196483
STARLINK-1161
1 79902U 98065A   24232.50000000 -.00022620  00000-0  13156-2 0  1005
2 79902  53.0000  35.0000 0000000   0.0000 116.1364 15.12078246717761
STARLINK-1162
1 89117U 98065A   24232.50000000 -.00022620  00000-0  13156-2 0  1004
2 89117  53.0000  35.0000 0000000   0.0000 132.5000 15.12078246364498
STARLINK-1163
1 15491U 98065A   24232.50000000 -.00022620  00000-0  13156-2 0  1008
2 15491  53.0000  35.0000 0000000   0.0000 148.8636 15.12078246430296
STARLINK-1164
1 24649U 98065A   24232.50000000 -.00022620  00000-0  13156-2 0  1000
2 24649  53.0000  35.0000 0000000   0.0000 165.2273 15.12078246293537
STARLINK-1165
1 24053U 98065A   24232.50000000 -.00022620  00000-0  13156-2 0  1002
2 24053  53.0000  35.0000 0000000   0.0000 181.5909 15.12078246316832
STARLINK-1166
1 78185U 98065A   24232.50000000 -.00022620  00000-0  13156-2 0  1000
2 78185  53.0000  35.0000 0000000   0.0000 197.9545 15.12078246720604
STARLINK-1167
1 65408U 98065A   24232.50000000 -.00022620  00000-0  13156-2 0  1004
2 65408  53.0000  35.0000 0000000   0.0000 214.3182 15.12078246178667
STARLINK-1168
1 65333U 98065A   24232.50000000 -.00022620  00000-0  13156-2 0  1003
2 65333  53.0000  35.0000 0000000   0.0000 230.6818 15.12078246244707
STARLINK-1169
1 13723U 98065A   24232.50000000 -.00022620  00000-0  13156-2 0  1000
2 13723  53.0000  35.0000 0000000   0.0000 247.0455 15.12078246804974
STARLINK-1170
1 96061U 98065A   24232.50000000 -.00022620  00000-0  13156-2 0  1005
2 96061  53.0000  35.0000 0000000   0.0000 263.4091 15.12078246331233
STARLINK-1171
1 99629U 98065A   24232.50000000 -.00022620  00000-0  13156-2 0  1000
2 99629  53.0000  35.0000 0000000   0.0000 279.7727 15.12078246752154
STARLINK-1172
1 16409U 98065A   24232.50000000 -.00022620  00000-0  13156-2 0  1008
2 16409  53.0000  35.0000 0000000   0.0000 296.1364 15.12078246995958
STARLINK-1173
1 69747U 98065A   24232.50000000 -.00022620  00000-0  13156-2 0  1005
2 69747  53.0000  35.0000 0000000   0.0000 312.5000 15.12078246107111
STARLINK-1174
1 56447U 98065A   24232.50000000 -.00022620  00000-0  13156-2 0  1006
2 56447  53.0000  35.0000 0000000   0.0000 328.8636 15.12078246608993
STARLINK-1175
1 61411U 98065A   24232.50000000 -.00022620  00000-0  13156-2 0  1006
2 61411  53.0000  35.0000 0000000   0.0000 345.2273 15.12078246818888
STARLINK-1176
1 38939U 98065A   24232.50000000 -.00022620  00000-0  13156-2 0  1000
2 38939  53.0000  40.0000 0000000   0.0000   1.8182 15.12078246774778
STARLINK-1177
1 63915U 98065A   24232.50000000 -.00022620  00000-0  13156-2 0  1002
2 63915  53.0000  40.0000 0000000   0.0000  18.1818 15.12078246825978
STARLINK-1178
1 26250U 98065A   24232.50000000 -.00022620  00000-0  13156-2 0  1008
2 26250  53.0000  40.0000 0000000   0.0000  34.5455 15.12078246225905
STARLINK-1179
1 46949U 98065A   24232.50000000 -.00022620  00000-0  13156-2 0  1008
2 46949  53.0000  40.0000 0000000   0.0000  50.9091 15.12078246491102
STARLINK-1180
1 77144U 98065A   24232.50000000 -.00022620  00000-0  13156-2 0  1000
2 77144  53.0000  40.0000 0000000   0.0000  67.2727 15.12078246347168
STARLINK-1181
1 95818U 98065A   24232.50000000 -.00022620  00000-0  13156-2 0  1007
2 95818  53.0000  40.0000 0000000   0.0000  83.6364 15.12078246508144
STARLINK-1182
1 30995U 98065A   24232.50000000 -.00022620  00000-0  13156-2 0  1007
2 30995  53.0000  40.0000 0000000   0.0000 100.0000 15.12078246483340
STARLINK-1183
1 41389U 98065A   24232.50000000 -.00022620  00000-0  13156-2 0  1008
2 41389  53.0000  40.0000 0000000   0.0000 116.3636 15.12078246455332
STARLINK-1184
1 25454U 98065A   24232.50000000 -.00022620  00000-0  13156-2 0  1000
2 25454  53.0000  40.0000 0000000   0.0000 132.7273 15.12078246240417
STARLINK-1185
1 22461U 98065A   24232.50000000 -.00022620  00000-0  13156-2 0  1008
2 22461  53.0000  40.0000 0000000   0.0000 149.0909 15.12078246523262
STARLINK-1186
1 33803U 98065A   24232.50000000 -.00022620  00000-0  13156-2 0  1000
2 33803  53.0000  40.0000 0000000   0.0000 165.4545 15.12078246389198
STARLINK-1187
1 56033U 98065A   24232.50000000 -.00022620  00000-0  13156-2 0  1003
2 56033  53.0000  40.0000 0000000   0.0000 181.8182 15.12078246628655
STARLINK-1188
1 69323U 98065A   24232.50000000 -.00022620  00000-0  13156-2 0  1000
2 69323  53.0000  40.0000 0000000   0.0000 198.1818 15.12078246651188
STARLINK-1189
1 75603U 98065A   24232.50000000 -.00022620  00000-0  13156-2 0  1002
2 75603  53.0000  40.0000 0000000   0.0000 214.5455 15.12078246778235
STARLINK-1190
1 49068U 98065A   24232.50000000 -.00022620  00000-0  13156-2 0  1005
2 49068  53.0000  40.0000 0000000   0.0000 230.9091 15.12078246800022
STARLINK-1191
1 41612U 98065A   24232.50000000 -.00022620  00000-0  13156-2 0  1007
2 41612  53.0000  40.0000 0000000   0.0000 247.2727 15.12078246264891
STARLINK-1192
1 34790U 98065A   24232.50000000 -.00022620  00000-0  13156-2 0  1004
2 34790  53.0000  40.0000 0000000   0.0000 263.6364 15.12078246393971
STARLINK-1193
1 20091U 98065A   24232.50000000 -.00022620  00000-0  13156-2 0  1006
2 20091  53.0000  40.0000 0000000   0.0000 280.0000 15.12078246411184
STARLINK-1194
1 71612U 98065A   24232.50000000 -.00022620  00000-0  13156-2 0  1002
2 71612  53.0000  40.0000 0000000   0.0000 296.3636 15.12078246498378
STARLINK-1195
1 35229U 98065A   24232.50000000 -.00022620  00000-0  13156-2 0  1008
2 35229  53.0000  40.0000 0000000   0.0000 312.7273 15.12078246414865
STARLINK-1196
1 25528U 98065A   24232.50000000 -.00022620  00000-0  13156-2 0  1000
2 25528  53.0000  40.0000 0000000   0.0000 329.0909 15.12078246705636
STARLINK-1197
1 99612U 98065A   24232.50000000 -.00022620  00000-0  13156-2 0  1001
2 99612  53.0000  40.0000 0000000   0.0000 345.4545 15.12078246626766
STARLINK-1198
1 67475U 98065A   24232.50000000 -.00022620  00000-0  13156-2 0  1005
2 67475  53.0000  45.0000 0000000   0.0000   2.0455 15.12078246709817
STARLINK-1199
1 51652U 98065A   24232.50000000 -.00022620  00000-0  13156-2 0  1000
2 51652  53.0000  45.0000 0000000   0.0000  18.4091 15.12078246751557
STARLINK-1200
1 62888U 98065A   24232.50000000 -.00022620  00000-0  13156-2 0  1007
2 62888  53.0000  45.0000 0000000   0.0000  34.7727 15.12078246974588
STARLINK-1201
1 38420U 98065A   24232.50000000 -.00022620  00000-0  13156-2 0  1000
2 38420  53.0000  45.0000 0000000   0.0000  51.1364 15.12078246179068
STARLINK-1202
1 10140U 98065A   24232.50000000 -.00022620  00000-0  13156-2 0  1005
2 10140  53.0000  45.0000 0000000   0.0000  67.5000 15.12078246989962
STARLINK-1203
1 23224U 98065A   24232.50000000 -.00022620  00000-0  13156-2 0  1003
2 23224  53.0000  45.0000 0000000   0.0000  83.8636 15.12078246674774
STARLINK-1204
1 34313U 98065A   24232.50000000 -.00022620  00000-0  13156-2 0  1001
2 34313  53.0000  45.0000 0000000   0.0000 100.2273 15.12078246130254
STARLINK-1205
1 29043U 98065A   24232.50000000 -.00022620  00000-0  13156-2 0  1000
2 29043  53.0000  45.0000 0000000   0.0000 116.5909 15.12078246342422
STARLINK-1206
1 43653U 98065A   24232.50000000 -.00022620  00000-0  13156-2 0  1003
2 43653  53.0000  45.0000 0000000   0.0000 132.9545 15.12078246578768
STARLINK-1207
1 39106U 98065A   24232.50000000 -.00022620  00000-0  13156-2 0  1006
2 39106  53.0000  45.0000 0000000   0.0000 149.3182 15.12078246738534
STARLINK-1208
1 78345U 98065A   24232.50000000 -.00022620  00000-0  13156-2 0  1002
2 78345  53.0000  45.0000 0000000   0.0000 165.6818 15.12078246500131
STARLINK-1209
1 91656U 98065A   24232.50000000 -.00022620  00000-0  13156-2 0  1003
2 91656  53.0000  45.0000 0000000   0.0000 182.0455 15.12078246968630
STARLINK-1210
1 61470U 98065A   24232.50000000 -.00022620  00000-0  13156-2 0  1007
2 61470  53.0000  45.0000 0000000   0.0000 198.4091 15.12078246201140
STARLINK-1211
1 13681U 98065A   24232.50000000 -.00022620  00000-0  13156-2 0  1005
2 13681  53.0000  45.0000 0000000   0.0000 214.7727 15.12078246775203
STARLINK-1212
1 24160U 98065A   24232.50000000 -.00022620  00000-0  13156-2 0  1007
2 24160  53.0000  45.0000 0000000   0.0000 231.1364 15.12078246126342
STARLINK-1213
1 12413U 98065A   24232.50000000 -.00022620  00000-0  13156-2 0  1000
2 12413  53.0000  45.0000 0000000   0.0000 247.5000 15.12078246450692
STARLINK-1214
1 30558U 98065A   24232.50000000 -.00022620  00000-0  13156-2 0  1001
2 30558  53.0000  45.0000 0000000   0.0000 263.8636 15.12078246423318
STARLINK-1215
1 81509U 98065A   24232.50000000 -.00022620  00000-0  13156-2 0  1002
2 81509  53.0000  45.0000 0000000   0.0000 280.2273 15.12078246262014
STARLINK-1216
1 41906U 98065A   24232.50000000 -.00022620  00000-0  13156-2 0  1003
2 41906  53.0000  45.0000 0000000   0.0000 296.5909 15.12078246940318
STARLINK-1217
1 97252U 98065A   24232.50000000 -.00022620  00000-0  13156-2 0  1004
2 97252  53.0000  45.0000 0000000   0.0000 312.9545 15.12078246553003
STARLINK-1218
1 90671U 98065A   24232.50000000 -.00022620  00000-0  13156-2 0  1000
2 90671  53.0000  45.0000 0000000   0.0000 329.3182 15.12078246357308
STARLINK-1219
1 98271U 98065A   24232.50000000 -.00022620  00000-0  13156-2 0  1007
2 98271  53.0000  45.0000 0000000   0.0000 345.6818 15.12078246893276
STARLINK-1220
1 55922U 98065A   24232.50000000 -.00022620  00000-0  13156-2 0  1004
2 55922  53.0000  50.0000 0000000   0.0000   2.2727 15.12078246201130
STARLINK-1221
1 61673U 98065A   24232.50000000 -.00022620  00000-0  13156-2 0  1004
2 61673  53.0000  50.0000 0000000   0.0000  18.6364 15.12078246368312
STARLINK-1222
1 32319U 98065A   24232.50000000 -.00022620  00000-0  13156-2 0  1007
2 32319  53.0000  50.0000 0000000   0.0000  35.0000 15.12078246304246
STARLINK-1223
1 21783U 98065A   24232.50000000 -.00022620  00000-0  13156-2 0  1008
2 21783  53.0000  50.0000 0000000   0.0000  51.3636 15.12078246459470
STARLINK-1224
1 23754U 98065A   24232.50000000 -.00022620  00000-0  13156-2 0  1001
2 23754  53.0000  50.0000 0000000   0.0000  67.7273 15.12078246770250
STARLINK-1225
1 56745U 98065A   24232.50000000 -.00022620  00000-0  13156-2 0  1004
2 56745  53.0000  50.0000 0000000   0.0000  84.0909 15.12078246142772
STARLINK-1226
1 37502U 98065A   24232.50000000 -.00022620  00000-0  13156-2 0  1006
2 37502  53.0000  50.0000 0000000   0.0000 100.4545 15.12078246442990
STARLINK-1227
1 19199U 98065A   24232.50000000 -.00022620  00000-0  13156-2 0  1006
2 19199  53.0000  50.0000 0000000   0.0000 116.8182 15.12078246633137
STARLINK-1228
1 27636U 98065A   24232.50000000 -.00022620  00000-0  13156-2 0  1001
2 27636  53.0000  50.0000 0000000   0.0000 133.1818 15.12078246750181
STARLINK-1229
1 69211U 98065A   24232.50000000 -.00022620  00000-0  13156-2 0  1006
2 69211  53.0000  50.0000 0000000   0.0000 149.5455 15.12078246616591
STARLINK-1230
1 55865U 98065A   24232.50000000 -.00022620  00000-0  13156-2 0  1004
2 55865  53.0000  50.0000 0000000   0.0000 165.9091 15.12078246456478
STARLINK-1231
1 24406U 98065A   24232.50000000 -.00022620  00000-0  13156-2 0  1004
2 24406  53.0000  50.0000 0000000   0.0000 182.2727 15.12078246522934
STARLINK-1232
1 99618U 98065A   24232.50000000 -.00022620  00000-0  13156-2 0  1001
2 99618  53.0000  50.0000 0000000   0.0000 198.6364 15.12078246912885
STARLINK-1233
1 19486U 98065A   24232.50000000 -.00022620  00000-0  13156-2 0  1006
2 19486  53.0000  50.0000 0000000   0.0000 215.0000 15.12078246894555
STARLINK-1234
1 74975U 98065A   24232.50000000 -.00022620  00000-0  13156-2 0  1004
2 74975  53.0000  50.0000 0000000   0.0000 231.3636 15.12078246948595
STARLINK-1235
1 16743U 98065A   24232.50000000 -.00022620  00000-0  13156-2 0  1002
2 16743  53.0000  50.0000 0000000   0.0000 247.7273 15.12078246756966
STARLINK-1236
1 34964U 98065A   24232.50000000 -.00022620  00000-0  13156-2 0  1004
2 34964  53.0000  50.0000 0000000   0.0000 264.0909 15.12078246821428
STARLINK-1237
1 31268U 98065A   24232.50000000 -.00022620  00000-0  13156-2 0  1002
2 31268  53.0000  50.0000 0000000   0.0000 280.4545 15.12078246558742
STARLINK-1238
1 41950U 98065A   24232.50000000 -.00022620  00000-0  13156-2 0  1002
2 41950  53.0000  50.0000 0000000   0.0000 296.8182 15.12078246508613
STARLINK-1239
1 21816U 98065A   24232.50000000 -.00022620  00000-0  13156-2 0  1000
2 21816  53.0000  50.0000 0000000   0.0000 313.1818 15.12078246651994
STARLINK-1240
1 51547U 98065A   24232.50000000 -.00022620  00000-0  13156-2 0  1002
2 51547  53.0000  50.0000 0000000   0.0000 329.5455 15.12078246301894
STARLINK-1241
1 14563U 98065A   24232.50000000 -.00022620  00000-0  13156-2 0  1004
2 14563  53.0000  50.0000 0000000   0.0000 345.9091 15.12078246960456
STARLINK-1242
1 73516U 98065A   24232.50000000 -.00022620  00000-0  13156-2 0  1004
2 73516  53.0000  55.0000 0000000   0.0000   2.5000 15.12078246760992
STARLINK-1243
1 41332U 98065A   24232.50000000 -.00022620  00000-0  13156-2 0  1003
2 41332  53.0000  55.0000 0000000   0.0000  18.8636 15.12078246878333
STARLINK-1244
1 74124U 98065A   24232.50000000 -.00022620  00000-0  13156-2 0  1003
2 74124  53.0000  55.0000 0000000   0.0000  35.2273 15.12078246568272
STARLINK-1245
1 80106U 98065A   24232.50000000 -.00022620  00000-0  13156-2 0  1004
2 80106  53.0000  55.0000 0000000   0.0000  51.5909 15.12078246800733
STARLINK-1246
1 40513U 98065A   24232.50000000 -.00022620  00000-0  13156-2 0  1008
2 40513  53.0000  55.0000 0000000   0.0000  67.9545 15.12078246415180
STARLINK-1247
1 68684U 98065A   24232.50000000 -.00022620  00000-0  13156-2 0  1006
2 68684  53.0000  55.0000 0000000   0.0000  84.3182 15.12078246339763
STARLINK-1248
1 17868U 98065A   24232.50000000 -.00022620  00000-0  13156-2 0  1006
2 17868  53.0000  55.0000 0000000   0.0000 100.6818 15.12078246534021
STARLINK-1249
1 17204U 98065A   24232.50000000 -.00022620  00000-0  13156-2 0  1004
2 17204  53.0000  55.0000 0000000   0.0000 117.0455 15.12078246418067
STARLINK-1250
1 26031U 98065A   24232.50000000 -.00022620  00000-0  13156-2 0  1003
2 26031  53.0000  55.0000 0000000   0.0000 133.4091 15.12078246638670
STARLINK-1251
1 33699U 98065A   24232.50000000 -.00022620  00000-0  13156-2 0  1006
2 33699  53.0000  55.0000 0000000   0.0000 149.7727 15.12078246429776
STARLINK-1252
1 69831U 98065A   24232.50000000 -.00022620  00000-0  13156-2 0  1007
2 69831  53.0000  55.0000 0000000   0.0000 166.1364 15.12078246195062
STARLINK-1253
1 18144U 98065A   24232.50000000 -.00022620  00000-0  13156-2 0  1004
2 18144  53.0000  55.0000 0000000   0.0000 182.5000 15.12078246801033
STARLINK-1254
1 11089U 98065A   24232.50000000 -.00022620  00000-0  13156-2 0  1007
2 11089  53.0000  55.0000 0000000   0.0000 198.8636 15.12078246120387
STARLINK-1255
1 20299U 98065A   24232.50000000 -.00022620  00000-0  13156-2 0  1004
2 20299  53.0000  55.0000 0000000   0.0000 215.2273 15.12078246285455
STARLINK-1256
1 75969U 98065A   24232.50000000 -.00022620  00000-0  13156-2 0  1008
2 75969  53.0000  55.0000 0000000   0.0000 231.5909 15.12078246768302
STARLINK-1257
1 61975U 98065A   24232.50000000 -.00022620  00000-0  13156-2 0  1008
2 61975  53.0000  55.0000 0000000   0.0000 247.9545 15.12078246103620
STARLINK-1258
1 26123U 98065A   24232.50000000 -.00022620  00000-0  13156-2 0  1006
2 26123  53.0000  55.0000 0000000   0.0000 264.3182 15.12078246901016
STARLINK-1259
1 22996U 98065A   24232.50000000 -.00022620  00000-0  13156-2 0  1002
2 22996  53.0000  55.0000 0000000   0.0000 280.6818 15.12078246832132
STARLINK-1260
1 17417U 98065A   24232.50000000 -.00022620  00000-0  13156-2 0  1002
2 17417  53.0000  55.0000 0000000   0.0000 297.0455 15.12078246707226
STARLINK-1261
1 33022U 98065A   24232.50000000 -.00022620  00000-0  13156-2 0  1002
2 33022  53.0000  55.0000 0000000   0.0000 313.4091 15.12078246111593
STARLINK-1262
1 43028U 98065A   24232.50000000 -.00022620  00000-0  13156-2 0  1004
2 43028  53.0000  55.0000 0000000   0.0000 329.7727 15.12078246372723
STARLINK-1263
1 94462U 98065A   24232.50000000 -.00022620  00000-0  13156-2 0  1005
2 94462  53.0000  55.0000 0000000   0.0000 346.1364 15.12078246596785
STARLINK-1264
1 39240U 98065A   24232.50000000 -.00022620  00000-0  13156-2 0  1006
2 39240  53.0000  60.0000 0000000   0.0000   2.7273 15.12078246111238
STARLINK-1265
1 81436U 98065A   24232.50000000 -.00022620  00000-0  13156-2 0  1003
2 81436  53.0000  60.0000 0000000   0.0000  19.0909 15.12078246179318
STARLINK-1266
1 25948U 98065A   24232.50000000 -.00022620  00000-0  13156-2 0  1008
2 25948  53.0000  60.0000 0000000   0.0000  35.4545 15.12078246184805
STARLINK-1267
1 15037U 98065A   24232.50000000 -.00022620  00000-0  13156-2 0  1006
2 15037  53.0000  60.0000 0000000   0.0000  51.8182 15.12078246470767
STARLINK-1268
1 81172U 98065A   24232.50000000 -.00022620  00000-0  13156-2 0  1000
2 81172  53.0000  60.0000 0000000   0.0000  68.1818 15.12078246713602
STARLINK-1269
1 79405U 98065A   24232.50000000 -.00022620  00000-0  13156-2 0  1003
2 79405  53.0000  60.0000 0000000   0.0000  84.5455 15.12078246555288
STARLINK-1270
1 51102U 98065A   24232.50000000 -.00022620  00000-0  13156-2 0  1005
2 51102  53.0000  60.0000 0000000   0.0000 100.9091 15.12078246218307
STARLINK-1271
1 46884U 98065A   24232.50000000 -.00022620  00000-0  13156-2 0  1002
2 46884  53.0000  60.0000 0000000   0.0000 117.2727 15.12078246972703
STARLINK-1272
1 65302U 98065A   24232.50000000 -.00022620  00000-0  13156-2 0  1002
2 65302  53.0000  60.0000 0000000   0.0000 133.6364 15.12078246307065
STARLINK-1273
1 48134U 98065A   24232.50000000 -.00022620  00000-0  13156-2 0  1003
2 48134  53.0000  60.0000 0000000   0.0000 150.0000 15.12078246278180
STARLINK-1274
1 99332U 98065A   24232.50000000 -.00022620  00000-0  13156-2 0  1006
2 99332  53.0000  60.0000 0000000   0.0000 166.3636 15.12078246708140
STARLINK-1275
1 38073U 98065A   24232.50000000 -.00022620  00000-0  13156-2 0  1006
2 38073  53.0000  60.0000 0000000   0.0000 182.7273 15.12078246431461
STARLINK-1276
1 31206U 98065A   24232.50000000 -.00022620  00000-0  13156-2 0  1005
2 31206  53.0000  60.0000 0000000   0.0000 199.0909 15.12078246175965
STARLINK-1277
1 36989U 98065A   24232.50000000 -.00022620  00000-0  13156-2 0  1002
2 36989  53.0000  60.0000 0000000   0.0000 215.4545 15.12078246573313
STARLINK-1278
1 20526U 98065A   24232.50000000 -.00022620  00000-0  13156-2 0  1007
2 20526  53.0000  60.0000 0000000   0.0000 231.8182 15.12078246614076
STARLINK-1279
1 36955U 98065A   24232.50000000 -.00022620  00000-0  13156-2 0  1005
2 36955  53.0000  60.0000 0000000   0.0000 248.1818 15.12078246625671
STARLINK-1280
1 39600U 98065A   24232.50000000 -.00022620  00000-0  13156-2 0  1008
2 39600  53.0000  60.0000 0000000   0.0000 264.5455 15.12078246203754
STARLINK-1281
1 21694U 98065A   24232.50000000 -.00022620  00000-0  13156-2 0  1000
2 21694  53.0000  60.0000 0000000   0.0000 280.9091 15.12078246837281
STARLINK-1282
1 45239U 98065A   24232.50000000 -.00022620  00000-0  13156-2 0  1004
2 45239  53.0000  60.0000 0000000   0.0000 297.2727 15.12078246246825
STARLINK-1283
1 10325U 98065A   24232.50000000 -.00022620  00000-0  13156-2 0  1000
2 10325  53.0000  60.0000 0000000   0.0000 313.6364 15.12078246525052
STARLINK-1284
1 17669U 98065A   24232.50000000 -.00022620  00000-0  13156-2 0  1007
2 17669  53.0000  60.0000 0000000   0.0000 330.0000 15.12078246985406
STARLINK-1285
1 79823U 98065A   24232.50000000 -.00022620  00000-0  13156-2 0  1001
2 79823  53.0000  60.0000 0000000   0.0000 346.3636 15.12078246403066
STARLINK-1286
1 41238U 98065A   24232.50000000 -.00022620  00000-0  13156-2 0  1002
2 41238  53.0000  65.0000 0000000   0.0000   2.9545 15.12078246824698
STARLINK-1287
1 82616U 98065A   24232.50000000 -.00022620  00000-0  13156-2 0  1006
2 82616  53.0000  65.0000 0000000   0.0000  19.3182 15.12078246580732
STARLINK-1288
1 25167U 98065A   24232.50000000 -.00022620  00000-0  13156-2 0  1008
2 25167  53.0000  65.0000 0000000   0.0000  35.6818 15.12078246813761
STARLINK-1289
1 75619U 98065A   24232.50000000 -.00022620  00000-0  13156-2 0  1004
2 75619  53.0000  65.0000 0000000   0.0000  52.0455 15.12078246248618
STARLINK-1290
1 38740U 98065A   24232.50000000 -.00022620  00000-0  13156-2 0  1002
2 38740  53.0000  65.0000 0000000   0.0000  68.4091 15.12078246596220
STARLINK-1291
1 19795U 98065A   24232.50000000 -.00022620  00000-0  13156-2 0  1002
2 19795  53.0000  65.0000 0000000   0.0000  84.7727 15.12078246640578
STARLINK-1292
1 27785U 98065A   24232.50000000 -.00022620  00000-0  13156-2 0  1001
2 27785  53.0000  65.0000 0000000   0.0000 101.1364 15.12078246337872
STARLINK-1293
1 51752U 98065A   24232.50000000 -.00022620  00000-0  13156-2 0  1004
2 51752  53.0000  65.0000 0000000   0.0000 117.5000 15.12078246267914
STARLINK-1294
1 61905U 98065A   24232.50000000 -.00022620  00000-0  13156-2 0  1004
2 61905  53.0000  65.0000 0000000   0.0000 133.8636 15.12078246726865
STARLINK-1295
1 83596U 98065A   24232.50000000 -.00022620  00000-0  13156-2 0  1001
2 83596  53.0000  65.0000 0000000   0.0000 150.2273 15.12078246303352
STARLINK-1296
1 62559U 98065A   24232.50000000 -.00022620  00000-0  13156-2 0  1007
2 62559  53.0000  65.0000 0000000   0.0000 166.5909 15.12078246911674
STARLINK-1297
1 85534U 98065A   24232.50000000 -.00022620  00000-0  13156-2 0  1005
2 85534  53.0000  65.0000 0000000   0.0000 182.9545 15.12078246723663
STARLINK-1298
1 36018U 98065A   24232.50000000 -.00022620  00000-0  13156-2 0  1000
2 36018  53.0000  65.0000 0000000   0.0000 199.3182 15.12078246149577
STARLINK-1299
1 87541U 98065A   24232.50000000 -.00022620  00000-0  13156-2 0  1000
2 87541  53.0000  65.0000 0000000   0.0000 215.6818 15.12078246257220
STARLINK-1300
1 79086U 98065A   24232.50000000 -.00022620  00000-0  13156-2 0  1005
2 79086  53.0000  65.0000 0000000   0.0000 232.0455 15.12078246973365
STARLINK-1301
1 75114U 98065A   24232.50000000 -.00022620  00000-0  13156-2 0  1004
2 75114  53.0000  65.0000 0000000   0.0000 248.4091 15.12078246793721
STARLINK-1302
1 21719U 98065A   24232.50000000 -.00022620  00000-0  13156-2 0  1000
2 21719  53.0000  65.0000 0000000   0.0000 264.7727 15.12078246410388
STARLINK-1303
1 55637U 98065A   24232.50000000 -.00022620  00000-0  13156-2 0  1000
2 55637  53.0000  65.0000 0000000   0.0000 281.1364 15.12078246466395
STARLINK-1304
1 85916U 98065A   24232.50000000 -.00022620  00000-0  13156-2 0  1002
2 85916  53.0000  65.0000 0000000   0.0000 297.5000 15.12078246130592
STARLINK-1305
1 85785U 98065A   24232.50000000 -.00022620  00000-0  13156-2 0  1007
2 85785  53.0000  65.0000 0000000   0.0000 313.8636 15.12078246635780
STARLINK-1306
1 32803U 98065A   24232.50000000 -.00022620  00000-0  13156-2 0  1002
2 32803  53.0000  65.0000 0000000   0.0000 330.2273 15.12078246572513
STARLINK-1307
1 78419U 98065A   24232.50000000 -.00022620  00000-0  13156-2 0  1003
2 78419  53.0000  65.0000 0000000   0.0000 346.5909 15.12078246440112
STARLINK-1308
1 66320U 98065A   24232.50000000 -.00022620  00000-0  13156-2 0  1001
2 66320  53.0000  70.0000 0000000   0.0000   3.1818 15.12078246665668
STARLINK-1309
1 32654U 98065A   24232.50000000 -.00022620  00000-0  13156-2 0  1006
2 32654  53.0000  70.0000 0000000   0.0000  19.5455 15.12078246789142
STARLINK-1310
1 73971U 98065A   24232.50000000 -.00022620  00000-0  13156-2 0  1005
2 73971  53.0000  70.0000 0000000   0.0000  35.9091 15.12078246289851
STARLINK-1311
1 55710U 98065A   24232.50000000 -.00022620  00000-0  13156-2 0  1007
2 55710  53.0000  70.0000 0000000   0.0000  52.2727 15.12078246693712
STARLINK-1312
1 23272U 98065A   24232.50000000 -.00022620  00000-0  13156-2 0  1004
2 23272  53.0000  70.0000 0000000   0.0000  68.6364 15.12078246533674
STARLINK-1313
1 10043U 98065A   24232.50000000 -.00022620  00000-0  13156-2 0  1001
2 10043  53.0000  70.0000 0000000   0.0000  85.0000 15.12078246754928
STARLINK-1314
1 63393U 98065A   24232.50000000 -.00022620  00000-0  13156-2 0  1006
2 63393  53.0000  70.0000 0000000   0.0000 101.3636 15.12078246856950
STARLINK-1315
1 80181U 98065A   24232.50000000 -.00022620  00000-0  13156-2 0  1005
2 80181  53.0000  70.0000 0000000   0.0000 117.7273 15.12078246398737
STARLINK-1316
1 64015U 98065A   24232.50000000 -.00022620  00000-0  13156-2 0  1002
2 64015  53.0000  70.0000 0000000   0.0000 134.0909 15.12078246682076
STARLINK-1317
1 81007U 98065A   24232.50000000 -.00022620  00000-0  13156-2 0  1005
2 81007  53.0000  70.0000 0000000   0.0000 150.4545 15.12078246793467
STARLINK-1318
1 52861U 98065A   24232.50000000 -.00022620  00000-0  13156-2 0  1004
2 52861  53.0000  70.0000 0000000   0.0000 166.8182 15.12078246853300
STARLINK-1319
1 51189U 98065A   24232.50000000 -.00022620  00000-0  13156-2 0  1008
2 51189  53.0000  70.0000 0000000   0.0000 183.1818 15.12078246713557
STARLINK-1320
1 98399U 98065A   24232.50000000 -.00022620  00000-0  13156-2 0  1008
2 98399  53.0000  70.0000 0000000   0.0000 199.5455 15.12078246356244
STARLINK-1321
1 47261U 98065A   24232.50000000 -.00022620  00000-0  13156-2 0  1001
2 47261  53.0000  70.0000 0000000   0.0000 215.9091 15.12078246582442
STARLINK-1322
1 60622U 98065A   24232.50000000 -.00022620  00000-0  13156-2 0  1008
2 60622  53.0000  70.0000 0000000   0.0000 232.2727 15.12078246288660
STARLINK-1323
1 58718U 98065A   24232.50000000 -.00022620  00000-0  13156-2 0  1003
2 58718  53.0000  70.0000 0000000   0.0000 248.6364 15.12078246367896
STARLINK-1324
1 15743U 98065A   24232.50000000 -.00022620  00000-0  13156-2 0  1001
2 15743  53.0000  70.0000 0000000   0.0000 265.0000 15.12078246643833
STARLINK-1325
1 80386U 98065A   24232.50000000 -.00022620  00000-0  13156-2 0  1006
2 80386  53.0000  70.0000 0000000   0.0000 281.3636 15.12078246568373
STARLINK-1326
1 93430U 98065A   24232.50000000 -.00022620  00000-0  13156-2 0  1003
2 93430  53.0000  70.0000 0000000   0.0000 297.7273 15.12078246555502
STARLINK-1327
1 76241U 98065A   24232.50000000 -.00022620  00000-0  13156-2 0  1003
2 76241  53.0000  70.0000 0000000   0.0000 314.0909 15.12078246827863
STARLINK-1328
1 94432U 98065A   24232.50000000 -.00022620  00000-0  13156-2 0  1005
2 94432  53.0000  70.0000 0000000   0.0000 330.4545 15.12078246261642
STARLINK-1329
1 29518U 98065A   24232.50000000 -.00022620  00000-0  13156-2 0  1000
2 29518  53.0000  70.0000 0000000   0.0000 346.8182 15.12078246292227
STARLINK-1330
1 59600U 98065A   24232.50000000 -.00022620  00000-0  13156-2 0  1007
2 59600  53.0000  75.0000 0000000   0.0000   3.4091 15.12078246691037
STARLINK-1331
1 75312U 98065A   24232.50000000 -.00022620  00000-0  13156-2 0  1008
2 75312  53.0000  75.0000 0000000   0.0000  19.7727 15.12078246172263
STARLINK-1332
1 52245U 98065A   24232.50000000 -.00022620  00000-0  13156-2 0  1004
2 52245  53.0000  75.0000 0000000   0.0000  36.1364 15.12078246435262
STARLINK-1333
1 84253U 98065A   24232.50000000 -.00022620  00000-0  13156-2 0  1002
2 84253  53.0000  75.0000 0000000   0.0000  52.5000 15.12078246966162
STARLINK-1334
1 22897U 98065A   24232.50000000 -.00022620  00000-0  13156-2 0  1006
2 22897  53.0000  75.0000 0000000   0.0000  68.8636 15.12078246603657
STARLINK-1335
1 80769U 98065A   24232.50000000 -.00022620  00000-0  13156-2 0  1001
2 80769  53.0000  75.0000 0000000   0.0000  85.2273 15.12078246615033
STARLINK-1336
1 98043U 98065A   24232.50000000 -.00022620  00000-0  13156-2 0  1002
2 98043  53.0000  75.0000 0000000   0.0000 101.5909 15.12078246787783
STARLINK-1337
1 64697U 98065A   24232.50000000 -.00022620  00000-0  13156-2 0  1001
2 64697  53.0000  75.0000 0000000   0.0000 117.9545 15.12078246547896
STARLINK-1338
1 53784U 98065A   24232.50000000 -.00022620  00000-0  13156-2 0  1008
2 53784  53.0000  75.0000 0000000   0.0000 134.3182 15.12078246308340
STARLINK-1339
1 77545U 98065A   24232.50000000 -.00022620  00000-0  13156-2 0  1005
2 77545  53.0000  75.0000 0000000   0.0000 150.6818 15.12078246789903
STARLINK-1340
1 82207U 98065A   24232.50000000 -.00022620  00000-0  13156-2 0  1002
2 82207  53.0000  75.0000 0000000   0.0000 167.0455 15.12078246546017
STARLINK-1341
1 73850U 98065A   24232.50000000 -.00022620  00000-0  13156-2 0  1006
2 73850  53.0000  75.0000 0000000   0.0000 183.4091 15.12078246480635
STARLINK-1342
1 99275U 98065A   24232.50000000 -.00022620  00000-0  13156-2 0  1003
2 99275  53.0000  75.0000 0000000   0.0000 199.7727 15.12078246768185
STARLINK-1343
1 44990U 98065A   24232.50000000 -.00022620  00000-0  13156-2 0  1006
2 44990  53.0000  75.0000 0000000   0.0000 216.1364 15.12078246115585
STARLINK-1344
1 43945U 98065A   24232.50000000 -.00022620  00000-0  13156-2 0  1007
2 43945  53.0000  75.0000 0000000   0.0000 232.5000 15.12078246241042
STARLINK-1345
1 77329U 98065A   24232.50000000 -.00022620  00000-0  13156-2 0  1006
2 77329  53.0000  75.0000 0000000   0.0000 248.8636 15.12078246504744
STARLINK-1346
1 47215U 98065A   24232.50000000 -.00022620  00000-0  13156-2 0  1002
2 47215  53.0000  75.0000 0000000   0.0000 265.2273 15.12078246112337
STARLINK-1347
1 74387U 98065A   24232.50000000 -.00022620  00000-0  13156-2 0  1000
2 74387  53.0000  75.0000 0000000   0.0000 281.5909 15.12078246773982
STARLINK-1348
1 53237U 98065A   24232.50000000 -.00022620  00000-0  13156-2 0  1003
2 53237  53.0000  75.0000 0000000   0.0000 297.9545 15.12078246267927
STARLINK-1349
1 52543U 98065A   24232.50000000 -.00022620  00000-0  13156-2 0  1004
2 52543  53.0000  75.0000 0000000   0.0000 314.3182 15.12078246895663
STARLINK-1350
1 85076U 98065A   24232.50000000 -.00022620  00000-0  13156-2 0  1001
2 85076  53.0000  75.0000 0000000   0.0000 330.6818 15.12078246207586
STARLINK-1351
1 24052U 98065A   24232.50000000 -.00022620  00000-0  13156-2 0  1008
2 24052  53.0000  75.0000 0000000   0.0000 347.0455 15.12078246506090
STARLINK-1352
1 31818U 98065A   24232.50000000 -.00022620  00000-0  13156-2 0  1008
2 31818  53.0000  80.0000 0000000   0.0000   3.6364 15.12078246124400
STARLINK-1353
1 79830U 98065A   24232.50000000 -.00022620  00000-0  13156-2 0  1000
2 79830  53.0000  80.0000 0000000   0.0000  20.0000 15.12078246562791
STARLINK-1354
1 83924U 98065A   24232.50000000 -.00022620  00000-0  13156-2 0  1002
2 83924  53.0000  80.0000 0000000   0.0000  36.3636 15.12078246414088
STARLINK-1355
1 77563U 98065A   24232.50000000 -.00022620  00000-0  13156-2 0  1007
2 77563  53.0000  80.0000 0000000   0.0000  52.7273 15.12078246106667
STARLINK-1356
1 93507U 98065A   24232.50000000 -.00022620  00000-0  13156-2 0  1005
2 93507  53.0000  80.0000 0000000   0.0000  69.0909 15.12078246493891
STARLINK-1357
1 81333U 98065A   24232.50000000 -.00022620  00000-0  13156-2 0  1003
2 81333  53.0000  80.0000 0000000   0.0000  85.4545 15.12078246879961
STARLINK-1358
1 16392U 98065A   24232.50000000 -.00022620  00000-0  13156-2 0  1007
2 16392  53.0000  80.0000 0000000   0.0000 101.8182 15.12078246325060
STARLINK-1359
1 22208U 98065A   24232.50000000 -.00022620  00000-0  13156-2 0  1001
2 22208  53.0000  80.0000 0000000   0.0000 118.1818 15.12078246682995
STARLINK-1360
1 90835U 98065A   24232.50000000 -.00022620  00000-0  13156-2 0  1005
2 90835  53.0000  80.0000 0000000   0.0000 134.5455 15.12078246109753
STARLINK-1361
1 57328U 98065A   24232.50000000 -.00022620  00000-0  13156-2 0  1008
2 57328  53.0000  80.0000 0000000   0.0000 150.9091 15.12078246557893
STARLINK-1362
1 32690U 98065A   24232.50000000 -.00022620  00000-0  13156-2 0  1000
2 32690  53.0000  80.0000 0000000   0.0000 167.2727 15.12078246989447
STARLINK-1363
1 36312U 98065A   24232.50000000 -.00022620  00000-0  13156-2 0  1006
2 36312  53.0000  80.0000 0000000   0.0000 183.6364 15.12078246426515
STARLINK-1364
1 58708U 98065A   24232.50000000 -.00022620  00000-0  13156-2 0  1006
2 58708  53.0000  80.0000 0000000   0.0000 200.0000 15.12078246121130
STARLINK-1365
1 24360U 98065A   24232.50000000 -.00022620  00000-0  13156-2 0  1003
2 24360  53.0000  80.0000 0000000   0.0000 216.3636 15.12078246694250
STARLINK-1366
1 50528U 98065A   24232.50000000 -.00022620  00000-0  13156-2 0  1000
2 50528  53.0000  80.0000 0000000   0.0000 232.7273 15.12078246686893
STARLINK-1367
1 78993U 98065A   24232.50000000 -.00022620  00000-0  13156-2 0  1001
2 78993  53.0000  80.0000 0000000   0.0000 249.0909 15.12078246716215
STARLINK-1368
1 47178U 98065A   24232.50000000 -.00022620  00000-0  13156-2 0  1007
2 47178  53.0000  80.0000 0000000   0.0000 265.4545 15.12078246148201
STARLINK-1369
1 31233U 98065A   24232.50000000 -.00022620  00000-0  13156-2 0  1006
2 31233  53.0000  80.0000 0000000   0.0000 281.8182 15.12078246638617
STARLINK-1370
1 38154U 98065A   24232.50000000 -.00022620  00000-0  13156-2 0  1004
2 38154  53.0000  80.0000 0000000   0.0000 298.1818 15.12078246466927
STARLINK-1371
1 57751U 98065A   24232.50000000 -.00022620  00000-0  13156-2 0  1004
2 57751  53.0000  80.0000 0000000   0.0000 314.5455 15.12078246309075
STARLINK-1372
1 75496U 98065A   24232.50000000 -.00022620  00000-0  13156-2 0  1003
2 75496  53.0000  80.0000 0000000   0.0000 330.9091 15.12078246953022
STARLINK-1373
1 85074U 98065A   24232.50000000 -.00022620  00000-0  13156-2 0  1002
2 85074  53.0000  80.0000 0000000   0.0000 347.2727 15.12078246596691
STARLINK-1374
1 50082U 98065A   24232.50000000 -.00022620  00000-0  13156-2 0  1007
2 50082  53.0000  85.0000 0000000   0.0000   3.8636 15.12078246687228
STARLINK-1375
1 31344U 98065A   24232.50000000 -.00022620  00000-0  13156-2 0  1008
2 31344  53.0000  85.0000 0000000   0.0000  20.2273 15.12078246241468
STARLINK-1376
1 79108U 98065A   24232.50000000 -.00022620  00000-0  13156-2 0  1007
2 79108  53.0000  85.0000 0000000   0.0000  36.5909 15.12078246919353
STARLINK-1377
1 88856U 98065A   24232.50000000 -.00022620  00000-0  13156-2 0  1003
2 88856  53.0000  85.0000 0000000   0.0000  52.9545 15.12078246588421
STARLINK-1378
1 68932U 98065A   24232.50000000 -.00022620  00000-0  13156-2 0  1003
2 68932  53.0000  85.0000 0000000   0.0000  69.3182 15.12078246636192
STARLINK-1379
1 48814U 98065A   24232.50000000 -.00022620  00000-0  13156-2 0  1003
2 48814  53.0000  85.0000 0000000   0.0000  85.6818 15.12078246131281
STARLINK-1380
1 85979U 98065A   24232.50000000 -.00022620  00000-0  13156-2 0  1007
2 85979  53.0000  85.0000 0000000   0.0000 102.0455 15.12078246577111
STARLINK-1381
1 75515U 98065A   24232.50000000 -.00022620  00000-0  13156-2 0  1003
2 75515  53.0000  85.0000 0000000   0.0000 118.4091 15.12078246913530
STARLINK-1382
1 96884U 98065A   24232.50000000 -.00022620  00000-0  13156-2 0  1002
2 96884  53.0000  85.0000 0000000   0.0000 134.7727 15.12078246928141
STARLINK-1383
1 88152U 98065A   24232.50000000 -.00022620  00000-0  13156-2 0  1001
2 88152  53.0000  85.0000 0000000   0.0000 151.1364 15.12078246708557
STARLINK-1384
1 56303U 98065A   24232.50000000 -.00022620  00000-0  13156-2 0  1005
2 56303  53.0000  85.0000 0000000   0.0000 167.5000 15.12078246822651
STARLINK-1385
1 39361U 98065A   24232.50000000 -.00022620  00000-0  13156-2 0  1001
2 39361  53.0000  85.0000 0000000   0.0000 183.8636 15.12078246172208
STARLINK-1386
1 84199U 98065A   24232.50000000 -.00022620  00000-0  13156-2 0  1005
2 84199  53.0000  85.0000 0000000   0.0000 200.2273 15.12078246848741
STARLINK-1387
1 90444U 98065A   24232.50000000 -.00022620  00000-0  13156-2 0  1005
2 90444  53.0000  85.0000 0000000   0.0000 216.5909 15.12078246280360
STARLINK-1388
1 33219U 98065A   24232.50000000 -.00022620  00000-0  13156-2 0  1003
2 33219  53.0000  85.0000 0000000   0.0000 232.9545 15.12078246833670
STARLINK-1389
1 27347U 98065A   24232.50000000 -.00022620  00000-0  13156-2 0  1000
2 27347  53.0000  85.0000 0000000   0.0000 249.3182 15.12078246266392
STARLINK-1390
1 90810U 98065A   24232.50000000 -.00022620  00000-0  13156-2 0  1007
2 90810  53.0000  85.0000 0000000   0.0000 265.6818 15.12078246492448
STARLINK-1391
1 40067U 98065A   24232.50000000 -.00022620  00000-0  13156-2 0  1008
2 40067  53.0000  85.0000 0000000   0.0000 282.0455 15.12078246997975
STARLINK-1392
1 55027U 98065A   24232.50000000 -.00022620  00000-0  13156-2 0  1003
2 55027  53.0000  85.0000 0000000   0.0000 298.4091 15.12078246465775
STARLINK-1393
1 14305U 98065A   24232.50000000 -.00022620  00000-0  13156-2 0  1005
2 14305  53.0000  85.0000 0000000   0.0000 314.7727 15.12078246243502
STARLINK-1394
1 43551U 98065A   24232.50000000 -.00022620  00000-0  13156-2 0  1005
2 43551  53.0000  85.0000 0000000   0.0000 331.1364 15.12078246956507
STARLINK-1395
1 23979U 98065A   24232.50000000 -.00022620  00000-0  13156-2 0  1004
2 23979  53.0000  85.0000 0000000   0.0000 347.5000 15.12078246587472
STARLINK-1396
1 60956U 98065A   24232.50000000 -.00022620  00000-0  13156-2 0  1001
2 60956  53.0000  90.0000 0000000   0.0000   4.0909 15.12078246168068
STARLINK-1397
1 10834U 98065A   24232.50000000 -.00022620  00000-0  13156-2 0  1005
2 10834  53.0000  90.0000 0000000   0.0000  20.4545 15.12078246564116
STARLINK-1398
1 55306U 98065A   24232.50000000 -.00022620  00000-0  13156-2 0  1002
2 55306  53.0000  90.0000 0000000   0.0000  36.8182 15.12078246923421
STARLINK-1399
1 47113U 98065A   24232.50000000 -.00022620  00000-0  13156-2 0  1005
2 47113  53.0000  90.0000 0000000   0.0000  53.1818 15.12078246199817
STARLINK-1400
1 61263U 98065A   24232.50000000 -.00022620  00000-0  13156-2 0  1002
2 61263  53.0000  90.0000 0000000   0.0000  69.5455 15.12078246484028
STARLINK-1401
1 50201U 98065A   24232.50000000 -.00022620  00000-0  13156-2 0  1001
2 50201  53.0000  90.0000 0000000   0.0000  85.9091 15.12078246300020
STARLINK-1402
1 35766U 98065A   24232.50000000 -.00022620  00000-0  13156-2 0  1007
2 35766  53.0000  90.0000 0000000   0.0000 102.2727 15.12078246127973
STARLINK-1403
1 19795U 98065A   24232.50000000 -.00022620  00000-0  13156-2 0  1003
2 19795  53.0000  90.0000 0000000   0.0000 118.6364 15.12078246718766
STARLINK-1404
1 58216U 98065A   24232.50000000 -.00022620  00000-0  13156-2 0  1003
2 58216  53.0000  90.0000 0000000   0.0000 135.0000 15.12078246190328
STARLINK-1405
1 18932U 98065A   24232.50000000 -.00022620  00000-0  13156-2 0  1007
2 18932  53.0000  90.0000 0000000   0.0000 151.3636 15.12078246107244
STARLINK-1406
1 60262U 98065A   24232.50000000 -.00022620  00000-0  13156-2 0  1008
2 60262  53.0000  90.0000 0000000   0.0000 167.7273 15.12078246794910
STARLINK-1407
1 48672U 98065A   24232.50000000 -.00022620  00000-0  13156-2 0  1000
2 48672  53.0000  90.0000 0000000   0.0000 184.0909 15.12078246864420
STARLINK-1408
1 90336U 98065A   24232.50000000 -.00022620  00000-0  13156-2 0  1000
2 90336  53.0000  90.0000 0000000   0.0000 200.4545 15.12078246731063
STARLINK-1409
1 70095U 98065A   24232.50000000 -.00022620  00000-0  13156-2 0  1002
2 70095  53.0000  90.0000 0000000   0.0000 216.8182 15.12078246743956
STARLINK-1410
1 78622U 98065A   24232.50000000 -.00022620  00000-0  13156-2 0  1006
2 78622  53.0000  90.0000 0000000   0.0000 233.1818 15.12078246685815
STARLINK-1411
1 53281U 98065A   24232.50000000 -.00022620  00000-0  13156-2 0  1002
2 53281  53.0000  90.0000 0000000   0.0000 249.5455 15.12078246692976
STARLINK-1412
1 22342U 98065A   24232.50000000 -.00022620  00000-0  13156-2 0  1000
2 22342  53.0000  90.0000 0000000   0.0000 265.9091 15.12078246391741
STARLINK-1413
1 96257U 98065A   24232.50000000 -.00022620  00000-0  13156-2 0  1001
2 96257  53.0000  90.0000 0000000   0.0000 282.2727 15.12078246621657
STARLINK-1414
1 27939U 98065A   24232.50000000 -.00022620  00000-0  13156-2 0  1003
2 27939  53.0000  90.0000 0000000   0.0000 298.6364 15.12078246592670
STARLINK-1415
1 95484U 98065A   24232.50000000 -.00022620  00000-0  13156-2 0  1007
2 95484  53.0000  90.0000 0000000   0.0000 315.0000 15.12078246581344
STARLINK-1416
1 23019U 98065A   24232.50000000 -.00022620  00000-0  13156-2 0  1006
2 23019  53.0000  90.0000 0000000   0.0000 331.3636 15.12078246201873
STARLINK-1417
1 43103U 98065A   24232.50000000 -.00022620  00000-0  13156-2 0  1004
2 43103  53.0000  90.0000 0000000   0.0000 347.7273 15.12078246772210
STARLINK-1418
1 57537U 98065A   24232.50000000 -.00022620  00000-0  13156-2 0  1008
2 57537  53.0000  95.0000 0000000   0.0000   4.3182 15.12078246729101
STARLINK-1419
1 70617U 98065A   24232.50000000 -.00022620  00000-0  13156-2 0  1002
2 70617  53.0000  95.0000 0000000   0.0000  20.6818 15.12078246156327
STARLINK-1420
1 90847U 98065A   24232.50000000 -.00022620  00000-0  13156-2 0  1004
2 90847  53.0000  95.0000 0000000   0.0000  37.0455 15.12078246119258
STARLINK-1421
1 28387U 98065A   24232.50000000 -.00022620  00000-0  13156-2 0  1004
2 28387  53.0000  95.0000 0000000   0.0000  53.4091 15.12078246421817
STARLINK-1422
1 57665U 98065A   24232.50000000 -.00022620  00000-0  13156-2 0  1007
2 57665  53.0000  95.0000 0000000   0.0000  69.7727 15.12078246775903
STARLINK-1423
1 19332U 98065A   24232.50000000 -.00022620  00000-0  13156-2 0  1008
2 19332  53.0000  95.0000 0000000   0.0000  86.1364 15.12078246550971
STARLINK-1424
1 81095U 98065A   24232.50000000 -.00022620  00000-0  13156-2 0  1003
2 81095  53.0000  95.0000 0000000   0.0000 102.5000 15.12078246671154
STARLINK-1425
1 97009U 98065A   24232.50000000 -.00022620  00000-0  13156-2 0  1000
2 97009  53.0000  95.0000 0000000   0.0000 118.8636 15.12078246424258
STARLINK-1426
1 51777U 98065A   24232.50000000 -.00022620  00000-0  13156-2 0  1006
2 51777  53.0000  95.0000 0000000   0.0000 135.2273 15.12078246815844
STARLINK-1427
1 45221U 98065A   24232.50000000 -.00022620  00000-0  13156-2 0  1003
2 45221  53.0000  95.0000 0000000   0.0000 151.5909 15.12078246585344
STARLINK-1428
1 92655U 98065A   24232.50000000 -.00022620  00000-0  13156-2 0  1000
2 92655  53.0000  95.0000 0000000   0.0000 167.9545 15.12078246902978
STARLINK-1429
1 67032U 98065A   24232.50000000 -.00022620  00000-0  13156-2 0  1007
2 67032  53.0000  95.0000 0000000   0.0000 184.3182 15.12078246859497
STARLINK-1430
1 93933U 98065A   24232.50000000 -.00022620  00000-0  13156-2 0  1007
2 93933  53.0000  95.0000 0000000   0.0000 200.6818 15.12078246304180
STARLINK-1431
1 93928U 98065A   24232.50000000 -.00022620  00000-0  13156-2 0  1003
2 93928  53.0000  95.0000 0000000   0.0000 217.0455 15.12078246271764
STARLINK-1432
1 44256U 98065A   24232.50000000 -.00022620  00000-0  13156-2 0  1003
2 44256  53.0000  95.0000 0000000   0.0000 233.4091 15.12078246804076
STARLINK-1433
1 55940U 98065A   24232.50000000 -.00022620  00000-0  13156-2 0  1001
2 55940  53.0000  95.0000 0000000   0.0000 249.7727 15.12078246167256
STARLINK-1434
1 56276U 98065A   24232.50000000 -.00022620  00000-0  13156-2 0  1007
2 56276  53.0000  95.0000 0000000   0.0000 266.1364 15.12078246101907
STARLINK-1435
1 51946U 98065A   24232.50000000 -.00022620  00000-0  13156-2 0  1007
2 51946  53.0000  95.0000 0000000   0.0000 282.5000 15.12078246888360
STARLINK-1436
1 45433U 98065A   24232.50000000 -.00022620  00000-0  13156-2 0  1002
2 45433  53.0000  95.0000 0000000   0.0000 298.8636 15.12078246979065
STARLINK-1437
1 53794U 98065A   24232.50000000 -.00022620  00000-0  13156-2 0  1005
2 53794  53.0000  95.0000 0000000   0.0000 315.2273 15.12078246917865
STARLINK-1438
1 46164U 98065A   24232.50000000 -.00022620  00000-0  13156-2 0  1000
2 46164  53.0000  95.0000 0000000   0.0000 331.5909 15.12078246503954
STARLINK-1439
1 79986U 98065A   24232.50000000 -.00022620  00000-0  13156-2 0  1001
2 79986  53.0000  95.0000 0000000   0.0000 347.9545 15.12078246634443
STARLINK-1440
1 35483U 98065A   24232.50000000 -.00022620  00000-0  13156-2 0  1007
2 35483  53.0000 100.0000 0000000   0.0000   4.5455 15.12078246297346
STARLINK-1441
1 52772U 98065A   24232.50000000 -.00022620  00000-0  13156-2 0  1003
2 52772  53.0000 100.0000 0000000   0.0000  20.9091 15.12078246921676
STARLINK-1442
1 62153U 98065A   24232.50000000 -.00022620  00000-0  13156-2 0  1005
2 62153  53.0000 100.0000 0000000   0.0000  37.2727 15.12078246381453
STARLINK-1443
1 33369U 98065A   24232.50000000 -.00022620  00000-0  13156-2 0  1002
2 33369  53.0000 100.0000 0000000   0.0000  53.6364 15.12078246304173
STARLINK-1444
1 32403U 98065A   24232.50000000 -.00022620  00000-0  13156-2 0  1005
2 32403  53.0000 100.0000 0000000   0.0000  70.0000 15.12078246696528
STARLINK-1445
1 19369U 98065A   24232.50000000 -.00022620  00000-0  13156-2 0  1001
2 19369  53.0000 100.0000 0000000   0.0000  86.3636 15.12078246354950
STARLINK-1446
1 56775U 98065A   24232.50000000 -.00022620  00000-0  13156-2 0  1002
2 56775  53.0000 100.0000 0000000   0.0000 102.7273 15.12078246935858
STARLINK-1447
1 60803U 98065A   24232.50000000 -.00022620  00000-0  13156-2 0  1006
2 60803  53.0000 100.0000 0000000   0.0000 119.0909 15.12078246307530
STARLINK-1448
1 20504U 98065A   24232.50000000 -.00022620  00000-0  13156-2 0  1007
2 20504  53.0000 100.0000 0000000   0.0000 135.4545 15.12078246711650
STARLINK-1449
1 47194U 98065A   24232.50000000 -.00022620  00000-0  13156-2 0  1008
2 47194  53.0000 100.0000 0000000   0.0000 151.8182 15.12078246472642
STARLINK-1450
1 35408U 98065A   24232.50000000 -.00022620  00000-0  13156-2 0  1003
2 35408  53.0000 100.0000 0000000   0.0000 168.1818 15.12078246360668
STARLINK-1451
1 89731U 98065A   24232.50000000 -.00022620  00000-0  13156-2 0  1004
2 89731  53.0000 100.0000 0000000   0.0000 184.5455 15.12078246685447
STARLINK-1452
1 78195U 98065A   24232.50000000 -.00022620  00000-0  13156-2 0  1004
2 78195  53.0000 100.0000 0000000   0.0000 200.9091 15.12078246934574
STARLINK-1453
1 55224U 98065A   24232.50000000 -.00022620  00000-0  13156-2 0  1008
2 55224  53.0000 100.0000 0000000   0.0000 217.2727 15.12078246941308
STARLINK-1454
1 38019U 98065A   24232.50000000 -.00022620  00000-0  13156-2 0  1000
2 38019  53.0000 100.0000 0000000   0.0000 233.6364 15.12078246763703
STARLINK-1455
1 11609U 98065A   24232.50000000 -.00022620  00000-0  13156-2 0  1002
2 11609  53.0000 100.0000 0000000   0.0000 250.0000 15.12078246400591
STARLINK-1456
1 69667U 98065A   24232.50000000 -.00022620  00000-0  13156-2 0  1001
2 69667  53.0000 100.0000 0000000   0.0000 266.3636 15.12078246860128
STARLINK-1457
1 94433U 98065A   24232.50000000 -.00022620  00000-0  13156-2 0  1004
2 94433  53.0000 100.0000 0000000   0.0000 282.7273 15.12078246867085
STARLINK-1458
1 86130U 98065A   24232.50000000 -.00022620  00000-0  13156-2 0  1005
2 86130  53.0000 100.0000 0000000   0.0000 299.0909 15.12078246383242
STARLINK-1459
1 26800U 98065A   24232.50000000 -.00022620  00000-0  13156-2 0  1001
2 26800  53.0000 100.0000 0000000   0.0000 315.4545 15.12078246596997
STARLINK-1460
1 71949U 98065A   24232.50000000 -.00022620  00000-0  13156-2 0  1008
2 71949  53.0000 100.0000 0000000   0.0000 331.8182 15.12078246757532
STARLINK-1461
1 67215U 98065A   24232.50000000 -.00022620  00000-0  13156-2 0  1008
2 67215  53.0000 100.0000 0000000   0.0000 348.1818 15.12078246831524
STARLINK-1462
1 12767U 98065A   24232.50000000 -.00022620  00000-0  13156-2 0  1001
2 12767  53.0000 105.0000 0000000   0.0000   4.7727 15.12078246813978
STARLINK-1463
1 89452U 98065A   24232.50000000 -.00022620  00000-0  13156-2 0  1008
2 89452  53.0000 105.0000 0000000   0.0000  21.1364 15.12078246721988
STARLINK-1464
1 26324U 98065A   24232.50000000 -.00022620  00000-0  13156-2 0  1008
2 26324  53.0000 105.0000 0000000   0.0000  37.5000 15.12078246472623
STARLINK-1465
1 84832U 98065A   24232.50000000 -.00022620  00000-0  13156-2 0  1007
2 84832  53.0000 105.0000 0000000   0.0000  53.8636 15.12078246990470
STARLINK-1466
1 65294U 98065A   24232.50000000 -.00022620  00000-0  13156-2 0  1002
2 65294  53.0000 105.0000 0000000   0.0000  70.2273 15.12078246849211
STARLINK-1467
1 55355U 98065A   24232.50000000 -.00022620  00000-0  13156-2 0  1006
2 55355  53.0000 105.0000 0000000   0.0000  86.5909 15.12078246735796
STARLINK-1468
1 36221U 98065A   24232.50000000 -.00022620  00000-0  13156-2 0  1005
2 36221  53.0000 105.0000 0000000   0.0000 102.9545 15.12078246137942
STARLINK-1469
1 65211U 98065A   24232.50000000 -.00022620  00000-0  13156-2 0  1008
2 65211  53.0000 105.0000 0000000   0.0000 119.3182 15.12078246971703
STARLINK-1470
1 82393U 98065A   24232.50000000 -.00022620  00000-0  13156-2 0  1008
2 82393  53.0000 105.0000 0000000   0.0000 135.6818 15.12078246104160
STARLINK-1471
1 59314U 98065A   24232.50000000 -.00022620  00000-0  13156-2 0  1007
2 59314  53.0000 105.0000 0000000   0.0000 152.0455 15.12078246491473
STARLINK-1472
1 86318U 98065A   24232.50000000 -.00022620  00000-0  13156-2 0  1000
2 86318  53.0000 105.0000 0000000   0.0000 168.4091 15.12078246430862
STARLINK-1473
1 99059U 98065A   24232.50000000 -.00022620  00000-0  13156-2 0  1000
2 99059  53.0000 105.0000 0000000   0.0000 184.7727 15.12078246268827
STARLINK-1474
1 93203U 98065A   24232.50000000 -.00022620  00000-0  13156-2 0  1005
2 93203  53.0000 105.0000 0000000   0.0000 201.1364 15.12078246847525
STARLINK-1475
1 20165U 98065A   24232.50000000 -.00022620  00000-0  13156-2 0  1005
2 20165  53.0000 105.0000 0000000   0.0000 217.5000 15.12078246561194
STARLINK-1476
1 51619U 98065A   24232.50000000 -.00022620  00000-0  13156-2 0  1001
2 51619  53.0000 105.0000 0000000   0.0000 233.8636 15.12078246247006
STARLINK-1477
1 15744U 98065A   24232.50000000 -.00022620  00000-0  13156-2 0  1007
2 15744  53.0000 105.0000 0000000   0.0000 250.2273 15.12078246365730
STARLINK-1478
1 62210U 98065A   24232.50000000 -.00022620  00000-0  13156-2 0  1006
2 62210  53.0000 105.0000 0000000   0.0000 266.5909 15.12078246311131
STARLINK-1479
1 44320U 98065A   24232.50000000 -.00022620  00000-0  13156-2 0  1005
2 44320  53.0000 105.0000 0000000   0.0000 282.9545 15.12078246208264
STARLINK-1480
1 35417U 98065A   24232.50000000 -.00022620  00000-0  13156-2 0  1008
2 35417  53.0000 105.0000 0000000   0.0000 299.3182 15.12078246675671
STARLINK-1481
1 96759U 98065A   24232.50000000 -.00022620  00000-0  13156-2 0  1007
2 96759  53.0000 105.0000 0000000   0.0000 315.6818 15.12078246905513
STARLINK-1482
1 97367U 98065A   24232.50000000 -.00022620  00000-0  13156-2 0  1003
2 97367  53.0000 105.0000 0000000   0.0000 332.0455 15.12078246783363
STARLINK-1483
1 72745U 98065A   24232.50000000 -.00022620  00000-0  13156-2 0  1005
2 72745  53.0000 105.0000 0000000   0.0000 348.4091 15.12078246275478
STARLINK-1484
1 86849U 98065A   24232.50000000 -.00022620  00000-0  13156-2 0  1006
2 86849  53.0000 110.0000 0000000   0.0000   5.0000 15.12078246788590
STARLINK-1485
1 86456U 98065A   24232.50000000 -.00022620  00000-0  13156-2 0  1006
2 86456  53.0000 110.0000 0000000   0.0000  21.3636 15.12078246497193
STARLINK-1486
1 89823U 98065A   24232.50000000 -.00022620  00000-0  13156-2 0  1003
2 89823  53.0000 110.0000 0000000   0.0000  37.7273 15.12078246574106
STARLINK-1487
1 48355U 98065A   24232.50000000 -.00022620  00000-0  13156-2 0  1002
2 48355  53.0000 110.0000 0000000   0.0000  54.0909 15.12078246402348
STARLINK-1488
1 87946U 98065A   24232.50000000 -.00022620  00000-0  13156-2 0  1001
2 87946  53.0000 110.0000 0000000   0.0000  70.4545 15.12078246375614
STARLINK-1489
1 67932U 98065A   24232.50000000 -.00022620  00000-0  13156-2 0  1002
2 67932  53.0000 110.0000 0000000   0.0000  86.8182 15.12078246376038
STARLINK-1490
1 14456U 98065A   24232.50000000 -.00022620  00000-0  13156-2 0  1001
2 14456  53.0000 110.0000 0000000   0.0000 103.1818 15.12078246642606
STARLINK-1491
1 67013U 98065A   24232.50000000 -.00022620  00000-0  13156-2 0  1003
2 67013  53.0000 110.0000 0000000   0.0000 119.5455 15.12078246145940
STARLINK-1492
1 49479U 98065A   24232.50000000 -.00022620  00000-0  13156-2 0  1001
2 49479  53.0000 110.0000 0000000   0.0000 135.9091 15.12078246577784
STARLINK-1493
1 41395U 98065A   24232.50000000 -.00022620  00000-0  13156-2 0  1002
2 41395  53.0000 110.0000 0000000   0.0000 152.2727 15.12078246399923
STARLINK-1494
1 20154U 98065A   24232.50000000 -.00022620  00000-0  13156-2 0  1005
2 20154  53.0000 110.0000 0000000   0.0000 168.6364 15.12078246404470
STARLINK-1495
1 62665U 98065A   24232.50000000 -.00022620  00000-0  13156-2 0  1006
2 62665  53.0000 110.0000 0000000   0.0000 185.0000 15.12078246167085
STARLINK-1496
1 86911U 98065A   24232.50000000 -.00022620  00000-0  13156-2 0  1001
2 86911  53.0000 110.0000 0000000   0.0000 201.3636 15.12078246160623
STARLINK-1497
1 52546U 98065A   24232.50000000 -.00022620  00000-0  13156-2 0  1002
2 52546  53.0000 110.0000 0000000   0.0000 217.7273 15.12078246353524
STARLINK-1498
1 74350U 98065A   24232.50000000 -.00022620  00000-0  13156-2 0  1000
2 74350  53.0000 110.0000 0000000   0.0000 234.0909 15.12078246204076
STARLINK-1499
1 15523U 98065A   24232.50000000 -.00022620  00000-0  13156-2 0  1003
2 15523  53.0000 110.0000 0000000   0.0000 250.4545 15.12078246807412
STARLINK-1500
1 91492U 98065A   24232.50000000 -.00022620  00000-0  13156-2 0  1001
2 91492  53.0000 110.0000 0000000   0.0000 266.8182 15.12078246561317
STARLINK-1501
1 58533U 98065A   24232.50000000 -.00022620  00000-0  13156-2 0  1001
2 58533  53.0000 110.0000 0000000   0.0000 283.1818 15.12078246112426
STARLINK-1502
1 74355U 98065A   24232.50000000 -.00022620  00000-0  13156-2 0  1003
2 74355  53.0000 110.0000 0000000   0.0000 299.5455 15.12078246713995
STARLINK-1503
1 61276U 98065A   24232.50000000 -.00022620  00000-0  13156-2 0  1008
2 61276  53.0000 110.0000 0000000   0.0000 315.9091 15.12078246752251
STARLINK-1504
1 15987U 98065A   24232.50000000 -.00022620  00000-0  13156-2 0  1005
2 15987  53.0000 110.0000 0000000   0.0000 332.2727 15.12078246730290
STARLINK-1505
1 85741U 98065A   24232.50000000 -.00022620  00000-0  13156-2 0  1001
2 85741  53.0000 110.0000 0000000   0.0000 348.6364 15.12078246607918
STARLINK-1506
1 82057U 98065A   24232.50000000 -.00022620  00000-0  13156-2 0  1002
2 82057  53.0000 115.0000 0000000   0.0000   5.2273 15.12078246372002
STARLINK-1507
1 79896U 98065A   24232.50000000 -.00022620  00000-0  13156-2 0  1006
2 79896  53.0000 115.0000 0000000   0.0000  21.5909 15.12078246581341
STARLINK-1508
1 49654U 98065A   24232.50000000 -.00022620  00000-0  13156-2 0  1002
2 49654  53.0000 115.0000 0000000   0.0000  37.9545 15.12078246329611
STARLINK-1509
1 25551U 98065A   24232.50000000 -.00022620  00000-0  13156-2 0  1007
2 25551  53.0000 115.0000 0000000   0.0000  54.3182 15.12078246198715
STARLINK-1510
1 86372U 98065A   24232.50000000 -.00022620  00000-0  13156-2 0  1005
2 86372  53.0000 115.0000 0000000   0.0000  70.6818 15.12078246926021
STARLINK-1511
1 50153U 98065A   24232.50000000 -.00022620  00000-0  13156-2 0  1003
2 50153  53.0000 115.0000 0000000   0.0000  87.0455 15.12078246815656
STARLINK-1512
1 64317U 98065A   24232.50000000 -.00022620  00000-0  13156-2 0  1002
2 64317  53.0000 115.0000 0000000   0.0000 103.4091 15.12078246198872
STARLINK-1513
1 74266U 98065A   24232.50000000 -.00022620  00000-0  13156-2 0  1006
2 74266  53.0000 115.0000 0000000   0.0000 119.7727 15.12078246249335
STARLINK-1514
1 74788U 98065A   24232.50000000 -.00022620  00000-0  13156-2 0  1006
2 74788  53.0000 115.0000 0000000   0.0000 136.1364 15.12078246939773
STARLINK-1515
1 10538U 98065A   24232.50000000 -.00022620  00000-0  13156-2 0  1007
2 10538  53.0000 115.0000 0000000   0.0000 152.5000 15.12078246154386
STARLINK-1516
1 84068U 98065A   24232.50000000 -.00022620  00000-0  13156-2 0  1006
2 84068  53.0000 115.0000 0000000   0.0000 168.8636 15.12078246189851
STARLINK-1517
1 76069U 98065A   24232.50000000 -.00022620  00000-0  13156-2 0  1007
2 76069  53.0000 115.0000 0000000   0.0000 185.2273 15.12078246906184
STARLINK-1518
1 58656U 98065A   24232.50000000 -.00022620  00000-0  13156-2 0  1004
2 58656  53.0000 115.0000 0000000   0.0000 201.5909 15.12078246415126
STARLINK-1519
1 87574U 98065A   24232.50000000 -.00022620  00000-0  13156-2 0  1004
2 87574  53.0000 115.0000 0000000   0.0000 217.9545 15.12078246552683
STARLINK-1520
1 65317U 98065A   24232.50000000 -.00022620  00000-0  13156-2 0  1008
2 65317  53.0000 115.0000 0000000   0.0000 234.3182 15.12078246935644
STARLINK-1521
1 82796U 98065A   24232.50000000 -.00022620  00000-0  13156-2 0  1001
2 82796  53.0000 115.0000 0000000   0.0000 250.6818 15.12078246329118
STARLINK-1522
1 89429U 98065A   24232.50000000 -.00022620  00000-0  13156-2 0  1001
2 89429  53.0000 115.0000 0000000   0.0000 267.0455 15.12078246787962
STARLINK-1523
1 55552U 98065A   24232.50000000 -.00022620  00000-0  13156-2 0  1008
2 55552  53.0000 115.0000 0000000   0.0000 283.4091 15.12078246940277
STARLINK-1524
1 22358U 98065A   24232.50000000 -.00022620  00000-0  13156-2 0  1007
2 22358  53.0000 115.0000 0000000   0.0000 299.7727 15.12078246193318
STARLINK-1525
1 57576U 98065A   24232.50000000 -.00022620  00000-0  13156-2 0  1002
2 57576  53.0000 115.0000 0000000   0.0000 316.1364 15.12078246301845
STARLINK-1526
1 31229U 98065A   24232.50000000 -.00022620  00000-0  13156-2 0  1007
2 31229  53.0000 115.0000 0000000   0.0000 332.5000 15.12078246702988
STARLINK-1527
1 70861U 98065A   24232.50000000 -.00022620  00000-0  13156-2 0  1008
2 70861  53.0000 115.0000 0000000   0.0000 348.8636 15.12078246907724
STARLINK-1528
1 89040U 98065A   24232.50000000 -.00022620  00000-0  13156-2 0  1003
2 89040  53.0000 120.0000 0000000   0.0000   5.4545 15.12078246488720
STARLINK-1529
1 22395U 98065A   24232.50000000 -.00022620  00000-0  13156-2 0  1003
2 22395  53.0000 120.0000 0000000   0.0000  21.8182 15.12078246608271
STARLINK-1530
1 16159U 98065A   24232.50000000 -.00022620  00000-0  13156-2 0  1004
2 16159  53.0000 120.0000 0000000   0.0000  38.1818 15.12078246293040
STARLINK-1531
1 28525U 98065A   24232.50000000 -.00022620  00000-0  13156-2 0  1007
2 28525  53.0000 120.0000 0000000   0.0000  54.5455 15.12078246139217
STARLINK-1532
1 96744U 98065A   24232.50000000 -.00022620  00000-0  13156-2 0  1001
2 96744  53.0000 120.0000 0000000   0.0000  70.9091 15.12078246391170
STARLINK-1533
1 34901U 98065A   24232.50000000 -.00022620  00000-0  13156-2 0  1007
2 34901  53.0000 120.0000 0000000   0.0000  87.2727 15.12078246561015
STARLINK-1534
1 11232U 98065A   24232.50000000 -.00022620  00000-0  13156-2 0  1003
2 11232  53.0000 120.0000 0000000   0.0000 103.6364 15.12078246627222
STARLINK-1535
1 98001U 98065A   24232.50000000 -.00022620  00000-0  13156-2 0  1001
2 98001  53.0000 120.0000 0000000   0.0000 120.0000 15.12078246474850
STARLINK-1536
1 36677U 98065A   24232.50000000 -.00022620  00000-0  13156-2 0  1001
2 36677  53.0000 120.0000 0000000   0.0000 136.3636 15.12078246255875
STARLINK-1537
1 10095U 98065A   24232.50000000 -.00022620  00000-0  13156-2 0  1005
2 10095  53.0000 120.0000 0000000   0.0000 152.7273 15.12078246297934
STARLINK-1538
1 48269U 98065A   24232.50000000 -.00022620  00000-0  13156-2 0  1004
2 48269  53.0000 120.0000 0000000   0.0000 169.0909 15.12078246483848
STARLINK-1539
1 81948U 98065A   24232.50000000 -.00022620  00000-0  13156-2 0  1008
2 81948  53.0000 120.0000 0000000   0.0000 185.4545 15.12078246962854
STARLINK-1540
1 89906U 98065A   24232.50000000 -.00022620  00000-0  13156-2 0  1008
2 89906  53.0000 120.0000 0000000   0.0000 201.8182 15.12078246705363
STARLINK-1541
1 56998U 98065A   24232.50000000 -.00022620  00000-0  13156-2 0  1004
2 56998  53.0000 120.0000 0000000   0.0000 218.1818 15.12078246301603
STARLINK-1542
1 32805U 98065A   24232.50000000 -.00022620  00000-0  13156-2 0  1005
2 32805  53.0000 120.0000 0000000   0.0000 234.5455 15.12078246182000
STARLINK-1543
1 99373U 98065A   24232.50000000 -.00022620  00000-0  13156-2 0  1007
2 99373  53.0000 120.0000 0000000   0.0000 250.9091 15.12078246815331
STARLINK-1544
1 36883U 98065A   24232.50000000 -.00022620  00000-0  13156-2 0  1003
2 36883  53.0000 120.0000 0000000   0.0000 267.2727 15.12078246425683
STARLINK-1545
1 10856U 98065A   24232.50000000 -.00022620  00000-0  13156-2 0  1007
2 10856  53.0000 120.0000 0000000   0.0000 283.6364 15.12078246571025
STARLINK-1546
1 51501U 98065A   24232.50000000 -.00022620  00000-0  13156-2 0  1004
2 51501  53.0000 120.0000 0000000   0.0000 300.0000 15.12078246553800
STARLINK-1547
1 72311U 98065A   24232.50000000 -.00022620  00000-0  13156-2 0  1008
2 72311  53.0000 120.0000 0000000   0.0000 316.3636 15.12078246778241
STARLINK-1548
1 21025U 98065A   24232.50000000 -.00022620  00000-0  13156-2 0  1001
2 21025  53.0000 120.0000 0000000   0.0000 332.7273 15.12078246686234
STARLINK-1549
1 57208U 98065A   24232.50000000 -.00022620  00000-0  13156-2 0  1001
2 57208  53.0000 120.0000 0000000   0.0000 349.0909 15.12078246666230
STARLINK-1550
1 85258U 98065A   24232.50000000 -.00022620  00000-0  13156-2 0  1000
2 85258  53.0000 125.0000 0000000   0.0000   5.6818 15.12078246271504
STARLINK-1551
1 64756U 98065A   24232.50000000 -.00022620  00000-0  13156-2 0  1005
2 64756  53.0000 125.0000 0000000   0.0000  22.0455 15.12078246422901
STARLINK-1552
1 19164U 98065A   24232.50000000 -.00022620  00000-0  13156-2 0  1005
2 19164  53.0000 125.0000 0000000   0.0000  38.4091 15.12078246855400
STARLINK-1553
1 27382U 98065A   24232.50000000 -.00022620  00000-0  13156-2 0  1008
2 27382  53.0000 125.0000 0000000   0.0000  54.7727 15.12078246563473
STARLINK-1554
1 26368U 98065A   24232.50000000 -.00022620  00000-0  13156-2 0  1008
2 26368  53.0000 125.0000 0000000   0.0000  71.1364 15.12078246323764
STARLINK-1555
1 44012U 98065A   24232.50000000 -.00022620  00000-0  13156-2 0  1003
2 44012  53.0000 125.0000 0000000   0.0000  87.5000 15.12078246640437
STARLINK-1556
1 55201U 98065A   24232.50000000 -.00022620  00000-0  13156-2 0  1001
2 55201  53.0000 125.0000 0000000   0.0000 103.8636 15.12078246800036
STARLINK-1557
1 79412U 98065A   24232.50000000 -.00022620  00000-0  13156-2 0  1002
2 79412  53.0000 125.0000 0000000   0.0000 120.2273 15.12078246230305
STARLINK-1558
1 60524U 98065A   24232.50000000 -.00022620  00000-0  13156-2 0  1001
2 60524  53.0000 125.0000 0000000   0.0000 136.5909 15.12078246101320
STARLINK-1559
1 64018U 98065A   24232.50000000 -.00022620  00000-0  13156-2 0  1008
2 64018  53.0000 125.0000 0000000   0.0000 152.9545 15.12078246607373
STARLINK-1560
1 12910U 98065A   24232.50000000 -.00022620  00000-0  13156-2 0  1007
2 12910  53.0000 125.0000 0000000   0.0000 169.3182 15.12078246206650
STARLINK-1561
1 24477U 98065A   24232.50000000 -.00022620  00000-0  13156-2 0  1004
2 24477  53.0000 125.0000 0000000   0.0000 185.6818 15.12078246861757
STARLINK-1562
1 40625U 98065A   24232.50000000 -.00022620  00000-0  13156-2 0  1004
2 40625  53.0000 125.0000 0000000   0.0000 202.0455 15.12078246150675
STARLINK-1563
1 30438U 98065A   24232.50000000 -.00022620  00000-0  13156-2 0  1007
2 30438  53.0000 125.0000 0000000   0.0000 218.4091 15.12078246572852
STARLINK-1564
1 96867U 98065A   24232.50000000 -.00022620  00000-0  13156-2 0  1002
2 96867  53.0000 125.0000 0000000   0.0000 234.7727 15.12078246389922
STARLINK-1565
1 49503U 98065A   24232.50000000 -.00022620  00000-0  13156-2 0  1002
2 49503  53.0000 125.0000 0000000   0.0000 251.1364 15.12078246377201
STARLINK-1566
1 46821U 98065A   24232.50000000 -.00022620  00000-0  13156-2 0  1001
2 46821  53.0000 125.0000 0000000   0.0000 267.5000 15.12078246331508
STARLINK-1567
1 14280U 98065A   24232.50000000 -.00022620  00000-0  13156-2 0  1004
2 14280  53.0000 125.0000 0000000   0.0000 283.8636 15.12078246544705
STARLINK-1568
1 58157U 98065A   24232.50000000 -.00022620  00000-0  13156-2 0  1001
2 58157  53.0000 125.0000 0000000   0.0000 300.2273 15.12078246314811
STARLINK-1569
1 56121U 98065A   24232.50000000 -.00022620  00000-0  13156-2 0  1002
2 56121  53.0000 125.0000 0000000   0.0000 316.5909 15.12078246262305
STARLINK-1570
1 47492U 98065A   24232.50000000 -.00022620  00000-0  13156-2 0  1004
2 47492  53.0000 125.0000 0000000   0.0000 332.9545 15.12078246799301
STARLINK-1571
1 85661U 98065A   24232.50000000 -.00022620  00000-0  13156-2 0  1006
2 85661  53.0000 125.0000 0000000   0.0000 349.3182 15.12078246516591
STARLINK-1572
1 60952U 98065A   24232.50000000 -.00022620  00000-0  13156-2 0  1008
2 60952  53.0000 130.0000 0000000   0.0000   5.9091 15.12078246892860
STARLINK-1573
1 21872U 98065A   24232.50000000 -.00022620  00000-0  13156-2 0  1005
2 21872  53.0000 130.0000 0000000   0.0000  22.2727 15.12078246393006
STARLINK-1574
1 98616U 98065A   24232.50000000 -.00022620  00000-0  13156-2 0  1005
2 98616  53.0000 130.0000 0000000   0.0000  38.6364 15.12078246588521
STARLINK-1575
1 48247U 98065A   24232.50000000 -.00022620  00000-0  13156-2 0  1000
2 48247  53.0000 130.0000 0000000   0.0000  55.0000 15.12078246806122
STARLINK-1576
1 21876U 98065A   24232.50000000 -.00022620  00000-0  13156-2 0  1000
2 21876  53.0000 130.0000 0000000   0.0000  71.3636 15.12078246768590
STARLINK-1577
1 10302U 98065A   24232.50000000 -.00022620  00000-0  13156-2 0  1001
2 10302  53.0000 130.0000 0000000   0.0000  87.7273 15.12078246516360
STARLINK-1578
1 80033U 98065A   24232.50000000 -.00022620  00000-0  13156-2 0  1003
2 80033  53.0000 130.0000 0000000   0.0000 104.0909 15.12078246290770
STARLINK-1579
1 51390U 98065A   24232.50000000 -.00022620  00000-0  13156-2 0  1006
2 51390  53.0000 130.0000 0000000   0.0000 120.4545 15.12078246521904
STARLINK-1580
1 31384U 98065A   24232.50000000 -.00022620  00000-0  13156-2 0  1007
2 31384  53.0000 130.0000 0000000   0.0000 136.8182 15.12078246508924
STARLINK-1581
1 88894U 98065A   24232.50000000 -.00022620  00000-0  13156-2 0  1007
2 88894  53.0000 130.0000 0000000   0.0000 153.1818 15.12078246512402
STARLINK-1582
1 92282U 98065A   24232.50000000 -.00022620  00000-0  13156-2 0  1007
2 92282  53.0000 130.0000 0000000   0.0000 169.5455 15.12078246877624
STARLINK-1583
1 60657U 98065A   24232.50000000 -.00022620  00000-0  13156-2 0  1005
2 60657  53.0000 130.0000 0000000   0.0000 185.9091 15.12078246304455
STARLINK-1584
1 21210U 98065A   24232.50000000 -.00022620  00000-0  13156-2 0  1001
2 21210  53.0000 130.0000 0000000   0.0000 202.2727 15.12078246575218
STARLINK-1585
1 90955U 98065A   24232.50000000 -.00022620  00000-0  13156-2 0  1005
2 90955  53.0000 130.0000 0000000   0.0000 218.6364 15.12078246264941
STARLINK-1586
1 52690U 98065A   24232.50000000 -.00022620  00000-0  13156-2 0  1004
2 52690  53.0000 130.0000 0000000   0.0000 235.0000 15.12078246444926
STARLINK-1587
1 25221U 98065A   24232.50000000 -.00022620  00000-0  13156-2 0  1007
2 25221  53.0000 130.0000 0000000   0.0000 251.3636 15.12078246733767
STARLINK-1588
1 10292U 98065A   24232.50000000 -.00022620  00000-0  13156-2 0  1002
2 10292  53.0000 130.0000 0000000   0.0000 267.7273 15.12078246343382
STARLINK-1589
1 49421U 98065A   24232.50000000 -.00022620  00000-0  13156-2 0  1008
2 49421  53.0000 130.0000 0000000   0.0000 284.0909 15.12078246265773
STARLINK-1590
1 85610U 98065A   24232.50000000 -.00022620  00000-0  13156-2 0  1001
2 85610  53.0000 130.0000 0000000   0.0000 300.4545 15.12078246716677
STARLINK-1591
1 81192U 98065A   24232.50000000 -.00022620  00000-0  13156-2 0  1006
2 81192  53.0000 130.0000 0000000   0.0000 316.8182 15.12078246501597
STARLINK-1592
1 32209U 98065A   24232.50000000 -.00022620  00000-0  13156-2 0  1007
2 32209  53.0000 130.0000 0000000   0.0000 333.1818 15.12078246983543
STARLINK-1593
1 45130U 98065A   24232.50000000 -.00022620  00000-0  13156-2 0  1004
2 45130  53.0000 130.0000 0000000   0.0000 349.5455 15.12078246388990
STARLINK-1594
1 47041U 98065A   24232.50000000 -.00022620  00000-0  13156-2 0  1005
2 47041  53.0000 135.0000 0000000   0.0000   6.1364 15.12078246402551
STARLINK-1595
1 28352U 98065A   24232.50000000 -.00022620  00000-0  13156-2 0  1005
2 28352  53.0000 135.0000 0000000   0.0000  22.5000 15.12078246313220
STARLINK-1596
1 99855U 98065A   24232.50000000 -.00022620  00000-0  13156-2 0  1007
2 99855  53.0000 135.0000 0000000   0.0000  38.8636 15.12078246748242
STARLINK-1597
1 68884U 98065A   24232.50000000 -.00022620  00000-0  13156-2 0  1008
2 68884  53.0000 135.0000 0000000   0.0000  55.2273 15.12078246886472
STARLINK-1598
1 55421U 98065A   24232.50000000 -.00022620  00000-0  13156-2 0  1001
2 55421  53.0000 135.0000 0000000   0.0000  71.5909 15.12078246184318
STARLINK-1599
1 30529U 98065A   24232.50000000 -.00022620  00000-0  13156-2 0  1001
2 30529  53.0000 135.0000 0000000   0.0000  87.9545 15.12078246913281
STARLINK-1600
1 55850U 98065A   24232.50000000 -.00022620  00000-0  13156-2 0  1003
2 55850  53.0000 135.0000 0000000   0.0000 104.3182 15.12078246858528
STARLINK-1601
1 38649U 98065A   24232.50000000 -.00022620  00000-0  13156-2 0  1005
2 38649  53.0000 135.0000 0000000   0.0000 120.6818 15.12078246521174
STARLINK-1602
1 10862U 98065A   24232.50000000 -.00022620  00000-0  13156-2 0  1004
2 10862  53.0000 135.0000 0000000   0.0000 137.0455 15.12078246816623
STARLINK-1603
1 68247U 98065A   24232.50000000 -.00022620  00000-0  13156-2 0  1002
2 68247  53.0000 135.0000 0000000   0.0000 153.4091 15.12078246117573
STARLINK-1604
1 76149U 98065A   24232.50000000 -.00022620  00000-0  13156-2 0  1000
2 76149  53.0000 135.0000 0000000   0.0000 169.7727 15.12078246632548
STARLINK-1605
1 50731U 98065A   24232.50000000 -.00022620  00000-0  13156-2 0  1003
2 50731  53.0000 135.0000 0000000   0.0000 186.1364 15.12078246286057
STARLINK-1606
1 68762U 98065A   24232.50000000 -.00022620  00000-0  13156-2 0  1001
2 68762  53.0000 135.0000 0000000   0.0000 202.5000 15.12078246657592
STARLINK-1607
1 42799U 98065A   24232.50000000 -.00022620  00000-0  13156-2 0  1008
2 42799  53.0000 135.0000 0000000   0.0000 218.8636 15.12078246236581
STARLINK-1608
1 59683U 98065A   24232.50000000 -.00022620  00000-0  13156-2 0  1004
2 59683  53.0000 135.0000 0000000   0.0000 235.2273 15.12078246329874
STARLINK-1609
1 32096U 98065A   24232.50000000 -.00022620  00000-0  13156-2 0  1006
2 32096  53.0000 135.0000 0000000   0.0000 251.5909 15.12078246318438
STARLINK-1610
1 49635U 98065A   24232.50000000 -.00022620  00000-0  13156-2 0  1000
2 49635  53.0000 135.0000 0000000   0.0000 267.9545 15.12078246488033
STARLINK-1611
1 53204U 98065A   24232.50000000 -.00022620  00000-0  13156-2 0  1001
2 53204  53.0000 135.0000 0000000   0.0000 284.3182 15.12078246876013
STARLINK-1612
1 22951U 98065A   24232.50000000 -.00022620  00000-0  13156-2 0  1001
2 22951  53.0000 135.0000 0000000   0.0000 300.6818 15.12078246185997
STARLINK-1613
1 39039U 98065A   24232.50000000 -.00022620  00000-0  13156-2 0  1003
2 39039  53.0000 135.0000 0000000   0.0000 317.0455 15.12078246897462
STARLINK-1614
1 96506U 98065A   24232.50000000 -.00022620  00000-0  13156-2 0  1006
2 96506  53.0000 135.0000 0000000   0.0000 333.4091 15.12078246801775
STARLINK-1615
1 83978U 98065A   24232.50000000 -.00022620  00000-0  13156-2 0  1007
2 83978  53.0000 135.0000 0000000   0.0000 349.7727 15.12078246135045
STARLINK-1616
1 70433U 98065A   24232.50000000 -.00022620  00000-0  13156-2 0  1007
2 70433  53.0000 140.0000 0000000   0.0000   6.3636 15.12078246272890
STARLINK-1617
1 57289U 98065A   24232.50000000 -.00022620  00000-0  13156-2 0  1007
2 57289  53.0000 140.0000 0000000   0.0000  22.7273 15.12078246334925
STARLINK-1618
1 16782U 98065A   24232.50000000 -.00022620  00000-0  13156-2 0  1006
2 16782  53.0000 140.0000 0000000   0.0000  39.0909 15.12078246674461
STARLINK-1619
1 66160U 98065A   24232.50000000 -.00022620  00000-0  13156-2 0  1003
2 66160  53.0000 140.0000 0000000   0.0000  55.4545 15.12078246366211
STARLINK-1620
1 39079U 98065A   24232.50000000 -.00022620  00000-0  13156-2 0  1002
2 39079  53.0000 140.0000 0000000   0.0000  71.8182 15.12078246896631
STARLINK-1621
1 44793U 98065A   24232.50000000 -.00022620  00000-0  13156-2 0  1007
2 44793  53.0000 140.0000 0000000   0.0000  88.1818 15.12078246348674
STARLINK-1622
1 56581U 98065A   24232.50000000 -.00022620  00000-0  13156-2 0  1001
2 56581  53.0000 140.0000 0000000   0.0000 104.5455 15.12078246664911
STARLINK-1623
1 82196U 98065A   24232.50000000 -.00022620  00000-0  13156-2 0  1005
2 82196  53.0000 140.0000 0000000   0.0000 120.9091 15.12078246629806
STARLINK-1624
1 55279U 98065A   24232.50000000 -.00022620  00000-0  13156-2 0  1004
2 55279  53.0000 140.0000 0000000   0.0000 137.2727 15.12078246569414
STARLINK-1625
1 45708U 98065A   24232.50000000 -.00022620  00000-0  13156-2 0  1006
2 45708  53.0000 140.0000 0000000   0.0000 153.6364 15.12078246137883
STARLINK-1626
1 73243U 98065A   24232.50000000 -.00022620  00000-0  13156-2 0  1001
2 73243  53.0000 140.0000 0000000   0.0000 170.0000 15.12078246546054
STARLINK-1627
1 97317U 98065A   24232.50000000 -.00022620  00000-0  13156-2 0  1006
2 97317  53.0000 140.0000 0000000   0.0000 186.3636 15.12078246767997
STARLINK-1628
1 73195U 98065A   24232.50000000 -.00022620  00000-0  13156-2 0  1000
2 73195  53.0000 140.0000 0000000   0.0000 202.7273 15.12078246157370
STARLINK-1629
1 27896U 98065A   24232.50000000 -.00022620  00000-0  13156-2 0  1006
2 27896  53.0000 140.0000 0000000   0.0000 219.0909 15.12078246658703
STARLINK-1630
1 77145U 98065A   24232.50000000 -.00022620  00000-0  13156-2 0  1000
2 77145  53.0000 140.0000 0000000   0.0000 235.4545 15.12078246438555
STARLINK-1631
1 95283U 98065A   24232.50000000 -.00022620  00000-0  13156-2 0  1002
2 95283  53.0000 140.0000 0000000   0.0000 251.8182 15.12078246401513
STARLINK-1632
1 64749U 98065A   24232.50000000 -.00022620  00000-0  13156-2 0  1000
2 64749  53.0000 140.0000 0000000   0.0000 268.1818 15.12078246172220
STARLINK-1633
1 69766U 98065A   24232.50000000 -.00022620  00000-0  13156-2 0  1001
2 69766  53.0000 140.0000 0000000   0.0000 284.5455 15.12078246787985
STARLINK-1634
1 33161U 98065A   24232.50000000 -.00022620  00000-0  13156-2 0  1002
2 33161  53.0000 140.0000 0000000   0.0000 300.9091 15.12078246968858
STARLINK-1635
1 47019U 98065A   24232.50000000 -.00022620  00000-0  13156-2 0  1003
2 47019  53.0000 140.0000 0000000   0.0000 317.2727 15.12078246253913
STARLINK-1636
1 99810U 98065A   24232.50000000 -.00022620  00000-0  13156-2 0  1003
2 99810  53.0000 140.0000 0000000   0.0000 333.6364 15.12078246380421
STARLINK-1637
1 21870U 98065A   24232.50000000 -.00022620  00000-0  13156-2 0  1007
2 21870  53.0000 140.0000 0000000   0.0000 350.0000 15.12078246865226
STARLINK-1638
1 64813U 98065A   24232.50000000 -.00022620  00000-0  13156-2 0  1001
2 64813  53.0000 145.0000 0000000   0.0000   6.5909 15.12078246430903
STARLINK-1639
1 44138U 98065A   24232.50000000 -.00022620  00000-0  13156-2 0  1001
2 44138  53.0000 145.0000 0000000   0.0000  22.9545 15.12078246597086
STARLINK-1640
1 21459U 98065A   24232.50000000 -.00022620  00000-0  13156-2 0  1000
2 21459  53.0000 145.0000 0000000   0.0000  39.3182 15.12078246754462
STARLINK-1641
1 54045U 98065A   24232.50000000 -.00022620  00000-0  13156-2 0  1007
2 54045  53.0000 145.0000 0000000   0.0000  55.6818 15.12078246961198
STARLINK-1642
1 56222U 98065A   24232.50000000 -.00022620  00000-0  13156-2 0  1001
2 56222  53.0000 145.0000 0000000   0.0000  72.0455 15.12078246118054
STARLINK-1643
1 58539U 98065A   24232.50000000 -.00022620  00000-0  13156-2 0  1001
2 58539  53.0000 145.0000 0000000   0.0000  88.4091 15.12078246230920
STARLINK-1644
1 18099U 98065A   24232.50000000 -.00022620  00000-0  13156-2 0  1000
2 18099  53.0000 145.0000 0000000   0.0000 104.7727 15.12078246586465
STARLINK-1645
1 21519U 98065A   24232.50000000 -.00022620  00000-0  13156-2 0  1008
2 21519  53.0000 145.0000 0000000   0.0000 121.1364 15.12078246767391
STARLINK-1646
1 52142U 98065A   24232.50000000 -.00022620  00000-0  13156-2 0  1007
2 52142  53.0000 145.0000 0000000   0.0000 137.5000 15.12078246329046
STARLINK-1647
1 29675U 98065A   24232.50000000 -.00022620  00000-0  13156-2 0  1007
2 29675  53.0000 145.0000 0000000   0.0000 153.8636 15.12078246802411
STARLINK-1648
1 36807U 98065A   24232.50000000 -.00022620  00000-0  13156-2 0  1003
2 36807  53.0000 145.0000 0000000   0.0000 170.2273 15.12078246159763
STARLINK-1649
1 17958U 98065A   24232.50000000 -.00022620  00000-0  13156-2 0  1002
2 17958  53.0000 145.0000 0000000   0.0000 186.5909 15.12078246206678
STARLINK-1650
1 70387U 98065A   24232.50000000 -.00022620  00000-0  13156-2 0  1006
2 70387  53.0000 145.0000 0000000   0.0000 202.9545 15.12078246674458
STARLINK-1651
1 60912U 98065A   24232.50000000 -.00022620  00000-0  13156-2 0  1000
2 60912  53.0000 145.0000 0000000   0.0000 219.3182 15.12078246253476
STARLINK-1652
1 47724U 98065A   24232.50000000 -.00022620  00000-0  13156-2 0  1000
2 47724  53.0000 145.0000 0000000   0.0000 235.6818 15.12078246615383
STARLINK-1653
1 40912U 98065A   24232.50000000 -.00022620  00000-0  13156-2 0  1006
2 40912  53.0000 145.0000 0000000   0.0000 252.0455 15.12078246345755
STARLINK-1654
1 45842U 98065A   24232.50000000 -.00022620  00000-0  13156-2 0  1004
2 45842  53.0000 145.0000 0000000   0.0000 268.4091 15.12078246527288
STARLINK-1655
1 81656U 98065A   24232.50000000 -.00022620  00000-0  13156-2 0  1006
2 81656  53.0000 145.0000 0000000   0.0000 284.7727 15.12078246444667
STARLINK-1656
1 17109U 98065A   24232.50000000 -.00022620  00000-0  13156-2 0  1003
2 17109  53.0000 145.0000 0000000   0.0000 301.1364 15.12078246521203
STARLINK-1657
1 24037U 98065A   24232.50000000 -.00022620  00000-0  13156-2 0  1007
2 24037  53.0000 145.0000 0000000   0.0000 317.5000 15.12078246173153
STARLINK-1658
1 79025U 98065A   24232.50000000 -.00022620  00000-0  13156-2 0  1000
2 79025  53.0000 145.0000 0000000   0.0000 333.8636 15.12078246945888
STARLINK-1659
1 72842U 98065A   24232.50000000 -.00022620  00000-0  13156-2 0  1001
2 72842  53.0000 145.0000 0000000   0.0000 350.2273 15.12078246353911
STARLINK-1660
1 89005U 98065A   24232.50000000 -.00022620  00000-0  13156-2 0  1004
2 89005  53.0000 150.0000 0000000   0.0000   6.8182 15.12078246302620
STARLINK-1661
1 64216U 98065A   24232.50000000 -.00022620  00000-0  13156-2 0  1002
2 64216  53.0000 150.0000 0000000   0.0000  23.1818 15.12078246336736
STARLINK-1662
1 82621U 98065A   24232.50000000 -.00022620  00000-0  13156-2 0  1004
2 82621  53.0000 150.0000 0000000   0.0000  39.5455 15.12078246434228
STARLINK-1663
1 15137U 98065A   24232.50000000 -.00022620  00000-0  13156-2 0  1007
2 15137  53.0000 150.0000 0000000   0.0000  55.9091 15.12078246180932
STARLINK-1664
1 61846U 98065A   24232.50000000 -.00022620  00000-0  13156-2 0  1000
2 61846  53.0000 150.0000 0000000   0.0000  72.2727 15.12078246282194
STARLINK-1665
1 26790U 98065A   24232.50000000 -.00022620  00000-0  13156-2 0  1004
2 26790  53.0000 150.0000 0000000   0.0000  88.6364 15.12078246784426
STARLINK-1666
1 64079U 98065A   24232.50000000 -.00022620  00000-0  13156-2 0  1006
2 64079  53.0000 150.0000 0000000   0.0000 105.0000 15.12078246609434
STARLINK-1667
1 17337U 98065A   24232.50000000 -.00022620  00000-0  13156-2 0  1005
2 17337  53.0000 150.0000 0000000   0.0000 121.3636 15.12078246689966
STARLINK-1668
1 32203U 98065A   24232.50000000 -.00022620  00000-0  13156-2 0  1007
2 32203  53.0000 150.0000 0000000   0.0000 137.7273 15.12078246788670
STARLINK-1669
1 57257U 98065A   24232.50000000 -.00022620  00000-0  13156-2 0  1002
2 57257  53.0000 150.0000 0000000   0.0000 154.0909 15.12078246947880
STARLINK-1670
1 35196U 98065A   24232.50000000 -.00022620  00000-0  13156-2 0  1002
2 35196  53.0000 150.0000 0000000   0.0000 170.4545 15.12078246344262
STARLINK-1671
1 65647U 98065A   24232.50000000 -.00022620  00000-0  13156-2 0  1002
2 65647  53.0000 150.0000 0000000   0.0000 186.8182 15.12078246977845
STARLINK-1672
1 57554U 98065A   24232.50000000 -.00022620  00000-0  13156-2 0  1003
2 57554  53.0000 150.0000 0000000   0.0000 203.1818 15.12078246782646
STARLINK-1673
1 26644U 98065A   24232.50000000 -.00022620  00000-0  13156-2 0  1008
2 26644  53.0000 150.0000 0000000   0.0000 219.5455 15.12078246627881
STARLINK-1674
1 72395U 98065A   24232.50000000 -.00022620  00000-0  13156-2 0  1000
2 72395  53.0000 150.0000 0000000   0.0000 235.9091 15.12078246302542
STARLINK-1675
1 93745U 98065A   24232.50000000 -.00022620  00000-0  13156-2 0  1002
2 93745  53.0000 150.0000 0000000   0.0000 252.2727 15.12078246856460
STARLINK-1676
1 83952U 98065A   24232.50000000 -.00022620  00000-0  13156-2 0  1006
2 83952  53.0000 150.0000 0000000   0.0000 268.6364 15.12078246159134
STARLINK-1677
1 61184U 98065A   24232.50000000 -.00022620  00000-0  13156-2 0  1004
2 61184  53.0000 150.0000 0000000   0.0000 285.0000 15.12078246765141
STARLINK-1678
1 51213U 98065A   24232.50000000 -.00022620  00000-0  13156-2 0  1007
2 51213  53.0000 150.0000 0000000   0.0000 301.3636 15.12078246508186
STARLINK-1679
1 35866U 98065A   24232.50000000 -.00022620  00000-0  13156-2 0  1002
2 35866  53.0000 150.0000 0000000   0.0000 317.7273 15.12078246902791
STARLINK-1680
1 73112U 98065A   24232.50000000 -.00022620  00000-0  13156-2 0  1004
2 73112  53.0000 150.0000 0000000   0.0000 334.0909 15.12078246205815
STARLINK-1681
1 53350U 98065A   24232.50000000 -.00022620  00000-0  13156-2 0  1006
2 53350  53.0000 150.0000 0000000   0.0000 350.4545 15.12078246611088
STARLINK-1682
1 98082U 98065A   24232.50000000 -.00022620  00000-0  13156-2 0  1004
2 98082  53.0000 155.0000 0000000   0.0000   7.0455 15.12078246221554
STARLINK-1683
1 78899U 98065A   24232.50000000 -.00022620  00000-0  13156-2 0  1004
2 78899  53.0000 155.0000 0000000   0.0000  23.4091 15.12078246690008
STARLINK-1684
1 43677U 98065A   24232.50000000 -.00022620  00000-0  13156-2 0  1006
2 43677  53.0000 155.0000 0000000   0.0000  39.7727 15.12078246894031
STARLINK-1685
1 22487U 98065A   24232.50000000 -.00022620  00000-0  13156-2 0  1001
2 22487  53.0000 155.0000 0000000   0.0000  56.1364 15.12078246156331
STARLINK-1686
1 17666U 98065A   24232.50000000 -.00022620  00000-0  13156-2 0  1004
2 17666  53.0000 155.0000 0000000   0.0000  72.5000 15.12078246915060
STARLINK-1687
1 48045U 98065A   24232.50000000 -.00022620  00000-0  13156-2 0  1006
2 48045  53.0000 155.0000 0000000   0.0000  88.8636 15.12078246602518
STARLINK-1688
1 25232U 98065A   24232.50000000 -.00022620  00000-0  13156-2 0  1004
2 25232  53.0000 155.0000 0000000   0.0000 105.2273 15.12078246593000
STARLINK-1689
1 96581U 98065A   24232.50000000 -.00022620  00000-0  13156-2 0  1002
2 96581  53.0000 155.0000 0000000   0.0000 121.5909 15.12078246702116
STARLINK-1690
1 33746U 98065A   24232.50000000 -.00022620  00000-0  13156-2 0  1000
2 33746  53.0000 155.0000 0000000   0.0000 137.9545 15.12078246776543
STARLINK-1691
1 99949U 98065A   24232.50000000 -.00022620  00000-0  13156-2 0  1004
2 99949  53.0000 155.0000 0000000   0.0000 154.3182 15.12078246198058
STARLINK-1692
1 76625U 98065A   24232.50000000 -.00022620  00000-0  13156-2 0  1003
2 76625  53.0000 155.0000 0000000   0.0000 170.6818 15.12078246208960
STARLINK-1693
1 74319U 98065A   24232.50000000 -.00022620  00000-0  13156-2 0  1001
2 74319  53.0000 155.0000 0000000   0.0000 187.0455 15.12078246682652
STARLINK-1694
1 39655U 98065A   24232.50000000 -.00022620  00000-0  13156-2 0  1005
2 39655  53.0000 155.0000 0000000   0.0000 203.4091 15.12078246794544
STARLINK-1695
1 17507U 98065A   24232.50000000 -.00022620  00000-0  13156-2 0  1006
2 17507  53.0000 155.0000 0000000   0.0000 219.7727 15.12078246671794
STARLINK-1696
1 17331U 98065A   24232.50000000 -.00022620  00000-0  13156-2 0  1004
2 17331  53.0000 155.0000 0000000   0.0000 236.1364 15.12078246900562
STARLINK-1697
1 49607U 98065A   24232.50000000 -.00022620  00000-0  13156-2 0  1002
2 49607  53.0000 155.0000 0000000   0.0000 252.5000 15.12078246874381
STARLINK-1698
1 92658U 98065A   24232.50000000 -.00022620  00000-0  13156-2 0  1005
2 92658  53.0000 155.0000 0000000   0.0000 268.8636 15.12078246905722
STARLINK-1699
1 93996U 98065A   24232.50000000 -.00022620  00000-0  13156-2 0  1006
2 93996  53.0000 155.0000 0000000   0.0000 285.2273 15.12078246975211
STARLINK-1700
1 26965U 98065A   24232.50000000 -.00022620  00000-0  13156-2 0  1005
2 26965  53.0000 155.0000 0000000   0.0000 301.5909 15.12078246837961
STARLINK-1701
1 44672U 98065A   24232.50000000 -.00022620  00000-0  13156-2 0  1000
2 44672  53.0000 155.0000 0000000   0.0000 317.9545 15.12078246757148
STARLINK-1702
1 62770U 98065A   24232.50000000 -.00022620  00000-0  13156-2 0  1005
2 62770  53.0000 155.0000 0000000   0.0000 334.3182 15.12078246186500
STARLINK-1703
1 19527U 98065A   24232.50000000 -.00022620  00000-0  13156-2 0  1007
2 19527  53.0000 155.0000 0000000   0.0000 350.6818 15.12078246400518
STARLINK-1704
1 10396U 98065A   24232.50000000 -.00022620  00000-0  13156-2 0  1008
2 10396  53.0000 160.0000 0000000   0.0000   7.2727 15.12078246469266
STARLINK-1705
1 72689U 98065A   24232.50000000 -.00022620  00000-0  13156-2 0  1004
2 72689  53.0000 160.0000 0000000   0.0000  23.6364 15.12078246294713
STARLINK-1706
1 32456U 98065A   24232.50000000 -.00022620  00000-0  13156-2 0  1008
2 32456  53.0000 160.0000 0000000   0.0000  40.0000 15.12078246681355
STARLINK-1707
1 79838U 98065A   24232.50000000 -.00022620  00000-0  13156-2 0  1003
2 79838  53.0000 160.0000 0000000   0.0000  56.3636 15.12078246621130
STARLINK-1708
1 69107U 98065A   24232.50000000 -.00022620  00000-0  13156-2 0  1003
2 69107  53.0000 160.0000 0000000   0.0000  72.7273 15.12078246396744
STARLINK-1709
1 57804U 98065A   24232.50000000 -.00022620  00000-0  13156-2 0  1000
2 57804  53.0000 160.0000 0000000   0.0000  89.0909 15.12078246590506
STARLINK-1710
1 84871U 98065A   24232.50000000 -.00022620  00000-0  13156-2 0  1007
2 84871  53.0000 160.0000 0000000   0.0000 105.4545 15.12078246878070
STARLINK-1711
1 74509U 98065A   24232.50000000 -.00022620  00000-0  13156-2 0  1006
2 74509  53.0000 160.0000 0000000   0.0000 121.8182 15.12078246945684
STARLINK-1712
1 53954U 98065A   24232.50000000 -.00022620  00000-0  13156-2 0  1003
2 53954  53.0000 160.0000 0000000   0.0000 138.1818 15.12078246693845
STARLINK-1713
1 70410U 98065A   24232.50000000 -.00022620  00000-0  13156-2 0  1008
2 70410  53.0000 160.0000 0000000   0.0000 154.5455 15.12078246542855
STARLINK-1714
1 27470U 98065A   24232.50000000 -.00022620  00000-0  13156-2 0  1001
2 27470  53.0000 160.0000 0000000   0.0000 170.9091 15.12078246320168
STARLINK-1715
1 83118U 98065A   24232.50000000 -.00022620  00000-0  13156-2 0  1008
2 83118  53.0000 160.0000 0000000   0.0000 187.2727 15.12078246305120
STARLINK-1716
1 11213U 98065A   24232.50000000 -.00022620  00000-0  13156-2 0  1002
2 11213  53.0000 160.0000 0000000   0.0000 203.6364 15.12078246152678
STARLINK-1717
1 70282U 98065A   24232.50000000 -.00022620  00000-0  13156-2 0  1006
2 70282  53.0000 160.0000 0000000   0.0000 220.0000 15.12078246693922
STARLINK-1718
1 40522U 98065A   24232.50000000 -.00022620  00000-0  13156-2 0  1006
2 40522  53.0000 160.0000 0000000   0.0000 236.3636 15.12078246989998
STARLINK-1719
1 86378U 98065A   24232.50000000 -.00022620  00000-0  13156-2 0  1007
2 86378  53.0000 160.0000 0000000   0.0000 252.7273 15.12078246659936
STARLINK-1720
1 97150U 98065A   24232.50000000 -.00022620  00000-0  13156-2 0  1005
2 97150  53.0000 160.0000 0000000   0.0000 269.0909 15.12078246708465
STARLINK-1721
1 98080U 98065A   24232.50000000 -.00022620  00000-0  13156-2 0  1001
2 98080  53.0000 160.0000 0000000   0.0000 285.4545 15.12078246350252
STARLINK-1722
1 53079U 98065A   24232.50000000 -.00022620  00000-0  13156-2 0  1006
2 53079  53.0000 160.0000 0000000   0.0000 301.8182 15.12078246493758
STARLINK-1723
1 44145U 98065A   24232.50000000 -.00022620  00000-0  13156-2 0  1005
2 44145  53.0000 160.0000 0000000   0.0000 318.1818 15.12078246292805
STARLINK-1724
1 68061U 98065A   24232.50000000 -.00022620  00000-0  13156-2 0  1007
2 68061  53.0000 160.0000 0000000   0.0000 334.5455 15.12078246323780
STARLINK-1725
1 51046U 98065A   24232.50000000 -.00022620  00000-0  13156-2 0  1002
2 51046  53.0000 160.0000 0000000   0.0000 350.9091 15.12078246592357
STARLINK-1726
1 97936U 98065A   24232.50000000 -.00022620  00000-0  13156-2 0  1003
2 97936  53.0000 165.0000 0000000   0.0000   7.5000 15.12078246109372
STARLINK-1727
1 43747U 98065A   24232.50000000 -.00022620  00000-0  13156-2 0  1004
2 43747  53.0000 165.0000 0000000   0.0000  23.8636 15.12078246144390
STARLINK-1728
1 60434U 98065A   24232.50000000 -.00022620  00000-0  13156-2 0  1005
2 60434  53.0000 165.0000 0000000   0.0000  40.2273 15.12078246427056
STARLINK-1729
1 93159U 98065A   24232.50000000 -.00022620  00000-0  13156-2 0  1008
2 93159  53.0000 165.0000 0000000   0.0000  56.5909 15.12078246893518
STARLINK-1730
1 87530U 98065A   24232.50000000 -.00022620  00000-0  13156-2 0  1007
2 87530  53.0000 165.0000 0000000   0.0000  72.9545 15.12078246851653
STARLINK-1731
1 96873U 98065A   24232.50000000 -.00022620  00000-0  13156-2 0  1000
2 96873  53.0000 165.0000 0000000   0.0000  89.3182 15.12078246224730
STARLINK-1732
1 71491U 98065A   24232.50000000 -.00022620  00000-0  13156-2 0  1002
2 71491  53.0000 165.0000 0000000   0.0000 105.6818 15.12078246670822
STARLINK-1733
1 25405U 98065A   24232.50000000 -.00022620  00000-0  13156-2 0  1006
2 25405  53.0000 165.0000 0000000   0.0000 122.0455 15.12078246892247
STARLINK-1734
1 48233U 98065A   24232.50000000 -.00022620  00000-0  13156-2 0  1001
2 48233  53.0000 165.0000 0000000   0.0000 138.4091 15.12078246170900
STARLINK-1735
1 81791U 98065A   24232.50000000 -.00022620  00000-0  13156-2 0  1008
2 81791  53.0000 165.0000 0000000   0.0000 154.7727 15.12078246964303
STARLINK-1736
1 85855U 98065A   24232.50000000 -.00022620  00000-0  13156-2 0  1006
2 85855  53.0000 165.0000 0000000   0.0000 171.1364 15.12078246741957
STARLINK-1737
1 44873U 98065A   24232.50000000 -.00022620  00000-0  13156-2 0  1001
2 44873  53.0000 165.0000 0000000   0.0000 187.5000 15.12078246442461
STARLINK-1738
1 45121U 98065A   24232.50000000 -.00022620  00000-0  13156-2 0  1001
2 45121  53.0000 165.0000 0000000   0.0000 203.8636 15.12078246748643
STARLINK-1739
1 91523U 98065A   24232.50000000 -.00022620  00000-0  13156-2 0  1004
2 91523  53.0000 165.0000 0000000   0.0000 220.2273 15.12078246833316
STARLINK-1740
1 19693U 98065A   24232.50000000 -.00022620  00000-0  13156-2 0  1006
2 19693  53.0000 165.0000 0000000   0.0000 236.5909 15.12078246552805
STARLINK-1741
1 48477U 98065A   24232.50000000 -.00022620  00000-0  13156-2 0  1008
2 48477  53.0000 165.0000 0000000   0.0000 252.9545 15.12078246352081
STARLINK-1742
1 94667U 98065A   24232.50000000 -.00022620  00000-0  13156-2 0  1007
2 94667  53.0000 165.0000 0000000   0.0000 269.3182 15.12078246744186
STARLINK-1743
1 85834U 98065A   24232.50000000 -.00022620  00000-0  13156-2 0  1007
2 85834  53.0000 165.0000 0000000   0.0000 285.6818 15.12078246963115
STARLINK-1744
1 56461U 98065A   24232.50000000 -.00022620  00000-0  13156-2 0  1000
2 56461  53.0000 165.0000 0000000   0.0000 302.0455 15.12078246106821
STARLINK-1745
1 97774U 98065A   24232.50000000 -.00022620  00000-0  13156-2 0  1007
2 97774  53.0000 165.0000 0000000   0.0000 318.4091 15.12078246806938
STARLINK-1746
1 74734U 98065A   24232.50000000 -.00022620  00000-0  13156-2 0  1002
2 74734  53.0000 165.0000 0000000   0.0000 334.7727 15.12078246969888
STARLINK-1747
1 97453U 98065A   24232.50000000 -.00022620  00000-0  13156-2 0  1008
2 97453  53.0000 165.0000 0000000   0.0000 351.1364 15.12078246252622
STARLINK-1748
1 49886U 98065A   24232.50000000 -.00022620  00000-0  13156-2 0  1008
2 49886  53.0000 170.0000 0000000   0.0000   7.7273 15.12078246177928
STARLINK-1749
1 93687U 98065A   24232.50000000 -.00022620  00000-0  13156-2 0  1006
2 93687  53.0000 170.0000 0000000   0.0000  24.0909 15.12078246964967
STARLINK-1750
1 95909U 98065A   24232.50000000 -.00022620  00000-0  13156-2 0  1002
2 95909  53.0000 170.0000 0000000   0.0000  40.4545 15.12078246159362
STARLINK-1751
1 64017U 98065A   24232.50000000 -.00022620  00000-0  13156-2 0  1002
2 64017  53.0000 170.0000 0000000   0.0000  56.8182 15.12078246896410
STARLINK-1752
1 86583U 98065A   24232.50000000 -.00022620  00000-0  13156-2 0  1000
2 86583  53.0000 170.0000 0000000   0.0000  73.1818 15.12078246459488
STARLINK-1753
1 40922U 98065A   24232.50000000 -.00022620  00000-0  13156-2 0  1002
2 40922  53.0000 170.0000 0000000   0.0000  89.5455 15.12078246237624
STARLINK-1754
1 36105U 98065A   24232.50000000 -.00022620  00000-0  13156-2 0  1004
2 36105  53.0000 170.0000 0000000   0.0000 105.9091 15.12078246104306
STARLINK-1755
1 99251U 98065A   24232.50000000 -.00022620  00000-0  13156-2 0  1000
2 99251  53.0000 170.0000 0000000   0.0000 122.2727 15.12078246625003
STARLINK-1756
1 33092U 98065A   24232.50000000 -.00022620  00000-0  13156-2 0  1003
2 33092  53.0000 170.0000 0000000   0.0000 138.6364 15.12078246351871
STARLINK-1757
1 99036U 98065A   24232.50000000 -.00022620  00000-0  13156-2 0  1000
2 99036  53.0000 170.0000 0000000   0.0000 155.0000 15.12078246448837
STARLINK-1758
1 35699U 98065A   24232.50000000 -.00022620  00000-0  13156-2 0  1005
2 35699  53.0000 170.0000 0000000   0.0000 171.3636 15.12078246291714
STARLINK-1759
1 75436U 98065A   24232.50000000 -.00022620  00000-0  13156-2 0  1005
2 75436  53.0000 170.0000 0000000   0.0000 187.7273 15.12078246424072
STARLINK-1760
1 39525U 98065A   24232.50000000 -.00022620  00000-0  13156-2 0  1001
2 39525  53.0000 170.0000 0000000   0.0000 204.0909 15.12078246565770
STARLINK-1761
1 20271U 98065A   24232.50000000 -.00022620  00000-0  13156-2 0  1001
2 20271  53.0000 170.0000 0000000   0.0000 220.4545 15.12078246415424
STARLINK-1762
1 72621U 98065A   24232.50000000 -.00022620  00000-0  13156-2 0  1005
2 72621  53.0000 170.0000 0000000   0.0000 236.8182 15.12078246580933
STARLINK-1763
1 63775U 98065A   24232.50000000 -.00022620  00000-0  13156-2 0  1003
2 63775  53.0000 170.0000 0000000   0.0000 253.1818 15.12078246762072
STARLINK-1764
1 55777U 98065A   24232.50000000 -.00022620  00000-0  13156-2 0  1006
2 55777  53.0000 170.0000 0000000   0.0000 269.5455 15.12078246756470
STARLINK-1765
1 44401U 98065A   24232.50000000 -.00022620  00000-0  13156-2 0  1004
2 44401  53.0000 170.0000 0000000   0.0000 285.9091 15.12078246728030
STARLINK-1766
1 96529U 98065A   24232.50000000 -.00022620  00000-0  13156-2 0  1004
2 96529  53.0000 170.0000 0000000   0.0000 302.2727 15.12078246190502
STARLINK-1767
1 54249U 98065A   24232.50000000 -.00022620  00000-0  13156-2 0  1001
2 54249  53.0000 170.0000 0000000   0.0000 318.6364 15.12078246733294
STARLINK-1768
1 36037U 98065A   24232.50000000 -.00022620  00000-0  13156-2 0  1008
2 36037  53.0000 170.0000 0000000   0.0000 335.0000 15.12078246816904
STARLINK-1769
1 67322U 98065A   24232.50000000 -.00022620  00000-0  13156-2 0  1002
2 67322  53.0000 170.0000 0000000   0.0000 351.3636 15.12078246570176
STARLINK-1770
1 21052U 98065A   24232.50000000 -.00022620  00000-0  13156-2 0  1006
2 21052  53.0000 175.0000 0000000   0.0000   7.9545 15.12078246330246
STARLINK-1771
1 90434U 98065A   24232.50000000 -.00022620  00000-0  13156-2 0  1005
2 90434  53.0000 175.0000 0000000   0.0000  24.3182 15.12078246426662
STARLINK-1772
1 37223U 98065A   24232.50000000 -.00022620  00000-0  13156-2 0  1004
2 37223  53.0000 175.0000 0000000   0.0000  40.6818 15.12078246745892
STARLINK-1773
1 87696U 98065A   24232.50000000 -.00022620  00000-0  13156-2 0  1003
2 87696  53.0000 175.0000 0000000   0.0000  57.0455 15.12078246824432
STARLINK-1774
1 20389U 98065A   24232.50000000 -.00022620  00000-0  13156-2 0  1007
2 20389  53.0000 175.0000 0000000   0.0000  73.4091 15.12078246141870
STARLINK-1775
1 46900U 98065A   24232.50000000 -.00022620  00000-0  13156-2 0  1008
2 46900  53.0000 175.0000 0000000   0.0000  89.7727 15.12078246276937
STARLINK-1776
1 80931U 98065A   24232.50000000 -.00022620  00000-0  13156-2 0  1007
2 80931  53.0000 175.0000 0000000   0.0000 106.1364 15.12078246523681
STARLINK-1777
1 98413U 98065A   24232.50000000 -.00022620  00000-0  13156-2 0  1008
2 98413  53.0000 175.0000 0000000   0.0000 122.5000 15.12078246756736
STARLINK-1778
1 90120U 98065A   24232.50000000 -.00022620  00000-0  13156-2 0  1002
2 90120  53.0000 175.0000 0000000   0.0000 138.8636 15.12078246872144
STARLINK-1779
1 25881U 98065A   24232.50000000 -.00022620  00000-0  13156-2 0  1003
2 25881  53.0000 175.0000 0000000   0.0000 155.2273 15.12078246337461
STARLINK-1780
1 62141U 98065A   24232.50000000 -.00022620  00000-0  13156-2 0  1000
2 62141  53.0000 175.0000 0000000   0.0000 171.5909 15.12078246284888
STARLINK-1781
1 17614U 98065A   24232.50000000 -.00022620  00000-0  13156-2 0  1006
2 17614  53.0000 175.0000 0000000   0.0000 187.9545 15.12078246319873
STARLINK-1782
1 68261U 98065A   24232.50000000 -.00022620  00000-0  13156-2 0  1003
2 68261  53.0000 175.0000 0000000   0.0000 204.3182 15.12078246608507
STARLINK-1783
1 20380U 98065A   24232.50000000 -.00022620  00000-0  13156-2 0  1004
2 20380  53.0000 175.0000 0000000   0.0000 220.6818 15.12078246163958
STARLINK-1784
1 63711U 98065A   24232.50000000 -.00022620  00000-0  13156-2 0  1003
2 63711  53.0000 175.0000 0000000   0.0000 237.0455 15.12078246547422
STARLINK-1785
1 65281U 98065A   24232.50000000 -.00022620  00000-0  13156-2 0  1006
2 65281  53.0000 175.0000 0000000   0.0000 253.4091 15.12078246248880
STARLINK-1786
1 29857U 98065A   24232.50000000 -.00022620  00000-0  13156-2 0  1000
2 29857  53.0000 175.0000 0000000   0.0000 269.7727 15.12078246612132
STARLINK-1787
1 39341U 98065A   24232.50000000 -.00022620  00000-0  13156-2 0  1006
2 39341  53.0000 175.0000 0000000   0.0000 286.1364 15.12078246427497
STARLINK-1788
1 75983U 98065A   24232.50000000 -.00022620  00000-0  13156-2 0  1006
2 75983  53.0000 175.0000 0000000   0.0000 302.5000 15.12078246343454
STARLINK-1789
1 65781U 98065A   24232.50000000 -.00022620  00000-0  13156-2 0  1001
2 65781  53.0000 175.0000 0000000   0.0000 318.8636 15.12078246965272
STARLINK-1790
1 64764U 98065A   24232.50000000 -.00022620  00000-0  13156-2 0  1008
2 64764  53.0000 175.0000 0000000   0.0000 335.2273 15.12078246140312
STARLINK-1791
1 69267U 98065A   24232.50000000 -.00022620  00000-0  13156-2 0  1001
2 69267  53.0000 175.0000 0000000   0.0000 351.5909 15.12078246229921
STARLINK-1792
1 89941U 98065A   24232.50000000 -.00022620  00000-0  13156-2 0  1004
2 89941  53.0000 180.0000 0000000   0.0000   8.1818 15.12078246509947
STARLINK-1793
1 82990U 98065A   24232.50000000 -.00022620  00000-0  13156-2 0  1004
2 82990  53.0000 180.0000 0000000   0.0000  24.5455 15.12078246780201
STARLINK-1794
1 92368U 98065A   24232.50000000 -.00022620  00000-0  13156-2 0  1007
2 92368  53.0000 180.0000 0000000   0.0000  40.9091 15.12078246386834
STARLINK-1795
1 60569U 98065A   24232.50000000 -.00022620  00000-0  13156-2 0  1006
2 60569  53.0000 180.0000 0000000   0.0000  57.2727 15.12078246838107
STARLINK-1796
1 95583U 98065A   24232.50000000 -.00022620  00000-0  13156-2 0  1008
2 95583  53.0000 180.0000 0000000   0.0000  73.6364 15.12078246802986
STARLINK-1797
1 21668U 98065A   24232.50000000 -.00022620  00000-0  13156-2 0  1008
2 21668  53.0000 180.0000 0000000   0.0000  90.0000 15.12078246331728
STARLINK-1798
1 14583U 98065A   24232.50000000 -.00022620  00000-0  13156-2 0  1007
2 14583  53.0000 180.0000 0000000   0.0000 106.3636 15.12078246308058
STARLINK-1799
1 78788U 98065A   24232.50000000 -.00022620  00000-0  13156-2 0  1003
2 78788  53.0000 180.0000 0000000   0.0000 122.7273 15.12078246604587
STARLINK-1800
1 43612U 98065A   24232.50000000 -.00022620  00000-0  13156-2 0  1002
2 43612  53.0000 180.0000 0000000   0.0000 139.0909 15.12078246308482
STARLINK-1801
1 79475U 98065A   24232.50000000 -.00022620  00000-0  13156-2 0  1001
2 79475  53.0000 180.0000 0000000   0.0000 155.4545 15.12078246268743
STARLINK-1802
1 91185U 98065A   24232.50000000 -.00022620  00000-0  13156-2 0  1001
2 91185  53.0000 180.0000 0000000   0.0000 171.8182 15.12078246331362
STARLINK-1803
1 33420U 98065A   24232.50000000 -.00022620  00000-0  13156-2 0  1001
2 33420  53.0000 180.0000 0000000   0.0000 188.1818 15.12078246282731
STARLINK-1804
1 66372U 98065A   24232.50000000 -.00022620  00000-0  13156-2 0  1007
2 66372  53.0000 180.0000 0000000   0.0000 204.5455 15.12078246779795
STARLINK-1805
1 13311U 98065A   24232.50000000 -.00022620  00000-0  13156-2 0  1002
2 13311  53.0000 180.0000 0000000   0.0000 220.9091 15.12078246965026
STARLINK-1806
1 20288U 98065A   24232.50000000 -.00022620  00000-0  13156-2 0  1005
2 20288  53.0000 180.0000 0000000   0.0000 237.2727 15.12078246830943
STARLINK-1807
1 52323U 98065A   24232.50000000 -.00022620  00000-0  13156-2 0  1001
2 52323  53.0000 180.0000 0000000   0.0000 253.6364 15.12078246463930
STARLINK-1808
1 39061U 98065A   24232.50000000 -.00022620  00000-0  13156-2 0  1000
2 39061  53.0000 180.0000 0000000   0.0000 270.0000 15.12078246629691
STARLINK-1809
1 35017U 98065A   24232.50000000 -.00022620  00000-0  13156-2 0  1007
2 35017  53.0000 180.0000 0000000   0.0000 286.3636 15.12078246848405
STARLINK-1810
1 77158U 98065A   24232.50000000 -.00022620  00000-0  13156-2 0  1000
2 77158  53.0000 180.0000 0000000   0.0000 302.7273 15.12078246324643
STARLINK-1811
1 49242U 98065A   24232.50000000 -.00022620  00000-0  13156-2 0  1005
2 49242  53.0000 180.0000 0000000   0.0000 319.0909 15.12078246792354
STARLINK-1812
1 41418U 98065A   24232.50000000 -.00022620  00000-0  13156-2 0  1000
2 41418  53.0000 180.0000 0000000   0.0000 335.4545 15.12078246254787
STARLINK-1813
1 34728U 98065A   24232.50000000 -.00022620  00000-0  13156-2 0  1005
2 34728  53.0000 180.0000 0000000   0.0000 351.8182 15.12078246838654
STARLINK-1814
1 63564U 98065A   24232.50000000 -.00022620  00000-0  13156-2 0  1008
2 63564  53.0000 185.0000 0000000   0.0000   8.4091 15.12078246371628
STARLINK-1815
1 26858U 98065A   24232.50000000 -.00022620  00000-0  13156-2 0  1000
2 26858  53.0000 185.0000 0000000   0.0000  24.7727 15.12078246539396
STARLINK-1816
1 62243U 98065A   24232.50000000 -.00022620  00000-0  13156-2 0  1001
2 62243  53.0000 185.0000 0000000   0.0000  41.1364 15.12078246822890
STARLINK-1817
1 68691U 98065A   24232.50000000 -.00022620  00000-0  13156-2 0  1007
2 68691  53.0000 185.0000 0000000   0.0000  57.5000 15.12078246760310
STARLINK-1818
1 38893U 98065A   24232.50000000 -.00022620  00000-0  13156-2 0  1006
2 38893  53.0000 185.0000 0000000   0.0000  73.8636 15.12078246421446
STARLINK-1819
1 54214U 98065A   24232.50000000 -.00022620  00000-0  13156-2 0  1004
2 54214  53.0000 185.0000 0000000   0.0000  90.2273 15.12078246888816
STARLINK-1820
1 27021U 98065A   24232.50000000 -.00022620  00000-0  13156-2 0  1000
2 27021  53.0000 185.0000 0000000   0.0000 106.5909 15.12078246969301
STARLINK-1821
1 75096U 98065A   24232.50000000 -.00022620  00000-0  13156-2 0  1000
2 75096  53.0000 185.0000 0000000   0.0000 122.9545 15.12078246766274
STARLINK-1822
1 32976U 98065A   24232.50000000 -.00022620  00000-0  13156-2 0  1006
2 32976  53.0000 185.0000 0000000   0.0000 139.3182 15.12078246125661
STARLINK-1823
1 80244U 98065A   24232.50000000 -.00022620  00000-0  13156-2 0  1005
2 80244  53.0000 185.0000 0000000   0.0000 155.6818 15.12078246695640
STARLINK-1824
1 34969U 98065A   24232.50000000 -.00022620  00000-0  13156-2 0  1003
2 34969  53.0000 185.0000 0000000   0.0000 172.0455 15.12078246126166
STARLINK-1825
1 87609U 98065A   24232.50000000 -.00022620  00000-0  13156-2 0  1008
2 87609  53.0000 185.0000 0000000   0.0000 188.4091 15.12078246836085
STARLINK-1826
1 36271U 98065A   24232.50000000 -.00022620  00000-0  13156-2 0  1001
2 36271  53.0000 185.0000 0000000   0.0000 204.7727 15.12078246445176
STARLINK-1827
1 15306U 98065A   24232.50000000 -.00022620  00000-0  13156-2 0  1000
2 15306  53.0000 185.0000 0000000   0.0000 221.1364 15.12078246941877
STARLINK-1828
1 77661U 98065A   24232.50000000 -.00022620  00000-0  13156-2 0  1006
2 77661  53.0000 185.0000 0000000   0.0000 237.5000 15.12078246870893
STARLINK-1829
1 35385U 98065A   24232.50000000 -.00022620  00000-0  13156-2 0  1000
2 35385  53.0000 185.0000 0000000   0.0000 253.8636 15.12078246281650
STARLINK-1830
1 39775U 98065A   24232.50000000 -.00022620  00000-0  13156-2 0  1001
2 39775  53.0000 185.0000 0000000   0.0000 270.2273 15.12078246254553
STARLINK-1831
1 51095U 98065A   24232.50000000 -.00022620  00000-0  13156-2 0  1004
2 51095  53.0000 185.0000 0000000   0.0000 286.5909 15.12078246862781
STARLINK-1832
1 32333U 98065A   24232.50000000 -.00022620  00000-0  13156-2 0  1000
2 32333  53.0000 185.0000 0000000   0.0000 302.9545 15.12078246358036
STARLINK-1833
1 49898U 98065A   24232.50000000 -.00022620  00000-0  13156-2 0  1006
2 49898  53.0000 185.0000 0000000   0.0000 319.3182 15.12078246787696
STARLINK-1834
1 92945U 98065A   24232.50000000 -.00022620  00000-0  13156-2 0  1000
2 92945  53.0000 185.0000 0000000   0.0000 335.6818 15.12078246992033
STARLINK-1835
1 75958U 98065A   24232.50000000 -.00022620  00000-0  13156-2 0  1005
2 75958  53.0000 185.0000 0000000   0.0000 352.0455 15.12078246656274
STARLINK-1836
1 33448U 98065A   24232.50000000 -.00022620  00000-0  13156-2 0  1003
2 33448  53.0000 190.0000 0000000   0.0000   8.6364 15.12078246965014
STARLINK-1837
1 63980U 98065A   24232.50000000 -.00022620  00000-0  13156-2 0  1002
2 63980  53.0000 190.0000 0000000   0.0000  25.0000 15.12078246305297
STARLINK-1838
1 40563U 98065A   24232.50000000 -.00022620  00000-0  13156-2 0  1002
2 40563  53.0000 190.0000 0000000   0.0000  41.3636 15.12078246980662
STARLINK-1839
1 72169U 98065A   24232.50000000 -.00022620  00000-0  13156-2 0  1003
2 72169  53.0000 190.0000 0000000   0.0000  57.7273 15.12078246662716
STARLINK-1840
1 91602U 98065A   24232.50000000 -.00022620  00000-0  13156-2 0  1000
2 91602  53.0000 190.0000 0000000   0.0000  74.0909 15.12078246393178
STARLINK-1841
1 46931U 98065A   24232.50000000 -.00022620  00000-0  13156-2 0  1002
2 46931  53.0000 190.0000 0000000   0.0000  90.4545 15.12078246964007
STARLINK-1842
1 22745U 98065A   24232.50000000 -.00022620  00000-0  13156-2 0  1008
2 22745  53.0000 190.0000 0000000   0.0000 106.8182 15.12078246145814
STARLINK-1843
1 56683U 98065A   24232.50000000 -.00022620  00000-0  13156-2 0  1000
2 56683  53.0000 190.0000 0000000   0.0000 123.1818 15.12078246753821
STARLINK-1844
1 38763U 98065A   24232.50000000 -.00022620  00000-0  13156-2 0  1002
2 38763  53.0000 190.0000 0000000   0.0000 139.5455 15.12078246401804
STARLINK-1845
1 92493U 98065A   24232.50000000 -.00022620  00000-0  13156-2 0  1004
2 92493  53.0000 190.0000 0000000   0.0000 155.9091 15.12078246520953
STARLINK-1846
1 53251U 98065A   24232.50000000 -.00022620  00000-0  13156-2 0  1002
2 53251  53.0000 190.0000 0000000   0.0000 172.2727 15.12078246849345
STARLINK-1847
1 82101U 98065A   24232.50000000 -.00022620  00000-0  13156-2 0  1002
2 82101  53.0000 190.0000 0000000   0.0000 188.6364 15.12078246594474
STARLINK-1848
1 86499U 98065A   24232.50000000 -.00022620  00000-0  13156-2 0  1008
2 86499  53.0000 190.0000 0000000   0.0000 205.0000 15.12078246315437
STARLINK-1849
1 96278U 98065A   24232.50000000 -.00022620  00000-0  13156-2 0  1004
2 96278  53.0000 190.0000 0000000   0.0000 221.3636 15.12078246263346
STARLINK-1850
1 27987U 98065A   24232.50000000 -.00022620  00000-0  13156-2 0  1003
2 27987  53.0000 190.0000 0000000   0.0000 237.7273 15.12078246173803
STARLINK-1851
1 82418U 98065A   24232.50000000 -.00022620  00000-0  13156-2 0  1000
2 82418  53.0000 190.0000 0000000   0.0000 254.0909 15.12078246225370
STARLINK-1852
1 31226U 98065A   24232.50000000 -.00022620  00000-0  13156-2 0  1005
2 31226  53.0000 190.0000 0000000   0.0000 270.4545 15.12078246867102
STARLINK-1853
1 63331U 98065A   24232.50000000 -.00022620  00000-0  13156-2 0  1005
2 63331  53.0000 190.0000 0000000   0.0000 286.8182 15.12078246709788
STARLINK-1854
1 35644U 98065A   24232.50000000 -.00022620  00000-0  13156-2 0  1005
2 35644  53.0000 190.0000 0000000   0.0000 303.1818 15.12078246146855
STARLINK-1855
1 61688U 98065A   24232.50000000 -.00022620  00000-0  13156-2 0  1006
2 61688  53.0000 190.0000 0000000   0.0000 319.5455 15.12078246472422
STARLINK-1856
1 51661U 98065A   24232.50000000 -.00022620  00000-0  13156-2 0  1006
2 51661  53.0000 190.0000 0000000   0.0000 335.9091 15.12078246995711
STARLINK-1857
1 60807U 98065A   24232.50000000 -.00022620  00000-0  13156-2 0  1005
2 60807  53.0000 190.0000 0000000   0.0000 352.2727 15.12078246903543
STARLINK-1858
1 45852U 98065A   24232.50000000 -.00022620  00000-0  13156-2 0  1003
2 45852  53.0000 195.0000 0000000   0.0000   8.8636 15.12078246903007
STARLINK-1859
1 63042U 98065A   24232.50000000 -.00022620  00000-0  13156-2 0  1008
2 63042  53.0000 195.0000 0000000   0.0000  25.2273 15.12078246354143
STARLINK-1860
1 86056U 98065A   24232.50000000 -.00022620  00000-0  13156-2 0  1008
2 86056  53.0000 195.0000 0000000   0.0000  41.5909 15.12078246792655
STARLINK-1861
1 57339U 98065A   24232.50000000 -.00022620  00000-0  13156-2 0  1004
2 57339  53.0000 195.0000 0000000   0.0000  57.9545 15.12078246483123
STARLINK-1862
1 66313U 98065A   24232.50000000 -.00022620  00000-0  13156-2 0  1003
2 66313  53.0000 195.0000 0000000   0.0000  74.3182 15.12078246616604
STARLINK-1863
1 63893U 98065A   24232.50000000 -.00022620  00000-0  13156-2 0  1007
2 63893  53.0000 195.0000 0000000   0.0000  90.6818 15.12078246677642
STARLINK-1864
1 88546U 98065A   24232.50000000 -.00022620  00000-0  13156-2 0  1004
2 88546  53.0000 195.0000 0000000   0.0000 107.0455 15.12078246917178
STARLINK-1865
1 58382U 98065A   24232.50000000 -.00022620  00000-0  13156-2 0  1007
2 58382  53.0000 195.0000 0000000   0.0000 123.4091 15.12078246953473
STARLINK-1866
1 36247U 98065A   24232.50000000 -.00022620  00000-0  13156-2 0  1003
2 36247  53.0000 195.0000 0000000   0.0000 139.7727 15.12078246473455
STARLINK-1867
1 95586U 98065A   24232.50000000 -.00022620  00000-0  13156-2 0  1001
2 95586  53.0000 195.0000 0000000   0.0000 156.1364 15.12078246351166
STARLINK-1868
1 57481U 98065A   24232.50000000 -.00022620  00000-0  13156-2 0  1005
2 57481  53.0000 195.0000 0000000   0.0000 172.5000 15.12078246605385
STARLINK-1869
1 10476U 98065A   24232.50000000 -.00022620  00000-0  13156-2 0  1007
2 10476  53.0000 195.0000 0000000   0.0000 188.8636 15.12078246977023
STARLINK-1870
1 25290U 98065A   24232.50000000 -.00022620  00000-0  13156-2 0  1002
2 25290  53.0000 195.0000 0000000   0.0000 205.2273 15.12078246831446
STARLINK-1871
1 53524U 98065A   24232.50000000 -.00022620  00000-0  13156-2 0  1005
2 53524  53.0000 195.0000 0000000   0.0000 221.5909 15.12078246738688
STARLINK-1872
1 37546U 98065A   24232.50000000 -.00022620  00000-0  13156-2 0  1004
2 37546  53.0000 195.0000 0000000   0.0000 237.9545 15.12078246528877
STARLINK-1873
1 80651U 98065A   24232.50000000 -.00022620  00000-0  13156-2 0  1007
2 80651  53.0000 195.0000 0000000   0.0000 254.3182 15.12078246623232
STARLINK-1874
1 81644U 98065A   24232.50000000 -.00022620  00000-0  13156-2 0  1004
2 81644  53.0000 195.0000 0000000   0.0000 270.6818 15.12078246782184
STARLINK-1875
1 40039U 98065A   24232.50000000 -.00022620  00000-0  13156-2 0  1004
2 40039  53.0000 195.0000 0000000   0.0000 287.0455 15.12078246704944
STARLINK-1876
1 49837U 98065A   24232.50000000 -.00022620  00000-0  13156-2 0  1008
2 49837  53.0000 195.0000 0000000   0.0000 303.4091 15.12078246418316
STARLINK-1877
1 75139U 98065A   24232.50000000 -.00022620  00000-0  13156-2 0  1005
2 75139  53.0000 195.0000 0000000   0.0000 319.7727 15.12078246893645
STARLINK-1878
1 42905U 98065A   24232.50000000 -.00022620  00000-0  13156-2 0  1005
2 42905  53.0000 195.0000 0000000   0.0000 336.1364 15.12078246682031
STARLINK-1879
1 37473U 98065A   24232.50000000 -.00022620  00000-0  13156-2 0  1008
2 37473  53.0000 195.0000 0000000   0.0000 352.5000 15.12078246456266
STARLINK-1880
1 29986U 98065A   24232.50000000 -.00022620  00000-0  13156-2 0  1000
2 29986  53.0000 200.0000 0000000   0.0000   9.0909 15.12078246860751
STARLINK-1881
1 93944U 98065A   24232.50000000 -.00022620  00000-0  13156-2 0  1000
2 93944  53.0000 200.0000 0000000   0.0000  25.4545 15.12078246162540
STARLINK-1882
1 88964U 98065A   24232.50000000 -.00022620  00000-0  13156-2 0  1000
2 88964  53.0000 200.0000 0000000   0.0000  41.8182 15.12078246587130
STARLINK-1883
1 21152U 98065A   24232.50000000 -.00022620  00000-0  13156-2 0  1004
2 21152  53.0000 200.0000 0000000   0.0000  58.1818 15.12078246558060
STARLINK-1884
1 38443U 98065A   24232.50000000 -.00022620  00000-0  13156-2 0  1006
2 38443  53.0000 200.0000 0000000   0.0000  74.5455 15.12078246657535
STARLINK-1885
1 24736U 98065A   24232.50000000 -.00022620  00000-0  13156-2 0  1004
2 24736  53.0000 200.0000 0000000   0.0000  90.9091 15.12078246533161
STARLINK-1886
1 56456U 98065A   24232.50000000 -.00022620  00000-0  13156-2 0  1000
2 56456  53.0000 200.0000 0000000   0.0000 107.2727 15.12078246983563
STARLINK-1887
1 14141U 98065A   24232.50000000 -.00022620  00000-0  13156-2 0  1001
2 14141  53.0000 200.0000 0000000   0.0000 123.6364 15.12078246504277
STARLINK-1888
1 22026U 98065A   24232.50000000 -.00022620  00000-0  13156-2 0  1008
2 22026  53.0000 200.0000 0000000   0.0000 140.0000 15.12078246742548
STARLINK-1889
1 39039U 98065A   24232.50000000 -.00022620  00000-0  13156-2 0  1007
2 39039  53.0000 200.0000 0000000   0.0000 156.3636 15.12078246840071
STARLINK-1890
1 31464U 98065A   24232.50000000 -.00022620  00000-0  13156-2 0  1004
2 31464  53.0000 200.0000 0000000   0.0000 172.7273 15.12078246580586
STARLINK-1891
1 58819U 98065A   24232.50000000 -.00022620  00000-0  13156-2 0  1008
2 58819  53.0000 200.0000 0000000   0.0000 189.0909 15.12078246266524
STARLINK-1892
1 29853U 98065A   24232.50000000 -.00022620  00000-0  13156-2 0  1002
2 29853  53.0000 200.0000 0000000   0.0000 205.4545 15.12078246246311
STARLINK-1893
1 98987U 98065A   24232.50000000 -.00022620  00000-0  13156-2 0  1001
2 98987  53.0000 200.0000 0000000   0.0000 221.8182 15.12078246279042
STARLINK-1894
1 62032U 98065A   24232.50000000 -.00022620  00000-0  13156-2 0  1008
2 62032  53.0000 200.0000 0000000   0.0000 238.1818 15.12078246557805
STARLINK-1895
1 16142U 98065A   24232.50000000 -.00022620  00000-0  13156-2 0  1003
2 16142  53.0000 200.0000 0000000   0.0000 254.5455 15.12078246764892
STARLINK-1896
1 19272U 98065A   24232.50000000 -.00022620  00000-0  13156-2 0  1008
2 19272  53.0000 200.0000 0000000   0.0000 270.9091 15.12078246311397
STARLINK-1897
1 26276U 98065A   24232.50000000 -.00022620  00000-0  13156-2 0  1006
2 26276  53.0000 200.0000 0000000   0.0000 287.2727 15.12078246422507
STARLINK-1898
1 83841U 98065A   24232.50000000 -.00022620  00000-0  13156-2 0  1000
2 83841  53.0000 200.0000 0000000   0.0000 303.6364 15.12078246121643
STARLINK-1899
1 65519U 98065A   24232.50000000 -.00022620  00000-0  13156-2 0  1006
2 65519  53.0000 200.0000 0000000   0.0000 320.0000 15.12078246136405
STARLINK-1900
1 56920U 98065A   24232.50000000 -.00022620  00000-0  13156-2 0  1008
2 56920  53.0000 200.0000 0000000   0.0000 336.3636 15.12078246870270
STARLINK-1901
1 47346U 98065A   24232.50000000 -.00022620  00000-0  13156-2 0  1005
2 47346  53.0000 200.0000 0000000   0.0000 352.7273 15.12078246490165
STARLINK-1902
1 78937U 98065A   24232.50000000 -.00022620  00000-0  13156-2 0  1008
2 78937  53.0000 205.0000 0000000   0.0000   9.3182 15.12078246721843
STARLINK-1903
1 48204U 98065A   24232.50000000 -.00022620  00000-0  13156-2 0  1006
2 48204  53.0000 205.0000 0000000   0.0000  25.6818 15.12078246187184
STARLINK-1904
1 55853U 98065A   24232.50000000 -.00022620  00000-0  13156-2 0  1005
2 55853  53.0000 205.0000 0000000   0.0000  42.0455 15.12078246430210
STARLINK-1905
1 95180U 98065A   24232.50000000 -.00022620  00000-0  13156-2 0  1002
2 95180  53.0000 205.0000 0000000   0.0000  58.4091 15.12078246820286
STARLINK-1906
1 13157U 98065A   24232.50000000 -.00022620  00000-0  13156-2 0  1002
2 13157  53.0000 205.0000 0000000   0.0000  74.7727 15.12078246153051
STARLINK-1907
1 74761U 98065A   24232.50000000 -.00022620  00000-0  13156-2 0  1008
2 74761  53.0000 205.0000 0000000   0.0000  91.1364 15.12078246754308
STARLINK-1908
1 58207U 98065A   24232.50000000 -.00022620  00000-0  13156-2 0  1000
2 58207  53.0000 205.0000 0000000   0.0000 107.5000 15.12078246785055
STARLINK-1909
1 26462U 98065A   24232.50000000 -.00022620  00000-0  13156-2 0  1001
2 26462  53.0000 205.0000 0000000   0.0000 123.8636 15.12078246477256
STARLINK-1910
1 95068U 98065A   24232.50000000 -.00022620  00000-0  13156-2 0  1008
2 95068  53.0000 205.0000 0000000   0.0000 140.2273 15.12078246295417
STARLINK-1911
1 93648U 98065A   24232.50000000 -.00022620  00000-0  13156-2 0  1005
2 93648  53.0000 205.0000 0000000   0.0000 156.5909 15.12078246602646
STARLINK-1912
1 34683U 98065A   24232.50000000 -.00022620  00000-0  13156-2 0  1008
2 34683  53.0000 205.0000 0000000   0.0000 172.9545 15.12078246703502
STARLINK-1913
1 47222U 98065A   24232.50000000 -.00022620  00000-0  13156-2 0  1006
2 47222  53.0000 205.0000 0000000   0.0000 189.3182 15.12078246152966
STARLINK-1914
1 69554U 98065A   24232.50000000 -.00022620  00000-0  13156-2 0  1006
2 69554  53.0000 205.0000 0000000   0.0000 205.6818 15.12078246646560
STARLINK-1915
1 88497U 98065A   24232.50000000 -.00022620  00000-0  13156-2 0  1007
2 88497  53.0000 205.0000 0000000   0.0000 222.0455 15.12078246739422
STARLINK-1916
1 99910U 98065A   24232.50000000 -.00022620  00000-0  13156-2 0  1003
2 99910  53.0000 205.0000 0000000   0.0000 238.4091 15.12078246855163
STARLINK-1917
1 61324U 98065A   24232.50000000 -.00022620  00000-0  13156-2 0  1000
2 61324  53.0000 205.0000 0000000   0.0000 254.7727 15.12078246311540
STARLINK-1918
1 29336U 98065A   24232.50000000 -.00022620  00000-0  13156-2 0  1003
2 29336  53.0000 205.0000 0000000   0.0000 271.1364 15.12078246310336
STARLINK-1919
1 84040U 98065A   24232.50000000 -.00022620  00000-0  13156-2 0  1003
2 84040  53.0000 205.0000 0000000   0.0000 287.5000 15.12078246283568
STARLINK-1920
1 58909U 98065A   24232.50000000 -.00022620  00000-0  13156-2 0  1004
2 58909  53.0000 205.0000 0000000   0.0000 303.8636 15.12078246530201
STARLINK-1921
1 14169U 98065A   24232.50000000 -.00022620  00000-0  13156-2 0  1008
2 14169  53.0000 205.0000 0000000   0.0000 320.2273 15.12078246465567
STARLINK-1922
1 17288U 98065A   24232.50000000 -.00022620  00000-0  13156-2 0  1008
2 17288  53.0000 205.0000 0000000   0.0000 336.5909 15.12078246410571
STARLINK-1923
1 72558U 98065A   24232.50000000 -.00022620  00000-0  13156-2 0  1007
2 72558  53.0000 205.0000 0000000   0.0000 352.9545 15.12078246529946
STARLINK-1924
1 33296U 98065A   24232.50000000 -.00022620  00000-0  13156-2 0  1004
2 33296  53.0000 210.0000 0000000   0.0000   9.5455 15.12078246163078
STARLINK-1925
1 63480U 98065A   24232.50000000 -.00022620  00000-0  13156-2 0  1000
2 63480  53.0000 210.0000 0000000   0.0000  25.9091 15.12078246526721
STARLINK-1926
1 23942U 98065A   24232.50000000 -.00022620  00000-0  13156-2 0  1000
2 23942  53.0000 210.0000 0000000   0.0000  42.2727 15.12078246872586
STARLINK-1927
1 17173U 98065A   24232.50000000 -.00022620  00000-0  13156-2 0  1000
2 17173  53.0000 210.0000 0000000   0.0000  58.6364 15.12078246416862
STARLINK-1928
1 81400U 98065A   24232.50000000 -.00022620  00000-0  13156-2 0  1005
2 81400  53.0000 210.0000 0000000   0.0000  75.0000 15.12078246287832
STARLINK-1929
1 21454U 98065A   24232.50000000 -.00022620  00000-0  13156-2 0  1006
2 21454  53.0000 210.0000 0000000   0.0000  91.3636 15.12078246143860
STARLINK-1930
1 99287U 98065A   24232.50000000 -.00022620  00000-0  13156-2 0  1004
2 99287  53.0000 210.0000 0000000   0.0000 107.7273 15.12078246203083
STARLINK-1931
1 41082U 98065A   24232.50000000 -.00022620  00000-0  13156-2 0  1006
2 41082  53.0000 210.0000 0000000   0.0000 124.0909 15.12078246311403
STARLINK-1932
1 35488U 98065A   24232.50000000 -.00022620  00000-0  13156-2 0  1003
2 35488  53.0000 210.0000 0000000   0.0000 140.4545 15.12078246877806
STARLINK-1933
1 39035U 98065A   24232.50000000 -.00022620  00000-0  13156-2 0  1003
2 39035  53.0000 210.0000 0000000   0.0000 156.8182 15.12078246484383
STARLINK-1934
1 33838U 98065A   24232.50000000 -.00022620  00000-0  13156-2 0  1002
2 33838  53.0000 210.0000 0000000   0.0000 173.1818 15.12078246761130
STARLINK-1935
1 95915U 98065A   24232.50000000 -.00022620  00000-0  13156-2 0  1000
2 95915  53.0000 210.0000 0000000   0.0000 189.5455 15.12078246273396
STARLINK-1936
1 23096U 98065A   24232.50000000 -.00022620  00000-0  13156-2 0  1005
2 23096  53.0000 210.0000 0000000   0.0000 205.9091 15.12078246111183
STARLINK-1937
1 27812U 98065A   24232.50000000 -.00022620  00000-0  13156-2 0  1000
2 27812  53.0000 210.0000 0000000   0.0000 222.2727 15.12078246581933
STARLINK-1938
1 56878U 98065A   24232.50000000 -.00022620  00000-0  13156-2 0  1002
2 56878  53.0000 210.0000 0000000   0.0000 238.6364 15.12078246383817
STARLINK-1939
1 77730U 98065A   24232.50000000 -.00022620  00000-0  13156-2 0  1007
2 77730  53.0000 210.0000 0000000   0.0000 255.0000 15.12078246255017
STARLINK-1940
1 52661U 98065A   24232.50000000 -.00022620  00000-0  13156-2 0  1006
2 52661  53.0000 210.0000 0000000   0.0000 271.3636 15.12078246585888
STARLINK-1941
1 67090U 98065A   24232.50000000 -.00022620  00000-0  13156-2 0  1008
2 67090  53.0000 210.0000 0000000   0.0000 287.7273 15.12078246442814
STARLINK-1942
1 92638U 98065A   24232.50000000 -.00022620  00000-0  13156-2 0  1004
2 92638  53.0000 210.0000 0000000   0.0000 304.0909 15.12078246960077
STARLINK-1943
1 45907U 98065A   24232.50000000 -.00022620  00000-0  13156-2 0  1008
2 45907  53.0000 210.0000 0000000   0.0000 320.4545 15.12078246567336
STARLINK-1944
1 64346U 98065A   24232.50000000 -.00022620  00000-0  13156-2 0  1005
2 64346  53.0000 210.0000 0000000   0.0000 336.8182 15.12078246207766
STARLINK-1945
1 96571U 98065A   24232.50000000 -.00022620  00000-0  13156-2 0  1008
2 96571  53.0000 210.0000 0000000   0.0000 353.1818 15.12078246315868
STARLINK-1946
1 99728U 98065A   24232.50000000 -.00022620  00000-0  13156-2 0  1007
2 99728  53.0000 215.0000 0000000   0.0000   9.7727 15.12078246414108
STARLINK-1947
1 62777U 98065A   24232.50000000 -.00022620  00000-0  13156-2 0  1008
2 62777  53.0000 215.0000 0000000   0.0000  26.1364 15.12078246624620
STARLINK-1948
1 41329U 98065A   24232.50000000 -.00022620  00000-0  13156-2 0  1001
2 41329  53.0000 215.0000 0000000   0.0000  42.5000 15.12078246962385
STARLINK-1949
1 91065U 98065A   24232.50000000 -.00022620  00000-0  13156-2 0  1005
2 91065  53.0000 215.0000 0000000   0.0000  58.8636 15.12078246430166
STARLINK-1950
1 13446U 98065A   24232.50000000 -.00022620  00000-0  13156-2 0  1007
2 13446  53.0000 215.0000 0000000   0.0000  75.2273 15.12078246224471
STARLINK-1951
1 35983U 98065A   24232.50000000 -.00022620  00000-0  13156-2 0  1003
2 35983  53.0000 215.0000 0000000   0.0000  91.5909 15.12078246633081
STARLINK-1952
1 82128U 98065A   24232.50000000 -.00022620  00000-0  13156-2 0  1002
2 82128  53.0000 215.0000 0000000   0.0000 107.9545 15.12078246860741
STARLINK-1953
1 10927U 98065A   24232.50000000 -.00022620  00000-0  13156-2 0  1008
2 10927  53.0000 215.0000 0000000   0.0000 124.3182 15.12078246742346
STARLINK-1954
1 66159U 98065A   24232.50000000 -.00022620  00000-0  13156-2 0  1004
2 66159  53.0000 215.0000 0000000   0.0000 140.6818 15.12078246168232
STARLINK-1955
1 48569U 98065A   24232.50000000 -.00022620  00000-0  13156-2 0  1002
2 48569  53.0000 215.0000 0000000   0.0000 157.0455 15.12078246210482
STARLINK-1956
1 76317U 98065A   24232.50000000 -.00022620  00000-0  13156-2 0  1004
2 76317  53.0000 215.0000 0000000   0.0000 173.4091 15.12078246534295
STARLINK-1957
1 74217U 98065A   24232.50000000 -.00022620  00000-0  13156-2 0  1004
2 74217  53.0000 215.0000 0000000   0.0000 189.7727 15.12078246807560
STARLINK-1958
1 75587U 98065A   24232.50000000 -.00022620  00000-0  13156-2 0  1000
2 75587  53.0000 215.0000 0000000   0.0000 206.1364 15.12078246802063
STARLINK-1959
1 55960U 98065A   24232.50000000 -.00022620  00000-0  13156-2 0  1002
2 55960  53.0000 215.0000 0000000   0.0000 222.5000 15.12078246360087
STARLINK-1960
1 93612U 98065A   24232.50000000 -.00022620  00000-0  13156-2 0  1008
2 93612  53.0000 215.0000 0000000   0.0000 238.8636 15.12078246171827
STARLINK-1961
1 15659U 98065A   24232.50000000 -.00022620  00000-0  13156-2 0  1006
2 15659  53.0000 215.0000 0000000   0.0000 255.2273 15.12078246200952
STARLINK-1962
1 34763U 98065A   24232.50000000 -.00022620  00000-0  13156-2 0  1007
2 34763  53.0000 215.0000 0000000   0.0000 271.5909 15.12078246306627
STARLINK-1963
1 98440U 98065A   24232.50000000 -.00022620  00000-0  13156-2 0  1005
2 98440  53.0000 215.0000 0000000   0.0000 287.9545 15.12078246702824
STARLINK-1964
1 47541U 98065A   24232.50000000 -.00022620  00000-0  13156-2 0  1001
2 47541  53.0000 215.0000 0000000   0.0000 304.3182 15.12078246865973
STARLINK-1965
1 92141U 98065A   24232.50000000 -.00022620  00000-0  13156-2 0  1001
2 92141  53.0000 215.0000 0000000   0.0000 320.6818 15.12078246554223
STARLINK-1966
1 24927U 98065A   24232.50000000 -.00022620  00000-0  13156-2 0  1008
2 24927  53.0000 215.0000 0000000   0.0000 337.0455 15.12078246983085
STARLINK-1967
1 39319U 98065A   24232.50000000 -.00022620  00000-0  13156-2 0  1004
2 39319  53.0000 215.0000 0000000   0.0000 353.4091 15.12078246272210
STARLINK-1968
1 15984U 98065A   24232.50000000 -.00022620  00000-0  13156-2 0  1000
2 15984  53.0000 220.0000 0000000   0.0000  10.0000 15.12078246865132
STARLINK-1969
1 16681U 98065A   24232.50000000 -.00022620  00000-0  13156-2 0  1003
2 16681  53.0000 220.0000 0000000   0.0000  26.3636 15.12078246540394
STARLINK-1970
1 35871U 98065A   24232.50000000 -.00022620  00000-0  13156-2 0  1004
2 35871  53.0000 220.0000 0000000   0.0000  42.7273 15.12078246283691
STARLINK-1971
1 95274U 98065A   24232.50000000 -.00022620  00000-0  13156-2 0  1000
2 95274  53.0000 220.0000 0000000   0.0000  59.0909 15.12078246661784
STARLINK-1972
1 62861U 98065A   24232.50000000 -.00022620  00000-0  13156-2 0  1004
2 62861  53.0000 220.0000 0000000   0.0000  75.4545 15.12078246586982
STARLINK-1973
1 42244U 98065A   24232.50000000 -.00022620  00000-0  13156-2 0  1002
2 42244  53.0000 220.0000 0000000   0.0000  91.8182 15.12078246449180
STARLINK-1974
1 11620U 98065A   24232.50000000 -.00022620  00000-0  13156-2 0  1006
2 11620  53.0000 220.0000 0000000   0.0000 108.1818 15.12078246690831
STARLINK-1975
1 28500U 98065A   24232.50000000 -.00022620  00000-0  13156-2 0  1003
2 28500  53.0000 220.0000 0000000   0.0000 124.5455 15.12078246626590
STARLINK-1976
1 23235U 98065A   24232.50000000 -.00022620  00000-0  13156-2 0  1006
2 23235  53.0000 220.0000 0000000   0.0000 140.9091 15.12078246690798
STARLINK-1977
1 73222U 98065A   24232.50000000 -.00022620  00000-0  13156-2 0  1008
2 73222  53.0000 220.0000 0000000   0.0000 157.2727 15.12078246486195
STARLINK-1978
1 76601U 98065A   24232.50000000 -.00022620  00000-0  13156-2 0  1000
2 76601  53.0000 220.0000 0000000   0.0000 173.6364 15.12078246421400
STARLINK-1979
1 13952U 98065A   24232.50000000 -.00022620  00000-0  13156-2 0  1001
2 13952  53.0000 220.0000 0000000   0.0000 190.0000 15.12078246665483
STARLINK-1980
1 16337U 98065A   24232.50000000 -.00022620  00000-0  13156-2 0  1005
2 16337  53.0000 220.0000 0000000   0.0000 206.3636 15.12078246543261
STARLINK-1981
1 90571U 98065A   24232.50000000 -.00022620  00000-0  13156-2 0  1000
2 90571  53.0000 220.0000 0000000   0.0000 222.7273 15.12078246876642
STARLINK-1982
1 72773U 98065A   24232.50000000 -.00022620  00000-0  13156-2 0  1001
2 72773  53.0000 220.0000 0000000   0.0000 239.0909 15.12078246184071
STARLINK-1983
1 76806U 98065A   24232.50000000 -.00022620  00000-0  13156-2 0  1008
2 76806  53.0000 220.0000 0000000   0.0000 255.4545 15.12078246923780
STARLINK-1984
1 59608U 98065A   24232.50000000 -.00022620  00000-0  13156-2 0  1005
2 59608  53.0000 220.0000 0000000   0.0000 271.8182 15.12078246498622
STARLINK-1985
1 73589U 98065A   24232.50000000 -.00022620  00000-0  13156-2 0  1006
2 73589  53.0000 220.0000 0000000   0.0000 288.1818 15.12078246973290
STARLINK-1986
1 27515U 98065A   24232.50000000 -.00022620  00000-0  13156-2 0  1005
2 27515  53.0000 220.0000 0000000   0.0000 304.5455 15.12078246270466
STARLINK-1987
1 67740U 98065A   24232.50000000 -.00022620  00000-0  13156-2 0  1005
2 67740  53.0000 220.0000 0000000   0.0000 320.9091 15.12078246670540
STARLINK-1988
1 33987U 98065A   24232.50000000 -.00022620  00000-0  13156-2 0  1005
2 33987  53.0000 220.0000 0000000   0.0000 337.2727 15.12078246554036
STARLINK-1989
1 87208U 98065A   24232.50000000 -.00022620  00000-0  13156-2 0  1003
2 87208  53.0000 220.0000 0000000   0.0000 353.6364 15.12078246880340
STARLINK-1990
1 83591U 98065A   24232.50000000 -.00022620  00000-0  13156-2 0  1005
2 83591  53.0000 225.0000 0000000   0.0000  10.2273 15.12078246676068
STARLINK-1991
1 24325U 98065A   24232.50000000 -.00022620  00000-0  13156-2 0  1003
2 24325  53.0000 225.0000 0000000   0.0000  26.5909 15.12078246419397
STARLINK-1992
1 93618U 98065A   24232.50000000 -.00022620  00000-0  13156-2 0  1005
2 93618  53.0000 225.0000 0000000   0.0000  42.9545 15.12078246843720
STARLINK-1993
1 68243U 98065A   24232.50000000 -.00022620  00000-0  13156-2 0  1001
2 68243  53.0000 225.0000 0000000   0.0000  59.3182 15.12078246618643
STARLINK-1994
1 72170U 98065A   24232.50000000 -.00022620  00000-0  13156-2 0  1004
2 72170  53.0000 225.0000 0000000   0.0000  75.6818 15.12078246209211
STARLINK-1995
1 34902U 98065A   24232.50000000 -.00022620  00000-0  13156-2 0  1005
2 34902  53.0000 225.0000 0000000   0.0000  92.0455 15.12078246828222
STARLINK-1996
1 82792U 98065A   24232.50000000 -.00022620  00000-0  13156-2 0  1003
2 82792  53.0000 225.0000 0000000   0.0000 108.4091 15.12078246613135
STARLINK-1997
1 26352U 98065A   24232.50000000 -.00022620  00000-0  13156-2 0  1002
2 26352  53.0000 225.0000 0000000   0.0000 124.7727 15.12078246936760
STARLINK-1998
1 73495U 98065A   24232.50000000 -.00022620  00000-0  13156-2 0  1003
2 73495  53.0000 225.0000 0000000   0.0000 141.1364 15.12078246332480
STARLINK-1999
1 15569U 98065A   24232.50000000 -.00022620  00000-0  13156-2 0  1002
2 15569  53.0000 225.0000 0000000   0.0000 157.5000 15.12078246866193
STARLINK-2000
1 67029U 98065A   24232.50000000 -.00022620  00000-0  13156-2 0  1004
2 67029  53.0000 225.0000 0000000   0.0000 173.8636 15.12078246421344
STARLINK-2001
1 19374U 98065A   24232.50000000 -.00022620  00000-0  13156-2 0  1000
2 19374  53.0000 225.0000 0000000   0.0000 190.2273 15.12078246512994
STARLINK-2002
1 60299U 98065A   24232.50000000 -.00022620  00000-0  13156-2 0  1005
2 60299  53.0000 225.0000 0000000   0.0000 206.5909 15.12078246425021
STARLINK-2003
1 51374U 98065A   24232.50000000 -.00022620  00000-0  13156-2 0  1002
2 51374  53.0000 225.0000 0000000   0.0000 222.9545 15.12078246579510
STARLINK-2004
1 81765U 98065A   24232.50000000 -.00022620  00000-0  13156-2 0  1006
2 81765  53.0000 225.0000 0000000   0.0000 239.3182 15.12078246993980
STARLINK-2005
1 16526U 98065A   24232.50000000 -.00022620  00000-0  13156-2 0  1007
2 16526  53.0000 225.0000 0000000   0.0000 255.6818 15.12078246553591
STARLINK-2006
1 57850U 98065A   24232.50000000 -.00022620  00000-0  13156-2 0  1005
2 57850  53.0000 225.0000 0000000   0.0000 272.0455 15.12078246850453
STARLINK-2007
1 59141U 98065A   24232.50000000 -.00022620  00000-0  13156-2 0  1005
2 59141  53.0000 225.0000 0000000   0.0000 288.4091 15.12078246506995
STARLINK-2008
1 35648U 98065A   24232.50000000 -.00022620  00000-0  13156-2 0  1004
2 35648  53.0000 225.0000 0000000   0.0000 304.7727 15.12078246514384
STARLINK-2009
1 17198U 98065A   24232.50000000 -.00022620  00000-0  13156-2 0  1001
2 17198  53.0000 225.0000 0000000   0.0000 321.1364 15.12078246484046
STARLINK-2010
1 60053U 98065A   24232.50000000 -.00022620  00000-0  13156-2 0  1005
2 60053  53.0000 225.0000 0000000   0.0000 337.5000 15.12078246480378
STARLINK-2011
1 49187U 98065A   24232.50000000 -.00022620  00000-0  13156-2 0  1005
2 49187  53.0000 225.0000 0000000   0.0000 353.8636 15.12078246713952
STARLINK-2012
1 31838U 98065A   24232.50000000 -.00022620  00000-0  13156-2 0  1002
2 31838  53.0000 230.0000 0000000   0.0000  10.4545 15.12078246448287
STARLINK-2013
1 98592U 98065A   24232.50000000 -.00022620  00000-0  13156-2 0  1007
2 98592  53.0000 230.0000 0000000   0.0000  26.8182 15.12078246522952
STARLINK-2014
1 23813U 98065A   24232.50000000 -.00022620  00000-0  13156-2 0  1004
2 23813  53.0000 230.0000 0000000   0.0000  43.1818 15.12078246942188
STARLINK-2015
1 63392U 98065A   24232.50000000 -.00022620  00000-0  13156-2 0  1004
2 63392  53.0000 230.0000 0000000   0.0000  59.5455 15.12078246334540
STARLINK-2016
1 56016U 98065A   24232.50000000 -.00022620  00000-0  13156-2 0  1000
2 56016  53.0000 230.0000 0000000   0.0000  75.9091 15.12078246576824
STARLINK-2017
1 20701U 98065A   24232.50000000 -.00022620  00000-0  13156-2 0  1003
2 20701  53.0000 230.0000 0000000   0.0000  92.2727 15.12078246532671
STARLINK-2018
1 25751U 98065A   24232.50000000 -.00022620  00000-0  13156-2 0  1002
2 25751  53.0000 230.0000 0000000   0.0000 108.6364 15.12078246487592
STARLINK-2019
1 46813U 98065A   24232.50000000 -.00022620  00000-0  13156-2 0  1000
2 46813  53.0000 230.0000 0000000   0.0000 125.0000 15.12078246562396
STARLINK-2020
1 85560U 98065A   24232.50000000 -.00022620  00000-0  13156-2 0  1008
2 85560  53.0000 230.0000 0000000   0.0000 141.3636 15.12078246850866
STARLINK-2021
1 67378U 98065A   24232.50000000 -.00022620  00000-0  13156-2 0  1008
2 67378  53.0000 230.0000 0000000   0.0000 157.7273 15.12078246689571
STARLINK-2022
1 50281U 98065A   24232.50000000 -.00022620  00000-0  13156-2 0  1007
2 50281  53.0000 230.0000 0000000   0.0000 174.0909 15.12078246361481
STARLINK-2023
1 28941U 98065A   24232.50000000 -.00022620  00000-0  13156-2 0  1002
2 28941  53.0000 230.0000 0000000   0.0000 190.4545 15.12078246573817
STARLINK-2024
1 15869U 98065A   24232.50000000 -.00022620  00000-0  13156-2 0  1000
2 15869  53.0000 230.0000 0000000   0.0000 206.8182 15.12078246147744
STARLINK-2025
1 69173U 98065A   24232.50000000 -.00022620  00000-0  13156-2 0  1005
2 69173  53.0000 230.0000 0000000   0.0000 223.1818 15.12078246420480
STARLINK-2026
1 51060U 98065A   24232.50000000 -.00022620  00000-0  13156-2 0  1003
2 51060  53.0000 230.0000 0000000   0.0000 239.5455 15.12078246513058
STARLINK-2027
1 50721U 98065A   24232.50000000 -.00022620  00000-0  13156-2 0  1006
2 50721  53.0000 230.0000 0000000   0.0000 255.9091 15.12078246576883
STARLINK-2028
1 39241U 98065A   24232.50000000 -.00022620  00000-0  13156-2 0  1006
2 39241  53.0000 230.0000 0000000   0.0000 272.2727 15.12078246207873
STARLINK-2029
1 86972U 98065A   24232.50000000 -.00022620  00000-0  13156-2 0  1008
2 86972  53.0000 230.0000 0000000   0.0000 288.6364 15.12078246706222
STARLINK-2030
1 62120U 98065A   24232.50000000 -.00022620  00000-0  13156-2 0  1006
2 62120  53.0000 230.0000 0000000   0.0000 305.0000 15.12078246822040
STARLINK-2031
1 75725U 98065A   24232.50000000 -.00022620  00000-0  13156-2 0  1006
2 75725  53.0000 230.0000 0000000   0.0000 321.3636 15.12078246811720
STARLINK-2032
1 75803U 98065A   24232.50000000 -.00022620  00000-0  13156-2 0  1005
2 75803  53.0000 230.0000 0000000   0.0000 337.7273 15.12078246999703
STARLINK-2033
1 62242U 98065A   24232.50000000 -.00022620  00000-0  13156-2 0  1006
2 62242  53.0000 230.0000 0000000   0.0000 354.0909 15.12078246623247
STARLINK-2034
1 27022U 98065A   24232.50000000 -.00022620  00000-0  13156-2 0  1002
2 27022  53.0000 235.0000 0000000   0.0000  10.6818 15.12078246597311
STARLINK-2035
1 57192U 98065A   24232.50000000 -.00022620  00000-0  13156-2 0  1005
2 57192  53.0000 235.0000 0000000   0.0000  27.0455 15.12078246787983
STARLINK-2036
1 25284U 98065A   24232.50000000 -.00022620  00000-0  13156-2 0  1004
2 25284  53.0000 235.0000 0000000   0.0000  43.4091 15.12078246739294
STARLINK-2037
1 16830U 98065A   24232.50000000 -.00022620  00000-0  13156-2 0  1006
2 16830  53.0000 235.0000 0000000   0.0000  59.7727 15.12078246275156
STARLINK-2038
1 49391U 98065A   24232.50000000 -.00022620  00000-0  13156-2 0  1002
2 49391  53.0000 235.0000 0000000   0.0000  76.1364 15.12078246993663
STARLINK-2039
1 52175U 98065A   24232.50000000 -.00022620  00000-0  13156-2 0  1004
2 52175  53.0000 235.0000 0000000   0.0000  92.5000 15.12078246710462
STARLINK-2040
1 13712U 98065A   24232.50000000 -.00022620  00000-0  13156-2 0  1000
2 13712  53.0000 235.0000 0000000   0.0000 108.8636 15.12078246441342
STARLINK-2041
1 46966U 98065A   24232.50000000 -.00022620  00000-0  13156-2 0  1007
2 46966  53.0000 235.0000 0000000   0.0000 125.2273 15.12078246952552
STARLINK-2042
1 35210U 98065A   24232.50000000 -.00022620  00000-0  13156-2 0  1006
2 35210  53.0000 235.0000 0000000   0.0000 141.5909 15.12078246172872
STARLINK-2043
1 28937U 98065A   24232.50000000 -.00022620  00000-0  13156-2 0  1004
2 28937  53.0000 235.0000 0000000   0.0000 157.9545 15.12078246538982
STARLINK-2044
1 69824U 98065A   24232.50000000 -.00022620  00000-0  13156-2 0  1003
2 69824  53.0000 235.0000 0000000   0.0000 174.3182 15.12078246734341
STARLINK-2045
1 37370U 98065A   24232.50000000 -.00022620  00000-0  13156-2 0  1004
2 37370  53.0000 235.0000 0000000   0.0000 190.6818 15.12078246413946
STARLINK-2046
1 18926U 98065A   24232.50000000 -.00022620  00000-0  13156-2 0  1004
2 18926  53.0000 235.0000 0000000   0.0000 207.0455 15.12078246698274
STARLINK-2047
1 65001U 98065A   24232.50000000 -.00022620  00000-0  13156-2 0  1000
2 65001  53.0000 235.0000 0000000   0.0000 223.4091 15.12078246594012
STARLINK-2048
1 93329U 98065A   24232.50000000 -.00022620  00000-0  13156-2 0  1003
2 93329  53.0000 235.0000 0000000   0.0000 239.7727 15.12078246479817
STARLINK-2049
1 12797U 98065A   24232.50000000 -.00022620  00000-0  13156-2 0  1004
2 12797  53.0000 235.0000 0000000   0.0000 256.1364 15.12078246248378
STARLINK-2050
1 28624U 98065A   24232.50000000 -.00022620  00000-0  13156-2 0  1006
2 28624  53.0000 235.0000 0000000   0.0000 272.5000 15.12078246358585
STARLINK-2051
1 66796U 98065A   24232.50000000 -.00022620  00000-0  13156-2 0  1008
2 66796  53.0000 235.0000 0000000   0.0000 288.8636 15.12078246354937
STARLINK-2052
1 81508U 98065A   24232.50000000 -.00022620  00000-0  13156-2 0  1000
2 81508  53.0000 235.0000 0000000   0.0000 305.2273 15.12078246196045
STARLINK-2053
1 45962U 98065A   24232.50000000 -.00022620  00000-0  13156-2 0  1008
2 45962  53.0000 235.0000 0000000   0.0000 321.5909 15.12078246866974
STARLINK-2054
1 86481U 98065A   24232.50000000 -.00022620  00000-0  13156-2 0  1001
2 86481  53.0000 235.0000 0000000   0.0000 337.9545 15.12078246247794
STARLINK-2055
1 16384U 98065A   24232.50000000 -.00022620  00000-0  13156-2 0  1000
2 16384  53.0000 235.0000 0000000   0.0000 354.3182 15.12078246294816
STARLINK-2056
1 33952U 98065A   24232.50000000 -.00022620  00000-0  13156-2 0  1001
2 33952  53.0000 240.0000 0000000   0.0000  10.9091 15.12078246811816
STARLINK-2057
1 81588U 98065A   24232.50000000 -.00022620  00000-0  13156-2 0  1004
2 81588  53.0000 240.0000 0000000   0.0000  27.2727 15.12078246317986
STARLINK-2058
1 46322U 98065A   24232.50000000 -.00022620  00000-0  13156-2 0  1000
2 46322  53.0000 240.0000 0000000   0.0000  43.6364 15.12078246892700
STARLINK-2059
1 16801U 98065A   24232.50000000 -.00022620  00000-0  13156-2 0  1003
2 16801  53.0000 240.0000 0000000   0.0000  60.0000 15.12078246270025
STARLINK-2060
1 52726U 98065A   24232.50000000 -.00022620  00000-0  13156-2 0  1004
2 52726  53.0000 240.0000 0000000   0.0000  76.3636 15.12078246993372
STARLINK-2061
1 86519U 98065A   24232.50000000 -.00022620  00000-0  13156-2 0  1004
2 86519  53.0000 240.0000 0000000   0.0000  92.7273 15.12078246328882
STARLINK-2062
1 60138U 98065A   24232.50000000 -.00022620  00000-0  13156-2 0  1002
2 60138  53.0000 240.0000 0000000   0.0000 109.0909 15.12078246997928
STARLINK-2063
1 86098U 98065A   24232.50000000 -.00022620  00000-0  13156-2 0  1008
2 86098  53.0000 240.0000 0000000   0.0000 125.4545 15.12078246683508
STARLINK-2064
1 97312U 98065A   24232.50000000 -.00022620  00000-0  13156-2 0  1003
2 97312  53.0000 240.0000 0000000   0.0000 141.8182 15.12078246612213
STARLINK-2065
1 73120U 98065A   24232.50000000 -.00022620  00000-0  13156-2 0  1007
2 73120  53.0000 240.0000 0000000   0.0000 158.1818 15.12078246295634
STARLINK-2066
1 93556U 98065A   24232.50000000 -.00022620  00000-0  13156-2 0  1001
2 93556  53.0000 240.0000 0000000   0.0000 174.5455 15.12078246795114
STARLINK-2067
1 77342U 98065A   24232.50000000 -.00022620  00000-0  13156-2 0  1001
2 77342  53.0000 240.0000 0000000   0.0000 190.9091 15.12078246861556
STARLINK-2068
1 56067U 98065A   24232.50000000 -.00022620  00000-0  13156-2 0  1005
2 56067  53.0000 240.0000 0000000   0.0000 207.2727 15.12078246745053
STARLINK-2069
1 96282U 98065A   24232.50000000 -.00022620  00000-0  13156-2 0  1002
2 96282  53.0000 240.0000 0000000   0.0000 223.6364 15.12078246253380
STARLINK-2070
1 16569U 98065A   24232.50000000 -.00022620  00000-0  13156-2 0  1005
2 16569  53.0000 240.0000 0000000   0.0000 240.0000 15.12078246971538
STARLINK-2071
1 34386U 98065A   24232.50000000 -.00022620  00000-0  13156-2 0  1007
2 34386  53.0000 240.0000 0000000   0.0000 256.3636 15.12078246382796
STARLINK-2072
1 89049U 98065A   24232.50000000 -.00022620  00000-0  13156-2 0  1004
2 89049  53.0000 240.0000 0000000   0.0000 272.7273 15.12078246310887
STARLINK-2073
1 21566U 98065A   24232.50000000 -.00022620  00000-0  13156-2 0  1002
2 21566  53.0000 240.0000 0000000   0.0000 289.0909 15.12078246739662
STARLINK-2074
1 31799U 98065A   24232.50000000 -.00022620  00000-0  13156-2 0  1007
2 31799  53.0000 240.0000 0000000   0.0000 305.4545 15.12078246531211
STARLINK-2075
1 52018U 98065A   24232.50000000 -.00022620  00000-0  13156-2 0  1000
2 52018  53.0000 240.0000 0000000   0.0000 321.8182 15.12078246821032
STARLINK-2076
1 24109U 98065A   24232.50000000 -.00022620  00000-0  13156-2 0  1003
2 24109  53.0000 240.0000 0000000   0.0000 338.1818 15.12078246349201
STARLINK-2077
1 33987U 98065A   24232.50000000 -.00022620  00000-0  13156-2 0  1001
2 33987  53.0000 240.0000 0000000   0.0000 354.5455 15.12078246209031
STARLINK-2078
1 86772U 98065A   24232.50000000 -.00022620  00000-0  13156-2 0  1003
2 86772  53.0000 245.0000 0000000   0.0000  11.1364 15.12078246569463
STARLINK-2079
1 12823U 98065A   24232.50000000 -.00022620  00000-0  13156-2 0  1004
2 12823  53.0000 245.0000 0000000   0.0000  27.5000 15.12078246454321
STARLINK-2080
1 96219U 98065A   24232.50000000 -.00022620  00000-0  13156-2 0  1002
2 96219  53.0000 245.0000 0000000   0.0000  43.8636 15.12078246286304
STARLINK-2081
1 88714U 98065A   24232.50000000 -.00022620  00000-0  13156-2 0  1000
2 88714  53.0000 245.0000 0000000   0.0000  60.2273 15.12078246729615
STARLINK-2082
1 49144U 98065A   24232.50000000 -.00022620  00000-0  13156-2 0  1008
2 49144  53.0000 245.0000 0000000   0.0000  76.5909 15.12078246312661
STARLINK-2083
1 51538U 98065A   24232.50000000 -.00022620  00000-0  13156-2 0  1001
2 51538  53.0000 245.0000 0000000   0.0000  92.9545 15.12078246374315
STARLINK-2084
1 42565U 98065A   24232.50000000 -.00022620  00000-0  13156-2 0  1006
2 42565  53.0000 245.0000 0000000   0.0000 109.3182 15.12078246400928
STARLINK-2085
1 83264U 98065A   24232.50000000 -.00022620  00000-0  13156-2 0  1003
2 83264  53.0000 245.0000 0000000   0.0000 125.6818 15.12078246185321
STARLINK-2086
1 11794U 98065A   24232.50000000 -.00022620  00000-0  13156-2 0  1001
2 11794  53.0000 245.0000 0000000   0.0000 142.0455 15.12078246786522
STARLINK-2087
1 46068U 98065A   24232.50000000 -.00022620  00000-0  13156-2 0  1007
2 46068  53.0000 245.0000 0000000   0.0000 158.4091 15.12078246302981
STARLINK-2088
1 35454U 98065A   24232.50000000 -.00022620  00000-0  13156-2 0  1004
2 35454  53.0000 245.0000 0000000   0.0000 174.7727 15.12078246962538
STARLINK-2089
1 62699U 98065A   24232.50000000 -.00022620  00000-0  13156-2 0  1003
2 62699  53.0000 245.0000 0000000   0.0000 191.1364 15.12078246272163
STARLINK-2090
1 60135U 98065A   24232.50000000 -.00022620  00000-0  13156-2 0  1000
2 60135  53.0000 245.0000 0000000   0.0000 207.5000 15.12078246822228
STARLINK-2091
1 19799U 98065A   24232.50000000 -.00022620  00000-0  13156-2 0  1000
2 19799  53.0000 245.0000 0000000   0.0000 223.8636 15.12078246766633
STARLINK-2092
1 46062U 98065A   24232.50000000 -.00022620  00000-0  13156-2 0  1007
2 46062  53.0000 245.0000 0000000   0.0000 240.2273 15.12078246642823
STARLINK-2093
1 27016U 98065A   24232.50000000 -.00022620  00000-0  13156-2 0  1008
2 27016  53.0000 245.0000 0000000   0.0000 256.5909 15.12078246194448
STARLINK-2094
1 51513U 98065A   24232.50000000 -.00022620  00000-0  13156-2 0  1008
2 51513  53.0000 245.0000 0000000   0.0000 272.9545 15.12078246978444
STARLINK-2095
1 57800U 98065A   24232.50000000 -.00022620  00000-0  13156-2 0  1003
2 57800  53.0000 245.0000 0000000   0.0000 289.3182 15.12078246754723
STARLINK-2096
1 82685U 98065A   24232.50000000 -.00022620  00000-0  13156-2 0  1005
2 82685  53.0000 245.0000 0000000   0.0000 305.6818 15.12078246398837
STARLINK-2097
1 47476U 98065A   24232.50000000 -.00022620  00000-0  13156-2 0  1001
2 47476  53.0000 245.0000 0000000   0.0000 322.0455 15.12078246721598
STARLINK-2098
1 30140U 98065A   24232.50000000 -.00022620  00000-0  13156-2 0  1003
2 30140  53.0000 245.0000 0000000   0.0000 338.4091 15.12078246890303
STARLINK-2099
1 95256U 98065A   24232.50000000 -.00022620  00000-0  13156-2 0  1001
2 95256  53.0000 245.0000 0000000   0.0000 354.7727 15.12078246918331
STARLINK-2100
1 39359U 98065A   24232.50000000 -.00022620  00000-0  13156-2 0  1001
2 39359  53.0000 250.0000 0000000   0.0000  11.3636 15.12078246165154
STARLINK-2101
1 70011U 98065A   24232.50000000 -.00022620  00000-0  13156-2 0  1004
2 70011  53.0000 250.0000 0000000   0.0000  27.7273 15.12078246709071
STARLINK-2102
1 29489U 98065A   24232.50000000 -.00022620  00000-0  13156-2 0  1003
2 29489  53.0000 250.0000 0000000   0.0000  44.0909 15.12078246947602
STARLINK-2103
1 63044U 98065A   24232.50000000 -.00022620  00000-0  13156-2 0  1006
2 63044  53.0000 250.0000 0000000   0.0000  60.4545 15.12078246822336
STARLINK-2104
1 45959U 98065A   24232.50000000 -.00022620  00000-0  13156-2 0  1008
2 45959  53.0000 250.0000 0000000   0.0000  76.8182 15.12078246248455
STARLINK-2105
1 19718U 98065A   24232.50000000 -.00022620  00000-0  13156-2 0  1005
2 19718  53.0000 250.0000 0000000   0.0000  93.1818 15.12078246420994
STARLINK-2106
1 93961U 98065A   24232.50000000 -.00022620  00000-0  13156-2 0  1007
2 93961  53.0000 250.0000 0000000   0.0000 109.5455 15.12078246941564
STARLINK-2107
1 54635U 98065A   24232.50000000 -.00022620  00000-0  13156-2 0  1003
2 54635  53.0000 250.0000 0000000   0.0000 125.9091 15.12078246259927
STARLINK-2108
1 88046U 98065A   24232.50000000 -.00022620  00000-0  13156-2 0  1001
2 88046  53.0000 250.0000 0000000   0.0000 142.2727 15.12078246819901
STARLINK-2109
1 17448U 98065A   24232.50000000 -.00022620  00000-0  13156-2 0  1006
2 17448  53.0000 250.0000 0000000   0.0000 158.6364 15.12078246794477
STARLINK-2110
1 71856U 98065A   24232.50000000 -.00022620  00000-0  13156-2 0  1002
2 71856  53.0000 250.0000 0000000   0.0000 175.0000 15.12078246666016
STARLINK-2111
1 12306U 98065A   24232.50000000 -.00022620  00000-0  13156-2 0  1000
2 12306  53.0000 250.0000 0000000   0.0000 191.3636 15.12078246763184
STARLINK-2112
1 71287U 98065A   24232.50000000 -.00022620  00000-0  13156-2 0  1007
2 71287  53.0000 250.0000 0000000   0.0000 207.7273 15.12078246494116
STARLINK-2113
1 75147U 98065A   24232.50000000 -.00022620  00000-0  13156-2 0  1004
2 75147  53.0000 250.0000 0000000   0.0000 224.0909 15.12078246653563
STARLINK-2114
1 88373U 98065A   24232.50000000 -.00022620  00000-0  13156-2 0  1007
2 88373  53.0000 250.0000 0000000   0.0000 240.4545 15.12078246803145
STARLINK-2115
1 86903U 98065A   24232.50000000 -.00022620  00000-0  13156-2 0  1000
2 86903  53.0000 250.0000 0000000   0.0000 256.8182 15.12078246601763
STARLINK-2116
1 88784U 98065A   24232.50000000 -.00022620  00000-0  13156-2 0  1004
2 88784  53.0000 250.0000 0000000   0.0000 273.1818 15.12078246775292
STARLINK-2117
1 35327U 98065A   24232.50000000 -.00022620  00000-0  13156-2 0  1002
2 35327  53.0000 250.0000 0000000   0.0000 289.5455 15.12078246974986
STARLINK-2118
1 42571U 98065A   24232.50000000 -.00022620  00000-0  13156-2 0  1007
2 42571  53.0000 250.0000 0000000   0.0000 305.9091 15.12078246386848
STARLINK-2119
1 44599U 98065A   24232.50000000 -.00022620  00000-0  13156-2 0  1003
2 44599  53.0000 250.0000 0000000   0.0000 322.2727 15.12078246432344
STARLINK-2120
1 61888U 98065A   24232.50000000 -.00022620  00000-0  13156-2 0  1002
2 61888  53.0000 250.0000 0000000   0.0000 338.6364 15.12078246546221
STARLINK-2121
1 94647U 98065A   24232.50000000 -.00022620  00000-0  13156-2 0  1006
2 94647  53.0000 250.0000 0000000   0.0000 355.0000 15.12078246794606
STARLINK-2122
1 70370U 98065A   24232.50000000 -.00022620  00000-0  13156-2 0  1003
2 70370  53.0000 255.0000 0000000   0.0000  11.5909 15.12078246133458
STARLINK-2123
1 93019U 98065A   24232.50000000 -.00022620  00000-0  13156-2 0  1007
2 93019  53.0000 255.0000 0000000   0.0000  27.9545 15.12078246397028
STARLINK-2124
1 24966U 98065A   24232.50000000 -.00022620  00000-0  13156-2 0  1005
2 24966  53.0000 255.0000 0000000   0.0000  44.3182 15.12078246369203
STARLINK-2125
1 26410U 98065A   24232.50000000 -.00022620  00000-0  13156-2 0  1007
2 26410  53.0000 255.0000 0000000   0.0000  60.6818 15.12078246476470
STARLINK-2126
1 95615U 98065A   24232.50000000 -.00022620  00000-0  13156-2 0  1006
2 95615  53.0000 255.0000 0000000   0.0000  77.0455 15.12078246208217
STARLINK-2127
1 28685U 98065A   24232.50000000 -.00022620  00000-0  13156-2 0  1005
2 28685  53.0000 255.0000 0000000   0.0000  93.4091 15.12078246175901
STARLINK-2128
1 99571U 98065A   24232.50000000 -.00022620  00000-0  13156-2 0  1005
2 99571  53.0000 255.0000 0000000   0.0000 109.7727 15.12078246623236
STARLINK-2129
1 31325U 98065A   24232.50000000 -.00022620  00000-0  13156-2 0  1002
2 31325  53.0000 255.0000 0000000   0.0000 126.1364 15.12078246813194
STARLINK-2130
1 23826U 98065A   24232.50000000 -.00022620  00000-0  13156-2 0  1008
2 23826  53.0000 255.0000 0000000   0.0000 142.5000 15.12078246480797
STARLINK-2131
1 93016U 98065A   24232.50000000 -.00022620  00000-0  13156-2 0  1002
2 93016  53.0000 255.0000 0000000   0.0000 158.8636 15.12078246690406
STARLINK-2132
1 64364U 98065A   24232.50000000 -.00022620  00000-0  13156-2 0  1005
2 64364  53.0000 255.0000 0000000   0.0000 175.2273 15.12078246254966
STARLINK-2133
1 56549U 98065A   24232.50000000 -.00022620  00000-0  13156-2 0  1007
2 56549  53.0000 255.0000 0000000   0.0000 191.5909 15.12078246694883
STARLINK-2134
1 37207U 98065A   24232.50000000 -.00022620  00000-0  13156-2 0  1001
2 37207  53.0000 255.0000 0000000   0.0000 207.9545 15.12078246226043
STARLINK-2135
1 64731U 98065A   24232.50000000 -.00022620  00000-0  13156-2 0  1006
2 64731  53.0000 255.0000 0000000   0.0000 224.3182 15.12078246773371
STARLINK-2136
1 15428U 98065A   24232.50000000 -.00022620  00000-0  13156-2 0  1000
2 15428  53.0000 255.0000 0000000   0.0000 240.6818 15.12078246671921
STARLINK-2137
1 50026U 98065A   24232.50000000 -.00022620  00000-0  13156-2 0  1004
2 50026  53.0000 255.0000 0000000   0.0000 257.0455 15.12078246622993
STARLINK-2138
1 50857U 98065A   24232.50000000 -.00022620  00000-0  13156-2 0  1006
2 50857  53.0000 255.0000 0000000   0.0000 273.4091 15.12078246657713
STARLINK-2139
1 24456U 98065A   24232.50000000 -.00022620  00000-0  13156-2 0  1000
2 24456  53.0000 255.0000 0000000   0.0000 289.7727 15.12078246961805
STARLINK-2140
1 99395U 98065A   24232.50000000 -.00022620  00000-0  13156-2 0  1008
2 99395  53.0000 255.0000 0000000   0.0000 306.1364 15.12078246863714
STARLINK-2141
1 15814U 98065A   24232.50000000 -.00022620  00000-0  13156-2 0  1004
2 15814  53.0000 255.0000 0000000   0.0000 322.5000 15.12078246381584
STARLINK-2142
1 75321U 98065A   24232.50000000 -.00022620  00000-0  13156-2 0  1006
2 75321  53.0000 255.0000 0000000   0.0000 338.8636 15.12078246536160
STARLINK-2143
1 25465U 98065A   24232.50000000 -.00022620  00000-0  13156-2 0  1000
2 25465  53.0000 255.0000 0000000   0.0000 355.2273 15.12078246595890
STARLINK-2144
1 20941U 98065A   24232.50000000 -.00022620  00000-0  13156-2 0  1002
2 20941  53.0000 260.0000 0000000   0.0000  11.8182 15.12078246552575
STARLINK-2145
1 86860U 98065A   24232.50000000 -.00022620  00000-0  13156-2 0  1003
2 86860  53.0000 260.0000 0000000   0.0000  28.1818 15.12078246233628
STARLINK-2146
1 93065U 98065A   24232.50000000 -.00022620  00000-0  13156-2 0  1008
2 93065  53.0000 260.0000 0000000   0.0000  44.5455 15.12078246252997
STARLINK-2147
1 58746U 98065A   24232.50000000 -.00022620  00000-0  13156-2 0  1006
2 58746  53.0000 260.0000 0000000   0.0000  60.9091 15.12078246452404
STARLINK-2148
1 87328U 98065A   24232.50000000 -.00022620  00000-0  13156-2 0  1000
2 87328  53.0000 260.0000 0000000   0.0000  77.2727 15.12078246276415
STARLINK-2149
1 52274U 98065A   24232.50000000 -.00022620  00000-0  13156-2 0  1002
2 52274  53.0000 260.0000 0000000   0.0000  93.6364 15.12078246804003
STARLINK-2150
1 17635U 98065A   24232.50000000 -.00022620  00000-0  13156-2 0  1000
2 17635  53.0000 260.0000 0000000   0.0000 110.0000 15.12078246106398
STARLINK-2151
1 89781U 98065A   24232.50000000 -.00022620  00000-0  13156-2 0  1008
2 89781  53.0000 260.0000 0000000   0.0000 126.3636 15.12078246695131
STARLINK-2152
1 35358U 98065A   24232.50000000 -.00022620  00000-0  13156-2 0  1005
2 35358  53.0000 260.0000 0000000   0.0000 142.7273 15.12078246871561
STARLINK-2153
1 59350U 98065A   24232.50000000 -.00022620  00000-0  13156-2 0  1005
2 59350  53.0000 260.0000 0000000   0.0000 159.0909 15.12078246775825
STARLINK-2154
1 59574U 98065A   24232.50000000 -.00022620  00000-0  13156-2 0  1008
2 59574  53.0000 260.0000 0000000   0.0000 175.4545 15.12078246145366
STARLINK-2155
1 22153U 98065A   24232.50000000 -.00022620  00000-0  13156-2 0  1007
2 22153  53.0000 260.0000 0000000   0.0000 191.8182 15.12078246456638
STARLINK-2156
1 70525U 98065A   24232.50000000 -.00022620  00000-0  13156-2 0  1003
2 70525  53.0000 260.0000 0000000   0.0000 208.1818 15.12078246472010
STARLINK-2157
1 42687U 98065A   24232.50000000 -.00022620  00000-0  13156-2 0  1008
2 42687  53.0000 260.0000 0000000   0.0000 224.5455 15.12078246268097
STARLINK-2158
1 90647U 98065A   24232.50000000 -.00022620  00000-0  13156-2 0  1006
2 90647  53.0000 260.0000 0000000   0.0000 240.9091 15.12078246757642
STARLINK-2159
1 20592U 98065A   24232.50000000 -.00022620  00000-0  13156-2 0  1002
2 20592  53.0000 260.0000 0000000   0.0000 257.2727 15.12078246925123
STARLINK-2160
1 10163U 98065A   24232.50000000 -.00022620  00000-0  13156-2 0  1002
2 10163  53.0000 260.0000 0000000   0.0000 273.6364 15.12078246923852
STARLINK-2161
1 85203U 98065A   24232.50000000 -.00022620  00000-0  13156-2 0  1001
2 85203  53.0000 260.0000 0000000   0.0000 290.0000 15.12078246293623
STARLINK-2162
1 13222U 98065A   24232.50000000 -.00022620  00000-0  13156-2 0  1002
2 13222  53.0000 260.0000 0000000   0.0000 306.3636 15.12078246919353
STARLINK-2163
1 20841U 98065A   24232.50000000 -.00022620  00000-0  13156-2 0  1001
2 20841  53.0000 260.0000 0000000   0.0000 322.7273 15.12078246962272
STARLINK-2164
1 64452U 98065A   24232.50000000 -.00022620  00000-0  13156-2 0  1007
2 64452  53.0000 260.0000 0000000   0.0000 339.0909 15.12078246941672
STARLINK-2165
1 29158U 98065A   24232.50000000 -.00022620  00000-0  13156-2 0  1008
2 29158  53.0000 260.0000 0000000   0.0000 355.4545 15.12078246162828
STARLINK-2166
1 78842U 98065A   24232.50000000 -.00022620  00000-0  13156-2 0  1007
2 78842  53.0000 265.0000 0000000   0.0000  12.0455 15.12078246197648
STARLINK-2167
1 76758U 98065A   24232.50000000 -.00022620  00000-0  13156-2 0  1001
2 76758  53.0000 265.0000 0000000   0.0000  28.4091 15.12078246765902
STARLINK-2168
1 29776U 98065A   24232.50000000 -.00022620  00000-0  13156-2 0  1001
2 29776  53.0000 265.0000 0000000   0.0000  44.7727 15.12078246849982
STARLINK-2169
1 77433U 98065A   24232.50000000 -.00022620  00000-0  13156-2 0  1001
2 77433  53.0000 265.0000 0000000   0.0000  61.1364 15.12078246903756
STARLINK-2170
1 95033U 98065A   24232.50000000 -.00022620  00000-0  13156-2 0  1002
2 95033  53.0000 265.0000 0000000   0.0000  77.5000 15.12078246137562
STARLINK-2171
1 96249U 98065A   24232.50000000 -.00022620  00000-0  13156-2 0  1005
2 96249  53.0000 265.0000 0000000   0.0000  93.8636 15.12078246188884
STARLINK-2172
1 52973U 98065A   24232.50000000 -.00022620  00000-0  13156-2 0  1003
2 52973  53.0000 265.0000 0000000   0.0000 110.2273 15.12078246647680
STARLINK-2173
1 88314U 98065A   24232.50000000 -.00022620  00000-0  13156-2 0  1004
2 88314  53.0000 265.0000 0000000   0.0000 126.5909 15.12078246493533
STARLINK-2174
1 67995U 98065A   24232.50000000 -.00022620  00000-0  13156-2 0  1003
2 67995  53.0000 265.0000 0000000   0.0000 142.9545 15.12078246129828
STARLINK-2175
1 79256U 98065A   24232.50000000 -.00022620  00000-0  13156-2 0  1008
2 79256  53.0000 265.0000 0000000   0.0000 159.3182 15.12078246331753
STARLINK-2176
1 45143U 98065A   24232.50000000 -.00022620  00000-0  13156-2 0  1004
2 45143  53.0000 265.0000 0000000   0.0000 175.6818 15.12078246771385
STARLINK-2177
1 33629U 98065A   24232.50000000 -.00022620  00000-0  13156-2 0  1000
2 33629  53.0000 265.0000 0000000   0.0000 192.0455 15.12078246846551
STARLINK-2178
1 53530U 98065A   24232.50000000 -.00022620  00000-0  13156-2 0  1007
2 53530  53.0000 265.0000 0000000   0.0000 208.4091 15.12078246553478
STARLINK-2179
1 47868U 98065A   24232.50000000 -.00022620  00000-0  13156-2 0  1001
2 47868  53.0000 265.0000 0000000   0.0000 224.7727 15.12078246974127
STARLINK-2180
1 52990U 98065A   24232.50000000 -.00022620  00000-0  13156-2 0  1004
2 52990  53.0000 265.0000 0000000   0.0000 241.1364 15.12078246872654
STARLINK-2181
1 18330U 98065A   24232.50000000 -.00022620  00000-0  13156-2 0  1005
2 18330  53.0000 265.0000 0000000   0.0000 257.5000 15.12078246787803
STARLINK-2182
1 74661U 98065A   24232.50000000 -.00022620  00000-0  13156-2 0  1008
2 74661  53.0000 265.0000 0000000   0.0000 273.8636 15.12078246723133
STARLINK-2183
1 25967U 98065A   24232.50000000 -.00022620  00000-0  13156-2 0  1001
2 25967  53.0000 265.0000 0000000   0.0000 290.2273 15.12078246316458
STARLINK-2184
1 99136U 98065A   24232.50000000 -.00022620  00000-0  13156-2 0  1005
2 99136  53.0000 265.0000 0000000   0.0000 306.5909 15.12078246710170
STARLINK-2185
1 91616U 98065A   24232.50000000 -.00022620  00000-0  13156-2 0  1006
2 91616  53.0000 265.0000 0000000   0.0000 322.9545 15.12078246186260
STARLINK-2186
1 12823U 98065A   24232.50000000 -.00022620  00000-0  13156-2 0  1005
2 12823  53.0000 265.0000 0000000   0.0000 339.3182 15.12078246667978
STARLINK-2187
1 67048U 98065A   24232.50000000 -.00022620  00000-0  13156-2 0  1007
2 67048  53.0000 265.0000 0000000   0.0000 355.6818 15.12078246587312
STARLINK-2188
1 20945U 98065A   24232.50000000 -.00022620  00000-0  13156-2 0  1007
2 20945  53.0000 270.0000 0000000   0.0000  12.2727 15.12078246799491
STARLINK-2189
1 82492U 98065A   24232.50000000 -.00022620  00000-0  13156-2 0  1008
2 82492  53.0000 270.0000 0000000   0.0000  28.6364 15.12078246504176
STARLINK-2190
1 66721U 98065A   24232.50000000 -.00022620  00000-0  13156-2 0  1005
2 66721  53.0000 270.0000 0000000   0.0000  45.0000 15.12078246211628
STARLINK-2191
1 45294U 98065A   24232.50000000 -.00022620  00000-0  13156-2 0  1007
2 45294  53.0000 270.0000 0000000   0.0000  61.3636 15.12078246562411
STARLINK-2192
1 43188U 98065A   24232.50000000 -.00022620  00000-0  13156-2 0  1005
2 43188  53.0000 270.0000 0000000   0.0000  77.7273 15.12078246163885
STARLINK-2193
1 39784U 98065A   24232.50000000 -.00022620  00000-0  13156-2 0  1008
2 39784  53.0000 270.0000 0000000   0.0000  94.0909 15.12078246207962
STARLINK-2194
1 22152U 98065A   24232.50000000 -.00022620  00000-0  13156-2 0  1004
2 22152  53.0000 270.0000 0000000   0.0000 110.4545 15.12078246648357
STARLINK-2195
1 70371U 98065A   24232.50000000 -.00022620  00000-0  13156-2 0  1005
2 70371  53.0000 270.0000 0000000   0.0000 126.8182 15.12078246361430
STARLINK-2196
1 34122U 98065A   24232.50000000 -.00022620  00000-0  13156-2 0  1006
2 34122  53.0000 270.0000 0000000   0.0000 143.1818 15.12078246378832
STARLINK-2197
1 93024U 98065A   24232.50000000 -.00022620  00000-0  13156-2 0  1006
2 93024  53.0000 270.0000 0000000   0.0000 159.5455 15.12078246496883
STARLINK-2198
1 52383U 98065A   24232.50000000 -.00022620  00000-0  13156-2 0  1003
2 52383  53.0000 270.0000 0000000   0.0000 175.9091 15.12078246797152
STARLINK-2199
1 28295U 98065A   24232.50000000 -.00022620  00000-0  13156-2 0  1008
2 28295  53.0000 270.0000 0000000   0.0000 192.2727 15.12078246928841
STARLINK-2200
1 12873U 98065A   24232.50000000 -.00022620  00000-0  13156-2 0  1008
2 12873  53.0000 270.0000 0000000   0.0000 208.6364 15.12078246394431
STARLINK-2201
1 94443U 98065A   24232.50000000 -.00022620  00000-0  13156-2 0  1004
2 94443  53.0000 270.0000 0000000   0.0000 225.0000 15.12078246352927
STARLINK-2202
1 98467U 98065A   24232.50000000 -.00022620  00000-0  13156-2 0  1007
2 98467  53.0000 270.0000 0000000   0.0000 241.3636 15.12078246672583
STARLINK-2203
1 62451U 98065A   24232.50000000 -.00022620  00000-0  13156-2 0  1003
2 62451  53.0000 270.0000 0000000   0.0000 257.7273 15.12078246101760
STARLINK-2204
1 39543U 98065A   24232.50000000 -.00022620  00000-0  13156-2 0  1000
2 39543  53.0000 270.0000 0000000   0.0000 274.0909 15.12078246461816
STARLINK-2205
1 70523U 98065A   24232.50000000 -.00022620  00000-0  13156-2 0  1004
2 70523  53.0000 270.0000 0000000   0.0000 290.4545 15.12078246554246
STARLINK-2206
1 83353U 98065A   24232.50000000 -.00022620  00000-0  13156-2 0  1006
2 83353  53.0000 270.0000 0000000   0.0000 306.8182 15.12078246313543
STARLINK-2207
1 49498U 98065A   24232.50000000 -.00022620  00000-0  13156-2 0  1004
2 49498  53.0000 270.0000 0000000   0.0000 323.1818 15.12078246437537
STARLINK-2208
1 73260U 98065A   24232.50000000 -.00022620  00000-0  13156-2 0  1003
2 73260  53.0000 270.0000 0000000   0.0000 339.5455 15.12078246429030
STARLINK-2209
1 18472U 98065A   24232.50000000 -.00022620  00000-0  13156-2 0  1001
2 18472  53.0000 270.0000 0000000   0.0000 355.9091 15.12078246511625
STARLINK-2210
1 26984U 98065A   24232.50000000 -.00022620  00000-0  13156-2 0  1003
2 26984  53.0000 275.0000 0000000   0.0000  12.5000 15.12078246896713
STARLINK-2211
1 71168U 98065A   24232.50000000 -.00022620  00000-0  13156-2 0  1002
2 71168  53.0000 275.0000 0000000   0.0000  28.8636 15.12078246582661
STARLINK-2212
1 38072U 98065A   24232.50000000 -.00022620  00000-0  13156-2 0  1003
2 38072  53.0000 275.0000 0000000   0.0000  45.2273 15.12078246865294
STARLINK-2213
1 73452U 98065A   24232.50000000 -.00022620  00000-0  13156-2 0  1007
2 73452  53.0000 275.0000 0000000   0.0000  61.5909 15.12078246326654
STARLINK-2214
1 46336U 98065A   24232.50000000 -.00022620  00000-0  13156-2 0  1007
2 46336  53.0000 275.0000 0000000   0.0000  77.9545 15.12078246167448
STARLINK-2215
1 27213U 98065A   24232.50000000 -.00022620  00000-0  13156-2 0  1001
2 27213  53.0000 275.0000 0000000   0.0000  94.3182 15.12078246810530
STARLINK-2216
1 63407U 98065A   24232.50000000 -.00022620  00000-0  13156-2 0  1001
2 63407  53.0000 275.0000 0000000   0.0000 110.6818 15.12078246462810
STARLINK-2217
1 23952U 98065A   24232.50000000 -.00022620  00000-0  13156-2 0  1004
2 23952  53.0000 275.0000 0000000   0.0000 127.0455 15.12078246174030
STARLINK-2218
1 31631U 98065A   24232.50000000 -.00022620  00000-0  13156-2 0  1004
2 31631  53.0000 275.0000 0000000   0.0000 143.4091 15.12078246102002
STARLINK-2219
1 81010U 98065A   24232.50000000 -.00022620  00000-0  13156-2 0  1001
2 81010  53.0000 275.0000 0000000   0.0000 159.7727 15.12078246303607
STARLINK-2220
1 43759U 98065A   24232.50000000 -.00022620  00000-0  13156-2 0  1006
2 43759  53.0000 275.0000 0000000   0.0000 176.1364 15.12078246967223
STARLINK-2221
1 23326U 98065A   24232.50000000 -.00022620  00000-0  13156-2 0  1007
2 23326  53.0000 275.0000 0000000   0.0000 192.5000 15.12078246823630
STARLINK-2222
1 38483U 98065A   24232.50000000 -.00022620  00000-0  13156-2 0  1008
2 38483  53.0000 275.0000 0000000   0.0000 208.8636 15.12078246597302
STARLINK-2223
1 95934U 98065A   24232.50000000 -.00022620  00000-0  13156-2 0  1003
2 95934  53.0000 275.0000 0000000   0.0000 225.2273 15.12078246131344
STARLINK-2224
1 32290U 98065A   24232.50000000 -.00022620  00000-0  13156-2 0  1004
2 32290  53.0000 275.0000 0000000   0.0000 241.5909 15.12078246332976
STARLINK-2225
1 24250U 98065A   24232.50000000 -.00022620  00000-0  13156-2 0  1000
2 24250  53.0000 275.0000 0000000   0.0000 257.9545 15.12078246663170
STARLINK-2226
1 42933U 98065A   24232.50000000 -.00022620  00000-0  13156-2 0  1008
2 42933  53.0000 275.0000 0000000   0.0000 274.3182 15.12078246319781
STARLINK-2227
1 91703U 98065A   24232.50000000 -.00022620  00000-0  13156-2 0  1005
2 91703  53.0000 275.0000 0000000   0.0000 290.6818 15.12078246289066
STARLINK-2228
1 58391U 98065A   24232.50000000 -.00022620  00000-0  13156-2 0  1006
2 58391  53.0000 275.0000 0000000   0.0000 307.0455 15.12078246501543
STARLINK-2229
1 90997U 98065A   24232.50000000 -.00022620  00000-0  13156-2 0  1000
2 90997  53.0000 275.0000 0000000   0.0000 323.4091 15.12078246804258
STARLINK-2230
1 29864U 98065A   24232.50000000 -.00022620  00000-0  13156-2 0  1004
2 29864  53.0000 275.0000 0000000   0.0000 339.7727 15.12078246429575
STARLINK-2231
1 62439U 98065A   24232.50000000 -.00022620  00000-0  13156-2 0  1007
2 62439  53.0000 275.0000 0000000   0.0000 356.1364 15.12078246725365
STARLINK-2232
1 56659U 98065A   24232.50000000 -.00022620  00000-0  13156-2 0  1004
2 56659  53.0000 280.0000 0000000   0.0000  12.7273 15.12078246335368
STARLINK-2233
1 24710U 98065A   24232.50000000 -.00022620  00000-0  13156-2 0  1001
2 24710  53.0000 280.0000 0000000   0.0000  29.0909 15.12078246464152
STARLINK-2234
1 83832U 98065A   24232.50000000 -.00022620  00000-0  13156-2 0  1003
2 83832  53.0000 280.0000 0000000   0.0000  45.4545 15.12078246214786
STARLINK-2235
1 81781U 98065A   24232.50000000 -.00022620  00000-0  13156-2 0  1008
2 81781  53.0000 280.0000 0000000   0.0000  61.8182 15.12078246942158
STARLINK-2236
1 80795U 98065A   24232.50000000 -.00022620  00000-0  13156-2 0  1008
2 80795  53.0000 280.0000 0000000   0.0000  78.1818 15.12078246570196
STARLINK-2237
1 11228U 98065A   24232.50000000 -.00022620  00000-0  13156-2 0  1008
2 11228  53.0000 280.0000 0000000   0.0000  94.5455 15.12078246640337
STARLINK-2238
1 55646U 98065A   24232.50000000 -.00022620  00000-0  13156-2 0  1003
2 55646  53.0000 280.0000 0000000   0.0000 110.9091 15.12078246170131
STARLINK-2239
1 11075U 98065A   24232.50000000 -.00022620  00000-0  13156-2 0  1008
2 11075  53.0000 280.0000 0000000   0.0000 127.2727 15.12078246639340
STARLINK-2240
1 52931U 98065A   24232.50000000 -.00022620  00000-0  13156-2 0  1008
2 52931  53.0000 280.0000 0000000   0.0000 143.6364 15.12078246397776
STARLINK-2241
1 23129U 98065A   24232.50000000 -.00022620  00000-0  13156-2 0  1005
2 23129  53.0000 280.0000 0000000   0.0000 160.0000 15.12078246693443
STARLINK-2242
1 43970U 98065A   24232.50000000 -.00022620  00000-0  13156-2 0  1008
2 43970  53.0000 280.0000 0000000   0.0000 176.3636 15.12078246720941
STARLINK-2243
1 47979U 98065A   24232.50000000 -.00022620  00000-0  13156-2 0  1002
2 47979  53.0000 280.0000 0000000   0.0000 192.7273 15.12078246886491
STARLINK-2244
1 17726U 98065A   24232.50000000 -.00022620  00000-0  13156-2 0  1008
2 17726  53.0000 280.0000 0000000   0.0000 209.0909 15.12078246615791
STARLINK-2245
1 44577U 98065A   24232.50000000 -.00022620  00000-0  13156-2 0  1001
2 44577  53.0000 280.0000 0000000   0.0000 225.4545 15.12078246811433
STARLINK-2246
1 63545U 98065A   24232.50000000 -.00022620  00000-0  13156-2 0  1000
2 63545  53.0000 280.0000 0000000   0.0000 241.8182 15.12078246428871
STARLINK-2247
1 25596U 98065A   24232.50000000 -.00022620  00000-0  13156-2 0  1000
2 25596  53.0000 280.0000 0000000   0.0000 258.1818 15.12078246749238
STARLINK-2248
1 21748U 98065A   24232.50000000 -.00022620  00000-0  13156-2 0  1001
2 21748  53.0000 280.0000 0000000   0.0000 274.5455 15.12078246276390
STARLINK-2249
1 54095U 98065A   24232.50000000 -.00022620  00000-0  13156-2 0  1007
2 54095  53.0000 280.0000 0000000   0.0000 290.9091 15.12078246743391
STARLINK-2250
1 49035U 98065A   24232.50000000 -.00022620  00000-0  13156-2 0  1008
2 49035  53.0000 280.0000 0000000   0.0000 307.2727 15.12078246938523
STARLINK-2251
1 67930U 98065A   24232.50000000 -.00022620  00000-0  13156-2 0  1005
2 67930  53.0000 280.0000 0000000   0.0000 323.6364 15.12078246436927
STARLINK-2252
1 42189U 98065A   24232.50000000 -.00022620  00000-0  13156-2 0  1001
2 42189  53.0000 280.0000 0000000   0.0000 340.0000 15.12078246930105
STARLINK-2253
1 43159U 98065A   24232.50000000 -.00022620  00000-0  13156-2 0  1004
2 43159  53.0000 280.0000 0000000   0.0000 356.3636 15.12078246909035
STARLINK-2254
1 79285U 98065A   24232.50000000 -.00022620  00000-0  13156-2 0  1002
2 79285  53.0000 285.0000 0000000   0.0000  12.9545 15.12078246559673
STARLINK-2255
1 71845U 98065A   24232.50000000 -.00022620  00000-0  13156-2 0  1004
2 71845  53.0000 285.0000 0000000   0.0000  29.3182 15.12078246129787
STARLINK-2256
1 25719U 98065A   24232.50000000 -.00022620  00000-0  13156-2 0  1001
2 25719  53.0000 285.0000 0000000   0.0000  45.6818 15.12078246229365
STARLINK-2257
1 42935U 98065A   24232.50000000 -.00022620  00000-0  13156-2 0  1003
2 42935  53.0000 285.0000 0000000   0.0000  62.0455 15.12078246627952
STARLINK-2258
1 69249U 98065A   24232.50000000 -.00022620  00000-0  13156-2 0  1008
2 69249  53.0000 285.0000 0000000   0.0000  78.4091 15.12078246239157
STARLINK-2259
1 41828U 98065A   24232.50000000 -.00022620  00000-0  13156-2 0  1002
2 41828  53.0000 285.0000 0000000   0.0000  94.7727 15.12078246460110
STARLINK-2260
1 80363U 98065A   24232.50000000 -.00022620  00000-0  13156-2 0  1006
2 80363  53.0000 285.0000 0000000   0.0000 111.1364 15.12078246122887
STARLINK-2261
1 44615U 98065A   24232.50000000 -.00022620  00000-0  13156-2 0  1004
2 44615  53.0000 285.0000 0000000   0.0000 127.5000 15.12078246423716
STARLINK-2262
1 83599U 98065A   24232.50000000 -.00022620  00000-0  13156-2 0  1000
2 83599  53.0000 285.0000 0000000   0.0000 143.8636 15.12078246988660
STARLINK-2263
1 69393U 98065A   24232.50000000 -.00022620  00000-0  13156-2 0  1000
2 69393  53.0000 285.0000 0000000   0.0000 160.2273 15.12078246999264
STARLINK-2264
1 73800U 98065A   24232.50000000 -.00022620  00000-0  13156-2 0  1004
2 73800  53.0000 285.0000 0000000   0.0000 176.5909 15.12078246699167
STARLINK-2265
1 55525U 98065A   24232.50000000 -.00022620  00000-0  13156-2 0  1003
2 55525  53.0000 285.0000 0000000   0.0000 192.9545 15.12078246207707
STARLINK-2266
1 97204U 98065A   24232.50000000 -.00022620  00000-0  13156-2 0  1003
2 97204  53.0000 285.0000 0000000   0.0000 209.3182 15.12078246123503
STARLINK-2267
1 69879U 98065A   24232.50000000 -.00022620  00000-0  13156-2 0  1002
2 69879  53.0000 285.0000 0000000   0.0000 225.6818 15.12078246140018
STARLINK-2268
1 59802U 98065A   24232.50000000 -.00022620  00000-0  13156-2 0  1001
2 59802  53.0000 285.0000 0000000   0.0000 242.0455 15.12078246601521
STARLINK-2269
1 18400U 98065A   24232.50000000 -.00022620  00000-0  13156-2 0  1008
2 18400  53.0000 285.0000 0000000   0.0000 258.4091 15.12078246722494
STARLINK-2270
1 41457U 98065A   24232.50000000 -.00022620  00000-0  13156-2 0  1008
2 41457  53.0000 285.0000 0000000   0.0000 274.7727 15.12078246983290
STARLINK-2271
1 62331U 98065A   24232.50000000 -.00022620  00000-0  13156-2 0  1006
2 62331  53.0000 285.0000 0000000   0.0000 291.1364 15.12078246447368
STARLINK-2272
1 17315U 98065A   24232.50000000 -.00022620  00000-0  13156-2 0  1006
2 17315  53.0000 285.0000 0000000   0.0000 307.5000 15.12078246937924
STARLINK-2273
1 13144U 98065A   24232.50000000 -.00022620  00000-0  13156-2 0  1002
2 13144  53.0000 285.0000 0000000   0.0000 323.8636 15.12078246277865
STARLINK-2274
1 85432U 98065A   24232.50000000 -.00022620  00000-0  13156-2 0  1003
2 85432  53.0000 285.0000 0000000   0.0000 340.2273 15.12078246317766
STARLINK-2275
1 61869U 98065A   24232.50000000 -.00022620  00000-0  13156-2 0  1003
2 61869  53.0000 285.0000 0000000   0.0000 356.5909 15.12078246659701
STARLINK-2276
1 14167U 98065A   24232.50000000 -.00022620  00000-0  13156-2 0  1003
2 14167  53.0000 290.0000 0000000   0.0000  13.1818 15.12078246558683
STARLINK-2277
1 21487U 98065A   24232.50000000 -.00022620  00000-0  13156-2 0  1000
2 21487  53.0000 290.0000 0000000   0.0000  29.5455 15.12078246945300
STARLINK-2278
1 22283U 98065A   24232.50000000 -.00022620  00000-0  13156-2 0  1005
2 22283  53.0000 290.0000 0000000   0.0000  45.9091 15.12078246275591
STARLINK-2279
1 48735U 98065A   24232.50000000 -.00022620  00000-0  13156-2 0  1000
2 48735  53.0000 290.0000 0000000   0.0000  62.2727 15.12078246984891
STARLINK-2280
1 73270U 98065A   24232.50000000 -.00022620  00000-0  13156-2 0  1003
2 73270  53.0000 290.0000 0000000   0.0000  78.6364 15.12078246100511
STARLINK-2281
1 92912U 98065A   24232.50000000 -.00022620  00000-0  13156-2 0  1001
2 92912  53.0000 290.0000 0000000   0.0000  95.0000 15.12078246114567
STARLINK-2282
1 99059U 98065A   24232.50000000 -.00022620  00000-0  13156-2 0  1003
2 99059  53.0000 290.0000 0000000   0.0000 111.3636 15.12078246612958
STARLINK-2283
1 12227U 98065A   24232.50000000 -.00022620  00000-0  13156-2 0  1000
2 12227  53.0000 290.0000 0000000   0.0000 127.7273 15.12078246765210
STARLINK-2284
1 72311U 98065A   24232.50000000 -.00022620  00000-0  13156-2 0  1007
2 72311  53.0000 290.0000 0000000   0.0000 144.0909 15.12078246260210
STARLINK-2285
1 76629U 98065A   24232.50000000 -.00022620  00000-0  13156-2 0  1005
2 76629  53.0000 290.0000 0000000   0.0000 160.4545 15.12078246745802
STARLINK-2286
1 61376U 98065A   24232.50000000 -.00022620  00000-0  13156-2 0  1007
2 61376  53.0000 290.0000 0000000   0.0000 176.8182 15.12078246720952
STARLINK-2287
1 24797U 98065A   24232.50000000 -.00022620  00000-0  13156-2 0  1004
2 24797  53.0000 290.0000 0000000   0.0000 193.1818 15.12078246616550
STARLINK-2288
1 59262U 98065A   24232.50000000 -.00022620  00000-0  13156-2 0  1007
2 59262  53.0000 290.0000 0000000   0.0000 209.5455 15.12078246129928
STARLINK-2289
1 57460U 98065A   24232.50000000 -.00022620  00000-0  13156-2 0  1005
2 57460  53.0000 290.0000 0000000   0.0000 225.9091 15.12078246207128
STARLINK-2290
1 44123U 98065A   24232.50000000 -.00022620  00000-0  13156-2 0  1006
2 44123  53.0000 290.0000 0000000   0.0000 242.2727 15.12078246468622
STARLINK-2291
1 12343U 98065A   24232.50000000 -.00022620  00000-0  13156-2 0  1003
2 12343  53.0000 290.0000 0000000   0.0000 258.6364 15.12078246236505
STARLINK-2292
1 11534U 98065A   24232.50000000 -.00022620  00000-0  13156-2 0  1000
2 11534  53.0000 290.0000 0000000   0.0000 275.0000 15.12078246112913
STARLINK-2293
1 86355U 98065A   24232.50000000 -.00022620  00000-0  13156-2 0  1007
2 86355  53.0000 290.0000 0000000   0.0000 291.3636 15.12078246107134
STARLINK-2294
1 83599U 98065A   24232.50000000 -.00022620  00000-0  13156-2 0  1008
2 83599  53.0000 290.0000 0000000   0.0000 307.7273 15.12078246969408
STARLINK-2295
1 17610U 98065A   24232.50000000 -.00022620  00000-0  13156-2 0  1004
2 17610  53.0000 290.0000 0000000   0.0000 324.0909 15.12078246341057
STARLINK-2296
1 34652U 98065A   24232.50000000 -.00022620  00000-0  13156-2 0  1002
2 34652  53.0000 290.0000 0000000   0.0000 340.4545 15.12078246592981
STARLINK-2297
1 32913U 98065A   24232.50000000 -.00022620  00000-0  13156-2 0  1004
2 32913  53.0000 290.0000 0000000   0.0000 356.8182 15.12078246788380
STARLINK-2298
1 75055U 98065A   24232.50000000 -.00022620  00000-0  13156-2 0  1000
2 75055  53.0000 295.0000 0000000   0.0000  13.4091 15.12078246298745
STARLINK-2299
1 71204U 98065A   24232.50000000 -.00022620  00000-0  13156-2 0  1005
2 71204  53.0000 295.0000 0000000   0.0000  29.7727 15.12078246570465
STARLINK-2300
1 74284U 98065A   24232.50000000 -.00022620  00000-0  13156-2 0  1005
2 74284  53.0000 295.0000 0000000   0.0000  46.1364 15.12078246187623
STARLINK-2301
1 21471U 98065A   24232.50000000 -.00022620  00000-0  13156-2 0  1002
2 21471  53.0000 295.0000 0000000   0.0000  62.5000 15.12078246815751
STARLINK-2302
1 27378U 98065A   24232.50000000 -.00022620  00000-0  13156-2 0  1000
2 27378  53.0000 295.0000 0000000   0.0000  78.8636 15.12078246883731
STARLINK-2303
1 64253U 98065A   24232.50000000 -.00022620  00000-0  13156-2 0  1003
2 64253  53.0000 295.0000 0000000   0.0000  95.2273 15.12078246708488
STARLINK-2304
1 71411U 98065A   24232.50000000 -.00022620  00000-0  13156-2 0  1008
2 71411  53.0000 295.0000 0000000   0.0000 111.5909 15.12078246862211
STARLINK-2305
1 20007U 98065A   24232.50000000 -.00022620  00000-0  13156-2 0  1007
2 20007  53.0000 295.0000 0000000   0.0000 127.9545 15.12078246292791
STARLINK-2306
1 42002U 98065A   24232.50000000 -.00022620  00000-0  13156-2 0  1002
2 42002  53.0000 295.0000 0000000   0.0000 144.3182 15.12078246160251
STARLINK-2307
1 92131U 98065A   24232.50000000 -.00022620  00000-0  13156-2 0  1001
2 92131  53.0000 295.0000 0000000   0.0000 160.6818 15.12078246626221
STARLINK-2308
1 88758U 98065A   24232.50000000 -.00022620  00000-0  13156-2 0  1002
2 88758  53.0000 295.0000 0000000   0.0000 177.0455 15.12078246212235
STARLINK-2309
1 58119U 98065A   24232.50000000 -.00022620  00000-0  13156-2 0  1003
2 58119  53.0000 295.0000 0000000   0.0000 193.4091 15.12078246902050
STARLINK-2310
1 29017U 98065A   24232.50000000 -.00022620  00000-0  13156-2 0  1002
2 29017  53.0000 295.0000 0000000   0.0000 209.7727 15.12078246249763
STARLINK-2311
1 90686U 98065A   24232.50000000 -.00022620  00000-0  13156-2 0  1002
2 90686  53.0000 295.0000 0000000   0.0000 226.1364 15.12078246306383
STARLINK-2312
1 14192U 98065A   24232.50000000 -.00022620  00000-0  13156-2 0  1001
2 14192  53.0000 295.0000 0000000   0.0000 242.5000 15.12078246643414
STARLINK-2313
1 20188U 98065A   24232.50000000 -.00022620  00000-0  13156-2 0  1000
2 20188  53.0000 295.0000 0000000   0.0000 258.8636 15.12078246516662
STARLINK-2314
1 96183U 98065A   24232.50000000 -.00022620  00000-0  13156-2 0  1005
2 96183  53.0000 295.0000 0000000   0.0000 275.2273 15.12078246249185
STARLINK-2315
1 25833U 98065A   24232.50000000 -.00022620  00000-0  13156-2 0  1006
2 25833  53.0000 295.0000 0000000   0.0000 291.5909 15.12078246834971
STARLINK-2316
1 48054U 98065A   24232.50000000 -.00022620  00000-0  13156-2 0  1003
2 48054  53.0000 295.0000 0000000   0.0000 307.9545 15.12078246412125
STARLINK-2317
1 86635U 98065A   24232.50000000 -.00022620  00000-0  13156-2 0  1001
2 86635  53.0000 295.0000 0000000   0.0000 324.3182 15.12078246318572
STARLINK-2318
1 97086U 98065A   24232.50000000 -.00022620  00000-0  13156-2 0  1003
2 97086  53.0000 295.0000 0000000   0.0000 340.6818 15.12078246567393
STARLINK-2319
1 11431U 98065A   24232.50000000 -.00022620  00000-0  13156-2 0  1003
2 11431  53.0000 295.0000 0000000   0.0000 357.0455 15.12078246512798
STARLINK-2320
1 47751U 98065A   24232.50000000 -.00022620  00000-0  13156-2 0  1002
2 47751  53.0000 300.0000 0000000   0.0000  13.6364 15.12078246801078
STARLINK-2321
1 34984U 98065A   24232.50000000 -.00022620  00000-0  13156-2 0  1000
2 34984  53.0000 300.0000 0000000   0.0000  30.0000 15.12078246336308
STARLINK-2322
1 89258U 98065A   24232.50000000 -.00022620  00000-0  13156-2 0  1002
2 89258  53.0000 300.0000 0000000   0.0000  46.3636 15.12078246722894
STARLINK-2323
1 25082U 98065A   24232.50000000 -.00022620  00000-0  13156-2 0  1004
2 25082  53.0000 300.0000 0000000   0.0000  62.7273 15.12078246466615
STARLINK-2324
1 47675U 98065A   24232.50000000 -.00022620  00000-0  13156-2 0  1001
2 47675  53.0000 300.0000 0000000   0.0000  79.0909 15.12078246617812
STARLINK-2325
1 57396U 98065A   24232.50000000 -.00022620  00000-0  13156-2 0  1004
2 57396  53.0000 300.0000 0000000   0.0000  95.4545 15.12078246158734
STARLINK-2326
1 97667U 98065A   24232.50000000 -.00022620  00000-0  13156-2 0  1007
2 97667  53.0000 300.0000 0000000   0.0000 111.8182 15.12078246386071
STARLINK-2327
1 93810U 98065A   24232.50000000 -.00022620  00000-0  13156-2 0  1007
2 93810  53.0000 300.0000 0000000   0.0000 128.1818 15.12078246114205
STARLINK-2328
1 24902U 98065A   24232.50000000 -.00022620  00000-0  13156-2 0  1006
2 24902  53.0000 300.0000 0000000   0.0000 144.5455 15.12078246729385
STARLINK-2329
1 42538U 98065A   24232.50000000 -.00022620  00000-0  13156-2 0  1006
2 42538  53.0000 300.0000 0000000   0.0000 160.9091 15.12078246732365
STARLINK-2330
1 35696U 98065A   24232.50000000 -.00022620  00000-0  13156-2 0  1007
2 35696  53.0000 300.0000 0000000   0.0000 177.2727 15.12078246697375
STARLINK-2331
1 37979U 98065A   24232.50000000 -.00022620  00000-0  13156-2 0  1003
2 37979  53.0000 300.0000 0000000   0.0000 193.6364 15.12078246692544
STARLINK-2332
1 32587U 98065A   24232.50000000 -.00022620  00000-0  13156-2 0  1004
2 32587  53.0000 300.0000 0000000   0.0000 210.0000 15.12078246497377
STARLINK-2333
1 11057U 98065A   24232.50000000 -.00022620  00000-0  13156-2 0  1004
2 11057  53.0000 300.0000 0000000   0.0000 226.3636 15.12078246879304
STARLINK-2334
1 89266U 98065A   24232.50000000 -.00022620  00000-0  13156-2 0  1000
2 89266  53.0000 300.0000 0000000   0.0000 242.7273 15.12078246379742
STARLINK-2335
1 77611U 98065A   24232.50000000 -.00022620  00000-0  13156-2 0  1007
2 77611  53.0000 300.0000 0000000   0.0000 259.0909 15.12078246762971
STARLINK-2336
1 67656U 98065A   24232.50000000 -.00022620  00000-0  13156-2 0  1008
2 67656  53.0000 300.0000 0000000   0.0000 275.4545 15.12078246503756
STARLINK-2337
1 36786U 98065A   24232.50000000 -.00022620  00000-0  13156-2 0  1007
2 36786  53.0000 300.0000 0000000   0.0000 291.8182 15.12078246310612
STARLINK-2338
1 33713U 98065A   24232.50000000 -.00022620  00000-0  13156-2 0  1007
2 33713  53.0000 300.0000 0000000   0.0000 308.1818 15.12078246277007
STARLINK-2339
1 12269U 98065A   24232.50000000 -.00022620  00000-0  13156-2 0  1001
2 12269  53.0000 300.0000 0000000   0.0000 324.5455 15.12078246863745
STARLINK-2340
1 81312U 98065A   24232.50000000 -.00022620  00000-0  13156-2 0  1008
2 81312  53.0000 300.0000 0000000   0.0000 340.9091 15.12078246821428
STARLINK-2341
1 84611U 98065A   24232.50000000 -.00022620  00000-0  13156-2 0  1001
2 84611  53.0000 300.0000 0000000   0.0000 357.2727 15.12078246881427
STARLINK-2342
1 28621U 98065A   24232.50000000 -.00022620  00000-0  13156-2 0  1002
2 28621  53.0000 305.0000 0000000   0.0000  13.8636 15.12078246510283
STARLINK-2343
1 31175U 98065A   24232.50000000 -.00022620  00000-0  13156-2 0  1004
2 31175  53.0000 305.0000 0000000   0.0000  30.2273 15.12078246816157
STARLINK-2344
1 35672U 98065A   24232.50000000 -.00022620  00000-0  13156-2 0  1002
2 35672  53.0000 305.0000 0000000   0.0000  46.5909 15.12078246906798
STARLINK-2345
1 30503U 98065A   24232.50000000 -.00022620  00000-0  13156-2 0  1002
2 30503  53.0000 305.0000 0000000   0.0000  62.9545 15.12078246234302
STARLINK-2346
1 42155U 98065A   24232.50000000 -.00022620  00000-0  13156-2 0  1000
2 42155  53.0000 305.0000 0000000   0.0000  79.3182 15.12078246683710
STARLINK-2347
1 28882U 98065A   24232.50000000 -.00022620  00000-0  13156-2 0  1001
2 28882  53.0000 305.0000 0000000   0.0000  95.6818 15.12078246139788
STARLINK-2348
1 28979U 98065A   24232.50000000 -.00022620  00000-0  13156-2 0  1006
2 28979  53.0000 305.0000 0000000   0.0000 112.0455 15.12078246809781
STARLINK-2349
1 96542U 98065A   24232.50000000 -.00022620  00000-0  13156-2 0  1001
2 96542  53.0000 305.0000 0000000   0.0000 128.4091 15.12078246728664
STARLINK-2350
1 60712U 98065A   24232.50000000 -.00022620  00000-0  13156-2 0  1003
2 60712  53.0000 305.0000 0000000   0.0000 144.7727 15.12078246844873
STARLINK-2351
1 98089U 98065A   24232.50000000 -.00022620  00000-0  13156-2 0  1002
2 98089  53.0000 305.0000 0000000   0.0000 161.1364 15.12078246367862
STARLINK-2352
1 60924U 98065A   24232.50000000 -.00022620  00000-0  13156-2 0  1005
2 60924  53.0000 305.0000 0000000   0.0000 177.5000 15.12078246589404
STARLINK-2353
1 65067U 98065A   24232.50000000 -.00022620  00000-0  13156-2 0  1002
2 65067  53.0000 305.0000 0000000   0.0000 193.8636 15.12078246494443
STARLINK-2354
1 35931U 98065A   24232.50000000 -.00022620  00000-0  13156-2 0  1001
2 35931  53.0000 305.0000 0000000   0.0000 210.2273 15.12078246500997
STARLINK-2355
1 98369U 98065A   24232.50000000 -.00022620  00000-0  13156-2 0  1000
2 98369  53.0000 305.0000 0000000   0.0000 226.5909 15.12078246677024
STARLINK-2356
1 91601U 98065A   24232.50000000 -.00022620  00000-0  13156-2 0  1001
2 91601  53.0000 305.0000 0000000   0.0000 242.9545 15.12078246459981
STARLINK-2357
1 34540U 98065A   24232.50000000 -.00022620  00000-0  13156-2 0  1000
2 34540  53.0000 305.0000 0000000   0.0000 259.3182 15.12078246520962
STARLINK-2358
1 65454U 98065A   24232.50000000 -.00022620  00000-0  13156-2 0  1002
2 65454  53.0000 305.0000 0000000   0.0000 275.6818 15.12078246322173
STARLINK-2359
1 68041U 98065A   24232.50000000 -.00022620  00000-0  13156-2 0  1001
2 68041  53.0000 305.0000 0000000   0.0000 292.0455 15.12078246599635
STARLINK-2360
1 39296U 98065A   24232.50000000 -.00022620  00000-0  13156-2 0  1008
2 39296  53.0000 305.0000 0000000   0.0000 308.4091 15.12078246386098
STARLINK-2361
1 39070U 98065A   24232.50000000 -.00022620  00000-0  13156-2 0  1002
2 39070  53.0000 305.0000 0000000   0.0000 324.7727 15.12078246738554
STARLINK-2362
1 52575U 98065A   24232.50000000 -.00022620  00000-0  13156-2 0  1008
2 52575  53.0000 305.0000 0000000   0.0000 341.1364 15.12078246102398
STARLINK-2363
1 67916U 98065A   24232.50000000 -.00022620  00000-0  13156-2 0  1007
2 67916  53.0000 305.0000 0000000   0.0000 357.5000 15.12078246239114
STARLINK-2364
1 30005U 98065A   24232.50000000 -.00022620  00000-0  13156-2 0  1003
2 30005  53.0000 310.0000 0000000   0.0000  14.0909 15.12078246538008
STARLINK-2365
1 16324U 98065A   24232.50000000 -.00022620  00000-0  13156-2 0  1003
2 16324  53.0000 310.0000 0000000   0.0000  30.4545 15.12078246955537
STARLINK-2366
1 56789U 98065A   24232.50000000 -.00022620  00000-0  13156-2 0  1007
2 56789  53.0000 310.0000 0000000   0.0000  46.8182 15.12078246882546
STARLINK-2367
1 53603U 98065A   24232.50000000 -.00022620  00000-0  13156-2 0  1006
2 53603  53.0000 310.0000 0000000   0.0000  63.1818 15.12078246290740
STARLINK-2368
1 35740U 98065A   24232.50000000 -.00022620  00000-0  13156-2 0  1003
2 35740  53.0000 310.0000 0000000   0.0000  79.5455 15.12078246769213
STARLINK-2369
1 35249U 98065A   24232.50000000 -.00022620  00000-0  13156-2 0  1008
2 35249  53.0000 310.0000 0000000   0.0000  95.9091 15.12078246344665
STARLINK-2370
1 75438U 98065A   24232.50000000 -.00022620  00000-0  13156-2 0  1007
2 75438  53.0000 310.0000 0000000   0.0000 112.2727 15.12078246839820
STARLINK-2371
1 94697U 98065A   24232.50000000 -.00022620  00000-0  13156-2 0  1005
2 94697  53.0000 310.0000 0000000   0.0000 128.6364 15.12078246954166
STARLINK-2372
1 39937U 98065A   24232.50000000 -.00022620  00000-0  13156-2 0  1002
2 39937  53.0000 310.0000 0000000   0.0000 145.0000 15.12078246859440
STARLINK-2373
1 28468U 98065A   24232.50000000 -.00022620  00000-0  13156-2 0  1008
2 28468  53.0000 310.0000 0000000   0.0000 161.3636 15.12078246538752
STARLINK-2374
1 85961U 98065A   24232.50000000 -.00022620  00000-0  13156-2 0  1002
2 85961  53.0000 310.0000 0000000   0.0000 177.7273 15.12078246761395
STARLINK-2375
1 91752U 98065A   24232.50000000 -.00022620  00000-0  13156-2 0  1000
2 91752  53.0000 310.0000 0000000   0.0000 194.0909 15.12078246652176
STARLINK-2376
1 66337U 98065A   24232.50000000 -.00022620  00000-0  13156-2 0  1008
2 66337  53.0000 310.0000 0000000   0.0000 210.4545 15.12078246503857
STARLINK-2377
1 91365U 98065A   24232.50000000 -.00022620  00000-0  13156-2 0  1002
2 91365  53.0000 310.0000 0000000   0.0000 226.8182 15.12078246737195
STARLINK-2378
1 83756U 98065A   24232.50000000 -.00022620  00000-0  13156-2 0  1008
2 83756  53.0000 310.0000 0000000   0.0000 243.1818 15.12078246225434
STARLINK-2379
1 82718U 98065A   24232.50000000 -.00022620  00000-0  13156-2 0  1004
2 82718  53.0000 310.0000 0000000   0.0000 259.5455 15.12078246822411
STARLINK-2380
1 48406U 98065A   24232.50000000 -.00022620  00000-0  13156-2 0  1001
2 48406  53.0000 310.0000 0000000   0.0000 275.9091 15.12078246770928
STARLINK-2381
1 49230U 98065A   24232.50000000 -.00022620  00000-0  13156-2 0  1002
2 49230  53.0000 310.0000 0000000   0.0000 292.2727 15.12078246998421
STARLINK-2382
1 36308U 98065A   24232.50000000 -.00022620  00000-0  13156-2 0  1001
2 36308  53.0000 310.0000 0000000   0.0000 308.6364 15.12078246503726
STARLINK-2383
1 82745U 98065A   24232.50000000 -.00022620  00000-0  13156-2 0  1001
2 82745  53.0000 310.0000 0000000   0.0000 325.0000 15.12078246619726
STARLINK-2384
1 74080U 98065A   24232.50000000 -.00022620  00000-0  13156-2 0  1001
2 74080  53.0000 310.0000 0000000   0.0000 341.3636 15.12078246833447
STARLINK-2385
1 24719U 98065A   24232.50000000 -.00022620  00000-0  13156-2 0  1000
2 24719  53.0000 310.0000 0000000   0.0000 357.7273 15.12078246723662
STARLINK-2386
1 32558U 98065A   24232.50000000 -.00022620  00000-0  13156-2 0  1007
2 32558  53.0000 315.0000 0000000   0.0000  14.3182 15.12078246969807
STARLINK-2387
1 93068U 98065A   24232.50000000 -.00022620  00000-0  13156-2 0  1001
2 93068  53.0000 315.0000 0000000   0.0000  30.6818 15.12078246704915
STARLINK-2388
1 13840U 98065A   24232.50000000 -.00022620  00000-0  13156-2 0  1002
2 13840  53.0000 315.0000 0000000   0.0000  47.0455 15.12078246935433
STARLINK-2389
1 12360U 98065A   24232.50000000 -.00022620  00000-0  13156-2 0  1007
2 12360  53.0000 315.0000 0000000   0.0000  63.4091 15.12078246592084
STARLINK-2390
1 42242U 98065A   24232.50000000 -.00022620  00000-0  13156-2 0  1001
2 42242  53.0000 315.0000 0000000   0.0000  79.7727 15.12078246209988
STARLINK-2391
1 11279U 98065A   24232.50000000 -.00022620  00000-0  13156-2 0  1000
2 11279  53.0000 315.0000 0000000   0.0000  96.1364 15.12078246319043
STARLINK-2392
1 66845U 98065A   24232.50000000 -.00022620  00000-0  13156-2 0  1005
2 66845  53.0000 315.0000 0000000   0.0000 112.5000 15.12078246438494
STARLINK-2393
1 17433U 98065A   24232.50000000 -.00022620  00000-0  13156-2 0  1006
2 17433  53.0000 315.0000 0000000   0.0000 128.8636 15.12078246694524
STARLINK-2394
1 37209U 98065A   24232.50000000 -.00022620  00000-0  13156-2 0  1002
2 37209  53.0000 315.0000 0000000   0.0000 145.2273 15.12078246374243
STARLINK-2395
1 78270U 98065A   24232.50000000 -.00022620  00000-0  13156-2 0  1001
2 78270  53.0000 315.0000 0000000   0.0000 161.5909 15.12078246684221
STARLINK-2396
1 51872U 98065A   24232.50000000 -.00022620  00000-0  13156-2 0  1001
2 51872  53.0000 315.0000 0000000   0.0000 177.9545 15.12078246274730
STARLINK-2397
1 68699U 98065A   24232.50000000 -.00022620  00000-0  13156-2 0  1001
2 68699  53.0000 315.0000 0000000   0.0000 194.3182 15.12078246771455
STARLINK-2398
1 66544U 98065A   24232.50000000 -.00022620  00000-0  13156-2 0  1001
2 66544  53.0000 315.0000 0000000   0.0000 210.6818 15.12078246295595
STARLINK-2399
1 49653U 98065A   24232.50000000 -.00022620  00000-0  13156-2 0  1003
2 49653  53.0000 315.0000 0000000   0.0000 227.0455 15.12078246553576
STARLINK-2400
1 24480U 98065A   24232.50000000 -.00022620  00000-0  13156-2 0  1005
2 24480  53.0000 315.0000 0000000   0.0000 243.4091 15.12078246803994
STARLINK-2401
1 63535U 98065A   24232.50000000 -.00022620  00000-0  13156-2 0  1005
2 63535  53.0000 315.0000 0000000   0.0000 259.7727 15.12078246663412
STARLINK-2402
1 45645U 98065A   24232.50000000 -.00022620  00000-0  13156-2 0  1004
2 45645  53.0000 315.0000 0000000   0.0000 276.1364 15.12078246880635
STARLINK-2403
1 19070U 98065A   24232.50000000 -.00022620  00000-0  13156-2 0  1008
2 19070  53.0000 315.0000 0000000   0.0000 292.5000 15.12078246344970
STARLINK-2404
1 31612U 98065A   24232.50000000 -.00022620  00000-0  13156-2 0  1002
2 31612  53.0000 315.0000 0000000   0.0000 308.8636 15.12078246772711
STARLINK-2405
1 27515U 98065A   24232.50000000 -.00022620  00000-0  13156-2 0  1006
2 27515  53.0000 315.0000 0000000   0.0000 325.2273 15.12078246495782
STARLINK-2406
1 37855U 98065A   24232.50000000 -.00022620  00000-0  13156-2 0  1007
2 37855  53.0000 315.0000 0000000   0.0000 341.5909 15.12078246995113
STARLINK-2407
1 10097U 98065A   24232.50000000 -.00022620  00000-0  13156-2 0  1001
2 10097  53.0000 315.0000 0000000   0.0000 357.9545 15.12078246353464
STARLINK-2408
1 65154U 98065A   24232.50000000 -.00022620  00000-0  13156-2 0  1000
2 65154  53.0000 320.0000 0000000   0.0000  14.5455 15.12078246526741
STARLINK-2409
1 19674U 98065A   24232.50000000 -.00022620  00000-0  13156-2 0  1005
2 19674  53.0000 320.0000 0000000   0.0000  30.9091 15.12078246325803
STARLINK-2410
1 97487U 98065A   24232.50000000 -.00022620  00000-0  13156-2 0  1000
2 97487  53.0000 320.0000 0000000   0.0000  47.2727 15.12078246818895
STARLINK-2411
1 91050U 98065A   24232.50000000 -.00022620  00000-0  13156-2 0  1004
2 91050  53.0000 320.0000 0000000   0.0000  63.6364 15.12078246352934
STARLINK-2412
1 14671U 98065A   24232.50000000 -.00022620  00000-0  13156-2 0  1000
2 14671  53.0000 320.0000 0000000   0.0000  80.0000 15.12078246381291
STARLINK-2413
1 65980U 98065A   24232.50000000 -.00022620  00000-0  13156-2 0  1008
2 65980  53.0000 320.0000 0000000   0.0000  96.3636 15.12078246918731
STARLINK-2414
1 26120U 98065A   24232.50000000 -.00022620  00000-0  13156-2 0  1006
2 26120  53.0000 320.0000 0000000   0.0000 112.7273 15.12078246297191
STARLINK-2415
1 33803U 98065A   24232.50000000 -.00022620  00000-0  13156-2 0  1000
2 33803  53.0000 320.0000 0000000   0.0000 129.0909 15.12078246131237
STARLINK-2416
1 86317U 98065A   24232.50000000 -.00022620  00000-0  13156-2 0  1002
2 86317  53.0000 320.0000 0000000   0.0000 145.4545 15.12078246883820
STARLINK-2417
1 75860U 98065A   24232.50000000 -.00022620  00000-0  13156-2 0  1005
2 75860  53.0000 320.0000 0000000   0.0000 161.8182 15.12078246920530
STARLINK-2418
1 56526U 98065A   24232.50000000 -.00022620  00000-0  13156-2 0  1008
2 56526  53.0000 320.0000 0000000   0.0000 178.1818 15.12078246948913
STARLINK-2419
1 17921U 98065A   24232.50000000 -.00022620  00000-0  13156-2 0  1007
2 17921  53.0000 320.0000 0000000   0.0000 194.5455 15.12078246917758
STARLINK-2420
1 23713U 98065A   24232.50000000 -.00022620  00000-0  13156-2 0  1000
2 23713  53.0000 320.0000 0000000   0.0000 210.9091 15.12078246118695
STARLINK-2421
1 48165U 98065A   24232.50000000 -.00022620  00000-0  13156-2 0  1003
2 48165  53.0000 320.0000 0000000   0.0000 227.2727 15.12078246364010
STARLINK-2422
1 56203U 98065A   24232.50000000 -.00022620  00000-0  13156-2 0  1008
2 56203  53.0000 320.0000 0000000   0.0000 243.6364 15.12078246739951
STARLINK-2423
1 27663U 98065A   24232.50000000 -.00022620  00000-0  13156-2 0  1008
2 27663  53.0000 320.0000 0000000   0.0000 260.0000 15.12078246654802
STARLINK-2424
1 33056U 98065A   24232.50000000 -.00022620  00000-0  13156-2 0  1007
2 33056  53.0000 320.0000 0000000   0.0000 276.3636 15.12078246212606
STARLINK-2425
1 32483U 98065A   24232.50000000 -.00022620  00000-0  13156-2 0  1001
2 32483  53.0000 320.0000 0000000   0.0000 292.7273 15.12078246573593
STARLINK-2426
1 61488U 98065A   24232.50000000 -.00022620  00000-0  13156-2 0  1001
2 61488  53.0000 320.0000 0000000   0.0000 309.0909 15.12078246175868
STARLINK-2427
1 36784U 98065A   24232.50000000 -.00022620  00000-0  13156-2 0  1003
2 36784  53.0000 320.0000 0000000   0.0000 325.4545 15.12078246291354
STARLINK-2428
1 32892U 98065A   24232.50000000 -.00022620  00000-0  13156-2 0  1000
2 32892  53.0000 320.0000 0000000   0.0000 341.8182 15.12078246432514
STARLINK-2429
1 56765U 98065A   24232.50000000 -.00022620  00000-0  13156-2 0  1007
2 56765  53.0000 320.0000 0000000   0.0000 358.1818 15.12078246173886
STARLINK-2430
1 10672U 98065A   24232.50000000 -.00022620  00000-0  13156-2 0  1004
2 10672  53.0000 325.0000 0000000   0.0000  14.7727 15.12078246896722
STARLINK-2431
1 12300U 98065A   24232.50000000 -.00022620  00000-0  13156-2 0  1002
2 12300  53.0000 325.0000 0000000   0.0000  31.1364 15.12078246670264
STARLINK-2432
1 11305U 98065A   24232.50000000 -.00022620  00000-0  13156-2 0  1001
2 11305  53.0000 325.0000 0000000   0.0000  47.5000 15.12078246572690
STARLINK-2433
1 87543U 98065A   24232.50000000 -.00022620  00000-0  13156-2 0  1008
2 87543  53.0000 325.0000 0000000   0.0000  63.8636 15.12078246567177
STARLINK-2434
1 95667U 98065A   24232.50000000 -.00022620  00000-0  13156-2 0  1000
2 95667  53.0000 325.0000 0000000   0.0000  80.2273 15.12078246278815
STARLINK-2435
1 34244U 98065A   24232.50000000 -.00022620  00000-0  13156-2 0  1001
2 34244  53.0000 325.0000 0000000   0.0000  96.5909 15.12078246125903
STARLINK-2436
1 80962U 98065A   24232.50000000 -.00022620  00000-0  13156-2 0  1004
2 80962  53.0000 325.0000 0000000   0.0000 112.9545 15.12078246481980
STARLINK-2437
1 36527U 98065A   24232.50000000 -.00022620  00000-0  13156-2 0  1005
2 36527  53.0000 325.0000 0000000   0.0000 129.3182 15.12078246557723
STARLINK-2438
1 79492U 98065A   24232.50000000 -.00022620  00000-0  13156-2 0  1005
2 79492  53.0000 325.0000 0000000   0.0000 145.6818 15.12078246506133
STARLINK-2439
1 92502U 98065A   24232.50000000 -.00022620  00000-0  13156-2 0  1004
2 92502  53.0000 325.0000 0000000   0.0000 162.0455 15.12078246738204
STARLINK-2440
1 51168U 98065A   24232.50000000 -.00022620  00000-0  13156-2 0  1004
2 51168  53.0000 325.0000 0000000   0.0000 178.4091 15.12078246509388
STARLINK-2441
1 86867U 98065A   24232.50000000 -.00022620  00000-0  13156-2 0  1004
2 86867  53.0000 325.0000 0000000   0.0000 194.7727 15.12078246541948
STARLINK-2442
1 36730U 98065A   24232.50000000 -.00022620  00000-0  13156-2 0  1002
2 36730  53.0000 325.0000 0000000   0.0000 211.1364 15.12078246884985
STARLINK-2443
1 99105U 98065A   24232.50000000 -.00022620  00000-0  13156-2 0  1008
2 99105  53.0000 325.0000 0000000   0.0000 227.5000 15.12078246274794
STARLINK-2444
1 87344U 98065A   24232.50000000 -.00022620  00000-0  13156-2 0  1001
2 87344  53.0000 325.0000 0000000   0.0000 243.8636 15.12078246464533
STARLINK-2445
1 27628U 98065A   24232.50000000 -.00022620  00000-0  13156-2 0  1000
2 27628  53.0000 325.0000 0000000   0.0000 260.2273 15.12078246611711
STARLINK-2446
1 29042U 98065A   24232.50000000 -.00022620  00000-0  13156-2 0  1004
2 29042  53.0000 325.0000 0000000   0.0000 276.5909 15.12078246137620
STARLINK-2447
1 28980U 98065A   24232.50000000 -.00022620  00000-0  13156-2 0  1003
2 28980  53.0000 325.0000 0000000   0.0000 292.9545 15.12078246846726
STARLINK-2448
1 70358U 98065A   24232.50000000 -.00022620  00000-0  13156-2 0  1006
2 70358  53.0000 325.0000 0000000   0.0000 309.3182 15.12078246923725
STARLINK-2449
1 66805U 98065A   24232.50000000 -.00022620  00000-0  13156-2 0  1002
2 66805  53.0000 325.0000 0000000   0.0000 325.6818 15.12078246329878
STARLINK-2450
1 95150U 98065A   24232.50000000 -.00022620  00000-0  13156-2 0  1008
2 95150  53.0000 325.0000 0000000   0.0000 342.0455 15.12078246217703
STARLINK-2451
1 56268U 98065A   24232.50000000 -.00022620  00000-0  13156-2 0  1008
2 56268  53.0000 325.0000 0000000   0.0000 358.4091 15.12078246875738
STARLINK-2452
1 69116U 98065A   24232.50000000 -.00022620  00000-0  13156-2 0  1008
2 69116  53.0000 330.0000 0000000   0.0000  15.0000 15.12078246773672
STARLINK-2453
1 56568U 98065A   24232.50000000 -.00022620  00000-0  13156-2 0  1003
2 56568  53.0000 330.0000 0000000   0.0000  31.3636 15.12078246406912
STARLINK-2454
1 21682U 98065A   24232.50000000 -.00022620  00000-0  13156-2 0  1004
2 21682  53.0000 330.0000 0000000   0.0000  47.7273 15.12078246776773
STARLINK-2455
1 83054U 98065A   24232.50000000 -.00022620  00000-0  13156-2 0  1003
2 83054  53.0000 330.0000 0000000   0.0000  64.0909 15.12078246973805
STARLINK-2456
1 20563U 98065A   24232.50000000 -.00022620  00000-0  13156-2 0  1007
2 20563  53.0000 330.0000 0000000   0.0000  80.4545 15.12078246810358
STARLINK-2457
1 26793U 98065A   24232.50000000 -.00022620  00000-0  13156-2 0  1006
2 26793  53.0000 330.0000 0000000   0.0000  96.8182 15.12078246892526
STARLINK-2458
1 71882U 98065A   24232.50000000 -.00022620  00000-0  13156-2 0  1005
2 71882  53.0000 330.0000 0000000   0.0000 113.1818 15.12078246949221
STARLINK-2459
1 28078U 98065A   24232.50000000 -.00022620  00000-0  13156-2 0  1006
2 28078  53.0000 330.0000 0000000   0.0000 129.5455 15.12078246916381
STARLINK-2460
1 34489U 98065A   24232.50000000 -.00022620  00000-0  13156-2 0  1004
2 34489  53.0000 330.0000 0000000   0.0000 145.9091 15.12078246161175
STARLINK-2461
1 23108U 98065A   24232.50000000 -.00022620  00000-0  13156-2 0  1002
2 23108  53.0000 330.0000 0000000   0.0000 162.2727 15.12078246369430
STARLINK-2462
1 33353U 98065A   24232.50000000 -.00022620  00000-0  13156-2 0  1007
2 33353  53.0000 330.0000 0000000   0.0000 178.6364 15.12078246658141
STARLINK-2463
1 78862U 98065A   24232.50000000 -.00022620  00000-0  13156-2 0  1004
2 78862  53.0000 330.0000 0000000   0.0000 195.0000 15.12078246699134
STARLINK-2464
1 30454U 98065A   24232.50000000 -.00022620  00000-0  13156-2 0  1006
2 30454  53.0000 330.0000 0000000   0.0000 211.3636 15.12078246866978
STARLINK-2465
1 89818U 98065A   24232.50000000 -.00022620  00000-0  13156-2 0  1008
2 89818  53.0000 330.0000 0000000   0.0000 227.7273 15.12078246337747
STARLINK-2466
1 96965U 98065A   24232.50000000 -.00022620  00000-0  13156-2 0  1004
2 96965  53.0000 330.0000 0000000   0.0000 244.0909 15.12078246408287
STARLINK-2467
1 79792U 98065A   24232.50000000 -.00022620  00000-0  13156-2 0  1008
2 79792  53.0000 330.0000 0000000   0.0000 260.4545 15.12078246270202
STARLINK-2468
1 19447U 98065A   24232.50000000 -.00022620  00000-0  13156-2 0  1008
2 19447  53.0000 330.0000 0000000   0.0000 276.8182 15.12078246765361
STARLINK-2469
1 49717U 98065A   24232.50000000 -.00022620  00000-0  13156-2 0  1006
2 49717  53.0000 330.0000 0000000   0.0000 293.1818 15.12078246649513
STARLINK-2470
1 84073U 98065A   24232.50000000 -.00022620  00000-0  13156-2 0  1004
2 84073  53.0000 330.0000 0000000   0.0000 309.5455 15.12078246746895
STARLINK-2471
1 92550U 98065A   24232.50000000 -.00022620  00000-0  13156-2 0  1005
2 92550  53.0000 330.0000 0000000   0.0000 325.9091 15.12078246165102
STARLINK-2472
1 45128U 98065A   24232.50000000 -.00022620  00000-0  13156-2 0  1001
2 45128  53.0000 330.0000 0000000   0.0000 342.2727 15.12078246247885
STARLINK-2473
1 51102U 98065A   24232.50000000 -.00022620  00000-0  13156-2 0  1003
2 51102  53.0000 330.0000 0000000   0.0000 358.6364 15.12078246240154
STARLINK-2474
1 64547U 98065A   24232.50000000 -.00022620  00000-0  13156-2 0  1004
2 64547  53.0000 335.0000 0000000   0.0000  15.2273 15.12078246187544
STARLINK-2475
1 29606U 98065A   24232.50000000 -.00022620  00000-0  13156-2 0  1005
2 29606  53.0000 335.0000 0000000   0.0000  31.5909 15.12078246165037
STARLINK-2476
1 58068U 98065A   24232.50000000 -.00022620  00000-0  13156-2 0  1000
2 58068  53.0000 335.0000 0000000   0.0000  47.9545 15.12078246752972
STARLINK-2477
1 54569U 98065A   24232.50000000 -.00022620  00000-0  13156-2 0  1000
2 54569  53.0000 335.0000 0000000   0.0000  64.3182 15.12078246341880
STARLINK-2478
1 65809U 98065A   24232.50000000 -.00022620  00000-0  13156-2 0  1006
2 65809  53.0000 335.0000 0000000   0.0000  80.6818 15.12078246419040
STARLINK-2479
1 43998U 98065A   24232.50000000 -.00022620  00000-0  13156-2 0  1003
2 43998  53.0000 335.0000 0000000   0.0000  97.0455 15.12078246425442
STARLINK-2480
1 10740U 98065A   24232.50000000 -.00022620  00000-0  13156-2 0  1003
2 10740  53.0000 335.0000 0000000   0.0000 113.4091 15.12078246412091
STARLINK-2481
1 98634U 98065A   24232.50000000 -.00022620  00000-0  13156-2 0  1001
2 98634  53.0000 335.0000 0000000   0.0000 129.7727 15.12078246176385
STARLINK-2482
1 27876U 98065A   24232.50000000 -.00022620  00000-0  13156-2 0  1004
2 27876  53.0000 335.0000 0000000   0.0000 146.1364 15.12078246205017
STARLINK-2483
1 24461U 98065A   24232.50000000 -.00022620  00000-0  13156-2 0  1006
2 24461  53.0000 335.0000 0000000   0.0000 162.5000 15.12078246893475
STARLINK-2484
1 33452U 98065A   24232.50000000 -.00022620  00000-0  13156-2 0  1002
2 33452  53.0000 335.0000 0000000   0.0000 178.8636 15.12078246869494
STARLINK-2485
1 61140U 98065A   24232.50000000 -.00022620  00000-0  13156-2 0  1003
2 61140  53.0000 335.0000 0000000   0.0000 195.2273 15.12078246926592
STARLINK-2486
1 59933U 98065A   24232.50000000 -.00022620  00000-0  13156-2 0  1008
2 59933  53.0000 335.0000 0000000   0.0000 211.5909 15.12078246713431
STARLINK-2487
1 13091U 98065A   24232.50000000 -.00022620  00000-0  13156-2 0  1007
2 13091  53.0000 335.0000 0000000   0.0000 227.9545 15.12078246544671
STARLINK-2488
1 82922U 98065A   24232.50000000 -.00022620  00000-0  13156-2 0  1001
2 82922  53.0000 335.0000 0000000   0.0000 244.3182 15.12078246680834
STARLINK-2489
1 53233U 98065A   24232.50000000 -.00022620  00000-0  13156-2 0  1002
2 53233  53.0000 335.0000 0000000   0.0000 260.6818 15.12078246382364
STARLINK-2490
1 89533U 98065A   24232.50000000 -.00022620  00000-0  13156-2 0  1005
2 89533  53.0000 335.0000 0000000   0.0000 277.0455 15.12078246517608
STARLINK-2491
1 13779U 98065A   24232.50000000 -.00022620  00000-0  13156-2 0  1002
2 13779  53.0000 335.0000 0000000   0.0000 293.4091 15.12078246458676
STARLINK-2492
1 72644U 98065A   24232.50000000 -.00022620  00000-0  13156-2 0  1005
2 72644  53.0000 335.0000 0000000   0.0000 309.7727 15.12078246917743
STARLINK-2493
1 26453U 98065A   24232.50000000 -.00022620  00000-0  13156-2 0  1003
2 26453  53.0000 335.0000 0000000   0.0000 326.1364 15.12078246997188
STARLINK-2494
1 80589U 98065A   24232.50000000 -.00022620  00000-0  13156-2 0  1001
2 80589  53.0000 335.0000 0000000   0.0000 342.5000 15.12078246704103
STARLINK-2495
1 13294U 98065A   24232.50000000 -.00022620  00000-0  13156-2 0  1003
2 13294  53.0000 335.0000 0000000   0.0000 358.8636 15.12078246957211
STARLINK-2496
1 16407U 98065A   24232.50000000 -.00022620  00000-0  13156-2 0  1004
2 16407  53.0000 340.0000 0000000   0.0000  15.4545 15.12078246676002
STARLINK-2497
1 34382U 98065A   24232.50000000 -.00022620  00000-0  13156-2 0  1006
2 34382  53.0000 340.0000 0000000   0.0000  31.8182 15.12078246789692
STARLINK-2498
1 73030U 98065A   24232.50000000 -.00022620  00000-0  13156-2 0  1001
2 73030  53.0000 340.0000 0000000   0.0000  48.1818 15.12078246578507
STARLINK-2499
1 77164U 98065A   24232.50000000 -.00022620  00000-0  13156-2 0  1005
2 77164  53.0000 340.0000 0000000   0.0000  64.5455 15.12078246456493
STARLINK-2500
1 14043U 98065A   24232.50000000 -.00022620  00000-0  13156-2 0  1001
2 14043  53.0000 340.0000 0000000   0.0000  80.9091 15.12078246763097
STARLINK-2501
1 51087U 98065A   24232.50000000 -.00022620  00000-0  13156-2 0  1002
2 51087  53.0000 340.0000 0000000   0.0000  97.2727 15.12078246432605
STARLINK-2502
1 39450U 98065A   24232.50000000 -.00022620  00000-0  13156-2 0  1000
2 39450  53.0000 340.0000 0000000   0.0000 113.6364 15.12078246280017
STARLINK-2503
1 62172U 98065A   24232.50000000 -.00022620  00000-0  13156-2 0  1001
2 62172  53.0000 340.0000 0000000   0.0000 130.0000 15.12078246545504
STARLINK-2504
1 95409U 98065A   24232.50000000 -.00022620  00000-0  13156-2 0  1003
2 95409  53.0000 340.0000 0000000   0.0000 146.3636 15.12078246131660
STARLINK-2505
1 74707U 98065A   24232.50000000 -.00022620  00000-0  13156-2 0  1002
2 74707  53.0000 340.0000 0000000   0.0000 162.7273 15.12078246898716
STARLINK-2506
1 40165U 98065A   24232.50000000 -.00022620  00000-0  13156-2 0  1003
2 40165  53.0000 340.0000 0000000   0.0000 179.0909 15.12078246413296
STARLINK-2507
1 93030U 98065A   24232.50000000 -.00022620  00000-0  13156-2 0  1003
2 93030  53.0000 340.0000 0000000   0.0000 195.4545 15.12078246833701
STARLINK-2508
1 85432U 98065A   24232.50000000 -.00022620  00000-0  13156-2 0  1002
2 85432  53.0000 340.0000 0000000   0.0000 211.8182 15.12078246187207
STARLINK-2509
1 67960U 98065A   24232.50000000 -.00022620  00000-0  13156-2 0  1001
2 67960  53.0000 340.0000 0000000   0.0000 228.1818 15.12078246632864
STARLINK-2510
1 65421U 98065A   24232.50000000 -.00022620  00000-0  13156-2 0  1004
2 65421  53.0000 340.0000 0000000   0.0000 244.5455 15.12078246736764
STARLINK-2511
1 31350U 98065A   24232.50000000 -.00022620  00000-0  13156-2 0  1004
2 31350  53.0000 340.0000 0000000   0.0000 260.9091 15.12078246330420
STARLINK-2512
1 54493U 98065A   24232.50000000 -.00022620  00000-0  13156-2 0  1007
2 54493  53.0000 340.0000 0000000   0.0000 277.2727 15.12078246987393
STARLINK-2513
1 60872U 98065A   24232.50000000 -.00022620  00000-0  13156-2 0  1001
2 60872  53.0000 340.0000 0000000   0.0000 293.6364 15.12078246354514
STARLINK-2514
1 81396U 98065A   24232.50000000 -.00022620  00000-0  13156-2 0  1004
2 81396  53.0000 340.0000 0000000   0.0000 310.0000 15.12078246826068
STARLINK-2515
1 66501U 98065A   24232.50000000 -.00022620  00000-0  13156-2 0  1005
2 66501  53.0000 340.0000 0000000   0.0000 326.3636 15.12078246718220
STARLINK-2516
1 32539U 98065A   24232.50000000 -.00022620  00000-0  13156-2 0  1004
2 32539  53.0000 340.0000 0000000   0.0000 342.7273 15.12078246251552
STARLINK-2517
1 98674U 98065A   24232.50000000 -.00022620  00000-0  13156-2 0  1005
2 98674  53.0000 340.0000 0000000   0.0000 359.0909 15.12078246105633
STARLINK-2518
1 48507U 98065A   24232.50000000 -.00022620  00000-0  13156-2 0  1005
2 48507  53.0000 345.0000 0000000   0.0000  15.6818 15.12078246813724
STARLINK-2519
1 23576U 98065A   24232.50000000 -.00022620  00000-0  13156-2 0  1008
2 23576  53.0000 345.0000 0000000   0.0000  32.0455 15.12078246574886
STARLINK-2520
1 49316U 98065A   24232.50000000 -.00022620  00000-0  13156-2 0  1004
2 49316  53.0000 345.0000 0000000   0.0000  48.4091 15.12078246246844
STARLINK-2521
1 46664U 98065A   24232.50000000 -.00022620  00000-0  13156-2 0  1003
2 46664  53.0000 345.0000 0000000   0.0000  64.7727 15.12078246859676
STARLINK-2522
1 38999U 98065A   24232.50000000 -.00022620  00000-0  13156-2 0  1003
2 38999  53.0000 345.0000 0000000   0.0000  81.1364 15.12078246553086
STARLINK-2523
1 63888U 98065A   24232.50000000 -.00022620  00000-0  13156-2 0  1006
2 63888  53.0000 345.0000 0000000   0.0000  97.5000 15.12078246934340
STARLINK-2524
1 33060U 98065A   24232.50000000 -.00022620  00000-0  13156-2 0  1004
2 33060  53.0000 345.0000 0000000   0.0000 113.8636 15.12078246745207
STARLINK-2525
1 18939U 98065A   24232.50000000 -.00022620  00000-0  13156-2 0  1007
2 18939  53.0000 345.0000 0000000   0.0000 130.2273 15.12078246727546
STARLINK-2526
1 81428U 98065A   24232.50000000 -.00022620  00000-0  13156-2 0  1002
2 81428  53.0000 345.0000 0000000   0.0000 146.5909 15.12078246789131
STARLINK-2527
1 20972U 98065A   24232.50000000 -.00022620  00000-0  13156-2 0  1005
2 20972  53.0000 345.0000 0000000   0.0000 162.9545 15.12078246378895
STARLINK-2528
1 34027U 98065A   24232.50000000 -.00022620  00000-0  13156-2 0  1003
2 34027  53.0000 345.0000 0000000   0.0000 179.3182 15.12078246978460
STARLINK-2529
1 78656U 98065A   24232.50000000 -.00022620  00000-0  13156-2 0  1008
2 78656  53.0000 345.0000 0000000   0.0000 195.6818 15.12078246189971
STARLINK-2530
1 69256U 98065A   24232.50000000 -.00022620  00000-0  13156-2 0  1008
2 69256  53.0000 345.0000 0000000   0.0000 212.0455 15.12078246605777
STARLINK-2531
1 26902U 98065A   24232.50000000 -.00022620  00000-0  13156-2 0  1004
2 26902  53.0000 345.0000 0000000   0.0000 228.4091 15.12078246434464
STARLINK-2532
1 53519U 98065A   24232.50000000 -.00022620  00000-0  13156-2 0  1001
2 53519  53.0000 345.0000 0000000   0.0000 244.7727 15.12078246931643
STARLINK-2533
1 14434U 98065A   24232.50000000 -.00022620  00000-0  13156-2 0  1008
2 14434  53.0000 345.0000 0000000   0.0000 261.1364 15.12078246152296
STARLINK-2534
1 98096U 98065A   24232.50000000 -.00022620  00000-0  13156-2 0  1005
2 98096  53.0000 345.0000 0000000   0.0000 277.5000 15.12078246678346
STARLINK-2535
1 84545U 98065A   24232.50000000 -.00022620  00000-0  13156-2 0  1002
2 84545  53.0000 345.0000 0000000   0.0000 293.8636 15.12078246575145
STARLINK-2536
1 98500U 98065A   24232.50000000 -.00022620  00000-0  13156-2 0  1000
2 98500  53.0000 345.0000 0000000   0.0000 310.2273 15.12078246166804
STARLINK-2537
1 90241U 98065A   24232.50000000 -.00022620  00000-0  13156-2 0  1003
2 90241  53.0000 345.0000 0000000   0.0000 326.5909 15.12078246268752
STARLINK-2538
1 71561U 98065A   24232.50000000 -.00022620  00000-0  13156-2 0  1000
2 71561  53.0000 345.0000 0000000   0.0000 342.9545 15.12078246933727
STARLINK-2539
1 32537U 98065A   24232.50000000 -.00022620  00000-0  13156-2 0  1005
2 32537  53.0000 345.0000 0000000   0.0000 359.3182 15.12078246738122
STARLINK-2540
1 89161U 98065A   24232.50000000 -.00022620  00000-0  13156-2 0  1003
2 89161  53.0000 350.0000 0000000   0.0000  15.9091 15.12078246180957
STARLINK-2541
1 57525U 98065A   24232.50000000 -.00022620  00000-0  13156-2 0  1005
2 57525  53.0000 350.0000 0000000   0.0000  32.2727 15.12078246709095
STARLINK-2542
1 43606U 98065A   24232.50000000 -.00022620  00000-0  13156-2 0  1002
2 43606  53.0000 350.0000 0000000   0.0000  48.6364 15.12078246227480
STARLINK-2543
1 37955U 98065A   24232.50000000 -.00022620  00000-0  13156-2 0  1001
2 37955  53.0000 350.0000 0000000   0.0000  65.0000 15.12078246587862
STARLINK-2544
1 45632U 98065A   24232.50000000 -.00022620  00000-0  13156-2 0  1007
2 45632  53.0000 350.0000 0000000   0.0000  81.3636 15.12078246857536
STARLINK-2545
1 26522U 98065A   24232.50000000 -.00022620  00000-0  13156-2 0  1001
2 26522  53.0000 350.0000 0000000   0.0000  97.7273 15.12078246590217
STARLINK-2546
1 75634U 98065A   24232.50000000 -.00022620  00000-0  13156-2 0  1005
2 75634  53.0000 350.0000 0000000   0.0000 114.0909 15.12078246979513
STARLINK-2547
1 68706U 98065A   24232.50000000 -.00022620  00000-0  13156-2 0  1002
2 68706  53.0000 350.0000 0000000   0.0000 130.4545 15.12078246735977
STARLINK-2548
1 11647U 98065A   24232.50000000 -.00022620  00000-0  13156-2 0  1006
2 11647  53.0000 350.0000 0000000   0.0000 146.8182 15.12078246856187
STARLINK-2549
1 99328U 98065A   24232.50000000 -.00022620  00000-0  13156-2 0  1004
2 99328  53.0000 350.0000 0000000   0.0000 163.1818 15.12078246238726
STARLINK-2550
1 37505U 98065A   24232.50000000 -.00022620  00000-0  13156-2 0  1004
2 37505  53.0000 350.0000 0000000   0.0000 179.5455 15.12078246186755
STARLINK-2551
1 44217U 98065A   24232.50000000 -.00022620  00000-0  13156-2 0  1008
2 44217  53.0000 350.0000 0000000   0.0000 195.9091 15.12078246786773
STARLINK-2552
1 72942U 98065A   24232.50000000 -.00022620  00000-0  13156-2 0  1006
2 72942  53.0000 350.0000 0000000   0.0000 212.2727 15.12078246867118
STARLINK-2553
1 48050U 98065A   24232.50000000 -.00022620  00000-0  13156-2 0  1006
2 48050  53.0000 350.0000 0000000   0.0000 228.6364 15.12078246443377
STARLINK-2554
1 46335U 98065A   24232.50000000 -.00022620  00000-0  13156-2 0  1004
2 46335  53.0000 350.0000 0000000   0.0000 245.0000 15.12078246712713
STARLINK-2555
1 46579U 98065A   24232.50000000 -.00022620  00000-0  13156-2 0  1002
2 46579  53.0000 350.0000 0000000   0.0000 261.3636 15.12078246513235
STARLINK-2556
1 18852U 98065A   24232.50000000 -.00022620  00000-0  13156-2 0  1002
2 18852  53.0000 350.0000 0000000   0.0000 277.7273 15.12078246731857
STARLINK-2557
1 55973U 98065A   24232.50000000 -.00022620  00000-0  13156-2 0  1001
2 55973  53.0000 350.0000 0000000   0.0000 294.0909 15.12078246304563
STARLINK-2558
1 83699U 98065A   24232.50000000 -.00022620  00000-0  13156-2 0  1002
2 83699  53.0000 350.0000 0000000   0.0000 310.4545 15.12078246801516
STARLINK-2559
1 11891U 98065A   24232.50000000 -.00022620  00000-0  13156-2 0  1004
2 11891  53.0000 350.0000 0000000   0.0000 326.8182 15.12078246570918
STARLINK-2560
1 81531U 98065A   24232.50000000 -.00022620  00000-0  13156-2 0  1007
2 81531  53.0000 350.0000 0000000   0.0000 343.1818 15.12078246943568
STARLINK-2561
1 32606U 98065A   24232.50000000 -.00022620  00000-0  13156-2 0  1008
2 32606  53.0000 350.0000 0000000   0.0000 359.5455 15.12078246319413
STARLINK-2562
1 13707U 98065A   24232.50000000 -.00022620  00000-0  13156-2 0  1003
2 13707  53.0000 355.0000 0000000   0.0000  16.1364 15.12078246888550
STARLINK-2563
1 17178U 98065A   24232.50000000 -.00022620  00000-0  13156-2 0  1006
2 17178  53.0000 355.0000 0000000   0.0000  32.5000 15.12078246206100
STARLINK-2564
1 68921U 98065A   24232.50000000 -.00022620  00000-0  13156-2 0  1006
2 68921  53.0000 355.0000 0000000   0.0000  48.8636 15.12078246760962
STARLINK-2565
1 15447U 98065A   24232.50000000 -.00022620  00000-0  13156-2 0  1000
2 15447  53.0000 355.0000 0000000   0.0000  65.2273 15.12078246159503
STARLINK-2566
1 28979U 98065A   24232.50000000 -.00022620  00000-0  13156-2 0  1008
2 28979  53.0000 355.0000 0000000   0.0000  81.5909 15.12078246672255
STARLINK-2567
1 21498U 98065A   24232.50000000 -.00022620  00000-0  13156-2 0  1006
2 21498  53.0000 355.0000 0000000   0.0000  97.9545 15.12078246184107
STARLINK-2568
1 11025U 98065A   24232.50000000 -.00022620  00000-0  13156-2 0  1006
2 11025  53.0000 355.0000 0000000   0.0000 114.3182 15.12078246163553
STARLINK-2569
1 79050U 98065A   24232.50000000 -.00022620  00000-0  13156-2 0  1003
2 79050  53.0000 355.0000 0000000   0.0000 130.6818 15.12078246685070
STARLINK-2570
1 91646U 98065A   24232.50000000 -.00022620  00000-0  13156-2 0  1002
2 91646  53.0000 355.0000 0000000   0.0000 147.0455 15.12078246477006
STARLINK-2571
1 85191U 98065A   24232.50000000 -.00022620  00000-0  13156-2 0  1000
2 85191  53.0000 355.0000 0000000   0.0000 163.4091 15.12078246634335
STARLINK-2572
1 26788U 98065A   24232.50000000 -.00022620  00000-0  13156-2 0  1001
2 26788  53.0000 355.0000 0000000   0.0000 179.7727 15.12078246224497
STARLINK-2573
1 25624U 98065A   24232.50000000 -.00022620  00000-0  13156-2 0  1006
2 25624  53.0000 355.0000 0000000   0.0000 196.1364 15.12078246162167
STARLINK-2574
1 73477U 98065A   24232.50000000 -.00022620  00000-0  13156-2 0  1000
2 73477  53.0000 355.0000 0000000   0.0000 212.5000 15.12078246137830
STARLINK-2575
1 65094U 98065A   24232.50000000 -.00022620  00000-0  13156-2 0  1001
2 65094  53.0000 355.0000 0000000   0.0000 228.8636 15.12078246897183
STARLINK-2576
1 66010U 98065A   24232.50000000 -.00022620  00000-0  13156-2 0  1005
2 66010  53.0000 355.0000 0000000   0.0000 245.2273 15.12078246388532
STARLINK-2577
1 82540U 98065A   24232.50000000 -.00022620  00000-0  13156-2 0  1000
2 82540  53.0000 355.0000 0000000   0.0000 261.5909 15.12078246563598
STARLINK-2578
1 57157U 98065A   24232.50000000 -.00022620  00000-0  13156-2 0  1006
2 57157  53.0000 355.0000 0000000   0.0000 277.9545 15.12078246701601
STARLINK-2579
1 82358U 98065A   24232.50000000 -.00022620  00000-0  13156-2 0  1007
2 82358  53.0000 355.0000 0000000   0.0000 294.3182 15.12078246138796
STARLINK-2580
1 20833U 98065A   24232.50000000 -.00022620  00000-0  13156-2 0  1002
2 20833  53.0000 355.0000 0000000   0.0000 310.6818 15.12078246749875
STARLINK-2581
1 61273U 98065A   24232.50000000 -.00022620  00000-0  13156-2 0  1005
2 61273  53.0000 355.0000 0000000   0.0000 327.0455 15.12078246674242
STARLINK-2582
1 69045U 98065A   24232.50000000 -.00022620  00000-0  13156-2 0  1003
2 69045  53.0000 355.0000 0000000   0.0000 343.4091 15.12078246209894
STARLINK-2583
1 69797U 98065A   24232.50000000 -.00022620  00000-0  13156-2 0  1007
2 69797  53.0000 355.0000 0000000   0.0000 359.7727 15.12078246289495
