STARLINK-1000
1 78313U 98065A   24100.00000000 -.00022620  00000-0  13156-2 0  1001
2 78313  50.0000   0.0000 0000000   0.0000   0.0000 15.21981948968193
STARLINK-1001
1 44019U 98065A   24100.00000000 -.00022620  00000-0  13156-2 0  1000
2 44019  50.0000   0.0000 0000000   0.0000  18.0000 15.21981948643017
STARLINK-1002
1 29453U 98065A   24100.00000000 -.00022620  00000-0  13156-2 0  1001
2 29453  50.0000   0.0000 0000000   0.0000  36.0000 15.21981948558704
STARLINK-1003
1 16141U 98065A   24100.00000000 -.00022620  00000-0  13156-2 0  1003
2 16141  50.0000   0.0000 0000000   0.0000  54.0000 15.21981948779334
STARLINK-1004
1 33839U 98065A   24100.00000000 -.00022620  00000-0  13156-2 0  1007
2 33839  50.0000   0.0000 0000000   0.0000  72.0000 15.21981948511788
STARLINK-1005
1 50286U 98065A   24100.00000000 -.00022620  00000-0  13156-2 0  1002
2 50286  50.0000   0.0000 0000000   0.0000  90.0000 15.21981948439770
STARLINK-1006
1 21412U 98065A   24100.00000000 -.00022620  00000-0  13156-2 0  1007
2 21412  50.0000   0.0000 0000000   0.0000 108.0000 15.21981948348511
STARLINK-1007
1 50550U 98065A   24100.00000000 -.00022620  00000-0  13156-2 0  1002
2 50550  50.0000   0.0000 0000000   0.0000 126.0000 15.21981948589596
STARLINK-1008
1 63305U 98065A   24100.00000000 -.00022620  00000-0  13156-2 0  1008
2 63305  50.0000   0.0000 0000000   0.0000 144.0000 15.21981948556190
STARLINK-1009
1 36058U 98065A   24100.00000000 -.00022620  00000-0  13156-2 0  1003
2 36058  50.0000   0.0000 0000000   0.0000 162.0000 15.21981948482663
STARLINK-1010
1 21164U 98065A   24100.00000000 -.00022620  00000-0  13156-2 0  1007
2 21164  50.0000   0.0000 0000000   0.0000 180.0000 15.21981948508650
STARLINK-1011
1 39448U 98065A   24100.00000000 -.00022620  00000-0  13156-2 0  1003
2 39448  50.0000   0.0000 0000000   0.0000 198.0000 15.21981948628900
STARLINK-1012
1 78387U 98065A   24100.00000000 -.00022620  00000-0  13156-2 0  1001
2 78387  50.0000   0.0000 0000000   0.0000 216.0000 15.21981948246910
STARLINK-1013
1 82438U 98065A   24100.00000000 -.00022620  00000-0  13156-2 0  1005
2 82438  50.0000   0.0000 0000000   0.0000 234.0000 15.21981948720962
STARLINK-1014
1 33339U 98065A   24100.00000000 -.00022620  00000-0  13156-2 0  1007
2 33339  50.0000   0.0000 0000000   0.0000 252.0000 15.21981948162741
STARLINK-1015
1 14135U 98065A   24100.00000000 -.00022620  00000-0  13156-2 0  1002
2 14135  50.0000   0.0000 0000000   0.0000 270.0000 15.21981948862141
STARLINK-1016
1 89483U 98065A   24100.00000000 -.00022620  00000-0  13156-2 0  1007
2 89483  50.0000   0.0000 0000000   0.0000 288.0000 15.21981948501962
STARLINK-1017
1 31633U 98065A   24100.00000000 -.00022620  00000-0  13156-2 0  1004
2 31633  50.0000   0.0000 0000000   0.0000 306.0000 15.21981948985571
STARLINK-1018
1 17298U 98065A   24100.00000000 -.00022620  00000-0  13156-2 0  1000
2 17298  50.0000   0.0000 0000000   0.0000 324.0000 15.21981948687753
STARLINK-1019
1 93583U 98065A   24100.00000000 -.00022620  00000-0  13156-2 0  1007
2 93583  50.0000   0.0000 0000000   0.0000 342.0000 15.21981948110522
STARLINK-1020
1 46614U 98065A   24100.00000000 -.00022620  00000-0  13156-2 0  1008
2 46614  50.0000   8.0000 0000000   0.0000   0.4000 15.21981948145274
STARLINK-1021
1 29474U 98065A   24100.00000000 -.00022620  00000-0  13156-2 0  1006
2 29474  50.0000   8.0000 0000000   0.0000  18.4000 15.21981948704123
STARLINK-1022
1 79962U 98065A   24100.00000000 -.00022620  00000-0  13156-2 0  1008
2 79962  50.0000   8.0000 0000000   0.0000  36.4000 15.21981948144298
STARLINK-1023
1 14025U 98065A   24100.00000000 -.00022620  00000-0  13156-2 0  1008
2 14025  50.0000   8.0000 0000000   0.0000  54.4000 15.21981948961100
STARLINK-1024
1 24753U 98065A   24100.00000000 -.00022620  00000-0  13156-2 0  1003
2 24753  50.0000   8.0000 0000000   0.0000  72.4000 15.21981948960495
STARLINK-1025
1 90876U 98065A   24100.00000000 -.00022620  00000-0  13156-2 0  1002
2 90876  50.0000   8.0000 0000000   0.0000  90.4000 15.21981948321844
STARLINK-1026
1 70791U 98065A   24100.00000000 -.00022620  00000-0  13156-2 0  1003
2 70791  50.0000   8.0000 0000000   0.0000 108.4000 15.21981948149005
STARLINK-1027
1 16240U 98065A   24100.00000000 -.00022620  00000-0  13156-2 0  1007
2 16240  50.0000   8.0000 0000000   0.0000 126.4000 15.21981948783500
STARLINK-1028
1 52235U 98065A   24100.00000000 -.00022620  00000-0  13156-2 0  1004
2 52235  50.0000   8.0000 0000000   0.0000 144.4000 15.21981948192560
STARLINK-1029
1 74351U 98065A   24100.00000000 -.00022620  00000-0  13156-2 0  1004
2 74351  50.0000   8.0000 0000000   0.0000 162.4000 15.21981948342584
STARLINK-1030
1 88596U 98065A   24100.00000000 -.00022620  00000-0  13156-2 0  1004
2 88596  50.0000   8.0000 0000000   0.0000 180.4000 15.21981948748018
STARLINK-1031
1 51411U 98065A   24100.00000000 -.00022620  00000-0  13156-2 0  1001
2 51411  50.0000   8.0000 0000000   0.0000 198.4000 15.21981948353988
STARLINK-1032
1 44183U 98065A   24100.00000000 -.00022620  00000-0  13156-2 0  1008
2 44183  50.0000   8.0000 0000000   0.0000 216.4000 15.21981948896887
STARLINK-1033
1 44304U 98065A   24100.00000000 -.00022620  00000-0  13156-2 0  1003
2 44304  50.0000   8.0000 0000000   0.0000 234.4000 15.21981948167278
STARLINK-1034
1 38154U 98065A   24100.00000000 -.00022620  00000-0  13156-2 0  1002
2 38154  50.0000   8.0000 0000000   0.0000 252.4000 15.21981948349668
STARLINK-1035
1 11370U 98065A   24100.00000000 -.00022620  00000-0  13156-2 0  1002
2 11370  50.0000   8.0000 0000000   0.0000 270.4000 15.21981948766227
STARLINK-1036
1 85986U 98065A   24100.00000000 -.00022620  00000-0  13156-2 0  1000
2 85986  50.0000   8.0000 0000000   0.0000 288.4000 15.21981948976804
STARLINK-1037
1 49452U 98065A   24100.00000000 -.00022620  00000-0  13156-2 0  1006
2 49452  50.0000   8.0000 0000000   0.0000 306.4000 15.21981948918006
STARLINK-1038
1 27476U 98065A   24100.00000000 -.00022620  00000-0  13156-2 0  1008
2 27476  50.0000   8.0000 0000000   0.0000 324.4000 15.21981948403374
STARLINK-1039
1 75449U 98065A   24100.00000000 -.00022620  00000-0  13156-2 0  1002
2 75449  50.0000   8.0000 0000000   0.0000 342.4000 15.21981948265591
STARLINK-1040
1 41159U 98065A   24100.00000000 -.00022620  00000-0  13156-2 0  1003
2 41159  50.0000  16.0000 0000000   0.0000   0.8000 15.21981948999480
STARLINK-1041
1 48163U 98065A   24100.00000000 -.00022620  00000-0  13156-2 0  1008
2 48163  50.0000  16.0000 0000000   0.0000  18.8000 15.21981948389736
STARLINK-1042
1 35953U 98065A   24100.00000000 -.00022620  00000-0  13156-2 0  1006
2 35953  50.0000  16.0000 0000000   0.0000  36.8000 15.21981948831451
STARLINK-1043
1 53130U 98065A   24100.00000000 -.00022620  00000-0  13156-2 0  1008
2 53130  50.0000  16.0000 0000000   0.0000  54.8000 15.21981948320045
STARLINK-1044
1 62805U 98065A   24100.00000000 -.00022620  00000-0  13156-2 0  1005
2 62805  50.0000  16.0000 0000000   0.0000  72.8000 15.21981948194874
STARLINK-1045
1 72557U 98065A   24100.00000000 -.00022620  00000-0  13156-2 0  1006
2 72557  50.0000  16.0000 0000000   0.0000  90.8000 15.21981948885141
STARLINK-1046
1 43933U 98065A   24100.00000000 -.00022620  00000-0  13156-2 0  1003
2 43933  50.0000  16.0000 0000000   0.0000 108.8000 15.21981948434943
STARLINK-1047
1 33129U 98065A   24100.00000000 -.00022620  00000-0  13156-2 0  1008
2 33129  50.0000  16.0000 0000000   0.0000 126.8000 15.21981948667085
STARLINK-1048
1 53222U 98065A   24100.00000000 -.00022620  00000-0  13156-2 0  1000
2 53222  50.0000  16.0000 0000000   0.0000 144.8000 15.21981948280633
STARLINK-1049
1 83966U 98065A   24100.00000000 -.00022620  00000-0  13156-2 0  1002
2 83966  50.0000  16.0000 0000000   0.0000 162.8000 15.21981948877087
STARLINK-1050
1 19136U 98065A   24100.00000000 -.00022620  00000-0  13156-2 0  1000
2 19136  50.0000  16.0000 0000000   0.0000 180.8000 15.21981948378478
STARLINK-1051
1 60968U 98065A   24100.00000000 -.00022620  00000-0  13156-2 0  1000
2 60968  50.0000  16.0000 0000000   0.0000 198.8000 15.21981948780002
STARLINK-1052
1 68380U 98065A   24100.00000000 -.00022620  00000-0  13156-2 0  1000
2 68380  50.0000  16.0000 0000000   0.0000 216.8000 15.21981948780651
STARLINK-1053
1 64641U 98065A   24100.00000000 -.00022620  00000-0  13156-2 0  1002
2 64641  50.0000  16.0000 0000000   0.0000 234.8000 15.21981948207598
STARLINK-1054
1 12293U 98065A   24100.00000000 -.00022620  00000-0  13156-2 0  1002
2 12293  50.0000  16.0000 0000000   0.0000 252.8000 15.21981948839353
STARLINK-1055
1 14187U 98065A   24100.00000000 -.00022620  00000-0  13156-2 0  1003
2 14187  50.0000  16.0000 0000000   0.0000 270.8000 15.21981948143560
STARLINK-1056
1 44351U 98065A   24100.00000000 -.00022620  00000-0  13156-2 0  1004
2 44351  50.0000  16.0000 0000000   0.0000 288.8000 15.21981948525980
STARLINK-1057
1 89157U 98065A   24100.00000000 -.00022620  00000-0  13156-2 0  1003
2 89157  50.0000  16.0000 0000000   0.0000 306.8000 15.21981948402512
STARLINK-1058
1 94714U 98065A   24100.00000000 -.00022620  00000-0  13156-2 0  1006
2 94714  50.0000  16.0000 0000000   0.0000 324.8000 15.21981948206545
STARLINK-1059
1 84692U 98065A   24100.00000000 -.00022620  00000-0  13156-2 0  1007
2 84692  50.0000  16.0000 0000000   0.0000 342.8000 15.21981948330445
STARLINK-1060
1 23910U 98065A   24100.00000000 -.00022620  00000-0  13156-2 0  1008
2 23910  50.0000  24.0000 0000000   0.0000   1.2000 15.21981948595184
STARLINK-1061
1 16602U 98065A   24100.00000000 -.00022620  00000-0  13156-2 0  1007
2 16602  50.0000  24.0000 0000000   0.0000  19.2000 15.21981948950103
STARLINK-1062
1 55534U 98065A   24100.00000000 -.00022620  00000-0  13156-2 0  1003
2 55534  50.0000  24.0000 0000000   0.0000  37.2000 15.21981948516624
STARLINK-1063
1 10015U 98065A   24100.00000000 -.00022620  00000-0  13156-2 0  1000
2 10015  50.0000  24.0000 0000000   0.0000  55.2000 15.21981948713461
STARLINK-1064
1 17164U 98065A   24100.00000000 -.00022620  00000-0  13156-2 0  1005
2 17164  50.0000  24.0000 0000000   0.0000  73.2000 15.21981948771820
STARLINK-1065
1 24224U 98065A   24100.00000000 -.00022620  00000-0  13156-2 0  1008
2 24224  50.0000  24.0000 0000000   0.0000  91.2000 15.21981948524478
STARLINK-1066
1 65246U 98065A   24100.00000000 -.00022620  00000-0  13156-2 0  1006
2 65246  50.0000  24.0000 0000000   0.0000 109.2000 15.21981948885476
STARLINK-1067
1 97313U 98065A   24100.00000000 -.00022620  00000-0  13156-2 0  1002
2 97313  50.0000  24.0000 0000000   0.0000 127.2000 15.21981948759657
STARLINK-1068
1 71097U 98065A   24100.00000000 -.00022620  00000-0  13156-2 0  1000
2 71097  50.0000  24.0000 0000000   0.0000 145.2000 15.21981948723993
STARLINK-1069
1 80178U 98065A   24100.00000000 -.00022620  00000-0  13156-2 0  1002
2 80178  50.0000  24.0000 0000000   0.0000 163.2000 15.21981948190026
STARLINK-1070
1 38777U 98065A   24100.00000000 -.00022620  00000-0  13156-2 0  1007
2 38777  50.0000  24.0000 0000000   0.0000 181.2000 15.21981948597802
STARLINK-1071
1 62336U 98065A   24100.00000000 -.00022620  00000-0  13156-2 0  1003
2 62336  50.0000  24.0000 0000000   0.0000 199.2000 15.21981948371552
STARLINK-1072
1 84357U 98065A   24100.00000000 -.00022620  00000-0  13156-2 0  1007
2 84357  50.0000  24.0000 0000000   0.0000 217.2000 15.21981948743091
STARLINK-1073
1 67765U 98065A   24100.00000000 -.00022620  00000-0  13156-2 0  1000
2 67765  50.0000  24.0000 0000000   0.0000 235.2000 15.21981948833787
STARLINK-1074
1 35139U 98065A   24100.00000000 -.00022620  00000-0  13156-2 0  1000
2 35139  50.0000  24.0000 0000000   0.0000 253.2000 15.21981948758723
STARLINK-1075
1 37169U 98065A   24100.00000000 -.00022620  00000-0  13156-2 0  1004
2 37169  50.0000  24.0000 0000000   0.0000 271.2000 15.21981948353278
STARLINK-1076
1 95574U 98065A   24100.00000000 -.00022620  00000-0  13156-2 0  1007
2 95574  50.0000  24.0000 0000000   0.0000 289.2000 15.21981948989010
STARLINK-1077
1 42874U 98065A   24100.00000000 -.00022620  00000-0  13156-2 0  1000
2 42874  50.0000  24.0000 0000000   0.0000 307.2000 15.21981948757524
STARLINK-1078
1 10545U 98065A   24100.00000000 -.00022620  00000-0  13156-2 0  1007
2 10545  50.0000  24.0000 0000000   0.0000 325.2000 15.21981948633417
STARLINK-1079
1 70521U 98065A   24100.00000000 -.00022620  00000-0  13156-2 0  1003
2 70521  50.0000  24.0000 0000000   0.0000 343.2000 15.21981948915808
STARLINK-1080
1 84011U 98065A   24100.00000000 -.00022620  00000-0  13156-2 0  1007
2 84011  50.0000  32.0000 0000000   0.0000   1.6000 15.21981948777102
STARLINK-1081
1 91781U 98065A   24100.00000000 -.00022620  00000-0  13156-2 0  1005
2 91781  50.0000  32.0000 0000000   0.0000  19.6000 15.21981948460080
STARLINK-1082
1 11830U 98065A   24100.00000000 -.00022620  00000-0  13156-2 0  1006
2 11830  50.0000  32.0000 0000000   0.0000  37.6000 15.21981948400433
STARLINK-1083
1 89345U 98065A   24100.00000000 -.00022620  00000-0  13156-2 0  1001
2 89345  50.0000  32.0000 0000000   0.0000  55.6000 15.21981948461198
STARLINK-1084
1 76889U 98065A   24100.00000000 -.00022620  00000-0  13156-2 0  1002
2 76889  50.0000  32.0000 0000000   0.0000  73.6000 15.21981948398135
STARLINK-1085
1 33993U 98065A   24100.00000000 -.00022620  00000-0  13156-2 0  1003
2 33993  50.0000  32.0000 0000000   0.0000  91.6000 15.21981948943336
STARLINK-1086
1 69989U 98065A   24100.00000000 -.00022620  00000-0  13156-2 0  1003
2 69989  50.0000  32.0000 0000000   0.0000 109.6000 15.21981948979156
STARLINK-1087
1 92984U 98065A   24100.00000000 -.00022620  00000-0  13156-2 0  1003
2 92984  50.0000  32.0000 0000000   0.0000 127.6000 15.21981948319177
STARLINK-1088
1 64948U 98065A   24100.00000000 -.00022620  00000-0  13156-2 0  1005
2 64948  50.0000  32.0000 0000000   0.0000 145.6000 15.21981948976563
STARLINK-1089
1 75913U 98065A   24100.00000000 -.00022620  00000-0  13156-2 0  1002
2 75913  50.0000  32.0000 0000000   0.0000 163.6000 15.21981948155326
STARLINK-1090
1 88766U 98065A   24100.00000000 -.00022620  00000-0  13156-2 0  1008
2 88766  50.0000  32.0000 0000000   0.0000 181.6000 15.21981948407142
STARLINK-1091
1 45593U 98065A   24100.00000000 -.00022620  00000-0  13156-2 0  1001
2 45593  50.0000  32.0000 0000000   0.0000 199.6000 15.21981948854583
STARLINK-1092
1 35734U 98065A   24100.00000000 -.00022620  00000-0  13156-2 0  1004
2 35734  50.0000  32.0000 0000000   0.0000 217.6000 15.21981948699595
STARLINK-1093
1 15949U 98065A   24100.00000000 -.00022620  00000-0  13156-2 0  1007
2 15949  50.0000  32.0000 0000000   0.0000 235.6000 15.21981948884373
STARLINK-1094
1 98288U 98065A   24100.00000000 -.00022620  00000-0  13156-2 0  1007
2 98288  50.0000  32.0000 0000000   0.0000 253.6000 15.21981948283262
STARLINK-1095
1 90810U 98065A   24100.00000000 -.00022620  00000-0  13156-2 0  1007
2 90810  50.0000  32.0000 0000000   0.0000 271.6000 15.21981948406143
STARLINK-1096
1 16082U 98065A   24100.00000000 -.00022620  00000-0  13156-2 0  1001
2 16082  50.0000  32.0000 0000000   0.0000 289.6000 15.21981948155052
STARLINK-1097
1 70851U 98065A   24100.00000000 -.00022620  00000-0  13156-2 0  1000
2 70851  50.0000  32.0000 0000000   0.0000 307.6000 15.21981948924528
STARLINK-1098
1 15320U 98065A   24100.00000000 -.00022620  00000-0  13156-2 0  1003
2 15320  50.0000  32.0000 0000000   0.0000 325.6000 15.21981948622644
STARLINK-1099
1 45176U 98065A   24100.00000000 -.00022620  00000-0  13156-2 0  1000
2 45176  50.0000  32.0000 0000000   0.0000 343.6000 15.21981948536107
STARLINK-1100
1 98155U 98065A   24100.00000000 -.00022620  00000-0  13156-2 0  1004
2 98155  50.0000  40.0000 0000000   0.0000   2.0000 15.21981948425974
STARLINK-1101
1 34550U 98065A   24100.00000000 -.00022620  00000-0  13156-2 0  1003
2 34550  50.0000  40.0000 0000000   0.0000  20.0000 15.21981948783184
STARLINK-1102
1 30318U 98065A   24100.00000000 -.00022620  00000-0  13156-2 0  1006
2 30318  50.0000  40.0000 0000000   0.0000  38.0000 15.21981948769258
STARLINK-1103
1 42963U 98065A   24100.00000000 -.00022620  00000-0  13156-2 0  1000
2 42963  50.0000  40.0000 0000000   0.0000  56.0000 15.21981948733061
STARLINK-1104
1 63985U 98065A   24100.00000000 -.00022620  00000-0  13156-2 0  1005
2 63985  50.0000  40.0000 0000000   0.0000  74.0000 15.21981948945737
STARLINK-1105
1 19530U 98065A   24100.00000000 -.00022620  00000-0  13156-2 0  1000
2 19530  50.0000  40.0000 0000000   0.0000  92.0000 15.21981948367328
STARLINK-1106
1 51563U 98065A   24100.00000000 -.00022620  00000-0  13156-2 0  1002
2 51563  50.0000  40.0000 0000000   0.0000 110.0000 15.21981948469232
STARLINK-1107
1 66382U 98065A   24100.00000000 -.00022620  00000-0  13156-2 0  1002
2 66382  50.0000  40.0000 0000000   0.0000 128.0000 15.21981948851942
STARLINK-1108
1 49969U 98065A   24100.00000000 -.00022620  00000-0  13156-2 0  1002
2 49969  50.0000  40.0000 0000000   0.0000 146.0000 15.21981948305172
STARLINK-1109
1 12402U 98065A   24100.00000000 -.00022620  00000-0  13156-2 0  1007
2 12402  50.0000  40.0000 0000000   0.0000 164.0000 15.21981948524637
STARLINK-1110
1 28955U 98065A   24100.00000000 -.00022620  00000-0  13156-2 0  1005
2 28955  50.0000  40.0000 0000000   0.0000 182.0000 15.21981948501587
STARLINK-1111
1 64546U 98065A   24100.00000000 -.00022620  00000-0  13156-2 0  1007
2 64546  50.0000  40.0000 0000000   0.0000 200.0000 15.21981948232483
STARLINK-1112
1 22676U 98065A   24100.00000000 -.00022620  00000-0  13156-2 0  1001
2 22676  50.0000  40.0000 0000000   0.0000 218.0000 15.21981948196061
STARLINK-1113
1 68205U 98065A   24100.00000000 -.00022620  00000-0  13156-2 0  1003
2 68205  50.0000  40.0000 0000000   0.0000 236.0000 15.21981948679081
STARLINK-1114
1 85307U 98065A   24100.00000000 -.00022620  00000-0  13156-2 0  1005
2 85307  50.0000  40.0000 0000000   0.0000 254.0000 15.21981948195386
STARLINK-1115
1 42956U 98065A   24100.00000000 -.00022620  00000-0  13156-2 0  1004
2 42956  50.0000  40.0000 0000000   0.0000 272.0000 15.21981948250253
STARLINK-1116
1 66459U 98065A   24100.00000000 -.00022620  00000-0  13156-2 0  1004
2 66459  50.0000  40.0000 0000000   0.0000 290.0000 15.21981948533376
STARLINK-1117
1 71301U 98065A   24100.00000000 -.00022620  00000-0  13156-2 0  1003
2 71301  50.0000  40.0000 0000000   0.0000 308.0000 15.21981948912653
STARLINK-1118
1 54301U 98065A   24100.00000000 -.00022620  00000-0  13156-2 0  1002
2 54301  50.0000  40.0000 0000000   0.0000 326.0000 15.21981948689190
STARLINK-1119
1 69116U 98065A   24100.00000000 -.00022620  00000-0  13156-2 0  1001
2 69116  50.0000  40.0000 0000000   0.0000 344.0000 15.21981948858110
STARLINK-1120
1 35634U 98065A   24100.00000000 -.00022620  00000-0  13156-2 0  1004
2 35634  50.0000  48.0000 0000000   0.0000   2.4000 15.21981948542130
STARLINK-1121
1 60092U 98065A   24100.00000000 -.00022620  00000-0  13156-2 0  1002
2 60092  50.0000  48.0000 0000000   0.0000  20.4000 15.21981948792094
STARLINK-1122
1 24290U 98065A   24100.00000000 -.00022620  00000-0  13156-2 0  1002
2 24290  50.0000  48.0000 0000000   0.0000  38.4000 15.21981948962041
STARLINK-1123
1 75939U 98065A   24100.00000000 -.00022620  00000-0  13156-2 0  1008
2 75939  50.0000  48.0000 0000000   0.0000  56.4000 15.21981948619896
STARLINK-1124
1 77896U 98065A   24100.00000000 -.00022620  00000-0  13156-2 0  1007
2 77896  50.0000  48.0000 0000000   0.0000  74.4000 15.21981948353182
STARLINK-1125
1 15869U 98065A   24100.00000000 -.00022620  00000-0  13156-2 0  1002
2 15869  50.0000  48.0000 0000000   0.0000  92.4000 15.21981948172735
STARLINK-1126
1 25999U 98065A   24100.00000000 -.00022620  00000-0  13156-2 0  1006
2 25999  50.0000  48.0000 0000000   0.0000 110.4000 15.21981948783712
STARLINK-1127
1 56742U 98065A   24100.00000000 -.00022620  00000-0  13156-2 0  1004
2 56742  50.0000  48.0000 0000000   0.0000 128.4000 15.21981948558801
STARLINK-1128
1 30293U 98065A   24100.00000000 -.00022620  00000-0  13156-2 0  1002
2 30293  50.0000  48.0000 0000000   0.0000 146.4000 15.21981948908061
STARLINK-1129
1 10063U 98065A   24100.00000000 -.00022620  00000-0  13156-2 0  1006
2 10063  50.0000  48.0000 0000000   0.0000 164.4000 15.21981948735198
STARLINK-1130
1 93537U 98065A   24100.00000000 -.00022620  00000-0  13156-2 0  1004
2 93537  50.0000  48.0000 0000000   0.0000 182.4000 15.21981948517525
STARLINK-1131
1 34320U 98065A   24100.00000000 -.00022620  00000-0  13156-2 0  1003
2 34320  50.0000  48.0000 0000000   0.0000 200.4000 15.21981948805027
STARLINK-1132
1 71285U 98065A   24100.00000000 -.00022620  00000-0  13156-2 0  1003
2 71285  50.0000  48.0000 0000000   0.0000 218.4000 15.21981948906531
STARLINK-1133
1 99051U 98065A   24100.00000000 -.00022620  00000-0  13156-2 0  1006
2 99051  50.0000  48.0000 0000000   0.0000 236.4000 15.21981948643316
STARLINK-1134
1 56408U 98065A   24100.00000000 -.00022620  00000-0  13156-2 0  1003
2 56408  50.0000  48.0000 0000000   0.0000 254.4000 15.21981948104947
STARLINK-1135
1 51049U 98065A   24100.00000000 -.00022620  00000-0  13156-2 0  1003
2 51049  50.0000  48.0000 0000000   0.0000 272.4000 15.21981948162472
STARLINK-1136
1 46017U 98065A   24100.00000000 -.00022620  00000-0  13156-2 0  1002
2 46017  50.0000  48.0000 0000000   0.0000 290.4000 15.21981948783964
STARLINK-1137
1 22902U 98065A   24100.00000000 -.00022620  00000-0  13156-2 0  1008
2 22902  50.0000  48.0000 0000000   0.0000 308.4000 15.21981948621278
STARLINK-1138
1 56205U 98065A   24100.00000000 -.00022620  00000-0  13156-2 0  1006
2 56205  50.0000  48.0000 0000000   0.0000 326.4000 15.21981948849908
STARLINK-1139
1 25793U 98065A   24100.00000000 -.00022620  00000-0  13156-2 0  1002
2 25793  50.0000  48.0000 0000000   0.0000 344.4000 15.21981948185942
STARLINK-1140
1 96097U 98065A   24100.00000000 -.00022620  00000-0  13156-2 0  1003
2 96097  50.0000  56.0000 0000000   0.0000   2.8000 15.21981948987605
STARLINK-1141
1 58365U 98065A   24100.00000000 -.00022620  00000-0  13156-2 0  1008
2 58365  50.0000  56.0000 0000000   0.0000  20.8000 15.21981948878597
STARLINK-1142
1 83425U 98065A   24100.00000000 -.00022620  00000-0  13156-2 0  1006
2 83425  50.0000  56.0000 0000000   0.0000  38.8000 15.21981948945084
STARLINK-1143
1 47218U 98065A   24100.00000000 -.00022620  00000-0  13156-2 0  1004
2 47218  50.0000  56.0000 0000000   0.0000  56.8000 15.21981948206963
STARLINK-1144
1 57147U 98065A   24100.00000000 -.00022620  00000-0  13156-2 0  1006
2 57147  50.0000  56.0000 0000000   0.0000  74.8000 15.21981948273536
STARLINK-1145
1 51846U 98065A   24100.00000000 -.00022620  00000-0  13156-2 0  1002
2 51846  50.0000  56.0000 0000000   0.0000  92.8000 15.21981948512973
STARLINK-1146
1 54143U 98065A   24100.00000000 -.00022620  00000-0  13156-2 0  1000
2 54143  50.0000  56.0000 0000000   0.0000 110.8000 15.21981948374125
STARLINK-1147
1 38671U 98065A   24100.00000000 -.00022620  00000-0  13156-2 0  1003
2 38671  50.0000  56.0000 0000000   0.0000 128.8000 15.21981948503675
STARLINK-1148
1 37897U 98065A   24100.00000000 -.00022620  00000-0  13156-2 0  1000
2 37897  50.0000  56.0000 0000000   0.0000 146.8000 15.21981948824922
STARLINK-1149
1 62113U 98065A   24100.00000000 -.00022620  00000-0  13156-2 0  1008
2 62113  50.0000  56.0000 0000000   0.0000 164.8000 15.21981948552467
STARLINK-1150
1 69003U 98065A   24100.00000000 -.00022620  00000-0  13156-2 0  1008
2 69003  50.0000  56.0000 0000000   0.0000 182.8000 15.21981948835204
STARLINK-1151
1 62104U 98065A   24100.00000000 -.00022620  00000-0  13156-2 0  1002
2 62104  50.0000  56.0000 0000000   0.0000 200.8000 15.21981948105533
STARLINK-1152
1 29955U 98065A   24100.00000000 -.00022620  00000-0  13156-2 0  1000
2 29955  50.0000  56.0000 0000000   0.0000 218.8000 15.21981948477717
STARLINK-1153
1 52090U 98065A   24100.00000000 -.00022620  00000-0  13156-2 0  1005
2 52090  50.0000  56.0000 0000000   0.0000 236.8000 15.21981948202435
STARLINK-1154
1 67494U 98065A   24100.00000000 -.00022620  00000-0  13156-2 0  1002
2 67494  50.0000  56.0000 0000000   0.0000 254.8000 15.21981948458350
STARLINK-1155
1 19545U 98065A   24100.00000000 -.00022620  00000-0  13156-2 0  1000
2 19545  50.0000  56.0000 0000000   0.0000 272.8000 15.21981948675815
STARLINK-1156
1 82056U 98065A   24100.00000000 -.00022620  00000-0  13156-2 0  1002
2 82056  50.0000  56.0000 0000000   0.0000 290.8000 15.21981948306937
STARLINK-1157
1 23714U 98065A   24100.00000000 -.00022620  00000-0  13156-2 0  1004
2 23714  50.0000  56.0000 0000000   0.0000 308.8000 15.21981948612027
STARLINK-1158
1 91631U 98065A   24100.00000000 -.00022620  00000-0  13156-2 0  1006
2 91631  50.0000  56.0000 0000000   0.0000 326.8000 15.21981948519951
STARLINK-1159
1 32615U 98065A   24100.00000000 -.00022620  00000-0  13156-2 0  1003
2 32615  50.0000  56.0000 0000000   0.0000 344.8000 15.21981948689627
STARLINK-1160
1 30160U 98065A   24100.00000000 -.00022620  00000-0  13156-2 0  1002
2 30160  50.0000  64.0000 0000000   0.0000   3.2000 15.21981948455632
STARLINK-1161
1 91583U 98065A   24100.00000000 -.00022620  00000-0  13156-2 0  1000
2 91583  50.0000  64.0000 0000000   0.0000  21.2000 15.21981948116085
STARLINK-1162
1 59631U 98065A   24100.00000000 -.00022620  00000-0  13156-2 0  1003
2 59631  50.0000  64.0000 0000000   0.0000  39.2000 15.21981948336907
STARLINK-1163
1 20902U 98065A   24100.00000000 -.00022620  00000-0  13156-2 0  1006
2 20902  50.0000  64.0000 0000000   0.0000  57.2000 15.21981948219091
STARLINK-1164
1 29813U 98065A   24100.00000000 -.00022620  00000-0  13156-2 0  1002
2 29813  50.0000  64.0000 0000000   0.0000  75.2000 15.21981948170666
STARLINK-1165
1 76619U 98065A   24100.00000000 -.00022620  00000-0  13156-2 0  1008
2 76619  50.0000  64.0000 0000000   0.0000  93.2000 15.21981948762441
STARLINK-1166
1 77631U 98065A   24100.00000000 -.00022620  00000-0  13156-2 0  1005
2 77631  50.0000  64.0000 0000000   0.0000 111.2000 15.21981948116721
STARLINK-1167
1 60865U 98065A   24100.00000000 -.00022620  00000-0  13156-2 0  1007
2 60865  50.0000  64.0000 0000000   0.0000 129.2000 15.21981948963821
STARLINK-1168
1 46396U 98065A   24100.00000000 -.00022620  00000-0  13156-2 0  1000
2 46396  50.0000  64.0000 0000000   0.0000 147.2000 15.21981948674921
STARLINK-1169
1 85988U 98065A   24100.00000000 -.00022620  00000-0  13156-2 0  1002
2 85988  50.0000  64.0000 0000000   0.0000 165.2000 15.21981948191897
STARLINK-1170
1 55798U 98065A   24100.00000000 -.00022620  00000-0  13156-2 0  1005
2 55798  50.0000  64.0000 0000000   0.0000 183.2000 15.21981948210917
STARLINK-1171
1 88486U 98065A   24100.00000000 -.00022620  00000-0  13156-2 0  1007
2 88486  50.0000  64.0000 0000000   0.0000 201.2000 15.21981948361078
STARLINK-1172
1 16659U 98065A   24100.00000000 -.00022620  00000-0  13156-2 0  1005
2 16659  50.0000  64.0000 0000000   0.0000 219.2000 15.21981948111070
STARLINK-1173
1 86515U 98065A   24100.00000000 -.00022620  00000-0  13156-2 0  1007
2 86515  50.0000  64.0000 0000000   0.0000 237.2000 15.21981948902055
STARLINK-1174
1 75453U 98065A   24100.00000000 -.00022620  00000-0  13156-2 0  1008
2 75453  50.0000  64.0000 0000000   0.0000 255.2000 15.21981948466826
STARLINK-1175
1 63827U 98065A   24100.00000000 -.00022620  00000-0  13156-2 0  1007
2 63827  50.0000  64.0000 0000000   0.0000 273.2000 15.21981948191320
STARLINK-1176
1 77130U 98065A   24100.00000000 -.00022620  00000-0  13156-2 0  1005
2 77130  50.0000  64.0000 0000000   0.0000 291.2000 15.21981948375781
STARLINK-1177
1 78256U 98065A   24100.00000000 -.00022620  00000-0  13156-2 0  1007
2 78256  50.0000  64.0000 0000000   0.0000 309.2000 15.21981948585518
STARLINK-1178
1 59444U 98065A   24100.00000000 -.00022620  00000-0  13156-2 0  1003
2 59444  50.0000  64.0000 0000000   0.0000 327.2000 15.21981948362454
STARLINK-1179
1 71980U 98065A   24100.00000000 -.00022620  00000-0  13156-2 0  1000
2 71980  50.0000  64.0000 0000000   0.0000 345.2000 15.21981948204451
STARLINK-1180
1 13200U 98065A   24100.00000000 -.00022620  00000-0  13156-2 0  1001
2 13200  50.0000  72.0000 0000000   0.0000   3.6000 15.21981948145313
STARLINK-1181
1 87033U 98065A   24100.00000000 -.00022620  00000-0  13156-2 0  1008
2 87033  50.0000  72.0000 0000000   0.0000  21.6000 15.21981948967666
STARLINK-1182
1 72430U 98065A   24100.00000000 -.00022620  00000-0  13156-2 0  1008
2 72430  50.0000  72.0000 0000000   0.0000  39.6000 15.21981948671261
STARLINK-1183
1 36057U 98065A   24100.00000000 -.00022620  00000-0  13156-2 0  1005
2 36057  50.0000  72.0000 0000000   0.0000  57.6000 15.21981948956646
STARLINK-1184
1 73039U 98065A   24100.00000000 -.00022620  00000-0  13156-2 0  1002
2 73039  50.0000  72.0000 0000000   0.0000  75.6000 15.21981948248266
STARLINK-1185
1 97285U 98065A   24100.00000000 -.00022620  00000-0  13156-2 0  1001
2 97285  50.0000  72.0000 0000000   0.0000  93.6000 15.21981948258876
STARLINK-1186
1 10583U 98065A   24100.00000000 -.00022620  00000-0  13156-2 0  1006
2 10583  50.0000  72.0000 0000000   0.0000 111.6000 15.21981948912487
STARLINK-1187
1 65478U 98065A   24100.00000000 -.00022620  00000-0  13156-2 0  1000
2 65478  50.0000  72.0000 0000000   0.0000 129.6000 15.21981948389134
STARLINK-1188
1 89434U 98065A   24100.00000000 -.00022620  00000-0  13156-2 0  1005
2 89434  50.0000  72.0000 0000000   0.0000 147.6000 15.21981948999274
STARLINK-1189
1 29169U 98065A   24100.00000000 -.00022620  00000-0  13156-2 0  1008
2 29169  50.0000  72.0000 0000000   0.0000 165.6000 15.21981948395237
STARLINK-1190
1 49805U 98065A   24100.00000000 -.00022620  00000-0  13156-2 0  1007
2 49805  50.0000  72.0000 0000000   0.0000 183.6000 15.21981948610753
STARLINK-1191
1 59947U 98065A   24100.00000000 -.00022620  00000-0  13156-2 0  1000
2 59947  50.0000  72.0000 0000000   0.0000 201.6000 15.21981948469957
STARLINK-1192
1 67080U 98065A   24100.00000000 -.00022620  00000-0  13156-2 0  1008
2 67080  50.0000  72.0000 0000000   0.0000 219.6000 15.21981948753254
STARLINK-1193
1 52223U 98065A   24100.00000000 -.00022620  00000-0  13156-2 0  1006
2 52223  50.0000  72.0000 0000000   0.0000 237.6000 15.21981948337930
STARLINK-1194
1 30604U 98065A   24100.00000000 -.00022620  00000-0  13156-2 0  1008
2 30604  50.0000  72.0000 0000000   0.0000 255.6000 15.21981948985935
STARLINK-1195
1 83399U 98065A   24100.00000000 -.00022620  00000-0  13156-2 0  1002
2 83399  50.0000  72.0000 0000000   0.0000 273.6000 15.21981948791207
STARLINK-1196
1 32422U 98065A   24100.00000000 -.00022620  00000-0  13156-2 0  1008
2 32422  50.0000  72.0000 0000000   0.0000 291.6000 15.21981948569215
STARLINK-1197
1 94626U 98065A   24100.00000000 -.00022620  00000-0  13156-2 0  1008
2 94626  50.0000  72.0000 0000000   0.0000 309.6000 15.21981948961765
STARLINK-1198
1 88624U 98065A   24100.00000000 -.00022620  00000-0  13156-2 0  1002
2 88624  50.0000  72.0000 0000000   0.0000 327.6000 15.21981948152634
STARLINK-1199
1 43330U 98065A   24100.00000000 -.00022620  00000-0  13156-2 0  1004
2 43330  50.0000  72.0000 0000000   0.0000 345.6000 15.21981948405047
STARLINK-1200
1 34995U 98065A   24100.00000000 -.00022620  00000-0  13156-2 0  1005
2 34995  50.0000  80.0000 0000000   0.0000   4.0000 15.21981948381345
STARLINK-1201
1 10858U 98065A   24100.00000000 -.00022620  00000-0  13156-2 0  1004
2 10858  50.0000  80.0000 0000000   0.0000  22.0000 15.21981948845536
STARLINK-1202
1 17874U 98065A   24100.00000000 -.00022620  00000-0  13156-2 0  1005
2 17874  50.0000  80.0000 0000000   0.0000  40.0000 15.21981948289981
STARLINK-1203
1 38868U 98065A   24100.00000000 -.00022620  00000-0  13156-2 0  1003
2 38868  50.0000  80.0000 0000000   0.0000  58.0000 15.21981948962552
STARLINK-1204
1 38345U 98065A   24100.00000000 -.00022620  00000-0  13156-2 0  1002
2 38345  50.0000  80.0000 0000000   0.0000  76.0000 15.21981948506998
STARLINK-1205
1 48190U 98065A   24100.00000000 -.00022620  00000-0  13156-2 0  1004
2 48190  50.0000  80.0000 0000000   0.0000  94.0000 15.21981948929254
STARLINK-1206
1 61454U 98065A   24100.00000000 -.00022620  00000-0  13156-2 0  1003
2 61454  50.0000  80.0000 0000000   0.0000 112.0000 15.21981948647264
STARLINK-1207
1 31752U 98065A   24100.00000000 -.00022620  00000-0  13156-2 0  1006
2 31752  50.0000  80.0000 0000000   0.0000 130.0000 15.21981948421050
STARLINK-1208
1 17126U 98065A   24100.00000000 -.00022620  00000-0  13156-2 0  1005
2 17126  50.0000  80.0000 0000000   0.0000 148.0000 15.21981948753144
STARLINK-1209
1 34168U 98065A   24100.00000000 -.00022620  00000-0  13156-2 0  1002
2 34168  50.0000  80.0000 0000000   0.0000 166.0000 15.21981948120478
STARLINK-1210
1 65058U 98065A   24100.00000000 -.00022620  00000-0  13156-2 0  1001
2 65058  50.0000  80.0000 0000000   0.0000 184.0000 15.21981948265990
STARLINK-1211
1 83593U 98065A   24100.00000000 -.00022620  00000-0  13156-2 0  1006
2 83593  50.0000  80.0000 0000000   0.0000 202.0000 15.21981948185116
STARLINK-1212
1 90428U 98065A   24100.00000000 -.00022620  00000-0  13156-2 0  1003
2 90428  50.0000  80.0000 0000000   0.0000 220.0000 15.21981948392050
STARLINK-1213
1 47500U 98065A   24100.00000000 -.00022620  00000-0  13156-2 0  1002
2 47500  50.0000  80.0000 0000000   0.0000 238.0000 15.21981948594838
STARLINK-1214
1 89072U 98065A   24100.00000000 -.00022620  00000-0  13156-2 0  1006
2 89072  50.0000  80.0000 0000000   0.0000 256.0000 15.21981948367064
STARLINK-1215
1 78776U 98065A   24100.00000000 -.00022620  00000-0  13156-2 0  1001
2 78776  50.0000  80.0000 0000000   0.0000 274.0000 15.21981948960173
STARLINK-1216
1 45833U 98065A   24100.00000000 -.00022620  00000-0  13156-2 0  1002
2 45833  50.0000  80.0000 0000000   0.0000 292.0000 15.21981948831176
STARLINK-1217
1 39673U 98065A   24100.00000000 -.00022620  00000-0  13156-2 0  1001
2 39673  50.0000  80.0000 0000000   0.0000 310.0000 15.21981948275613
STARLINK-1218
1 59352U 98065A   24100.00000000 -.00022620  00000-0  13156-2 0  1007
2 59352  50.0000  80.0000 0000000   0.0000 328.0000 15.21981948592323
STARLINK-1219
1 34594U 98065A   24100.00000000 -.00022620  00000-0  13156-2 0  1001
2 34594  50.0000  80.0000 0000000   0.0000 346.0000 15.21981948813402
STARLINK-1220
1 13261U 98065A   24100.00000000 -.00022620  00000-0  13156-2 0  1002
2 13261  50.0000  88.0000 0000000   0.0000   4.4000 15.21981948845155
STARLINK-1221
1 33265U 98065A   24100.00000000 -.00022620  00000-0  13156-2 0  1002
2 33265  50.0000  88.0000 0000000   0.0000  22.4000 15.21981948307666
STARLINK-1222
1 57619U 98065A   24100.00000000 -.00022620  00000-0  13156-2 0  1000
2 57619  50.0000  88.0000 0000000   0.0000  40.4000 15.21981948904920
STARLINK-1223
1 40985U 98065A   24100.00000000 -.00022620  00000-0  13156-2 0  1000
2 40985  50.0000  88.0000 0000000   0.0000  58.4000 15.21981948559474
STARLINK-1224
1 79278U 98065A   24100.00000000 -.00022620  00000-0  13156-2 0  1005
2 79278  50.0000  88.0000 0000000   0.0000  76.4000 15.21981948683318
STARLINK-1225
1 67926U 98065A   24100.00000000 -.00022620  00000-0  13156-2 0  1004
2 67926  50.0000  88.0000 0000000   0.0000  94.4000 15.21981948252254
STARLINK-1226
1 62499U 98065A   24100.00000000 -.00022620  00000-0  13156-2 0  1003
2 62499  50.0000  88.0000 0000000   0.0000 112.4000 15.21981948253642
STARLINK-1227
1 72737U 98065A   24100.00000000 -.00022620  00000-0  13156-2 0  1002
2 72737  50.0000  88.0000 0000000   0.0000 130.4000 15.21981948995730
STARLINK-1228
1 91073U 98065A   24100.00000000 -.00022620  00000-0  13156-2 0  1007
2 91073  50.0000  88.0000 0000000   0.0000 148.4000 15.21981948119910
STARLINK-1229
1 99043U 98065A   24100.00000000 -.00022620  00000-0  13156-2 0  1006
2 99043  50.0000  88.0000 0000000   0.0000 166.4000 15.21981948379573
STARLINK-1230
1 93033U 98065A   24100.00000000 -.00022620  00000-0  13156-2 0  1003
2 93033  50.0000  88.0000 0000000   0.0000 184.4000 15.21981948896972
STARLINK-1231
1 59366U 98065A   24100.00000000 -.00022620  00000-0  13156-2 0  1000
2 59366  50.0000  88.0000 0000000   0.0000 202.4000 15.21981948797286
STARLINK-1232
1 16157U 98065A   24100.00000000 -.00022620  00000-0  13156-2 0  1005
2 16157  50.0000  88.0000 0000000   0.0000 220.4000 15.21981948318311
STARLINK-1233
1 74948U 98065A   24100.00000000 -.00022620  00000-0  13156-2 0  1004
2 74948  50.0000  88.0000 0000000   0.0000 238.4000 15.21981948831021
STARLINK-1234
1 96695U 98065A   24100.00000000 -.00022620  00000-0  13156-2 0  1004
2 96695  50.0000  88.0000 0000000   0.0000 256.4000 15.21981948709863
STARLINK-1235
1 63336U 98065A   24100.00000000 -.00022620  00000-0  13156-2 0  1003
2 63336  50.0000  88.0000 0000000   0.0000 274.4000 15.21981948837470
STARLINK-1236
1 87086U 98065A   24100.00000000 -.00022620  00000-0  13156-2 0  1004
2 87086  50.0000  88.0000 0000000   0.0000 292.4000 15.21981948825612
STARLINK-1237
1 88497U 98065A   24100.00000000 -.00022620  00000-0  13156-2 0  1003
2 88497  50.0000  88.0000 0000000   0.0000 310.4000 15.21981948600316
STARLINK-1238
1 84173U 98065A   24100.00000000 -.00022620  00000-0  13156-2 0  1004
2 84173  50.0000  88.0000 0000000   0.0000 328.4000 15.21981948561565
STARLINK-1239
1 83091U 98065A   24100.00000000 -.00022620  00000-0  13156-2 0  1004
2 83091  50.0000  88.0000 0000000   0.0000 346.4000 15.21981948230815
STARLINK-1240
1 29120U 98065A   24100.00000000 -.00022620  00000-0  13156-2 0  1003
2 29120  50.0000  96.0000 0000000   0.0000   4.8000 15.21981948440432
STARLINK-1241
1 54560U 98065A   24100.00000000 -.00022620  00000-0  13156-2 0  1006
2 54560  50.0000  96.0000 0000000   0.0000  22.8000 15.21981948612906
STARLINK-1242
1 19092U 98065A   24100.00000000 -.00022620  00000-0  13156-2 0  1006
2 19092  50.0000  96.0000 0000000   0.0000  40.8000 15.21981948674243
STARLINK-1243
1 33913U 98065A   24100.00000000 -.00022620  00000-0  13156-2 0  1008
2 33913  50.0000  96.0000 0000000   0.0000  58.8000 15.21981948506906
STARLINK-1244
1 81660U 98065A   24100.00000000 -.00022620  00000-0  13156-2 0  1003
2 81660  50.0000  96.0000 0000000   0.0000  76.8000 15.21981948730212
STARLINK-1245
1 80493U 98065A   24100.00000000 -.00022620  00000-0  13156-2 0  1003
2 80493  50.0000  96.0000 0000000   0.0000  94.8000 15.21981948995696
STARLINK-1246
1 78824U 98065A   24100.00000000 -.00022620  00000-0  13156-2 0  1008
2 78824  50.0000  96.0000 0000000   0.0000 112.8000 15.21981948373758
STARLINK-1247
1 20859U 98065A   24100.00000000 -.00022620  00000-0  13156-2 0  1003
2 20859  50.0000  96.0000 0000000   0.0000 130.8000 15.21981948169597
STARLINK-1248
1 21629U 98065A   24100.00000000 -.00022620  00000-0  13156-2 0  1004
2 21629  50.0000  96.0000 0000000   0.0000 148.8000 15.21981948630210
STARLINK-1249
1 16882U 98065A   24100.00000000 -.00022620  00000-0  13156-2 0  1002
2 16882  50.0000  96.0000 0000000   0.0000 166.8000 15.21981948829108
STARLINK-1250
1 90136U 98065A   24100.00000000 -.00022620  00000-0  13156-2 0  1005
2 90136  50.0000  96.0000 0000000   0.0000 184.8000 15.21981948155121
STARLINK-1251
1 69191U 98065A   24100.00000000 -.00022620  00000-0  13156-2 0  1007
2 69191  50.0000  96.0000 0000000   0.0000 202.8000 15.21981948874592
STARLINK-1252
1 90566U 98065A   24100.00000000 -.00022620  00000-0  13156-2 0  1004
2 90566  50.0000  96.0000 0000000   0.0000 220.8000 15.21981948826750
STARLINK-1253
1 88357U 98065A   24100.00000000 -.00022620  00000-0  13156-2 0  1008
2 88357  50.0000  96.0000 0000000   0.0000 238.8000 15.21981948661713
STARLINK-1254
1 13335U 98065A   24100.00000000 -.00022620  00000-0  13156-2 0  1005
2 13335  50.0000  96.0000 0000000   0.0000 256.8000 15.21981948411014
STARLINK-1255
1 59202U 98065A   24100.00000000 -.00022620  00000-0  13156-2 0  1007
2 59202  50.0000  96.0000 0000000   0.0000 274.8000 15.21981948652814
STARLINK-1256
1 24552U 98065A   24100.00000000 -.00022620  00000-0  13156-2 0  1000
2 24552  50.0000  96.0000 0000000   0.0000 292.8000 15.21981948665861
STARLINK-1257
1 57954U 98065A   24100.00000000 -.00022620  00000-0  13156-2 0  1001
2 57954  50.0000  96.0000 0000000   0.0000 310.8000 15.21981948779835
STARLINK-1258
1 54550U 98065A   24100.00000000 -.00022620  00000-0  13156-2 0  1002
2 54550  50.0000  96.0000 0000000   0.0000 328.8000 15.21981948510892
STARLINK-1259
1 48047U 98065A   24100.00000000 -.00022620  00000-0  13156-2 0  1002
2 48047  50.0000  96.0000 0000000   0.0000 346.8000 15.21981948248717
STARLINK-1260
1 45959U 98065A   24100.00000000 -.00022620  00000-0  13156-2 0  1002
2 45959  50.0000 104.0000 0000000   0.0000   5.2000 15.21981948341718
STARLINK-1261
1 40251U 98065A   24100.00000000 -.00022620  00000-0  13156-2 0  1001
2 40251  50.0000 104.0000 0000000   0.0000  23.2000 15.21981948809058
STARLINK-1262
1 16407U 98065A   24100.00000000 -.00022620  00000-0  13156-2 0  1002
2 16407  50.0000 104.0000 0000000   0.0000  41.2000 15.21981948953078
STARLINK-1263
1 93836U 98065A   24100.00000000 -.00022620  00000-0  13156-2 0  1002
2 93836  50.0000 104.0000 0000000   0.0000  59.2000 15.21981948160962
STARLINK-1264
1 64559U 98065A   24100.00000000 -.00022620  00000-0  13156-2 0  1005
2 64559  50.0000 104.0000 0000000   0.0000  77.2000 15.21981948725038
STARLINK-1265
1 69536U 98065A   24100.00000000 -.00022620  00000-0  13156-2 0  1002
2 69536  50.0000 104.0000 0000000   0.0000  95.2000 15.21981948734645
STARLINK-1266
1 76232U 98065A   24100.00000000 -.00022620  00000-0  13156-2 0  1006
2 76232  50.0000 104.0000 0000000   0.0000 113.2000 15.21981948420608
STARLINK-1267
1 28180U 98065A   24100.00000000 -.00022620  00000-0  13156-2 0  1005
2 28180  50.0000 104.0000 0000000   0.0000 131.2000 15.21981948415797
STARLINK-1268
1 15257U 98065A   24100.00000000 -.00022620  00000-0  13156-2 0  1007
2 15257  50.0000 104.0000 0000000   0.0000 149.2000 15.21981948992971
STARLINK-1269
1 83216U 98065A   24100.00000000 -.00022620  00000-0  13156-2 0  1000
2 83216  50.0000 104.0000 0000000   0.0000 167.2000 15.21981948159587
STARLINK-1270
1 39104U 98065A   24100.00000000 -.00022620  00000-0  13156-2 0  1007
2 39104  50.0000 104.0000 0000000   0.0000 185.2000 15.21981948458746
STARLINK-1271
1 49196U 98065A   24100.00000000 -.00022620  00000-0  13156-2 0  1005
2 49196  50.0000 104.0000 0000000   0.0000 203.2000 15.21981948347192
STARLINK-1272
1 81782U 98065A   24100.00000000 -.00022620  00000-0  13156-2 0  1006
2 81782  50.0000 104.0000 0000000   0.0000 221.2000 15.21981948308878
STARLINK-1273
1 27558U 98065A   24100.00000000 -.00022620  00000-0  13156-2 0  1005
2 27558  50.0000 104.0000 0000000   0.0000 239.2000 15.21981948402690
STARLINK-1274
1 61773U 98065A   24100.00000000 -.00022620  00000-0  13156-2 0  1004
2 61773  50.0000 104.0000 0000000   0.0000 257.2000 15.21981948117752
STARLINK-1275
1 95086U 98065A   24100.00000000 -.00022620  00000-0  13156-2 0  1004
2 95086  50.0000 104.0000 0000000   0.0000 275.2000 15.21981948376067
STARLINK-1276
1 21061U 98065A   24100.00000000 -.00022620  00000-0  13156-2 0  1007
2 21061  50.0000 104.0000 0000000   0.0000 293.2000 15.21981948359786
STARLINK-1277
1 48199U 98065A   24100.00000000 -.00022620  00000-0  13156-2 0  1003
2 48199  50.0000 104.0000 0000000   0.0000 311.2000 15.21981948191858
STARLINK-1278
1 48465U 98065A   24100.00000000 -.00022620  00000-0  13156-2 0  1008
2 48465  50.0000 104.0000 0000000   0.0000 329.2000 15.21981948862316
STARLINK-1279
1 68123U 98065A   24100.00000000 -.00022620  00000-0  13156-2 0  1005
2 68123  50.0000 104.0000 0000000   0.0000 347.2000 15.21981948838176
STARLINK-1280
1 70193U 98065A   24100.00000000 -.00022620  00000-0  13156-2 0  1001
2 70193  50.0000 112.0000 0000000   0.0000   5.6000 15.21981948824873
STARLINK-1281
1 74234U 98065A   24100.00000000 -.00022620  00000-0  13156-2 0  1002
2 74234  50.0000 112.0000 0000000   0.0000  23.6000 15.21981948424896
STARLINK-1282
1 26554U 98065A   24100.00000000 -.00022620  00000-0  13156-2 0  1004
2 26554  50.0000 112.0000 0000000   0.0000  41.6000 15.21981948191935
STARLINK-1283
1 76690U 98065A   24100.00000000 -.00022620  00000-0  13156-2 0  1004
2 76690  50.0000 112.0000 0000000   0.0000  59.6000 15.21981948502294
STARLINK-1284
1 26055U 98065A   24100.00000000 -.00022620  00000-0  13156-2 0  1003
2 26055  50.0000 112.0000 0000000   0.0000  77.6000 15.21981948631720
STARLINK-1285
1 80845U 98065A   24100.00000000 -.00022620  00000-0  13156-2 0  1008
2 80845  50.0000 112.0000 0000000   0.0000  95.6000 15.21981948612884
STARLINK-1286
1 23238U 98065A   24100.00000000 -.00022620  00000-0  13156-2 0  1000
2 23238  50.0000 112.0000 0000000   0.0000 113.6000 15.21981948463390
STARLINK-1287
1 68596U 98065A   24100.00000000 -.00022620  00000-0  13156-2 0  1008
2 68596  50.0000 112.0000 0000000   0.0000 131.6000 15.21981948216462
STARLINK-1288
1 90142U 98065A   24100.00000000 -.00022620  00000-0  13156-2 0  1008
2 90142  50.0000 112.0000 0000000   0.0000 149.6000 15.21981948607932
STARLINK-1289
1 93050U 98065A   24100.00000000 -.00022620  00000-0  13156-2 0  1008
2 93050  50.0000 112.0000 0000000   0.0000 167.6000 15.21981948152994
STARLINK-1290
1 57986U 98065A   24100.00000000 -.00022620  00000-0  13156-2 0  1000
2 57986  50.0000 112.0000 0000000   0.0000 185.6000 15.21981948627833
STARLINK-1291
1 36548U 98065A   24100.00000000 -.00022620  00000-0  13156-2 0  1001
2 36548  50.0000 112.0000 0000000   0.0000 203.6000 15.21981948418533
STARLINK-1292
1 15726U 98065A   24100.00000000 -.00022620  00000-0  13156-2 0  1008
2 15726  50.0000 112.0000 0000000   0.0000 221.6000 15.21981948401633
STARLINK-1293
1 48816U 98065A   24100.00000000 -.00022620  00000-0  13156-2 0  1002
2 48816  50.0000 112.0000 0000000   0.0000 239.6000 15.21981948348154
STARLINK-1294
1 62919U 98065A   24100.00000000 -.00022620  00000-0  13156-2 0  1007
2 62919  50.0000 112.0000 0000000   0.0000 257.6000 15.21981948667456
STARLINK-1295
1 61658U 98065A   24100.00000000 -.00022620  00000-0  13156-2 0  1006
2 61658  50.0000 112.0000 0000000   0.0000 275.6000 15.21981948387545
STARLINK-1296
1 43494U 98065A   24100.00000000 -.00022620  00000-0  13156-2 0  1005
2 43494  50.0000 112.0000 0000000   0.0000 293.6000 15.21981948645673
STARLINK-1297
1 47464U 98065A   24100.00000000 -.00022620  00000-0  13156-2 0  1008
2 47464  50.0000 112.0000 0000000   0.0000 311.6000 15.21981948366922
STARLINK-1298
1 92518U 98065A   24100.00000000 -.00022620  00000-0  13156-2 0  1001
2 92518  50.0000 112.0000 0000000   0.0000 329.6000 15.21981948253991
STARLINK-1299
1 91264U 98065A   24100.00000000 -.00022620  00000-0  13156-2 0  1003
2 91264  50.0000 112.0000 0000000   0.0000 347.6000 15.21981948107150
STARLINK-1300
1 44452U 98065A   24100.00000000 -.00022620  00000-0  13156-2 0  1007
2 44452  50.0000 120.0000 0000000   0.0000   6.0000 15.21981948648946
STARLINK-1301
1 54755U 98065A   24100.00000000 -.00022620  00000-0  13156-2 0  1000
2 54755  50.0000 120.0000 0000000   0.0000  24.0000 15.21981948118612
STARLINK-1302
1 55150U 98065A   24100.00000000 -.00022620  00000-0  13156-2 0  1004
2 55150  50.0000 120.0000 0000000   0.0000  42.0000 15.21981948468495
STARLINK-1303
1 98742U 98065A   24100.00000000 -.00022620  00000-0  13156-2 0  1008
2 98742  50.0000 120.0000 0000000   0.0000  60.0000 15.21981948985051
STARLINK-1304
1 58690U 98065A   24100.00000000 -.00022620  00000-0  13156-2 0  1001
2 58690  50.0000 120.0000 0000000   0.0000  78.0000 15.21981948354460
STARLINK-1305
1 44007U 98065A   24100.00000000 -.00022620  00000-0  13156-2 0  1006
2 44007  50.0000 120.0000 0000000   0.0000  96.0000 15.21981948111096
STARLINK-1306
1 94545U 98065A   24100.00000000 -.00022620  00000-0  13156-2 0  1006
2 94545  50.0000 120.0000 0000000   0.0000 114.0000 15.21981948231681
STARLINK-1307
1 87852U 98065A   24100.00000000 -.00022620  00000-0  13156-2 0  1003
2 87852  50.0000 120.0000 0000000   0.0000 132.0000 15.21981948534770
STARLINK-1308
1 96521U 98065A   24100.00000000 -.00022620  00000-0  13156-2 0  1007
2 96521  50.0000 120.0000 0000000   0.0000 150.0000 15.21981948442684
STARLINK-1309
1 72311U 98065A   24100.00000000 -.00022620  00000-0  13156-2 0  1003
2 72311  50.0000 120.0000 0000000   0.0000 168.0000 15.21981948619976
STARLINK-1310
1 49278U 98065A   24100.00000000 -.00022620  00000-0  13156-2 0  1004
2 49278  50.0000 120.0000 0000000   0.0000 186.0000 15.21981948707287
STARLINK-1311
1 28504U 98065A   24100.00000000 -.00022620  00000-0  13156-2 0  1001
2 28504  50.0000 120.0000 0000000   0.0000 204.0000 15.21981948701843
STARLINK-1312
1 88658U 98065A   24100.00000000 -.00022620  00000-0  13156-2 0  1005
2 88658  50.0000 120.0000 0000000   0.0000 222.0000 15.21981948667065
STARLINK-1313
1 19937U 98065A   24100.00000000 -.00022620  00000-0  13156-2 0  1006
2 19937  50.0000 120.0000 0000000   0.0000 240.0000 15.21981948870222
STARLINK-1314
1 92172U 98065A   24100.00000000 -.00022620  00000-0  13156-2 0  1000
2 92172  50.0000 120.0000 0000000   0.0000 258.0000 15.21981948704983
STARLINK-1315
1 16391U 98065A   24100.00000000 -.00022620  00000-0  13156-2 0  1006
2 16391  50.0000 120.0000 0000000   0.0000 276.0000 15.21981948998405
STARLINK-1316
1 64149U 98065A   24100.00000000 -.00022620  00000-0  13156-2 0  1003
2 64149  50.0000 120.0000 0000000   0.0000 294.0000 15.21981948782837
STARLINK-1317
1 47822U 98065A   24100.00000000 -.00022620  00000-0  13156-2 0  1004
2 47822  50.0000 120.0000 0000000   0.0000 312.0000 15.21981948296506
STARLINK-1318
1 90550U 98065A   24100.00000000 -.00022620  00000-0  13156-2 0  1002
2 90550  50.0000 120.0000 0000000   0.0000 330.0000 15.21981948916560
STARLINK-1319
1 82018U 98065A   24100.00000000 -.00022620  00000-0  13156-2 0  1001
2 82018  50.0000 120.0000 0000000   0.0000 348.0000 15.21981948360633
STARLINK-1320
1 25224U 98065A   24100.00000000 -.00022620  00000-0  13156-2 0  1007
2 25224  50.0000 128.0000 0000000   0.0000   6.4000 15.21981948341570
STARLINK-1321
1 84390U 98065A   24100.00000000 -.00022620  00000-0  13156-2 0  1007
2 84390  50.0000 128.0000 0000000   0.0000  24.4000 15.21981948814473
STARLINK-1322
1 26873U 98065A   24100.00000000 -.00022620  00000-0  13156-2 0  1007
2 26873  50.0000 128.0000 0000000   0.0000  42.4000 15.21981948474434
STARLINK-1323
1 89855U 98065A   24100.00000000 -.00022620  00000-0  13156-2 0  1000
2 89855  50.0000 128.0000 0000000   0.0000  60.4000 15.21981948413247
STARLINK-1324
1 74955U 98065A   24100.00000000 -.00022620  00000-0  13156-2 0  1005
2 74955  50.0000 128.0000 0000000   0.0000  78.4000 15.21981948165658
STARLINK-1325
1 52727U 98065A   24100.00000000 -.00022620  00000-0  13156-2 0  1007
2 52727  50.0000 128.0000 0000000   0.0000  96.4000 15.21981948476126
STARLINK-1326
1 49027U 98065A   24100.00000000 -.00022620  00000-0  13156-2 0  1006
2 49027  50.0000 128.0000 0000000   0.0000 114.4000 15.21981948516624
STARLINK-1327
1 58263U 98065A   24100.00000000 -.00022620  00000-0  13156-2 0  1001
2 58263  50.0000 128.0000 0000000   0.0000 132.4000 15.21981948806015
STARLINK-1328
1 48718U 98065A   24100.00000000 -.00022620  00000-0  13156-2 0  1006
2 48718  50.0000 128.0000 0000000   0.0000 150.4000 15.21981948902812
STARLINK-1329
1 26957U 98065A   24100.00000000 -.00022620  00000-0  13156-2 0  1002
2 26957  50.0000 128.0000 0000000   0.0000 168.4000 15.21981948773487
STARLINK-1330
1 81535U 98065A   24100.00000000 -.00022620  00000-0  13156-2 0  1005
2 81535  50.0000 128.0000 0000000   0.0000 186.4000 15.21981948738660
STARLINK-1331
1 90397U 98065A   24100.00000000 -.00022620  00000-0  13156-2 0  1007
2 90397  50.0000 128.0000 0000000   0.0000 204.4000 15.21981948691974
STARLINK-1332
1 84896U 98065A   24100.00000000 -.00022620  00000-0  13156-2 0  1007
2 84896  50.0000 128.0000 0000000   0.0000 222.4000 15.21981948273651
STARLINK-1333
1 12015U 98065A   24100.00000000 -.00022620  00000-0  13156-2 0  1001
2 12015  50.0000 128.0000 0000000   0.0000 240.4000 15.21981948137128
STARLINK-1334
1 69049U 98065A   24100.00000000 -.00022620  00000-0  13156-2 0  1004
2 69049  50.0000 128.0000 0000000   0.0000 258.4000 15.21981948666975
STARLINK-1335
1 55873U 98065A   24100.00000000 -.00022620  00000-0  13156-2 0  1003
2 55873  50.0000 128.0000 0000000   0.0000 276.4000 15.21981948143175
STARLINK-1336
1 75874U 98065A   24100.00000000 -.00022620  00000-0  13156-2 0  1004
2 75874  50.0000 128.0000 0000000   0.0000 294.4000 15.21981948917714
STARLINK-1337
1 92581U 98065A   24100.00000000 -.00022620  00000-0  13156-2 0  1005
2 92581  50.0000 128.0000 0000000   0.0000 312.4000 15.21981948695691
STARLINK-1338
1 12273U 98065A   24100.00000000 -.00022620  00000-0  13156-2 0  1006
2 12273  50.0000 128.0000 0000000   0.0000 330.4000 15.21981948716465
STARLINK-1339
1 59462U 98065A   24100.00000000 -.00022620  00000-0  13156-2 0  1001
2 59462  50.0000 128.0000 0000000   0.0000 348.4000 15.21981948475864
STARLINK-1340
1 35747U 98065A   24100.00000000 -.00022620  00000-0  13156-2 0  1007
2 35747  50.0000 136.0000 0000000   0.0000   6.8000 15.21981948452950
STARLINK-1341
1 78510U 98065A   24100.00000000 -.00022620  00000-0  13156-2 0  1007
2 78510  50.0000 136.0000 0000000   0.0000  24.8000 15.21981948278844
STARLINK-1342
1 24176U 98065A   24100.00000000 -.00022620  00000-0  13156-2 0  1007
2 24176  50.0000 136.0000 0000000   0.0000  42.8000 15.21981948897190
STARLINK-1343
1 29106U 98065A   24100.00000000 -.00022620  00000-0  13156-2 0  1006
2 29106  50.0000 136.0000 0000000   0.0000  60.8000 15.21981948625363
STARLINK-1344
1 98498U 98065A   24100.00000000 -.00022620  00000-0  13156-2 0  1000
2 98498  50.0000 136.0000 0000000   0.0000  78.8000 15.21981948785701
STARLINK-1345
1 17838U 98065A   24100.00000000 -.00022620  00000-0  13156-2 0  1007
2 17838  50.0000 136.0000 0000000   0.0000  96.8000 15.21981948459722
STARLINK-1346
1 52836U 98065A   24100.00000000 -.00022620  00000-0  13156-2 0  1001
2 52836  50.0000 136.0000 0000000   0.0000 114.8000 15.21981948782504
STARLINK-1347
1 47283U 98065A   24100.00000000 -.00022620  00000-0  13156-2 0  1005
2 47283  50.0000 136.0000 0000000   0.0000 132.8000 15.21981948953883
STARLINK-1348
1 35306U 98065A   24100.00000000 -.00022620  00000-0  13156-2 0  1003
2 35306  50.0000 136.0000 0000000   0.0000 150.8000 15.21981948901918
STARLINK-1349
1 79234U 98065A   24100.00000000 -.00022620  00000-0  13156-2 0  1001
2 79234  50.0000 136.0000 0000000   0.0000 168.8000 15.21981948856916
STARLINK-1350
1 97253U 98065A   24100.00000000 -.00022620  00000-0  13156-2 0  1006
2 97253  50.0000 136.0000 0000000   0.0000 186.8000 15.21981948784706
STARLINK-1351
1 87574U 98065A   24100.00000000 -.00022620  00000-0  13156-2 0  1002
2 87574  50.0000 136.0000 0000000   0.0000 204.8000 15.21981948282028
STARLINK-1352
1 39091U 98065A   24100.00000000 -.00022620  00000-0  13156-2 0  1008
2 39091  50.0000 136.0000 0000000   0.0000 222.8000 15.21981948955197
STARLINK-1353
1 22594U 98065A   24100.00000000 -.00022620  00000-0  13156-2 0  1000
2 22594  50.0000 136.0000 0000000   0.0000 240.8000 15.21981948309115
STARLINK-1354
1 15865U 98065A   24100.00000000 -.00022620  00000-0  13156-2 0  1005
2 15865  50.0000 136.0000 0000000   0.0000 258.8000 15.21981948872951
STARLINK-1355
1 42598U 98065A   24100.00000000 -.00022620  00000-0  13156-2 0  1006
2 42598  50.0000 136.0000 0000000   0.0000 276.8000 15.21981948463953
STARLINK-1356
1 64908U 98065A   24100.00000000 -.00022620  00000-0  13156-2 0  1006
2 64908  50.0000 136.0000 0000000   0.0000 294.8000 15.21981948799341
STARLINK-1357
1 84479U 98065A   24100.00000000 -.00022620  00000-0  13156-2 0  1001
2 84479  50.0000 136.0000 0000000   0.0000 312.8000 15.21981948414320
STARLINK-1358
1 85400U 98065A   24100.00000000 -.00022620  00000-0  13156-2 0  1001
2 85400  50.0000 136.0000 0000000   0.0000 330.8000 15.21981948292686
STARLINK-1359
1 80494U 98065A   24100.00000000 -.00022620  00000-0  13156-2 0  1004
2 80494  50.0000 136.0000 0000000   0.0000 348.8000 15.21981948423124
STARLINK-1360
1 71963U 98065A   24100.00000000 -.00022620  00000-0  13156-2 0  1004
2 71963  50.0000 144.0000 0000000   0.0000   7.2000 15.21981948556913
STARLINK-1361
1 38102U 98065A   24100.00000000 -.00022620  00000-0  13156-2 0  1005
2 38102  50.0000 144.0000 0000000   0.0000  25.2000 15.21981948757492
STARLINK-1362
1 38511U 98065A   24100.00000000 -.00022620  00000-0  13156-2 0  1000
2 38511  50.0000 144.0000 0000000   0.0000  43.2000 15.21981948334783
STARLINK-1363
1 98118U 98065A   24100.00000000 -.00022620  00000-0  13156-2 0  1007
2 98118  50.0000 144.0000 0000000   0.0000  61.2000 15.21981948319172
STARLINK-1364
1 39068U 98065A   24100.00000000 -.00022620  00000-0  13156-2 0  1003
2 39068  50.0000 144.0000 0000000   0.0000  79.2000 15.21981948605518
STARLINK-1365
1 36610U 98065A   24100.00000000 -.00022620  00000-0  13156-2 0  1000
2 36610  50.0000 144.0000 0000000   0.0000  97.2000 15.21981948119204
STARLINK-1366
1 72529U 98065A   24100.00000000 -.00022620  00000-0  13156-2 0  1004
2 72529  50.0000 144.0000 0000000   0.0000 115.2000 15.21981948844453
STARLINK-1367
1 58569U 98065A   24100.00000000 -.00022620  00000-0  13156-2 0  1005
2 58569  50.0000 144.0000 0000000   0.0000 133.2000 15.21981948871405
STARLINK-1368
1 81200U 98065A   24100.00000000 -.00022620  00000-0  13156-2 0  1002
2 81200  50.0000 144.0000 0000000   0.0000 151.2000 15.21981948282707
STARLINK-1369
1 74259U 98065A   24100.00000000 -.00022620  00000-0  13156-2 0  1004
2 74259  50.0000 144.0000 0000000   0.0000 169.2000 15.21981948683781
STARLINK-1370
1 18711U 98065A   24100.00000000 -.00022620  00000-0  13156-2 0  1006
2 18711  50.0000 144.0000 0000000   0.0000 187.2000 15.21981948401486
STARLINK-1371
1 36251U 98065A   24100.00000000 -.00022620  00000-0  13156-2 0  1002
2 36251  50.0000 144.0000 0000000   0.0000 205.2000 15.21981948149858
STARLINK-1372
1 30737U 98065A   24100.00000000 -.00022620  00000-0  13156-2 0  1005
2 30737  50.0000 144.0000 0000000   0.0000 223.2000 15.21981948498883
STARLINK-1373
1 47992U 98065A   24100.00000000 -.00022620  00000-0  13156-2 0  1008
2 47992  50.0000 144.0000 0000000   0.0000 241.2000 15.21981948812222
STARLINK-1374
1 60067U 98065A   24100.00000000 -.00022620  00000-0  13156-2 0  1004
2 60067  50.0000 144.0000 0000000   0.0000 259.2000 15.21981948542275
STARLINK-1375
1 47634U 98065A   24100.00000000 -.00022620  00000-0  13156-2 0  1008
2 47634  50.0000 144.0000 0000000   0.0000 277.2000 15.21981948310836
STARLINK-1376
1 15765U 98065A   24100.00000000 -.00022620  00000-0  13156-2 0  1002
2 15765  50.0000 144.0000 0000000   0.0000 295.2000 15.21981948525941
STARLINK-1377
1 34131U 98065A   24100.00000000 -.00022620  00000-0  13156-2 0  1005
2 34131  50.0000 144.0000 0000000   0.0000 313.2000 15.21981948270420
STARLINK-1378
1 80385U 98065A   24100.00000000 -.00022620  00000-0  13156-2 0  1006
2 80385  50.0000 144.0000 0000000   0.0000 331.2000 15.21981948870303
STARLINK-1379
1 34602U 98065A   24100.00000000 -.00022620  00000-0  13156-2 0  1005
2 34602  50.0000 144.0000 0000000   0.0000 349.2000 15.21981948832288
STARLINK-1380
1 46791U 98065A   24100.00000000 -.00022620  00000-0  13156-2 0  1005
2 46791  50.0000 152.0000 0000000   0.0000   7.6000 15.21981948550904
STARLINK-1381
1 48631U 98065A   24100.00000000 -.00022620  00000-0  13156-2 0  1006
2 48631  50.0000 152.0000 0000000   0.0000  25.6000 15.21981948640665
STARLINK-1382
1 47288U 98065A   24100.00000000 -.00022620  00000-0  13156-2 0  1005
2 47288  50.0000 152.0000 0000000   0.0000  43.6000 15.21981948558413
STARLINK-1383
1 88701U 98065A   24100.00000000 -.00022620  00000-0  13156-2 0  1001
2 88701  50.0000 152.0000 0000000   0.0000  61.6000 15.21981948860083
STARLINK-1384
1 80814U 98065A   24100.00000000 -.00022620  00000-0  13156-2 0  1007
2 80814  50.0000 152.0000 0000000   0.0000  79.6000 15.21981948391102
STARLINK-1385
1 31304U 98065A   24100.00000000 -.00022620  00000-0  13156-2 0  1000
2 31304  50.0000 152.0000 0000000   0.0000  97.6000 15.21981948514513
STARLINK-1386
1 42853U 98065A   24100.00000000 -.00022620  00000-0  13156-2 0  1005
2 42853  50.0000 152.0000 0000000   0.0000 115.6000 15.21981948440636
STARLINK-1387
1 48041U 98065A   24100.00000000 -.00022620  00000-0  13156-2 0  1004
2 48041  50.0000 152.0000 0000000   0.0000 133.6000 15.21981948211378
STARLINK-1388
1 13608U 98065A   24100.00000000 -.00022620  00000-0  13156-2 0  1005
2 13608  50.0000 152.0000 0000000   0.0000 151.6000 15.21981948798265
STARLINK-1389
1 68596U 98065A   24100.00000000 -.00022620  00000-0  13156-2 0  1001
2 68596  50.0000 152.0000 0000000   0.0000 169.6000 15.21981948649100
STARLINK-1390
1 94480U 98065A   24100.00000000 -.00022620  00000-0  13156-2 0  1007
2 94480  50.0000 152.0000 0000000   0.0000 187.6000 15.21981948127620
STARLINK-1391
1 69397U 98065A   24100.00000000 -.00022620  00000-0  13156-2 0  1000
2 69397  50.0000 152.0000 0000000   0.0000 205.6000 15.21981948878415
STARLINK-1392
1 41453U 98065A   24100.00000000 -.00022620  00000-0  13156-2 0  1008
2 41453  50.0000 152.0000 0000000   0.0000 223.6000 15.21981948391788
STARLINK-1393
1 70046U 98065A   24100.00000000 -.00022620  00000-0  13156-2 0  1003
2 70046  50.0000 152.0000 0000000   0.0000 241.6000 15.21981948347738
STARLINK-1394
1 57374U 98065A   24100.00000000 -.00022620  00000-0  13156-2 0  1008
2 57374  50.0000 152.0000 0000000   0.0000 259.6000 15.21981948400110
STARLINK-1395
1 13889U 98065A   24100.00000000 -.00022620  00000-0  13156-2 0  1005
2 13889  50.0000 152.0000 0000000   0.0000 277.6000 15.21981948905761
STARLINK-1396
1 31316U 98065A   24100.00000000 -.00022620  00000-0  13156-2 0  1001
2 31316  50.0000 152.0000 0000000   0.0000 295.6000 15.21981948167113
STARLINK-1397
1 55354U 98065A   24100.00000000 -.00022620  00000-0  13156-2 0  1002
2 55354  50.0000 152.0000 0000000   0.0000 313.6000 15.21981948217102
STARLINK-1398
1 82766U 98065A   24100.00000000 -.00022620  00000-0  13156-2 0  1006
2 82766  50.0000 152.0000 0000000   0.0000 331.6000 15.21981948981027
STARLINK-1399
1 77167U 98065A   24100.00000000 -.00022620  00000-0  13156-2 0  1003
2 77167  50.0000 152.0000 0000000   0.0000 349.6000 15.21981948991778
STARLINK-1400
1 71292U 98065A   24100.00000000 -.00022620  00000-0  13156-2 0  1003
2 71292  50.0000 160.0000 0000000   0.0000   8.0000 15.21981948164612
STARLINK-1401
1 53647U 98065A   24100.00000000 -.00022620  00000-0  13156-2 0  1000
2 53647  50.0000 160.0000 0000000   0.0000  26.0000 15.21981948332481
STARLINK-1402
1 84735U 98065A   24100.00000000 -.00022620  00000-0  13156-2 0  1000
2 84735  50.0000 160.0000 0000000   0.0000  44.0000 15.21981948800531
STARLINK-1403
1 11607U 98065A   24100.00000000 -.00022620  00000-0  13156-2 0  1003
2 11607  50.0000 160.0000 0000000   0.0000  62.0000 15.21981948330364
STARLINK-1404
1 34215U 98065A   24100.00000000 -.00022620  00000-0  13156-2 0  1004
2 34215  50.0000 160.0000 0000000   0.0000  80.0000 15.21981948195042
STARLINK-1405
1 93146U 98065A   24100.00000000 -.00022620  00000-0  13156-2 0  1003
2 93146  50.0000 160.0000 0000000   0.0000  98.0000 15.21981948703114
STARLINK-1406
1 68608U 98065A   24100.00000000 -.00022620  00000-0  13156-2 0  1001
2 68608  50.0000 160.0000 0000000   0.0000 116.0000 15.21981948908500
STARLINK-1407
1 29886U 98065A   24100.00000000 -.00022620  00000-0  13156-2 0  1002
2 29886  50.0000 160.0000 0000000   0.0000 134.0000 15.21981948463096
STARLINK-1408
1 33852U 98065A   24100.00000000 -.00022620  00000-0  13156-2 0  1003
2 33852  50.0000 160.0000 0000000   0.0000 152.0000 15.21981948804126
STARLINK-1409
1 34132U 98065A   24100.00000000 -.00022620  00000-0  13156-2 0  1002
2 34132  50.0000 160.0000 0000000   0.0000 170.0000 15.21981948873980
STARLINK-1410
1 84142U 98065A   24100.00000000 -.00022620  00000-0  13156-2 0  1000
2 84142  50.0000 160.0000 0000000   0.0000 188.0000 15.21981948447687
STARLINK-1411
1 92435U 98065A   24100.00000000 -.00022620  00000-0  13156-2 0  1006
2 92435  50.0000 160.0000 0000000   0.0000 206.0000 15.21981948141425
STARLINK-1412
1 90796U 98065A   24100.00000000 -.00022620  00000-0  13156-2 0  1001
2 90796  50.0000 160.0000 0000000   0.0000 224.0000 15.21981948198144
STARLINK-1413
1 87890U 98065A   24100.00000000 -.00022620  00000-0  13156-2 0  1006
2 87890  50.0000 160.0000 0000000   0.0000 242.0000 15.21981948847526
STARLINK-1414
1 59989U 98065A   24100.00000000 -.00022620  00000-0  13156-2 0  1004
2 59989  50.0000 160.0000 0000000   0.0000 260.0000 15.21981948943581
STARLINK-1415
1 62427U 98065A   24100.00000000 -.00022620  00000-0  13156-2 0  1000
2 62427  50.0000 160.0000 0000000   0.0000 278.0000 15.21981948281576
STARLINK-1416
1 51857U 98065A   24100.00000000 -.00022620  00000-0  13156-2 0  1002
2 51857  50.0000 160.0000 0000000   0.0000 296.0000 15.21981948891473
STARLINK-1417
1 99797U 98065A   24100.00000000 -.00022620  00000-0  13156-2 0  1000
2 99797  50.0000 160.0000 0000000   0.0000 314.0000 15.21981948505552
STARLINK-1418
1 78356U 98065A   24100.00000000 -.00022620  00000-0  13156-2 0  1007
2 78356  50.0000 160.0000 0000000   0.0000 332.0000 15.21981948456548
STARLINK-1419
1 62737U 98065A   24100.00000000 -.00022620  00000-0  13156-2 0  1001
2 62737  50.0000 160.0000 0000000   0.0000 350.0000 15.21981948921788
STARLINK-1420
1 28473U 98065A   24100.00000000 -.00022620  00000-0  13156-2 0  1001
2 28473  50.0000 168.0000 0000000   0.0000   8.4000 15.21981948338567
STARLINK-1421
1 42305U 98065A   24100.00000000 -.00022620  00000-0  13156-2 0  1001
2 42305  50.0000 168.0000 0000000   0.0000  26.4000 15.21981948713054
STARLINK-1422
1 13469U 98065A   24100.00000000 -.00022620  00000-0  13156-2 0  1001
2 13469  50.0000 168.0000 0000000   0.0000  44.4000 15.21981948976674
STARLINK-1423
1 54250U 98065A   24100.00000000 -.00022620  00000-0  13156-2 0  1001
2 54250  50.0000 168.0000 0000000   0.0000  62.4000 15.21981948472264
STARLINK-1424
1 97796U 98065A   24100.00000000 -.00022620  00000-0  13156-2 0  1005
2 97796  50.0000 168.0000 0000000   0.0000  80.4000 15.21981948990051
STARLINK-1425
1 12413U 98065A   24100.00000000 -.00022620  00000-0  13156-2 0  1000
2 12413  50.0000 168.0000 0000000   0.0000  98.4000 15.21981948184764
STARLINK-1426
1 60767U 98065A   24100.00000000 -.00022620  00000-0  13156-2 0  1008
2 60767  50.0000 168.0000 0000000   0.0000 116.4000 15.21981948227894
STARLINK-1427
1 33317U 98065A   24100.00000000 -.00022620  00000-0  13156-2 0  1004
2 33317  50.0000 168.0000 0000000   0.0000 134.4000 15.21981948488660
STARLINK-1428
1 71719U 98065A   24100.00000000 -.00022620  00000-0  13156-2 0  1008
2 71719  50.0000 168.0000 0000000   0.0000 152.4000 15.21981948949858
STARLINK-1429
1 37507U 98065A   24100.00000000 -.00022620  00000-0  13156-2 0  1001
2 37507  50.0000 168.0000 0000000   0.0000 170.4000 15.21981948638615
STARLINK-1430
1 14955U 98065A   24100.00000000 -.00022620  00000-0  13156-2 0  1005
2 14955  50.0000 168.0000 0000000   0.0000 188.4000 15.21981948929972
STARLINK-1431
1 38919U 98065A   24100.00000000 -.00022620  00000-0  13156-2 0  1002
2 38919  50.0000 168.0000 0000000   0.0000 206.4000 15.21981948859166
STARLINK-1432
1 92255U 98065A   24100.00000000 -.00022620  00000-0  13156-2 0  1001
2 92255  50.0000 168.0000 0000000   0.0000 224.4000 15.21981948590198
STARLINK-1433
1 31716U 98065A   24100.00000000 -.00022620  00000-0  13156-2 0  1004
2 31716  50.0000 168.0000 0000000   0.0000 242.4000 15.21981948887235
STARLINK-1434
1 10739U 98065A   24100.00000000 -.00022620  00000-0  13156-2 0  1001
2 10739  50.0000 168.0000 0000000   0.0000 260.4000 15.21981948234818
STARLINK-1435
1 33229U 98065A   24100.00000000 -.00022620  00000-0  13156-2 0  1007
2 33229  50.0000 168.0000 0000000   0.0000 278.4000 15.21981948749048
STARLINK-1436
1 16656U 98065A   24100.00000000 -.00022620  00000-0  13156-2 0  1008
2 16656  50.0000 168.0000 0000000   0.0000 296.4000 15.21981948183670
STARLINK-1437
1 61785U 98065A   24100.00000000 -.00022620  00000-0  13156-2 0  1006
2 61785  50.0000 168.0000 0000000   0.0000 314.4000 15.21981948464042
STARLINK-1438
1 39963U 98065A   24100.00000000 -.00022620  00000-0  13156-2 0  1003
2 39963  50.0000 168.0000 0000000   0.0000 332.4000 15.21981948820346
STARLINK-1439
1 74943U 98065A   24100.00000000 -.00022620  00000-0  13156-2 0  1000
2 74943  50.0000 168.0000 0000000   0.0000 350.4000 15.21981948137011
STARLINK-1440
1 12238U 98065A   24100.00000000 -.00022620  00000-0  13156-2 0  1006
2 12238  50.0000 176.0000 0000000   0.0000   8.8000 15.21981948828334
STARLINK-1441
1 90619U 98065A   24100.00000000 -.00022620  00000-0  13156-2 0  1007
2 90619  50.0000 176.0000 0000000   0.0000  26.8000 15.21981948558271
STARLINK-1442
1 59396U 98065A   24100.00000000 -.00022620  00000-0  13156-2 0  1008
2 59396  50.0000 176.0000 0000000   0.0000  44.8000 15.21981948958134
STARLINK-1443
1 24863U 98065A   24100.00000000 -.00022620  00000-0  13156-2 0  1000
2 24863  50.0000 176.0000 0000000   0.0000  62.8000 15.21981948380934
STARLINK-1444
1 47110U 98065A   24100.00000000 -.00022620  00000-0  13156-2 0  1004
2 47110  50.0000 176.0000 0000000   0.0000  80.8000 15.21981948486645
STARLINK-1445
1 43634U 98065A   24100.00000000 -.00022620  00000-0  13156-2 0  1000
2 43634  50.0000 176.0000 0000000   0.0000  98.8000 15.21981948806097
STARLINK-1446
1 80285U 98065A   24100.00000000 -.00022620  00000-0  13156-2 0  1007
2 80285  50.0000 176.0000 0000000   0.0000 116.8000 15.21981948307325
STARLINK-1447
1 76797U 98065A   24100.00000000 -.00022620  00000-0  13156-2 0  1008
2 76797  50.0000 176.0000 0000000   0.0000 134.8000 15.21981948971066
STARLINK-1448
1 42157U 98065A   24100.00000000 -.00022620  00000-0  13156-2 0  1008
2 42157  50.0000 176.0000 0000000   0.0000 152.8000 15.21981948778306
STARLINK-1449
1 64738U 98065A   24100.00000000 -.00022620  00000-0  13156-2 0  1003
2 64738  50.0000 176.0000 0000000   0.0000 170.8000 15.21981948486433
STARLINK-1450
1 74429U 98065A   24100.00000000 -.00022620  00000-0  13156-2 0  1006
2 74429  50.0000 176.0000 0000000   0.0000 188.8000 15.21981948860194
STARLINK-1451
1 89676U 98065A   24100.00000000 -.00022620  00000-0  13156-2 0  1008
2 89676  50.0000 176.0000 0000000   0.0000 206.8000 15.21981948548052
STARLINK-1452
1 76099U 98065A   24100.00000000 -.00022620  00000-0  13156-2 0  1004
2 76099  50.0000 176.0000 0000000   0.0000 224.8000 15.21981948262114
STARLINK-1453
1 75970U 98065A   24100.00000000 -.00022620  00000-0  13156-2 0  1003
2 75970  50.0000 176.0000 0000000   0.0000 242.8000 15.21981948264532
STARLINK-1454
1 40474U 98065A   24100.00000000 -.00022620  00000-0  13156-2 0  1008
2 40474  50.0000 176.0000 0000000   0.0000 260.8000 15.21981948717118
STARLINK-1455
1 40076U 98065A   24100.00000000 -.00022620  00000-0  13156-2 0  1007
2 40076  50.0000 176.0000 0000000   0.0000 278.8000 15.21981948603074
STARLINK-1456
1 63282U 98065A   24100.00000000 -.00022620  00000-0  13156-2 0  1007
2 63282  50.0000 176.0000 0000000   0.0000 296.8000 15.21981948504716
STARLINK-1457
1 58560U 98065A   24100.00000000 -.00022620  00000-0  13156-2 0  1001
2 58560  50.0000 176.0000 0000000   0.0000 314.8000 15.21981948678988
STARLINK-1458
1 50836U 98065A   24100.00000000 -.00022620  00000-0  13156-2 0  1005
2 50836  50.0000 176.0000 0000000   0.0000 332.8000 15.21981948431266
STARLINK-1459
1 23047U 98065A   24100.00000000 -.00022620  00000-0  13156-2 0  1004
2 23047  50.0000 176.0000 0000000   0.0000 350.8000 15.21981948140465
STARLINK-1460
1 98918U 98065A   24100.00000000 -.00022620  00000-0  13156-2 0  1005
2 98918  50.0000 184.0000 0000000   0.0000   9.2000 15.21981948849220
STARLINK-1461
1 36993U 98065A   24100.00000000 -.00022620  00000-0  13156-2 0  1007
2 36993  50.0000 184.0000 0000000   0.0000  27.2000 15.21981948944247
STARLINK-1462
1 21716U 98065A   24100.00000000 -.00022620  00000-0  13156-2 0  1007
2 21716  50.0000 184.0000 0000000   0.0000  45.2000 15.21981948227734
STARLINK-1463
1 22431U 98065A   24100.00000000 -.00022620  00000-0  13156-2 0  1005
2 22431  50.0000 184.0000 0000000   0.0000  63.2000 15.21981948908532
STARLINK-1464
1 87804U 98065A   24100.00000000 -.00022620  00000-0  13156-2 0  1008
2 87804  50.0000 184.0000 0000000   0.0000  81.2000 15.21981948256262
STARLINK-1465
1 65111U 98065A   24100.00000000 -.00022620  00000-0  13156-2 0  1007
2 65111  50.0000 184.0000 0000000   0.0000  99.2000 15.21981948275585
STARLINK-1466
1 43517U 98065A   24100.00000000 -.00022620  00000-0  13156-2 0  1005
2 43517  50.0000 184.0000 0000000   0.0000 117.2000 15.21981948861325
STARLINK-1467
1 85544U 98065A   24100.00000000 -.00022620  00000-0  13156-2 0  1001
2 85544  50.0000 184.0000 0000000   0.0000 135.2000 15.21981948921320
STARLINK-1468
1 57238U 98065A   24100.00000000 -.00022620  00000-0  13156-2 0  1000
2 57238  50.0000 184.0000 0000000   0.0000 153.2000 15.21981948357144
STARLINK-1469
1 55985U 98065A   24100.00000000 -.00022620  00000-0  13156-2 0  1004
2 55985  50.0000 184.0000 0000000   0.0000 171.2000 15.21981948633973
STARLINK-1470
1 39683U 98065A   24100.00000000 -.00022620  00000-0  13156-2 0  1008
2 39683  50.0000 184.0000 0000000   0.0000 189.2000 15.21981948449043
STARLINK-1471
1 22777U 98065A   24100.00000000 -.00022620  00000-0  13156-2 0  1008
2 22777  50.0000 184.0000 0000000   0.0000 207.2000 15.21981948920817
STARLINK-1472
1 84985U 98065A   24100.00000000 -.00022620  00000-0  13156-2 0  1007
2 84985  50.0000 184.0000 0000000   0.0000 225.2000 15.21981948440783
STARLINK-1473
1 34807U 98065A   24100.00000000 -.00022620  00000-0  13156-2 0  1008
2 34807  50.0000 184.0000 0000000   0.0000 243.2000 15.21981948262880
STARLINK-1474
1 76884U 98065A   24100.00000000 -.00022620  00000-0  13156-2 0  1004
2 76884  50.0000 184.0000 0000000   0.0000 261.2000 15.21981948474016
STARLINK-1475
1 82592U 98065A   24100.00000000 -.00022620  00000-0  13156-2 0  1001
2 82592  50.0000 184.0000 0000000   0.0000 279.2000 15.21981948712213
STARLINK-1476
1 89071U 98065A   24100.00000000 -.00022620  00000-0  13156-2 0  1008
2 89071  50.0000 184.0000 0000000   0.0000 297.2000 15.21981948766586
STARLINK-1477
1 16077U 98065A   24100.00000000 -.00022620  00000-0  13156-2 0  1008
2 16077  50.0000 184.0000 0000000   0.0000 315.2000 15.21981948372364
STARLINK-1478
1 21380U 98065A   24100.00000000 -.00022620  00000-0  13156-2 0  1008
2 21380  50.0000 184.0000 0000000   0.0000 333.2000 15.21981948571457
STARLINK-1479
1 14736U 98065A   24100.00000000 -.00022620  00000-0  13156-2 0  1008
2 14736  50.0000 184.0000 0000000   0.0000 351.2000 15.21981948705702
STARLINK-1480
1 99052U 98065A   24100.00000000 -.00022620  00000-0  13156-2 0  1007
2 99052  50.0000 192.0000 0000000   0.0000   9.6000 15.21981948339440
STARLINK-1481
1 63931U 98065A   24100.00000000 -.00022620  00000-0  13156-2 0  1003
2 63931  50.0000 192.0000 0000000   0.0000  27.6000 15.21981948773202
STARLINK-1482
1 91561U 98065A   24100.00000000 -.00022620  00000-0  13156-2 0  1008
2 91561  50.0000 192.0000 0000000   0.0000  45.6000 15.21981948744704
STARLINK-1483
1 69403U 98065A   24100.00000000 -.00022620  00000-0  13156-2 0  1003
2 69403  50.0000 192.0000 0000000   0.0000  63.6000 15.21981948465212
STARLINK-1484
1 90918U 98065A   24100.00000000 -.00022620  00000-0  13156-2 0  1002
2 90918  50.0000 192.0000 0000000   0.0000  81.6000 15.21981948643035
STARLINK-1485
1 99627U 98065A   24100.00000000 -.00022620  00000-0  13156-2 0  1008
2 99627  50.0000 192.0000 0000000   0.0000  99.6000 15.21981948941770
STARLINK-1486
1 83790U 98065A   24100.00000000 -.00022620  00000-0  13156-2 0  1005
2 83790  50.0000 192.0000 0000000   0.0000 117.6000 15.21981948122294
STARLINK-1487
1 34272U 98065A   24100.00000000 -.00022620  00000-0  13156-2 0  1005
2 34272  50.0000 192.0000 0000000   0.0000 135.6000 15.21981948285643
STARLINK-1488
1 41108U 98065A   24100.00000000 -.00022620  00000-0  13156-2 0  1004
2 41108  50.0000 192.0000 0000000   0.0000 153.6000 15.21981948911421
STARLINK-1489
1 43726U 98065A   24100.00000000 -.00022620  00000-0  13156-2 0  1006
2 43726  50.0000 192.0000 0000000   0.0000 171.6000 15.21981948906968
STARLINK-1490
1 79889U 98065A   24100.00000000 -.00022620  00000-0  13156-2 0  1008
2 79889  50.0000 192.0000 0000000   0.0000 189.6000 15.21981948277327
STARLINK-1491
1 40074U 98065A   24100.00000000 -.00022620  00000-0  13156-2 0  1001
2 40074  50.0000 192.0000 0000000   0.0000 207.6000 15.21981948155230
STARLINK-1492
1 11458U 98065A   24100.00000000 -.00022620  00000-0  13156-2 0  1006
2 11458  50.0000 192.0000 0000000   0.0000 225.6000 15.21981948170296
STARLINK-1493
1 25124U 98065A   24100.00000000 -.00022620  00000-0  13156-2 0  1008
2 25124  50.0000 192.0000 0000000   0.0000 243.6000 15.21981948526077
STARLINK-1494
1 39607U 98065A   24100.00000000 -.00022620  00000-0  13156-2 0  1007
2 39607  50.0000 192.0000 0000000   0.0000 261.6000 15.21981948291822
STARLINK-1495
1 97704U 98065A   24100.00000000 -.00022620  00000-0  13156-2 0  1002
2 97704  50.0000 192.0000 0000000   0.0000 279.6000 15.21981948403268
STARLINK-1496
1 59269U 98065A   24100.00000000 -.00022620  00000-0  13156-2 0  1003
2 59269  50.0000 192.0000 0000000   0.0000 297.6000 15.21981948131354
STARLINK-1497
1 38557U 98065A   24100.00000000 -.00022620  00000-0  13156-2 0  1008
2 38557  50.0000 192.0000 0000000   0.0000 315.6000 15.21981948342747
STARLINK-1498
1 86676U 98065A   24100.00000000 -.00022620  00000-0  13156-2 0  1000
2 86676  50.0000 192.0000 0000000   0.0000 333.6000 15.21981948126424
STARLINK-1499
1 19824U 98065A   24100.00000000 -.00022620  00000-0  13156-2 0  1000
2 19824  50.0000 192.0000 0000000   0.0000 351.6000 15.21981948358830
STARLINK-1500
1 66491U 98065A   24100.00000000 -.00022620  00000-0  13156-2 0  1008
2 66491  50.0000 200.0000 0000000   0.0000  10.0000 15.21981948252150
STARLINK-1501
1 67536U 98065A   24100.00000000 -.00022620  00000-0  13156-2 0  1005
2 67536  50.0000 200.0000 0000000   0.0000  28.0000 15.21981948416230
STARLINK-1502
1 10467U 98065A   24100.00000000 -.00022620  00000-0  13156-2 0  1001
2 10467  50.0000 200.0000 0000000   0.0000  46.0000 15.21981948452804
STARLINK-1503
1 86345U 98065A   24100.00000000 -.00022620  00000-0  13156-2 0  1001
2 86345  50.0000 200.0000 0000000   0.0000  64.0000 15.21981948678316
STARLINK-1504
1 23978U 98065A   24100.00000000 -.00022620  00000-0  13156-2 0  1002
2 23978  50.0000 200.0000 0000000   0.0000  82.0000 15.21981948952664
STARLINK-1505
1 92929U 98065A   24100.00000000 -.00022620  00000-0  13156-2 0  1008
2 92929  50.0000 200.0000 0000000   0.0000 100.0000 15.21981948514227
STARLINK-1506
1 72466U 98065A   24100.00000000 -.00022620  00000-0  13156-2 0  1005
2 72466  50.0000 200.0000 0000000   0.0000 118.0000 15.21981948317865
STARLINK-1507
1 28828U 98065A   24100.00000000 -.00022620  00000-0  13156-2 0  1002
2 28828  50.0000 200.0000 0000000   0.0000 136.0000 15.21981948801890
STARLINK-1508
1 25002U 98065A   24100.00000000 -.00022620  00000-0  13156-2 0  1002
2 25002  50.0000 200.0000 0000000   0.0000 154.0000 15.21981948909053
STARLINK-1509
1 15008U 98065A   24100.00000000 -.00022620  00000-0  13156-2 0  1000
2 15008  50.0000 200.0000 0000000   0.0000 172.0000 15.21981948616178
STARLINK-1510
1 15456U 98065A   24100.00000000 -.00022620  00000-0  13156-2 0  1000
2 15456  50.0000 200.0000 0000000   0.0000 190.0000 15.21981948124276
STARLINK-1511
1 21511U 98065A   24100.00000000 -.00022620  00000-0  13156-2 0  1003
2 21511  50.0000 200.0000 0000000   0.0000 208.0000 15.21981948198666
STARLINK-1512
1 18067U 98065A   24100.00000000 -.00022620  00000-0  13156-2 0  1006
2 18067  50.0000 200.0000 0000000   0.0000 226.0000 15.21981948759984
STARLINK-1513
1 76976U 98065A   24100.00000000 -.00022620  00000-0  13156-2 0  1008
2 76976  50.0000 200.0000 0000000   0.0000 244.0000 15.21981948792856
STARLINK-1514
1 31711U 98065A   24100.00000000 -.00022620  00000-0  13156-2 0  1001
2 31711  50.0000 200.0000 0000000   0.0000 262.0000 15.21981948273676
STARLINK-1515
1 80141U 98065A   24100.00000000 -.00022620  00000-0  13156-2 0  1000
2 80141  50.0000 200.0000 0000000   0.0000 280.0000 15.21981948445433
STARLINK-1516
1 41567U 98065A   24100.00000000 -.00022620  00000-0  13156-2 0  1000
2 41567  50.0000 200.0000 0000000   0.0000 298.0000 15.21981948230307
STARLINK-1517
1 77186U 98065A   24100.00000000 -.00022620  00000-0  13156-2 0  1001
2 77186  50.0000 200.0000 0000000   0.0000 316.0000 15.21981948765057
STARLINK-1518
1 71060U 98065A   24100.00000000 -.00022620  00000-0  13156-2 0  1008
2 71060  50.0000 200.0000 0000000   0.0000 334.0000 15.21981948588943
STARLINK-1519
1 94598U 98065A   24100.00000000 -.00022620  00000-0  13156-2 0  1001
2 94598  50.0000 200.0000 0000000   0.0000 352.0000 15.21981948504244
STARLINK-1520
1 77681U 98065A   24100.00000000 -.00022620  00000-0  13156-2 0  1003
2 77681  50.0000 208.0000 0000000   0.0000  10.4000 15.21981948919006
STARLINK-1521
1 53641U 98065A   24100.00000000 -.00022620  00000-0  13156-2 0  1007
2 53641  50.0000 208.0000 0000000   0.0000  28.4000 15.21981948394871
STARLINK-1522
1 88998U 98065A   24100.00000000 -.00022620  00000-0  13156-2 0  1006
2 88998  50.0000 208.0000 0000000   0.0000  46.4000 15.21981948844447
STARLINK-1523
1 95224U 98065A   24100.00000000 -.00022620  00000-0  13156-2 0  1007
2 95224  50.0000 208.0000 0000000   0.0000  64.4000 15.21981948694455
STARLINK-1524
1 63074U 98065A   24100.00000000 -.00022620  00000-0  13156-2 0  1006
2 63074  50.0000 208.0000 0000000   0.0000  82.4000 15.21981948604025
STARLINK-1525
1 54232U 98065A   24100.00000000 -.00022620  00000-0  13156-2 0  1005
2 54232  50.0000 208.0000 0000000   0.0000 100.4000 15.21981948462194
STARLINK-1526
1 11396U 98065A   24100.00000000 -.00022620  00000-0  13156-2 0  1002
2 11396  50.0000 208.0000 0000000   0.0000 118.4000 15.21981948277222
STARLINK-1527
1 18469U 98065A   24100.00000000 -.00022620  00000-0  13156-2 0  1004
2 18469  50.0000 208.0000 0000000   0.0000 136.4000 15.21981948304617
STARLINK-1528
1 78903U 98065A   24100.00000000 -.00022620  00000-0  13156-2 0  1004
2 78903  50.0000 208.0000 0000000   0.0000 154.4000 15.21981948852750
STARLINK-1529
1 22893U 98065A   24100.00000000 -.00022620  00000-0  13156-2 0  1003
2 22893  50.0000 208.0000 0000000   0.0000 172.4000 15.21981948794165
STARLINK-1530
1 14844U 98065A   24100.00000000 -.00022620  00000-0  13156-2 0  1008
2 14844  50.0000 208.0000 0000000   0.0000 190.4000 15.21981948161634
STARLINK-1531
1 37765U 98065A   24100.00000000 -.00022620  00000-0  13156-2 0  1002
2 37765  50.0000 208.0000 0000000   0.0000 208.4000 15.21981948206680
STARLINK-1532
1 43461U 98065A   24100.00000000 -.00022620  00000-0  13156-2 0  1000
2 43461  50.0000 208.0000 0000000   0.0000 226.4000 15.21981948593495
STARLINK-1533
1 28834U 98065A   24100.00000000 -.00022620  00000-0  13156-2 0  1003
2 28834  50.0000 208.0000 0000000   0.0000 244.4000 15.21981948784748
STARLINK-1534
1 30330U 98065A   24100.00000000 -.00022620  00000-0  13156-2 0  1003
2 30330  50.0000 208.0000 0000000   0.0000 262.4000 15.21981948433552
STARLINK-1535
1 56448U 98065A   24100.00000000 -.00022620  00000-0  13156-2 0  1001
2 56448  50.0000 208.0000 0000000   0.0000 280.4000 15.21981948369843
STARLINK-1536
1 69313U 98065A   24100.00000000 -.00022620  00000-0  13156-2 0  1004
2 69313  50.0000 208.0000 0000000   0.0000 298.4000 15.21981948704048
STARLINK-1537
1 50834U 98065A   24100.00000000 -.00022620  00000-0  13156-2 0  1003
2 50834  50.0000 208.0000 0000000   0.0000 316.4000 15.21981948170851
STARLINK-1538
1 18581U 98065A   24100.00000000 -.00022620  00000-0  13156-2 0  1008
2 18581  50.0000 208.0000 0000000   0.0000 334.4000 15.21981948857912
STARLINK-1539
1 67787U 98065A   24100.00000000 -.00022620  00000-0  13156-2 0  1005
2 67787  50.0000 208.0000 0000000   0.0000 352.4000 15.21981948792640
STARLINK-1540
1 90565U 98065A   24100.00000000 -.00022620  00000-0  13156-2 0  1002
2 90565  50.0000 216.0000 0000000   0.0000  10.8000 15.21981948854484
STARLINK-1541
1 38610U 98065A   24100.00000000 -.00022620  00000-0  13156-2 0  1006
2 38610  50.0000 216.0000 0000000   0.0000  28.8000 15.21981948693940
STARLINK-1542
1 97790U 98065A   24100.00000000 -.00022620  00000-0  13156-2 0  1005
2 97790  50.0000 216.0000 0000000   0.0000  46.8000 15.21981948978225
STARLINK-1543
1 59506U 98065A   24100.00000000 -.00022620  00000-0  13156-2 0  1004
2 59506  50.0000 216.0000 0000000   0.0000  64.8000 15.21981948227456
STARLINK-1544
1 69693U 98065A   24100.00000000 -.00022620  00000-0  13156-2 0  1005
2 69693  50.0000 216.0000 0000000   0.0000  82.8000 15.21981948195100
STARLINK-1545
1 42520U 98065A   24100.00000000 -.00022620  00000-0  13156-2 0  1001
2 42520  50.0000 216.0000 0000000   0.0000 100.8000 15.21981948261663
STARLINK-1546
1 67426U 98065A   24100.00000000 -.00022620  00000-0  13156-2 0  1006
2 67426  50.0000 216.0000 0000000   0.0000 118.8000 15.21981948869565
STARLINK-1547
1 23259U 98065A   24100.00000000 -.00022620  00000-0  13156-2 0  1003
2 23259  50.0000 216.0000 0000000   0.0000 136.8000 15.21981948809180
STARLINK-1548
1 86675U 98065A   24100.00000000 -.00022620  00000-0  13156-2 0  1002
2 86675  50.0000 216.0000 0000000   0.0000 154.8000 15.21981948884111
STARLINK-1549
1 37360U 98065A   24100.00000000 -.00022620  00000-0  13156-2 0  1007
2 37360  50.0000 216.0000 0000000   0.0000 172.8000 15.21981948699464
STARLINK-1550
1 13378U 98065A   24100.00000000 -.00022620  00000-0  13156-2 0  1008
2 13378  50.0000 216.0000 0000000   0.0000 190.8000 15.21981948242054
STARLINK-1551
1 66152U 98065A   24100.00000000 -.00022620  00000-0  13156-2 0  1003
2 66152  50.0000 216.0000 0000000   0.0000 208.8000 15.21981948704873
STARLINK-1552
1 13141U 98065A   24100.00000000 -.00022620  00000-0  13156-2 0  1001
2 13141  50.0000 216.0000 0000000   0.0000 226.8000 15.21981948746427
STARLINK-1553
1 14574U 98065A   24100.00000000 -.00022620  00000-0  13156-2 0  1003
2 14574  50.0000 216.0000 0000000   0.0000 244.8000 15.21981948121336
STARLINK-1554
1 21639U 98065A   24100.00000000 -.00022620  00000-0  13156-2 0  1004
2 21639  50.0000 216.0000 0000000   0.0000 262.8000 15.21981948750006
STARLINK-1555
1 15798U 98065A   24100.00000000 -.00022620  00000-0  13156-2 0  1006
2 15798  50.0000 216.0000 0000000   0.0000 280.8000 15.21981948157981
STARLINK-1556
1 33772U 98065A   24100.00000000 -.00022620  00000-0  13156-2 0  1000
2 33772  50.0000 216.0000 0000000   0.0000 298.8000 15.21981948475072
STARLINK-1557
1 75079U 98065A   24100.00000000 -.00022620  00000-0  13156-2 0  1007
2 75079  50.0000 216.0000 0000000   0.0000 316.8000 15.21981948125618
STARLINK-1558
1 54829U 98065A   24100.00000000 -.00022620  00000-0  13156-2 0  1007
2 54829  50.0000 216.0000 0000000   0.0000 334.8000 15.21981948746715
STARLINK-1559
1 82696U 98065A   24100.00000000 -.00022620  00000-0  13156-2 0  1001
2 82696  50.0000 216.0000 0000000   0.0000 352.8000 15.21981948798695
STARLINK-1560
1 83964U 98065A   24100.00000000 -.00022620  00000-0  13156-2 0  1002
2 83964  50.0000 224.0000 0000000   0.0000  11.2000 15.21981948295782
STARLINK-1561
1 71141U 98065A   24100.00000000 -.00022620  00000-0  13156-2 0  1001
2 71141  50.0000 224.0000 0000000   0.0000  29.2000 15.21981948485717
STARLINK-1562
1 63708U 98065A   24100.00000000 -.00022620  00000-0  13156-2 0  1006
2 63708  50.0000 224.0000 0000000   0.0000  47.2000 15.21981948892727
STARLINK-1563
1 28279U 98065A   24100.00000000 -.00022620  00000-0  13156-2 0  1002
2 28279  50.0000 224.0000 0000000   0.0000  65.2000 15.21981948667432
STARLINK-1564
1 73770U 98065A   24100.00000000 -.00022620  00000-0  13156-2 0  1002
2 73770  50.0000 224.0000 0000000   0.0000  83.2000 15.21981948793323
STARLINK-1565
1 22413U 98065A   24100.00000000 -.00022620  00000-0  13156-2 0  1004
2 22413  50.0000 224.0000 0000000   0.0000 101.2000 15.21981948122626
STARLINK-1566
1 52158U 98065A   24100.00000000 -.00022620  00000-0  13156-2 0  1001
2 52158  50.0000 224.0000 0000000   0.0000 119.2000 15.21981948853405
STARLINK-1567
1 98878U 98065A   24100.00000000 -.00022620  00000-0  13156-2 0  1005
2 98878  50.0000 224.0000 0000000   0.0000 137.2000 15.21981948516797
STARLINK-1568
1 58332U 98065A   24100.00000000 -.00022620  00000-0  13156-2 0  1002
2 58332  50.0000 224.0000 0000000   0.0000 155.2000 15.21981948854766
STARLINK-1569
1 81924U 98065A   24100.00000000 -.00022620  00000-0  13156-2 0  1006
2 81924  50.0000 224.0000 0000000   0.0000 173.2000 15.21981948870423
STARLINK-1570
1 15726U 98065A   24100.00000000 -.00022620  00000-0  13156-2 0  1007
2 15726  50.0000 224.0000 0000000   0.0000 191.2000 15.21981948132298
STARLINK-1571
1 44311U 98065A   24100.00000000 -.00022620  00000-0  13156-2 0  1000
2 44311  50.0000 224.0000 0000000   0.0000 209.2000 15.21981948649942
STARLINK-1572
1 98469U 98065A   24100.00000000 -.00022620  00000-0  13156-2 0  1003
2 98469  50.0000 224.0000 0000000   0.0000 227.2000 15.21981948681078
STARLINK-1573
1 89068U 98065A   24100.00000000 -.00022620  00000-0  13156-2 0  1006
2 89068  50.0000 224.0000 0000000   0.0000 245.2000 15.21981948935730
STARLINK-1574
1 64228U 98065A   24100.00000000 -.00022620  00000-0  13156-2 0  1004
2 64228  50.0000 224.0000 0000000   0.0000 263.2000 15.21981948373981
STARLINK-1575
1 61300U 98065A   24100.00000000 -.00022620  00000-0  13156-2 0  1008
2 61300  50.0000 224.0000 0000000   0.0000 281.2000 15.21981948737896
STARLINK-1576
1 66043U 98065A   24100.00000000 -.00022620  00000-0  13156-2 0  1000
2 66043  50.0000 224.0000 0000000   0.0000 299.2000 15.21981948276688
STARLINK-1577
1 82172U 98065A   24100.00000000 -.00022620  00000-0  13156-2 0  1003
2 82172  50.0000 224.0000 0000000   0.0000 317.2000 15.21981948931096
STARLINK-1578
1 69115U 98065A   24100.00000000 -.00022620  00000-0  13156-2 0  1004
2 69115  50.0000 224.0000 0000000   0.0000 335.2000 15.21981948856314
STARLINK-1579
1 57106U 98065A   24100.00000000 -.00022620  00000-0  13156-2 0  1001
2 57106  50.0000 224.0000 0000000   0.0000 353.2000 15.21981948329375
STARLINK-1580
1 41945U 98065A   24100.00000000 -.00022620  00000-0  13156-2 0  1005
2 41945  50.0000 232.0000 0000000   0.0000  11.6000 15.21981948427023
STARLINK-1581
1 76848U 98065A   24100.00000000 -.00022620  00000-0  13156-2 0  1000
2 76848  50.0000 232.0000 0000000   0.0000  29.6000 15.21981948522607
STARLINK-1582
1 87191U 98065A   24100.00000000 -.00022620  00000-0  13156-2 0  1003
2 87191  50.0000 232.0000 0000000   0.0000  47.6000 15.21981948355056
STARLINK-1583
1 16843U 98065A   24100.00000000 -.00022620  00000-0  13156-2 0  1005
2 16843  50.0000 232.0000 0000000   0.0000  65.6000 15.21981948512135
STARLINK-1584
1 74270U 98065A   24100.00000000 -.00022620  00000-0  13156-2 0  1006
2 74270  50.0000 232.0000 0000000   0.0000  83.6000 15.21981948475327
STARLINK-1585
1 38820U 98065A   24100.00000000 -.00022620  00000-0  13156-2 0  1005
2 38820  50.0000 232.0000 0000000   0.0000 101.6000 15.21981948758726
STARLINK-1586
1 28362U 98065A   24100.00000000 -.00022620  00000-0  13156-2 0  1007
2 28362  50.0000 232.0000 0000000   0.0000 119.6000 15.21981948369050
STARLINK-1587
1 75625U 98065A   24100.00000000 -.00022620  00000-0  13156-2 0  1004
2 75625  50.0000 232.0000 0000000   0.0000 137.6000 15.21981948238701
STARLINK-1588
1 20238U 98065A   24100.00000000 -.00022620  00000-0  13156-2 0  1001
2 20238  50.0000 232.0000 0000000   0.0000 155.6000 15.21981948835234
STARLINK-1589
1 90214U 98065A   24100.00000000 -.00022620  00000-0  13156-2 0  1005
2 90214  50.0000 232.0000 0000000   0.0000 173.6000 15.21981948634360
STARLINK-1590
1 52344U 98065A   24100.00000000 -.00022620  00000-0  13156-2 0  1001
2 52344  50.0000 232.0000 0000000   0.0000 191.6000 15.21981948616398
STARLINK-1591
1 45965U 98065A   24100.00000000 -.00022620  00000-0  13156-2 0  1006
2 45965  50.0000 232.0000 0000000   0.0000 209.6000 15.21981948382408
STARLINK-1592
1 87469U 98065A   24100.00000000 -.00022620  00000-0  13156-2 0  1005
2 87469  50.0000 232.0000 0000000   0.0000 227.6000 15.21981948733438
STARLINK-1593
1 66046U 98065A   24100.00000000 -.00022620  00000-0  13156-2 0  1002
2 66046  50.0000 232.0000 0000000   0.0000 245.6000 15.21981948116914
STARLINK-1594
1 57455U 98065A   24100.00000000 -.00022620  00000-0  13156-2 0  1005
2 57455  50.0000 232.0000 0000000   0.0000 263.6000 15.21981948738998
STARLINK-1595
1 18871U 98065A   24100.00000000 -.00022620  00000-0  13156-2 0  1001
2 18871  50.0000 232.0000 0000000   0.0000 281.6000 15.21981948551751
STARLINK-1596
1 12176U 98065A   24100.00000000 -.00022620  00000-0  13156-2 0  1007
2 12176  50.0000 232.0000 0000000   0.0000 299.6000 15.21981948659898
STARLINK-1597
1 26407U 98065A   24100.00000000 -.00022620  00000-0  13156-2 0  1008
2 26407  50.0000 232.0000 0000000   0.0000 317.6000 15.21981948982781
STARLINK-1598
1 20061U 98065A   24100.00000000 -.00022620  00000-0  13156-2 0  1006
2 20061  50.0000 232.0000 0000000   0.0000 335.6000 15.21981948695612
STARLINK-1599
1 28653U 98065A   24100.00000000 -.00022620  00000-0  13156-2 0  1007
2 28653  50.0000 232.0000 0000000   0.0000 353.6000 15.21981948633926
STARLINK-1600
1 44769U 98065A   24100.00000000 -.00022620  00000-0  13156-2 0  1005
2 44769  50.0000 240.0000 0000000   0.0000  12.0000 15.21981948155008
STARLINK-1601
1 27471U 98065A   24100.00000000 -.00022620  00000-0  13156-2 0  1002
2 27471  50.0000 240.0000 0000000   0.0000  30.0000 15.21981948500700
STARLINK-1602
1 20933U 98065A   24100.00000000 -.00022620  00000-0  13156-2 0  1003
2 20933  50.0000 240.0000 0000000   0.0000  48.0000 15.21981948828016
STARLINK-1603
1 39095U 98065A   24100.00000000 -.00022620  00000-0  13156-2 0  1005
2 39095  50.0000 240.0000 0000000   0.0000  66.0000 15.21981948425402
STARLINK-1604
1 73747U 98065A   24100.00000000 -.00022620  00000-0  13156-2 0  1006
2 73747  50.0000 240.0000 0000000   0.0000  84.0000 15.21981948676221
STARLINK-1605
1 40112U 98065A   24100.00000000 -.00022620  00000-0  13156-2 0  1002
2 40112  50.0000 240.0000 0000000   0.0000 102.0000 15.21981948263158
STARLINK-1606
1 40097U 98065A   24100.00000000 -.00022620  00000-0  13156-2 0  1006
2 40097  50.0000 240.0000 0000000   0.0000 120.0000 15.21981948929381
STARLINK-1607
1 51193U 98065A   24100.00000000 -.00022620  00000-0  13156-2 0  1001
2 51193  50.0000 240.0000 0000000   0.0000 138.0000 15.21981948323333
STARLINK-1608
1 74465U 98065A   24100.00000000 -.00022620  00000-0  13156-2 0  1000
2 74465  50.0000 240.0000 0000000   0.0000 156.0000 15.21981948600893
STARLINK-1609
1 14830U 98065A   24100.00000000 -.00022620  00000-0  13156-2 0  1006
2 14830  50.0000 240.0000 0000000   0.0000 174.0000 15.21981948156608
STARLINK-1610
1 83188U 98065A   24100.00000000 -.00022620  00000-0  13156-2 0  1007
2 83188  50.0000 240.0000 0000000   0.0000 192.0000 15.21981948746318
STARLINK-1611
1 40808U 98065A   24100.00000000 -.00022620  00000-0  13156-2 0  1002
2 40808  50.0000 240.0000 0000000   0.0000 210.0000 15.21981948796055
STARLINK-1612
1 18581U 98065A   24100.00000000 -.00022620  00000-0  13156-2 0  1003
2 18581  50.0000 240.0000 0000000   0.0000 228.0000 15.21981948416146
STARLINK-1613
1 66126U 98065A   24100.00000000 -.00022620  00000-0  13156-2 0  1007
2 66126  50.0000 240.0000 0000000   0.0000 246.0000 15.21981948571471
STARLINK-1614
1 92689U 98065A   24100.00000000 -.00022620  00000-0  13156-2 0  1006
2 92689  50.0000 240.0000 0000000   0.0000 264.0000 15.21981948618705
STARLINK-1615
1 25892U 98065A   24100.00000000 -.00022620  00000-0  13156-2 0  1004
2 25892  50.0000 240.0000 0000000   0.0000 282.0000 15.21981948808786
STARLINK-1616
1 35746U 98065A   24100.00000000 -.00022620  00000-0  13156-2 0  1003
2 35746  50.0000 240.0000 0000000   0.0000 300.0000 15.21981948773051
STARLINK-1617
1 26041U 98065A   24100.00000000 -.00022620  00000-0  13156-2 0  1006
2 26041  50.0000 240.0000 0000000   0.0000 318.0000 15.21981948791006
STARLINK-1618
1 10325U 98065A   24100.00000000 -.00022620  00000-0  13156-2 0  1005
2 10325  50.0000 240.0000 0000000   0.0000 336.0000 15.21981948471597
STARLINK-1619
1 63552U 98065A   24100.00000000 -.00022620  00000-0  13156-2 0  1005
2 63552  50.0000 240.0000 0000000   0.0000 354.0000 15.21981948679042
STARLINK-1620
1 59549U 98065A   24100.00000000 -.00022620  00000-0  13156-2 0  1002
2 59549  50.0000 248.0000 0000000   0.0000  12.4000 15.21981948965918
STARLINK-1621
1 77914U 98065A   24100.00000000 -.00022620  00000-0  13156-2 0  1000
2 77914  50.0000 248.0000 0000000   0.0000  30.4000 15.21981948592050
STARLINK-1622
1 92557U 98065A   24100.00000000 -.00022620  00000-0  13156-2 0  1008
2 92557  50.0000 248.0000 0000000   0.0000  48.4000 15.21981948794777
STARLINK-1623
1 77492U 98065A   24100.00000000 -.00022620  00000-0  13156-2 0  1005
2 77492  50.0000 248.0000 0000000   0.0000  66.4000 15.21981948308113
STARLINK-1624
1 91270U 98065A   24100.00000000 -.00022620  00000-0  13156-2 0  1003
2 91270  50.0000 248.0000 0000000   0.0000  84.4000 15.21981948764427
STARLINK-1625
1 51159U 98065A   24100.00000000 -.00022620  00000-0  13156-2 0  1001
2 51159  50.0000 248.0000 0000000   0.0000 102.4000 15.21981948507132
STARLINK-1626
1 89856U 98065A   24100.00000000 -.00022620  00000-0  13156-2 0  1007
2 89856  50.0000 248.0000 0000000   0.0000 120.4000 15.21981948713246
STARLINK-1627
1 39024U 98065A   24100.00000000 -.00022620  00000-0  13156-2 0  1002
2 39024  50.0000 248.0000 0000000   0.0000 138.4000 15.21981948905304
STARLINK-1628
1 79226U 98065A   24100.00000000 -.00022620  00000-0  13156-2 0  1003
2 79226  50.0000 248.0000 0000000   0.0000 156.4000 15.21981948758424
STARLINK-1629
1 86695U 98065A   24100.00000000 -.00022620  00000-0  13156-2 0  1001
2 86695  50.0000 248.0000 0000000   0.0000 174.4000 15.21981948786304
STARLINK-1630
1 28421U 98065A   24100.00000000 -.00022620  00000-0  13156-2 0  1003
2 28421  50.0000 248.0000 0000000   0.0000 192.4000 15.21981948618477
STARLINK-1631
1 31221U 98065A   24100.00000000 -.00022620  00000-0  13156-2 0  1003
2 31221  50.0000 248.0000 0000000   0.0000 210.4000 15.21981948353171
STARLINK-1632
1 73646U 98065A   24100.00000000 -.00022620  00000-0  13156-2 0  1008
2 73646  50.0000 248.0000 0000000   0.0000 228.4000 15.21981948557858
STARLINK-1633
1 21386U 98065A   24100.00000000 -.00022620  00000-0  13156-2 0  1004
2 21386  50.0000 248.0000 0000000   0.0000 246.4000 15.21981948824052
STARLINK-1634
1 74823U 98065A   24100.00000000 -.00022620  00000-0  13156-2 0  1000
2 74823  50.0000 248.0000 0000000   0.0000 264.4000 15.21981948184180
STARLINK-1635
1 11018U 98065A   24100.00000000 -.00022620  00000-0  13156-2 0  1007
2 11018  50.0000 248.0000 0000000   0.0000 282.4000 15.21981948731932
STARLINK-1636
1 41206U 98065A   24100.00000000 -.00022620  00000-0  13156-2 0  1000
2 41206  50.0000 248.0000 0000000   0.0000 300.4000 15.21981948498285
STARLINK-1637
1 21994U 98065A   24100.00000000 -.00022620  00000-0  13156-2 0  1003
2 21994  50.0000 248.0000 0000000   0.0000 318.4000 15.21981948176645
STARLINK-1638
1 31557U 98065A   24100.00000000 -.00022620  00000-0  13156-2 0  1006
2 31557  50.0000 248.0000 0000000   0.0000 336.4000 15.21981948467096
STARLINK-1639
1 62162U 98065A   24100.00000000 -.00022620  00000-0  13156-2 0  1003
2 62162  50.0000 248.0000 0000000   0.0000 354.4000 15.21981948263726
STARLINK-1640
1 66140U 98065A   24100.00000000 -.00022620  00000-0  13156-2 0  1001
2 66140  50.0000 256.0000 0000000   0.0000  12.8000 15.21981948153960
STARLINK-1641
1 23245U 98065A   24100.00000000 -.00022620  00000-0  13156-2 0  1006
2 23245  50.0000 256.0000 0000000   0.0000  30.8000 15.21981948787183
STARLINK-1642
1 43619U 98065A   24100.00000000 -.00022620  00000-0  13156-2 0  1003
2 43619  50.0000 256.0000 0000000   0.0000  48.8000 15.21981948676832
STARLINK-1643
1 85897U 98065A   24100.00000000 -.00022620  00000-0  13156-2 0  1000
2 85897  50.0000 256.0000 0000000   0.0000  66.8000 15.21981948972372
STARLINK-1644
1 31453U 98065A   24100.00000000 -.00022620  00000-0  13156-2 0  1001
2 31453  50.0000 256.0000 0000000   0.0000  84.8000 15.21981948469924
STARLINK-1645
1 44683U 98065A   24100.00000000 -.00022620  00000-0  13156-2 0  1007
2 44683  50.0000 256.0000 0000000   0.0000 102.8000 15.21981948816165
STARLINK-1646
1 34243U 98065A   24100.00000000 -.00022620  00000-0  13156-2 0  1001
2 34243  50.0000 256.0000 0000000   0.0000 120.8000 15.21981948452037
STARLINK-1647
1 23440U 98065A   24100.00000000 -.00022620  00000-0  13156-2 0  1005
2 23440  50.0000 256.0000 0000000   0.0000 138.8000 15.21981948271854
STARLINK-1648
1 99062U 98065A   24100.00000000 -.00022620  00000-0  13156-2 0  1007
2 99062  50.0000 256.0000 0000000   0.0000 156.8000 15.21981948208718
STARLINK-1649
1 13205U 98065A   24100.00000000 -.00022620  00000-0  13156-2 0  1004
2 13205  50.0000 256.0000 0000000   0.0000 174.8000 15.21981948490827
STARLINK-1650
1 83193U 98065A   24100.00000000 -.00022620  00000-0  13156-2 0  1002
2 83193  50.0000 256.0000 0000000   0.0000 192.8000 15.21981948651000
STARLINK-1651
1 12065U 98065A   24100.00000000 -.00022620  00000-0  13156-2 0  1003
2 12065  50.0000 256.0000 0000000   0.0000 210.8000 15.21981948879004
STARLINK-1652
1 39390U 98065A   24100.00000000 -.00022620  00000-0  13156-2 0  1002
2 39390  50.0000 256.0000 0000000   0.0000 228.8000 15.21981948278655
STARLINK-1653
1 39034U 98065A   24100.00000000 -.00022620  00000-0  13156-2 0  1007
2 39034  50.0000 256.0000 0000000   0.0000 246.8000 15.21981948329727
STARLINK-1654
1 28351U 98065A   24100.00000000 -.00022620  00000-0  13156-2 0  1005
2 28351  50.0000 256.0000 0000000   0.0000 264.8000 15.21981948258606
STARLINK-1655
1 20537U 98065A   24100.00000000 -.00022620  00000-0  13156-2 0  1007
2 20537  50.0000 256.0000 0000000   0.0000 282.8000 15.21981948783661
STARLINK-1656
1 37163U 98065A   24100.00000000 -.00022620  00000-0  13156-2 0  1001
2 37163  50.0000 256.0000 0000000   0.0000 300.8000 15.21981948352495
STARLINK-1657
1 81679U 98065A   24100.00000000 -.00022620  00000-0  13156-2 0  1002
2 81679  50.0000 256.0000 0000000   0.0000 318.8000 15.21981948433707
STARLINK-1658
1 25350U 98065A   24100.00000000 -.00022620  00000-0  13156-2 0  1007
2 25350  50.0000 256.0000 0000000   0.0000 336.8000 15.21981948992431
STARLINK-1659
1 62244U 98065A   24100.00000000 -.00022620  00000-0  13156-2 0  1004
2 62244  50.0000 256.0000 0000000   0.0000 354.8000 15.21981948756574
STARLINK-1660
1 84087U 98065A   24100.00000000 -.00022620  00000-0  13156-2 0  1003
2 84087  50.0000 264.0000 0000000   0.0000  13.2000 15.21981948377697
STARLINK-1661
1 26703U 98065A   24100.00000000 -.00022620  00000-0  13156-2 0  1004
2 26703  50.0000 264.0000 0000000   0.0000  31.2000 15.21981948844654
STARLINK-1662
1 46792U 98065A   24100.00000000 -.00022620  00000-0  13156-2 0  1002
2 46792  50.0000 264.0000 0000000   0.0000  49.2000 15.21981948272814
STARLINK-1663
1 74502U 98065A   24100.00000000 -.00022620  00000-0  13156-2 0  1004
2 74502  50.0000 264.0000 0000000   0.0000  67.2000 15.21981948921800
STARLINK-1664
1 26776U 98065A   24100.00000000 -.00022620  00000-0  13156-2 0  1007
2 26776  50.0000 264.0000 0000000   0.0000  85.2000 15.21981948904921
STARLINK-1665
1 68050U 98065A   24100.00000000 -.00022620  00000-0  13156-2 0  1000
2 68050  50.0000 264.0000 0000000   0.0000 103.2000 15.21981948924755
STARLINK-1666
1 43448U 98065A   24100.00000000 -.00022620  00000-0  13156-2 0  1007
2 43448  50.0000 264.0000 0000000   0.0000 121.2000 15.21981948802628
STARLINK-1667
1 59603U 98065A   24100.00000000 -.00022620  00000-0  13156-2 0  1005
2 59603  50.0000 264.0000 0000000   0.0000 139.2000 15.21981948920745
STARLINK-1668
1 58183U 98065A   24100.00000000 -.00022620  00000-0  13156-2 0  1005
2 58183  50.0000 264.0000 0000000   0.0000 157.2000 15.21981948906881
STARLINK-1669
1 20660U 98065A   24100.00000000 -.00022620  00000-0  13156-2 0  1007
2 20660  50.0000 264.0000 0000000   0.0000 175.2000 15.21981948968568
STARLINK-1670
1 12934U 98065A   24100.00000000 -.00022620  00000-0  13156-2 0  1008
2 12934  50.0000 264.0000 0000000   0.0000 193.2000 15.21981948877208
STARLINK-1671
1 76590U 98065A   24100.00000000 -.00022620  00000-0  13156-2 0  1001
2 76590  50.0000 264.0000 0000000   0.0000 211.2000 15.21981948837101
STARLINK-1672
1 67592U 98065A   24100.00000000 -.00022620  00000-0  13156-2 0  1007
2 67592  50.0000 264.0000 0000000   0.0000 229.2000 15.21981948882341
STARLINK-1673
1 69614U 98065A   24100.00000000 -.00022620  00000-0  13156-2 0  1002
2 69614  50.0000 264.0000 0000000   0.0000 247.2000 15.21981948367065
STARLINK-1674
1 35016U 98065A   24100.00000000 -.00022620  00000-0  13156-2 0  1004
2 35016  50.0000 264.0000 0000000   0.0000 265.2000 15.21981948877472
STARLINK-1675
1 13109U 98065A   24100.00000000 -.00022620  00000-0  13156-2 0  1005
2 13109  50.0000 264.0000 0000000   0.0000 283.2000 15.21981948851072
STARLINK-1676
1 47063U 98065A   24100.00000000 -.00022620  00000-0  13156-2 0  1000
2 47063  50.0000 264.0000 0000000   0.0000 301.2000 15.21981948422561
STARLINK-1677
1 55010U 98065A   24100.00000000 -.00022620  00000-0  13156-2 0  1006
2 55010  50.0000 264.0000 0000000   0.0000 319.2000 15.21981948473153
STARLINK-1678
1 93301U 98065A   24100.00000000 -.00022620  00000-0  13156-2 0  1004
2 93301  50.0000 264.0000 0000000   0.0000 337.2000 15.21981948924144
STARLINK-1679
1 48790U 98065A   24100.00000000 -.00022620  00000-0  13156-2 0  1000
2 48790  50.0000 264.0000 0000000   0.0000 355.2000 15.21981948242805
STARLINK-1680
1 80163U 98065A   24100.00000000 -.00022620  00000-0  13156-2 0  1002
2 80163  50.0000 272.0000 0000000   0.0000  13.6000 15.21981948880553
STARLINK-1681
1 75268U 98065A   24100.00000000 -.00022620  00000-0  13156-2 0  1001
2 75268  50.0000 272.0000 0000000   0.0000  31.6000 15.21981948458004
STARLINK-1682
1 65451U 98065A   24100.00000000 -.00022620  00000-0  13156-2 0  1000
2 65451  50.0000 272.0000 0000000   0.0000  49.6000 15.21981948162984
STARLINK-1683
1 69201U 98065A   24100.00000000 -.00022620  00000-0  13156-2 0  1005
2 69201  50.0000 272.0000 0000000   0.0000  67.6000 15.21981948535474
STARLINK-1684
1 83134U 98065A   24100.00000000 -.00022620  00000-0  13156-2 0  1000
2 83134  50.0000 272.0000 0000000   0.0000  85.6000 15.21981948506770
STARLINK-1685
1 69280U 98065A   24100.00000000 -.00022620  00000-0  13156-2 0  1004
2 69280  50.0000 272.0000 0000000   0.0000 103.6000 15.21981948229134
STARLINK-1686
1 62427U 98065A   24100.00000000 -.00022620  00000-0  13156-2 0  1007
2 62427  50.0000 272.0000 0000000   0.0000 121.6000 15.21981948700614
STARLINK-1687
1 79606U 98065A   24100.00000000 -.00022620  00000-0  13156-2 0  1005
2 79606  50.0000 272.0000 0000000   0.0000 139.6000 15.21981948736962
STARLINK-1688
1 74478U 98065A   24100.00000000 -.00022620  00000-0  13156-2 0  1004
2 74478  50.0000 272.0000 0000000   0.0000 157.6000 15.21981948484666
STARLINK-1689
1 34976U 98065A   24100.00000000 -.00022620  00000-0  13156-2 0  1004
2 34976  50.0000 272.0000 0000000   0.0000 175.6000 15.21981948748406
STARLINK-1690
1 19590U 98065A   24100.00000000 -.00022620  00000-0  13156-2 0  1001
2 19590  50.0000 272.0000 0000000   0.0000 193.6000 15.21981948932005
STARLINK-1691
1 44862U 98065A   24100.00000000 -.00022620  00000-0  13156-2 0  1002
2 44862  50.0000 272.0000 0000000   0.0000 211.6000 15.21981948482943
STARLINK-1692
1 47869U 98065A   24100.00000000 -.00022620  00000-0  13156-2 0  1002
2 47869  50.0000 272.0000 0000000   0.0000 229.6000 15.21981948449955
STARLINK-1693
1 16033U 98065A   24100.00000000 -.00022620  00000-0  13156-2 0  1000
2 16033  50.0000 272.0000 0000000   0.0000 247.6000 15.21981948734515
STARLINK-1694
1 18813U 98065A   24100.00000000 -.00022620  00000-0  13156-2 0  1008
2 18813  50.0000 272.0000 0000000   0.0000 265.6000 15.21981948474860
STARLINK-1695
1 23479U 98065A   24100.00000000 -.00022620  00000-0  13156-2 0  1003
2 23479  50.0000 272.0000 0000000   0.0000 283.6000 15.21981948328124
STARLINK-1696
1 46798U 98065A   24100.00000000 -.00022620  00000-0  13156-2 0  1000
2 46798  50.0000 272.0000 0000000   0.0000 301.6000 15.21981948937560
STARLINK-1697
1 67390U 98065A   24100.00000000 -.00022620  00000-0  13156-2 0  1001
2 67390  50.0000 272.0000 0000000   0.0000 319.6000 15.21981948907552
STARLINK-1698
1 78431U 98065A   24100.00000000 -.00022620  00000-0  13156-2 0  1000
2 78431  50.0000 272.0000 0000000   0.0000 337.6000 15.21981948483812
STARLINK-1699
1 62382U 98065A   24100.00000000 -.00022620  00000-0  13156-2 0  1008
2 62382  50.0000 272.0000 0000000   0.0000 355.6000 15.21981948182941
STARLINK-1700
1 14604U 98065A   24100.00000000 -.00022620  00000-0  13156-2 0  1008
2 14604  50.0000 280.0000 0000000   0.0000  14.0000 15.21981948336348
STARLINK-1701
1 67513U 98065A   24100.00000000 -.00022620  00000-0  13156-2 0  1000
2 67513  50.0000 280.0000 0000000   0.0000  32.0000 15.21981948416990
STARLINK-1702
1 97456U 98065A   24100.00000000 -.00022620  00000-0  13156-2 0  1005
2 97456  50.0000 280.0000 0000000   0.0000  50.0000 15.21981948150906
STARLINK-1703
1 21947U 98065A   24100.00000000 -.00022620  00000-0  13156-2 0  1002
2 21947  50.0000 280.0000 0000000   0.0000  68.0000 15.21981948933794
STARLINK-1704
1 76183U 98065A   24100.00000000 -.00022620  00000-0  13156-2 0  1008
2 76183  50.0000 280.0000 0000000   0.0000  86.0000 15.21981948445081
STARLINK-1705
1 97404U 98065A   24100.00000000 -.00022620  00000-0  13156-2 0  1000
2 97404  50.0000 280.0000 0000000   0.0000 104.0000 15.21981948255386
STARLINK-1706
1 28292U 98065A   24100.00000000 -.00022620  00000-0  13156-2 0  1005
2 28292  50.0000 280.0000 0000000   0.0000 122.0000 15.21981948985144
STARLINK-1707
1 81915U 98065A   24100.00000000 -.00022620  00000-0  13156-2 0  1008
2 81915  50.0000 280.0000 0000000   0.0000 140.0000 15.21981948303702
STARLINK-1708
1 52297U 98065A   24100.00000000 -.00022620  00000-0  13156-2 0  1005
2 52297  50.0000 280.0000 0000000   0.0000 158.0000 15.21981948729241
STARLINK-1709
1 32316U 98065A   24100.00000000 -.00022620  00000-0  13156-2 0  1002
2 32316  50.0000 280.0000 0000000   0.0000 176.0000 15.21981948856372
STARLINK-1710
1 95653U 98065A   24100.00000000 -.00022620  00000-0  13156-2 0  1004
2 95653  50.0000 280.0000 0000000   0.0000 194.0000 15.21981948703892
STARLINK-1711
1 63802U 98065A   24100.00000000 -.00022620  00000-0  13156-2 0  1008
2 63802  50.0000 280.0000 0000000   0.0000 212.0000 15.21981948816114
STARLINK-1712
1 76501U 98065A   24100.00000000 -.00022620  00000-0  13156-2 0  1001
2 76501  50.0000 280.0000 0000000   0.0000 230.0000 15.21981948709026
STARLINK-1713
1 27533U 98065A   24100.00000000 -.00022620  00000-0  13156-2 0  1003
2 27533  50.0000 280.0000 0000000   0.0000 248.0000 15.21981948217366
STARLINK-1714
1 43186U 98065A   24100.00000000 -.00022620  00000-0  13156-2 0  1000
2 43186  50.0000 280.0000 0000000   0.0000 266.0000 15.21981948625452
STARLINK-1715
1 51593U 98065A   24100.00000000 -.00022620  00000-0  13156-2 0  1005
2 51593  50.0000 280.0000 0000000   0.0000 284.0000 15.21981948674632
STARLINK-1716
1 21066U 98065A   24100.00000000 -.00022620  00000-0  13156-2 0  1007
2 21066  50.0000 280.0000 0000000   0.0000 302.0000 15.21981948783033
STARLINK-1717
1 82129U 98065A   24100.00000000 -.00022620  00000-0  13156-2 0  1005
2 82129  50.0000 280.0000 0000000   0.0000 320.0000 15.21981948966846
STARLINK-1718
1 13244U 98065A   24100.00000000 -.00022620  00000-0  13156-2 0  1000
2 13244  50.0000 280.0000 0000000   0.0000 338.0000 15.21981948482594
STARLINK-1719
1 30359U 98065A   24100.00000000 -.00022620  00000-0  13156-2 0  1003
2 30359  50.0000 280.0000 0000000   0.0000 356.0000 15.21981948167847
STARLINK-1720
1 61881U 98065A   24100.00000000 -.00022620  00000-0  13156-2 0  1008
2 61881  50.0000 288.0000 0000000   0.0000  14.4000 15.21981948974116
STARLINK-1721
1 65251U 98065A   24100.00000000 -.00022620  00000-0  13156-2 0  1004
2 65251  50.0000 288.0000 0000000   0.0000  32.4000 15.21981948524867
STARLINK-1722
1 12087U 98065A   24100.00000000 -.00022620  00000-0  13156-2 0  1000
2 12087  50.0000 288.0000 0000000   0.0000  50.4000 15.21981948597362
STARLINK-1723
1 16542U 98065A   24100.00000000 -.00022620  00000-0  13156-2 0  1002
2 16542  50.0000 288.0000 0000000   0.0000  68.4000 15.21981948909193
STARLINK-1724
1 38089U 98065A   24100.00000000 -.00022620  00000-0  13156-2 0  1007
2 38089  50.0000 288.0000 0000000   0.0000  86.4000 15.21981948158412
STARLINK-1725
1 47861U 98065A   24100.00000000 -.00022620  00000-0  13156-2 0  1005
2 47861  50.0000 288.0000 0000000   0.0000 104.4000 15.21981948939223
STARLINK-1726
1 91124U 98065A   24100.00000000 -.00022620  00000-0  13156-2 0  1007
2 91124  50.0000 288.0000 0000000   0.0000 122.4000 15.21981948485873
STARLINK-1727
1 50524U 98065A   24100.00000000 -.00022620  00000-0  13156-2 0  1005
2 50524  50.0000 288.0000 0000000   0.0000 140.4000 15.21981948412385
STARLINK-1728
1 14494U 98065A   24100.00000000 -.00022620  00000-0  13156-2 0  1001
2 14494  50.0000 288.0000 0000000   0.0000 158.4000 15.21981948347463
STARLINK-1729
1 37548U 98065A   24100.00000000 -.00022620  00000-0  13156-2 0  1000
2 37548  50.0000 288.0000 0000000   0.0000 176.4000 15.21981948973177
STARLINK-1730
1 17783U 98065A   24100.00000000 -.00022620  00000-0  13156-2 0  1004
2 17783  50.0000 288.0000 0000000   0.0000 194.4000 15.21981948121168
STARLINK-1731
1 60226U 98065A   24100.00000000 -.00022620  00000-0  13156-2 0  1007
2 60226  50.0000 288.0000 0000000   0.0000 212.4000 15.21981948800163
STARLINK-1732
1 64113U 98065A   24100.00000000 -.00022620  00000-0  13156-2 0  1003
2 64113  50.0000 288.0000 0000000   0.0000 230.4000 15.21981948315810
STARLINK-1733
1 25119U 98065A   24100.00000000 -.00022620  00000-0  13156-2 0  1001
2 25119  50.0000 288.0000 0000000   0.0000 248.4000 15.21981948928507
STARLINK-1734
1 95726U 98065A   24100.00000000 -.00022620  00000-0  13156-2 0  1003
2 95726  50.0000 288.0000 0000000   0.0000 266.4000 15.21981948382728
STARLINK-1735
1 24648U 98065A   24100.00000000 -.00022620  00000-0  13156-2 0  1004
2 24648  50.0000 288.0000 0000000   0.0000 284.4000 15.21981948477725
STARLINK-1736
1 53602U 98065A   24100.00000000 -.00022620  00000-0  13156-2 0  1006
2 53602  50.0000 288.0000 0000000   0.0000 302.4000 15.21981948134157
STARLINK-1737
1 72370U 98065A   24100.00000000 -.00022620  00000-0  13156-2 0  1006
2 72370  50.0000 288.0000 0000000   0.0000 320.4000 15.21981948613120
STARLINK-1738
1 71151U 98065A   24100.00000000 -.00022620  00000-0  13156-2 0  1004
2 71151  50.0000 288.0000 0000000   0.0000 338.4000 15.21981948921237
STARLINK-1739
1 60797U 98065A   24100.00000000 -.00022620  00000-0  13156-2 0  1001
2 60797  50.0000 288.0000 0000000   0.0000 356.4000 15.21981948831225
STARLINK-1740
1 33184U 98065A   24100.00000000 -.00022620  00000-0  13156-2 0  1003
2 33184  50.0000 296.0000 0000000   0.0000  14.8000 15.21981948212585
STARLINK-1741
1 94739U 98065A   24100.00000000 -.00022620  00000-0  13156-2 0  1006
2 94739  50.0000 296.0000 0000000   0.0000  32.8000 15.21981948167076
STARLINK-1742
1 49632U 98065A   24100.00000000 -.00022620  00000-0  13156-2 0  1003
2 49632  50.0000 296.0000 0000000   0.0000  50.8000 15.21981948945895
STARLINK-1743
1 16971U 98065A   24100.00000000 -.00022620  00000-0  13156-2 0  1004
2 16971  50.0000 296.0000 0000000   0.0000  68.8000 15.21981948532898
STARLINK-1744
1 19609U 98065A   24100.00000000 -.00022620  00000-0  13156-2 0  1004
2 19609  50.0000 296.0000 0000000   0.0000  86.8000 15.21981948548256
STARLINK-1745
1 55763U 98065A   24100.00000000 -.00022620  00000-0  13156-2 0  1007
2 55763  50.0000 296.0000 0000000   0.0000 104.8000 15.21981948538241
STARLINK-1746
1 20278U 98065A   24100.00000000 -.00022620  00000-0  13156-2 0  1008
2 20278  50.0000 296.0000 0000000   0.0000 122.8000 15.21981948275892
STARLINK-1747
1 80039U 98065A   24100.00000000 -.00022620  00000-0  13156-2 0  1006
2 80039  50.0000 296.0000 0000000   0.0000 140.8000 15.21981948867501
STARLINK-1748
1 16941U 98065A   24100.00000000 -.00022620  00000-0  13156-2 0  1001
2 16941  50.0000 296.0000 0000000   0.0000 158.8000 15.21981948530148
STARLINK-1749
1 82409U 98065A   24100.00000000 -.00022620  00000-0  13156-2 0  1000
2 82409  50.0000 296.0000 0000000   0.0000 176.8000 15.21981948563362
STARLINK-1750
1 11022U 98065A   24100.00000000 -.00022620  00000-0  13156-2 0  1003
2 11022  50.0000 296.0000 0000000   0.0000 194.8000 15.21981948544698
STARLINK-1751
1 93369U 98065A   24100.00000000 -.00022620  00000-0  13156-2 0  1008
2 93369  50.0000 296.0000 0000000   0.0000 212.8000 15.21981948317277
STARLINK-1752
1 63201U 98065A   24100.00000000 -.00022620  00000-0  13156-2 0  1006
2 63201  50.0000 296.0000 0000000   0.0000 230.8000 15.21981948420230
STARLINK-1753
1 54296U 98065A   24100.00000000 -.00022620  00000-0  13156-2 0  1005
2 54296  50.0000 296.0000 0000000   0.0000 248.8000 15.21981948563106
STARLINK-1754
1 14153U 98065A   24100.00000000 -.00022620  00000-0  13156-2 0  1006
2 14153  50.0000 296.0000 0000000   0.0000 266.8000 15.21981948549136
STARLINK-1755
1 77789U 98065A   24100.00000000 -.00022620  00000-0  13156-2 0  1001
2 77789  50.0000 296.0000 0000000   0.0000 284.8000 15.21981948885327
STARLINK-1756
1 56862U 98065A   24100.00000000 -.00022620  00000-0  13156-2 0  1003
2 56862  50.0000 296.0000 0000000   0.0000 302.8000 15.21981948122233
STARLINK-1757
1 25538U 98065A   24100.00000000 -.00022620  00000-0  13156-2 0  1008
2 25538  50.0000 296.0000 0000000   0.0000 320.8000 15.21981948853914
STARLINK-1758
1 60340U 98065A   24100.00000000 -.00022620  00000-0  13156-2 0  1008
2 60340  50.0000 296.0000 0000000   0.0000 338.8000 15.21981948632977
STARLINK-1759
1 14504U 98065A   24100.00000000 -.00022620  00000-0  13156-2 0  1001
2 14504  50.0000 296.0000 0000000   0.0000 356.8000 15.21981948207587
STARLINK-1760
1 60198U 98065A   24100.00000000 -.00022620  00000-0  13156-2 0  1003
2 60198  50.0000 304.0000 0000000   0.0000  15.2000 15.21981948158378
STARLINK-1761
1 30479U 98065A   24100.00000000 -.00022620  00000-0  13156-2 0  1004
2 30479  50.0000 304.0000 0000000   0.0000  33.2000 15.21981948441133
STARLINK-1762
1 35934U 98065A   24100.00000000 -.00022620  00000-0  13156-2 0  1000
2 35934  50.0000 304.0000 0000000   0.0000  51.2000 15.21981948330526
STARLINK-1763
1 83031U 98065A   24100.00000000 -.00022620  00000-0  13156-2 0  1005
2 83031  50.0000 304.0000 0000000   0.0000  69.2000 15.21981948354933
STARLINK-1764
1 63597U 98065A   24100.00000000 -.00022620  00000-0  13156-2 0  1007
2 63597  50.0000 304.0000 0000000   0.0000  87.2000 15.21981948801843
STARLINK-1765
1 41749U 98065A   24100.00000000 -.00022620  00000-0  13156-2 0  1002
2 41749  50.0000 304.0000 0000000   0.0000 105.2000 15.21981948254988
STARLINK-1766
1 13035U 98065A   24100.00000000 -.00022620  00000-0  13156-2 0  1003
2 13035  50.0000 304.0000 0000000   0.0000 123.2000 15.21981948366721
STARLINK-1767
1 76264U 98065A   24100.00000000 -.00022620  00000-0  13156-2 0  1004
2 76264  50.0000 304.0000 0000000   0.0000 141.2000 15.21981948139688
STARLINK-1768
1 33869U 98065A   24100.00000000 -.00022620  00000-0  13156-2 0  1008
2 33869  50.0000 304.0000 0000000   0.0000 159.2000 15.21981948308073
STARLINK-1769
1 38856U 98065A   24100.00000000 -.00022620  00000-0  13156-2 0  1003
2 38856  50.0000 304.0000 0000000   0.0000 177.2000 15.21981948546802
STARLINK-1770
1 30285U 98065A   24100.00000000 -.00022620  00000-0  13156-2 0  1000
2 30285  50.0000 304.0000 0000000   0.0000 195.2000 15.21981948578535
STARLINK-1771
1 58278U 98065A   24100.00000000 -.00022620  00000-0  13156-2 0  1007
2 58278  50.0000 304.0000 0000000   0.0000 213.2000 15.21981948661150
STARLINK-1772
1 65491U 98065A   24100.00000000 -.00022620  00000-0  13156-2 0  1007
2 65491  50.0000 304.0000 0000000   0.0000 231.2000 15.21981948491223
STARLINK-1773
1 95743U 98065A   24100.00000000 -.00022620  00000-0  13156-2 0  1008
2 95743  50.0000 304.0000 0000000   0.0000 249.2000 15.21981948413957
STARLINK-1774
1 32066U 98065A   24100.00000000 -.00022620  00000-0  13156-2 0  1005
2 32066  50.0000 304.0000 0000000   0.0000 267.2000 15.21981948186510
STARLINK-1775
1 79080U 98065A   24100.00000000 -.00022620  00000-0  13156-2 0  1003
2 79080  50.0000 304.0000 0000000   0.0000 285.2000 15.21981948322922
STARLINK-1776
1 16690U 98065A   24100.00000000 -.00022620  00000-0  13156-2 0  1008
2 16690  50.0000 304.0000 0000000   0.0000 303.2000 15.21981948805935
STARLINK-1777
1 72191U 98065A   24100.00000000 -.00022620  00000-0  13156-2 0  1006
2 72191  50.0000 304.0000 0000000   0.0000 321.2000 15.21981948820914
STARLINK-1778
1 46261U 98065A   24100.00000000 -.00022620  00000-0  13156-2 0  1001
2 46261  50.0000 304.0000 0000000   0.0000 339.2000 15.21981948628514
STARLINK-1779
1 36848U 98065A   24100.00000000 -.00022620  00000-0  13156-2 0  1008
2 36848  50.0000 304.0000 0000000   0.0000 357.2000 15.21981948129416
STARLINK-1780
1 70672U 98065A   24100.00000000 -.00022620  00000-0  13156-2 0  1007
2 70672  50.0000 312.0000 0000000   0.0000  15.6000 15.21981948827127
STARLINK-1781
1 26537U 98065A   24100.00000000 -.00022620  00000-0  13156-2 0  1002
2 26537  50.0000 312.0000 0000000   0.0000  33.6000 15.21981948928922
STARLINK-1782
1 51117U 98065A   24100.00000000 -.00022620  00000-0  13156-2 0  1005
2 51117  50.0000 312.0000 0000000   0.0000  51.6000 15.21981948465242
STARLINK-1783
1 69713U 98065A   24100.00000000 -.00022620  00000-0  13156-2 0  1007
2 69713  50.0000 312.0000 0000000   0.0000  69.6000 15.21981948789643
STARLINK-1784
1 78768U 98065A   24100.00000000 -.00022620  00000-0  13156-2 0  1007
2 78768  50.0000 312.0000 0000000   0.0000  87.6000 15.21981948756548
STARLINK-1785
1 99136U 98065A   24100.00000000 -.00022620  00000-0  13156-2 0  1004
2 99136  50.0000 312.0000 0000000   0.0000 105.6000 15.21981948729560
STARLINK-1786
1 31171U 98065A   24100.00000000 -.00022620  00000-0  13156-2 0  1006
2 31171  50.0000 312.0000 0000000   0.0000 123.6000 15.21981948690093
STARLINK-1787
1 72154U 98065A   24100.00000000 -.00022620  00000-0  13156-2 0  1002
2 72154  50.0000 312.0000 0000000   0.0000 141.6000 15.21981948224598
STARLINK-1788
1 76693U 98065A   24100.00000000 -.00022620  00000-0  13156-2 0  1000
2 76693  50.0000 312.0000 0000000   0.0000 159.6000 15.21981948805137
STARLINK-1789
1 23795U 98065A   24100.00000000 -.00022620  00000-0  13156-2 0  1006
2 23795  50.0000 312.0000 0000000   0.0000 177.6000 15.21981948251473
STARLINK-1790
1 29463U 98065A   24100.00000000 -.00022620  00000-0  13156-2 0  1004
2 29463  50.0000 312.0000 0000000   0.0000 195.6000 15.21981948244353
STARLINK-1791
1 86935U 98065A   24100.00000000 -.00022620  00000-0  13156-2 0  1008
2 86935  50.0000 312.0000 0000000   0.0000 213.6000 15.21981948110914
STARLINK-1792
1 57932U 98065A   24100.00000000 -.00022620  00000-0  13156-2 0  1003
2 57932  50.0000 312.0000 0000000   0.0000 231.6000 15.21981948517055
STARLINK-1793
1 85139U 98065A   24100.00000000 -.00022620  00000-0  13156-2 0  1008
2 85139  50.0000 312.0000 0000000   0.0000 249.6000 15.21981948967473
STARLINK-1794
1 16914U 98065A   24100.00000000 -.00022620  00000-0  13156-2 0  1001
2 16914  50.0000 312.0000 0000000   0.0000 267.6000 15.21981948172523
STARLINK-1795
1 26275U 98065A   24100.00000000 -.00022620  00000-0  13156-2 0  1003
2 26275  50.0000 312.0000 0000000   0.0000 285.6000 15.21981948907610
STARLINK-1796
1 57025U 98065A   24100.00000000 -.00022620  00000-0  13156-2 0  1001
2 57025  50.0000 312.0000 0000000   0.0000 303.6000 15.21981948480027
STARLINK-1797
1 73437U 98065A   24100.00000000 -.00022620  00000-0  13156-2 0  1005
2 73437  50.0000 312.0000 0000000   0.0000 321.6000 15.21981948789080
STARLINK-1798
1 28340U 98065A   24100.00000000 -.00022620  00000-0  13156-2 0  1003
2 28340  50.0000 312.0000 0000000   0.0000 339.6000 15.21981948327868
STARLINK-1799
1 33066U 98065A   24100.00000000 -.00022620  00000-0  13156-2 0  1005
2 33066  50.0000 312.0000 0000000   0.0000 357.6000 15.21981948516694
STARLINK-1800
1 33020U 98065A   24100.00000000 -.00022620  00000-0  13156-2 0  1000
2 33020  50.0000 320.0000 0000000   0.0000  16.0000 15.21981948390916
STARLINK-1801
1 23452U 98065A   24100.00000000 -.00022620  00000-0  13156-2 0  1004
2 23452  50.0000 320.0000 0000000   0.0000  34.0000 15.21981948507910
STARLINK-1802
1 90257U 98065A   24100.00000000 -.00022620  00000-0  13156-2 0  1004
2 90257  50.0000 320.0000 0000000   0.0000  52.0000 15.21981948253430
STARLINK-1803
1 89689U 98065A   24100.00000000 -.00022620  00000-0  13156-2 0  1001
2 89689  50.0000 320.0000 0000000   0.0000  70.0000 15.21981948861488
STARLINK-1804
1 76683U 98065A   24100.00000000 -.00022620  00000-0  13156-2 0  1000
2 76683  50.0000 320.0000 0000000   0.0000  88.0000 15.21981948232254
STARLINK-1805
1 69766U 98065A   24100.00000000 -.00022620  00000-0  13156-2 0  1006
2 69766  50.0000 320.0000 0000000   0.0000 106.0000 15.21981948226668
STARLINK-1806
1 22919U 98065A   24100.00000000 -.00022620  00000-0  13156-2 0  1005
2 22919  50.0000 320.0000 0000000   0.0000 124.0000 15.21981948611725
STARLINK-1807
1 26969U 98065A   24100.00000000 -.00022620  00000-0  13156-2 0  1000
2 26969  50.0000 320.0000 0000000   0.0000 142.0000 15.21981948827877
STARLINK-1808
1 62321U 98065A   24100.00000000 -.00022620  00000-0  13156-2 0  1007
2 62321  50.0000 320.0000 0000000   0.0000 160.0000 15.21981948792040
STARLINK-1809
1 58633U 98065A   24100.00000000 -.00022620  00000-0  13156-2 0  1002
2 58633  50.0000 320.0000 0000000   0.0000 178.0000 15.21981948461774
STARLINK-1810
1 68203U 98065A   24100.00000000 -.00022620  00000-0  13156-2 0  1003
2 68203  50.0000 320.0000 0000000   0.0000 196.0000 15.21981948979153
STARLINK-1811
1 63488U 98065A   24100.00000000 -.00022620  00000-0  13156-2 0  1001
2 63488  50.0000 320.0000 0000000   0.0000 214.0000 15.21981948217223
STARLINK-1812
1 59743U 98065A   24100.00000000 -.00022620  00000-0  13156-2 0  1001
2 59743  50.0000 320.0000 0000000   0.0000 232.0000 15.21981948400362
STARLINK-1813
1 25837U 98065A   24100.00000000 -.00022620  00000-0  13156-2 0  1004
2 25837  50.0000 320.0000 0000000   0.0000 250.0000 15.21981948255315
STARLINK-1814
1 46558U 98065A   24100.00000000 -.00022620  00000-0  13156-2 0  1008
2 46558  50.0000 320.0000 0000000   0.0000 268.0000 15.21981948537485
STARLINK-1815
1 76285U 98065A   24100.00000000 -.00022620  00000-0  13156-2 0  1005
2 76285  50.0000 320.0000 0000000   0.0000 286.0000 15.21981948472707
STARLINK-1816
1 45972U 98065A   24100.00000000 -.00022620  00000-0  13156-2 0  1000
2 45972  50.0000 320.0000 0000000   0.0000 304.0000 15.21981948207124
STARLINK-1817
1 24634U 98065A   24100.00000000 -.00022620  00000-0  13156-2 0  1003
2 24634  50.0000 320.0000 0000000   0.0000 322.0000 15.21981948115528
STARLINK-1818
1 61839U 98065A   24100.00000000 -.00022620  00000-0  13156-2 0  1002
2 61839  50.0000 320.0000 0000000   0.0000 340.0000 15.21981948224836
STARLINK-1819
1 27114U 98065A   24100.00000000 -.00022620  00000-0  13156-2 0  1004
2 27114  50.0000 320.0000 0000000   0.0000 358.0000 15.21981948911163
STARLINK-1820
1 24497U 98065A   24100.00000000 -.00022620  00000-0  13156-2 0  1006
2 24497  50.0000 328.0000 0000000   0.0000  16.4000 15.21981948954146
STARLINK-1821
1 46003U 98065A   24100.00000000 -.00022620  00000-0  13156-2 0  1000
2 46003  50.0000 328.0000 0000000   0.0000  34.4000 15.21981948802171
STARLINK-1822
1 69843U 98065A   24100.00000000 -.00022620  00000-0  13156-2 0  1001
2 69843  50.0000 328.0000 0000000   0.0000  52.4000 15.21981948868734
STARLINK-1823
1 70714U 98065A   24100.00000000 -.00022620  00000-0  13156-2 0  1001
2 70714  50.0000 328.0000 0000000   0.0000  70.4000 15.21981948183193
STARLINK-1824
1 18391U 98065A   24100.00000000 -.00022620  00000-0  13156-2 0  1004
2 18391  50.0000 328.0000 0000000   0.0000  88.4000 15.21981948205710
STARLINK-1825
1 11763U 98065A   24100.00000000 -.00022620  00000-0  13156-2 0  1005
2 11763  50.0000 328.0000 0000000   0.0000 106.4000 15.21981948769372
STARLINK-1826
1 63223U 98065A   24100.00000000 -.00022620  00000-0  13156-2 0  1003
2 63223  50.0000 328.0000 0000000   0.0000 124.4000 15.21981948714956
STARLINK-1827
1 54864U 98065A   24100.00000000 -.00022620  00000-0  13156-2 0  1008
2 54864  50.0000 328.0000 0000000   0.0000 142.4000 15.21981948489057
STARLINK-1828
1 89747U 98065A   24100.00000000 -.00022620  00000-0  13156-2 0  1004
2 89747  50.0000 328.0000 0000000   0.0000 160.4000 15.21981948829117
STARLINK-1829
1 14777U 98065A   24100.00000000 -.00022620  00000-0  13156-2 0  1002
2 14777  50.0000 328.0000 0000000   0.0000 178.4000 15.21981948511826
STARLINK-1830
1 70494U 98065A   24100.00000000 -.00022620  00000-0  13156-2 0  1007
2 70494  50.0000 328.0000 0000000   0.0000 196.4000 15.21981948530658
STARLINK-1831
1 49606U 98065A   24100.00000000 -.00022620  00000-0  13156-2 0  1008
2 49606  50.0000 328.0000 0000000   0.0000 214.4000 15.21981948345716
STARLINK-1832
1 95971U 98065A   24100.00000000 -.00022620  00000-0  13156-2 0  1007
2 95971  50.0000 328.0000 0000000   0.0000 232.4000 15.21981948568162
STARLINK-1833
1 70074U 98065A   24100.00000000 -.00022620  00000-0  13156-2 0  1008
2 70074  50.0000 328.0000 0000000   0.0000 250.4000 15.21981948555191
STARLINK-1834
1 73517U 98065A   24100.00000000 -.00022620  00000-0  13156-2 0  1001
2 73517  50.0000 328.0000 0000000   0.0000 268.4000 15.21981948209531
STARLINK-1835
1 69652U 98065A   24100.00000000 -.00022620  00000-0  13156-2 0  1004
2 69652  50.0000 328.0000 0000000   0.0000 286.4000 15.21981948534994
STARLINK-1836
1 23535U 98065A   24100.00000000 -.00022620  00000-0  13156-2 0  1003
2 23535  50.0000 328.0000 0000000   0.0000 304.4000 15.21981948903233
STARLINK-1837
1 36766U 98065A   24100.00000000 -.00022620  00000-0  13156-2 0  1002
2 36766  50.0000 328.0000 0000000   0.0000 322.4000 15.21981948760524
STARLINK-1838
1 62735U 98065A   24100.00000000 -.00022620  00000-0  13156-2 0  1000
2 62735  50.0000 328.0000 0000000   0.0000 340.4000 15.21981948129807
STARLINK-1839
1 75884U 98065A   24100.00000000 -.00022620  00000-0  13156-2 0  1001
2 75884  50.0000 328.0000 0000000   0.0000 358.4000 15.21981948289156
STARLINK-1840
1 88362U 98065A   24100.00000000 -.00022620  00000-0  13156-2 0  1001
2 88362  50.0000 336.0000 0000000   0.0000  16.8000 15.21981948121611
STARLINK-1841
1 36117U 98065A   24100.00000000 -.00022620  00000-0  13156-2 0  1007
2 36117  50.0000 336.0000 0000000   0.0000  34.8000 15.21981948901967
STARLINK-1842
1 22724U 98065A   24100.00000000 -.00022620  00000-0  13156-2 0  1005
2 22724  50.0000 336.0000 0000000   0.0000  52.8000 15.21981948934738
STARLINK-1843
1 82633U 98065A   24100.00000000 -.00022620  00000-0  13156-2 0  1004
2 82633  50.0000 336.0000 0000000   0.0000  70.8000 15.21981948257914
STARLINK-1844
1 49886U 98065A   24100.00000000 -.00022620  00000-0  13156-2 0  1004
2 49886  50.0000 336.0000 0000000   0.0000  88.8000 15.21981948571532
STARLINK-1845
1 34088U 98065A   24100.00000000 -.00022620  00000-0  13156-2 0  1003
2 34088  50.0000 336.0000 0000000   0.0000 106.8000 15.21981948376012
STARLINK-1846
1 58935U 98065A   24100.00000000 -.00022620  00000-0  13156-2 0  1004
2 58935  50.0000 336.0000 0000000   0.0000 124.8000 15.21981948451133
STARLINK-1847
1 86312U 98065A   24100.00000000 -.00022620  00000-0  13156-2 0  1005
2 86312  50.0000 336.0000 0000000   0.0000 142.8000 15.21981948178073
STARLINK-1848
1 70167U 98065A   24100.00000000 -.00022620  00000-0  13156-2 0  1005
2 70167  50.0000 336.0000 0000000   0.0000 160.8000 15.21981948868534
STARLINK-1849
1 54619U 98065A   24100.00000000 -.00022620  00000-0  13156-2 0  1004
2 54619  50.0000 336.0000 0000000   0.0000 178.8000 15.21981948226532
STARLINK-1850
1 14117U 98065A   24100.00000000 -.00022620  00000-0  13156-2 0  1007
2 14117  50.0000 336.0000 0000000   0.0000 196.8000 15.21981948433203
STARLINK-1851
1 96488U 98065A   24100.00000000 -.00022620  00000-0  13156-2 0  1005
2 96488  50.0000 336.0000 0000000   0.0000 214.8000 15.21981948456844
STARLINK-1852
1 73372U 98065A   24100.00000000 -.00022620  00000-0  13156-2 0  1002
2 73372  50.0000 336.0000 0000000   0.0000 232.8000 15.21981948427508
STARLINK-1853
1 72984U 98065A   24100.00000000 -.00022620  00000-0  13156-2 0  1008
2 72984  50.0000 336.0000 0000000   0.0000 250.8000 15.21981948349526
STARLINK-1854
1 46047U 98065A   24100.00000000 -.00022620  00000-0  13156-2 0  1006
2 46047  50.0000 336.0000 0000000   0.0000 268.8000 15.21981948840048
STARLINK-1855
1 64868U 98065A   24100.00000000 -.00022620  00000-0  13156-2 0  1004
2 64868  50.0000 336.0000 0000000   0.0000 286.8000 15.21981948514740
STARLINK-1856
1 32740U 98065A   24100.00000000 -.00022620  00000-0  13156-2 0  1006
2 32740  50.0000 336.0000 0000000   0.0000 304.8000 15.21981948735170
STARLINK-1857
1 46659U 98065A   24100.00000000 -.00022620  00000-0  13156-2 0  1007
2 46659  50.0000 336.0000 0000000   0.0000 322.8000 15.21981948573595
STARLINK-1858
1 65512U 98065A   24100.00000000 -.00022620  00000-0  13156-2 0  1007
2 65512  50.0000 336.0000 0000000   0.0000 340.8000 15.21981948505940
STARLINK-1859
1 18156U 98065A   24100.00000000 -.00022620  00000-0  13156-2 0  1003
2 18156  50.0000 336.0000 0000000   0.0000 358.8000 15.21981948835116
STARLINK-1860
1 28063U 98065A   24100.00000000 -.00022620  00000-0  13156-2 0  1002
2 28063  50.0000 344.0000 0000000   0.0000  17.2000 15.21981948236418
STARLINK-1861
1 33654U 98065A   24100.00000000 -.00022620  00000-0  13156-2 0  1002
2 33654  50.0000 344.0000 0000000   0.0000  35.2000 15.21981948366575
STARLINK-1862
1 92693U 98065A   24100.00000000 -.00022620  00000-0  13156-2 0  1002
2 92693  50.0000 344.0000 0000000   0.0000  53.2000 15.21981948427628
STARLINK-1863
1 77972U 98065A   24100.00000000 -.00022620  00000-0  13156-2 0  1006
2 77972  50.0000 344.0000 0000000   0.0000  71.2000 15.21981948876181
STARLINK-1864
1 45320U 98065A   24100.00000000 -.00022620  00000-0  13156-2 0  1001
2 45320  50.0000 344.0000 0000000   0.0000  89.2000 15.21981948800955
STARLINK-1865
1 63476U 98065A   24100.00000000 -.00022620  00000-0  13156-2 0  1001
2 63476  50.0000 344.0000 0000000   0.0000 107.2000 15.21981948989590
STARLINK-1866
1 54854U 98065A   24100.00000000 -.00022620  00000-0  13156-2 0  1000
2 54854  50.0000 344.0000 0000000   0.0000 125.2000 15.21981948228505
STARLINK-1867
1 99819U 98065A   24100.00000000 -.00022620  00000-0  13156-2 0  1001
2 99819  50.0000 344.0000 0000000   0.0000 143.2000 15.21981948767337
STARLINK-1868
1 53456U 98065A   24100.00000000 -.00022620  00000-0  13156-2 0  1000
2 53456  50.0000 344.0000 0000000   0.0000 161.2000 15.21981948457974
STARLINK-1869
1 29355U 98065A   24100.00000000 -.00022620  00000-0  13156-2 0  1008
2 29355  50.0000 344.0000 0000000   0.0000 179.2000 15.21981948362470
STARLINK-1870
1 52503U 98065A   24100.00000000 -.00022620  00000-0  13156-2 0  1001
2 52503  50.0000 344.0000 0000000   0.0000 197.2000 15.21981948314723
STARLINK-1871
1 15741U 98065A   24100.00000000 -.00022620  00000-0  13156-2 0  1002
2 15741  50.0000 344.0000 0000000   0.0000 215.2000 15.21981948464201
STARLINK-1872
1 20377U 98065A   24100.00000000 -.00022620  00000-0  13156-2 0  1005
2 20377  50.0000 344.0000 0000000   0.0000 233.2000 15.21981948364685
STARLINK-1873
1 62781U 98065A   24100.00000000 -.00022620  00000-0  13156-2 0  1006
2 62781  50.0000 344.0000 0000000   0.0000 251.2000 15.21981948252055
STARLINK-1874
1 49883U 98065A   24100.00000000 -.00022620  00000-0  13156-2 0  1000
2 49883  50.0000 344.0000 0000000   0.0000 269.2000 15.21981948204500
STARLINK-1875
1 69931U 98065A   24100.00000000 -.00022620  00000-0  13156-2 0  1006
2 69931  50.0000 344.0000 0000000   0.0000 287.2000 15.21981948317315
STARLINK-1876
1 25185U 98065A   24100.00000000 -.00022620  00000-0  13156-2 0  1007
2 25185  50.0000 344.0000 0000000   0.0000 305.2000 15.21981948957043
STARLINK-1877
1 46342U 98065A   24100.00000000 -.00022620  00000-0  13156-2 0  1003
2 46342  50.0000 344.0000 0000000   0.0000 323.2000 15.21981948374463
STARLINK-1878
1 66952U 98065A   24100.00000000 -.00022620  00000-0  13156-2 0  1007
2 66952  50.0000 344.0000 0000000   0.0000 341.2000 15.21981948597325
STARLINK-1879
1 78031U 98065A   24100.00000000 -.00022620  00000-0  13156-2 0  1007
2 78031  50.0000 344.0000 0000000   0.0000 359.2000 15.21981948302924
STARLINK-1880
1 81534U 98065A   24100.00000000 -.00022620  00000-0  13156-2 0  1000
2 81534  50.0000 352.0000 0000000   0.0000  17.6000 15.21981948158572
STARLINK-1881
1 10093U 98065A   24100.00000000 -.00022620  00000-0  13156-2 0  1005
2 10093  50.0000 352.0000 0000000   0.0000  35.6000 15.21981948867390
STARLINK-1882
1 64950U 98065A   24100.00000000 -.00022620  00000-0  13156-2 0  1004
2 64950  50.0000 352.0000 0000000   0.0000  53.6000 15.21981948937368
STARLINK-1883
1 18750U 98065A   24100.00000000 -.00022620  00000-0  13156-2 0  1007
2 18750  50.0000 352.0000 0000000   0.0000  71.6000 15.21981948419392
STARLINK-1884
1 78356U 98065A   24100.00000000 -.00022620  00000-0  13156-2 0  1006
2 78356  50.0000 352.0000 0000000   0.0000  89.6000 15.21981948761912
STARLINK-1885
1 37528U 98065A   24100.00000000 -.00022620  00000-0  13156-2 0  1007
2 37528  50.0000 352.0000 0000000   0.0000 107.6000 15.21981948953137
STARLINK-1886
1 70441U 98065A   24100.00000000 -.00022620  00000-0  13156-2 0  1000
2 70441  50.0000 352.0000 0000000   0.0000 125.6000 15.21981948758292
STARLINK-1887
1 20218U 98065A   24100.00000000 -.00022620  00000-0  13156-2 0  1000
2 20218  50.0000 352.0000 0000000   0.0000 143.6000 15.21981948108538
STARLINK-1888
1 60272U 98065A   24100.00000000 -.00022620  00000-0  13156-2 0  1006
2 60272  50.0000 352.0000 0000000   0.0000 161.6000 15.21981948566060
STARLINK-1889
1 10380U 98065A   24100.00000000 -.00022620  00000-0  13156-2 0  1004
2 10380  50.0000 352.0000 0000000   0.0000 179.6000 15.21981948562937
STARLINK-1890
1 42928U 98065A   24100.00000000 -.00022620  00000-0  13156-2 0  1008
2 42928  50.0000 352.0000 0000000   0.0000 197.6000 15.21981948597911
STARLINK-1891
1 85684U 98065A   24100.00000000 -.00022620  00000-0  13156-2 0  1003
2 85684  50.0000 352.0000 0000000   0.0000 215.6000 15.21981948126545
STARLINK-1892
1 86333U 98065A   24100.00000000 -.00022620  00000-0  13156-2 0  1006
2 86333  50.0000 352.0000 0000000   0.0000 233.6000 15.21981948421833
STARLINK-1893
1 85722U 98065A   24100.00000000 -.00022620  00000-0  13156-2 0  1006
2 85722  50.0000 352.0000 0000000   0.0000 251.6000 15.21981948189041
STARLINK-1894
1 80560U 98065A   24100.00000000 -.00022620  00000-0  13156-2 0  1003
2 80560  50.0000 352.0000 0000000   0.0000 269.6000 15.21981948941352
STARLINK-1895
1 13671U 98065A   24100.00000000 -.00022620  00000-0  13156-2 0  1005
2 13671  50.0000 352.0000 0000000   0.0000 287.6000 15.21981948934663
STARLINK-1896
1 12127U 98065A   24100.00000000 -.00022620  00000-0  13156-2 0  1006
2 12127  50.0000 352.0000 0000000   0.0000 305.6000 15.21981948197094
STARLINK-1897
1 34696U 98065A   24100.00000000 -.00022620  00000-0  13156-2 0  1000
2 34696  50.0000 352.0000 0000000   0.0000 323.6000 15.21981948534856
STARLINK-1898
1 65326U 98065A   24100.00000000 -.00022620  00000-0  13156-2 0  1000
2 65326  50.0000 352.0000 0000000   0.0000 341.6000 15.21981948981705
STARLINK-1899
1 95097U 98065A   24100.00000000 -.00022620  00000-0  13156-2 0  1005
2 95097  50.0000 352.0000 0000000   0.0000 359.6000 15.21981948627518
